{"timestamp": [1707541482.992708, 1707544684.247143], "data": {"selected": [26, 26], "assigned": [3, 3], "preselecStu": [26, 26], "stuGender": [{"male": 25, "Female": 4}, {"male": 25, "Female": 4}]}}