{"timestamp": [1716066696.204091, 1716497943.877888, 1725440782.397388, 1725513387.300274], "data": {"selected": [0, 0, 23, 19], "assigned": [0, 0, 13, 23], "preselecStu": [0, 0, 23, 19], "stuGender": [{"male": 0, "Female": 0}, {"male": 0, "Female": 0}, {"male": 16, "Female": 7}, {"male": 13, "Female": 6}]}}