{"timestamp": [1716066696.204091, 1716497943.877888, 1725440782.397388], "data": {"selected": [0, 0, 23], "assigned": [0, 0, 13], "preselecStu": [0, 0, 23], "stuGender": [{"male": 0, "Female": 0}, {"male": 0, "Female": 0}, {"male": 16, "Female": 7}]}}