{"timestamp": [1734406627.026011, 1734469378.097576, 1734555919.631766, 1734642056.513334], "data": {"selected": [0, 0, 0, 0], "assigned": [27, 32, 36, 37], "preselecStu": [0, 0, 0, 0], "stuGender": [{"male": 0, "Female": 0}, {"male": 0, "Female": 0}, {"male": 0, "Female": 0}, {"male": 0, "Female": 0}]}}