{"timestamp": [1734406627.026011, 1734469378.097576], "data": {"selected": [0, 0], "assigned": [27, 32], "preselecStu": [0, 0], "stuGender": [{"male": 0, "Female": 0}, {"male": 0, "Female": 0}]}}