{"timestamp": [1734407465.487897, 1734470204.897886, 1734556861.187162, 1734642766.921902], "data": {"selected": [0, 0, 0, 0], "assigned": [60, 62, 63, 64], "preselecStu": [0, 0, 0, 0], "stuGender": [{"male": 0, "Female": 0}, {"male": 0, "Female": 0}, {"male": 0, "Female": 0}, {"male": 0, "Female": 0}]}}