{"timestamp": [1707576515.284752, 1707588096.842742, 1707659369.946457], "data": {"selected": [26, 26, 26], "assigned": [0, 0, 0], "preselecStu": [26, 26, 26], "stuGender": [{"male": 16, "Female": 10}, {"male": 16, "Female": 10}, {"male": 16, "Female": 10}]}}