{"timestamp": [1707541462.462784, 1707544663.172118], "data": {"selected": [26, 26], "assigned": [0, 0], "preselecStu": [26, 26], "stuGender": [{"male": 16, "Female": 10}, {"male": 16, "Female": 10}]}}