{"timestamp": [1707540708.458279, 1707543885.293639], "data": {"selected": [50, 50], "assigned": [0, 0], "preselecStu": [50, 50], "stuGender": [{"male": 31, "Female": 19}, {"male": 31, "Female": 19}]}}