{"timestamp": [1716068239.141709, 1716499390.607742, 1725442807.436852, 1725515198.369415], "data": {"selected": [0, 0, 0, 0], "assigned": [0, 0, 11, 12], "preselecStu": [0, 0, 0, 0], "stuGender": [{"male": 0, "Female": 0}, {"male": 0, "Female": 0}, {"male": 0, "Female": 0}, {"male": 0, "Female": 0}]}}