{"timestamp": [1734406784.400389, 1734469547.171125, 1734556088.236763], "data": {"selected": [0, 0, 0], "assigned": [12, 12, 12], "preselecStu": [0, 0, 0], "stuGender": [{"male": 0, "Female": 0}, {"male": 0, "Female": 0}, {"male": 0, "Female": 0}]}}