{"timestamp": [1716065563.097781, 1716496885.717567, 1725439081.95577, 1725512072.918497], "data": {"selected": [0, 0, 0, 0], "assigned": [0, 0, 165, 277], "preselecStu": [0, 0, 0, 0], "stuGender": [{"male": 0, "Female": 0}, {"male": 0, "Female": 0}, {"male": 0, "Female": 0}, {"male": 0, "Female": 0}]}}