{"timestamp": [1716065796.525327, 1716497095.822026, 1725439401.511809], "data": {"selected": [0, 0, 25], "assigned": [0, 0, 6], "preselecStu": [0, 0, 25], "stuGender": [{"male": 0, "Female": 0}, {"male": 0, "Female": 0}, {"male": 19, "Female": 6}]}}