{"timestamp": [1716065796.525327, 1716497095.822026, 1725439401.511809, 1725512308.305315], "data": {"selected": [0, 0, 25, 24], "assigned": [0, 0, 6, 7], "preselecStu": [0, 0, 25, 24], "stuGender": [{"male": 0, "Female": 0}, {"male": 0, "Female": 0}, {"male": 19, "Female": 6}, {"male": 19, "Female": 5}]}}