{"timestamp": [1707541910.140393, 1707545147.939317], "data": {"selected": [31, 31], "assigned": [0, 0], "preselecStu": [31, 31], "stuGender": [{"male": 22, "Female": 9}, {"male": 22, "Female": 9}]}}