{"timestamp": [1716063732.550493, 1716495203.989659, 1725436386.081497, 1725509834.287506], "data": {"selected": [0, 0, 41, 41], "assigned": [0, 0, 76, 135], "preselecStu": [0, 0, 41, 41], "stuGender": [{"male": 0, "Female": 0}, {"male": 0, "Female": 0}, {"male": 28, "Female": 13}, {"male": 28, "Female": 13}]}}