{"timestamp": [1716068108.703616, 1716499281.784627, 1725442656.795951, 1725515048.575582], "data": {"selected": [0, 0, 60, 58], "assigned": [0, 0, 37, 57], "preselecStu": [0, 0, 60, 58], "stuGender": [{"male": 0, "Female": 0}, {"male": 0, "Female": 0}, {"male": 45, "Female": 15}, {"male": 44, "Female": 14}]}}