{"timestamp": [1707576599.89898, 1707588197.586337, 1707659418.562743, 1707662023.30084], "data": {"selected": [12, 12, 12, 12], "assigned": [0, 0, 0, 0], "preselecStu": [12, 12, 12, 12], "stuGender": [{"male": 7, "Female": 5}, {"male": 7, "Female": 5}, {"male": 7, "Female": 5}, {"male": 7, "Female": 5}]}}