{"timestamp": [1707577318.688238, 1707589030.697199, 1707659819.783116, 1707662429.575691], "data": {"selected": [70, 70, 70, 70], "assigned": [0, 0, 0, 0], "preselecStu": [70, 70, 70, 70], "stuGender": [{"male": 32, "Female": 38}, {"male": 32, "Female": 38}, {"male": 32, "Female": 38}, {"male": 32, "Female": 38}]}}