{"timestamp": [1707577582.967353, 1707589344.281699, 1707659966.94754], "data": {"selected": [13, 13, 13], "assigned": [0, 0, 0], "preselecStu": [13, 13, 13], "stuGender": [{"male": 3, "Female": 10}, {"male": 3, "Female": 10}, {"male": 3, "Female": 10}]}}