{"timestamp": [1716066363.511668, 1716497600.165563, 1725440240.802557], "data": {"selected": [0, 0, 6], "assigned": [0, 0, 3], "preselecStu": [0, 0, 6], "stuGender": [{"male": 0, "Female": 0}, {"male": 0, "Female": 0}, {"male": 4, "Female": 2}]}}