{"timestamp": [1716066846.328043, 1716498089.082511, 1725441007.481458], "data": {"selected": [0, 0, 20], "assigned": [0, 21, 0], "preselecStu": [0, 0, 20], "stuGender": [{"male": 0, "Female": 0}, {"male": 0, "Female": 0}, {"male": 18, "Female": 2}]}}