{"timestamp": [1734406862.585337, 1734469616.959713, 1734556183.082315, 1734642263.879848], "data": {"selected": [0, 0, 0, 0], "assigned": [13, 14, 16, 20], "preselecStu": [0, 0, 0, 0], "stuGender": [{"male": 0, "Female": 0}, {"male": 0, "Female": 0}, {"male": 0, "Female": 0}, {"male": 0, "Female": 0}]}}