{"timestamp": [1734406862.585337, 1734469616.959713], "data": {"selected": [0, 0], "assigned": [13, 14], "preselecStu": [0, 0], "stuGender": [{"male": 0, "Female": 0}, {"male": 0, "Female": 0}]}}