{"timestamp": [1734409749.590115, 1734472313.860328, 1734559301.384891, 1734644731.520978], "data": {"selected": [0, 0, 0, 0], "assigned": [147, 165, 193, 219], "preselecStu": [0, 0, 0, 0], "stuGender": [{"male": 0, "Female": 0}, {"male": 0, "Female": 0}, {"male": 0, "Female": 0}, {"male": 0, "Female": 0}]}}