{"timestamp": [1707577936.041634, 1707589818.090289, 1707660155.086371, 1707662765.034939], "data": {"selected": [40, 40, 40, 40], "assigned": [0, 0, 0, 0], "preselecStu": [40, 40, 40, 40], "stuGender": [{"male": 30, "Female": 10}, {"male": 30, "Female": 10}, {"male": 30, "Female": 10}, {"male": 30, "Female": 10}]}}