{"timestamp": [1734406370.360641, 1734469104.555097], "data": {"selected": [0, 0], "assigned": [49, 49], "preselecStu": [0, 0], "stuGender": [{"male": 0, "Female": 0}, {"male": 0, "Female": 0}]}}