{"timestamp": [1734406370.360641, 1734469104.555097, 1734555616.007419, 1734641811.937297], "data": {"selected": [0, 0, 0, 0], "assigned": [49, 49, 50, 51], "preselecStu": [0, 0, 0, 0], "stuGender": [{"male": 0, "Female": 0}, {"male": 0, "Female": 0}, {"male": 0, "Female": 0}, {"male": 0, "Female": 0}]}}