{"timestamp": [1707540907.217495, 1707544085.98208], "data": {"selected": [29, 29], "assigned": [0, 0], "preselecStu": [29, 29], "stuGender": [{"male": 7, "Female": 22}, {"male": 7, "Female": 22}]}}