{"timestamp": [1707575488.250617, 1707586836.713787, 1707658807.548336], "data": {"selected": [29, 29, 29], "assigned": [0, 0, 0], "preselecStu": [29, 29, 29], "stuGender": [{"male": 7, "Female": 22}, {"male": 7, "Female": 22}, {"male": 7, "Female": 22}]}}