{"timestamp": [1716068814.325701, 1716499930.865235, 1725443447.334861], "data": {"selected": [0, 0, 3], "assigned": [0, 0, 2], "preselecStu": [0, 0, 3], "stuGender": [{"male": 0, "Female": 0}, {"male": 0, "Female": 0}, {"male": 2, "Female": 1}]}}