{"timestamp": [1734410361.775225, 1734472900.714088], "data": {"selected": [0, 0], "assigned": [15, 17], "preselecStu": [0, 0], "stuGender": [{"male": 0, "Female": 0}, {"male": 0, "Female": 0}]}}