{"timestamp": [1734410361.775225, 1734472900.714088, 1734559879.216313, 1734645274.643818], "data": {"selected": [0, 0, 0, 0], "assigned": [15, 17, 19, 23], "preselecStu": [0, 0, 0, 0], "stuGender": [{"male": 0, "Female": 0}, {"male": 0, "Female": 0}, {"male": 0, "Female": 0}, {"male": 0, "Female": 0}]}}