{"timestamp": [1716065526.908111, 1716496846.760326, 1725439012.797428, 1725511996.188984], "data": {"selected": [0, 0, 63, 62], "assigned": [0, 0, 66, 85], "preselecStu": [0, 0, 23, 22], "stuGender": [{"male": 0, "Female": 0}, {"male": 0, "Female": 0}, {"male": 32, "Female": 31}, {"male": 31, "Female": 31}]}}