{"timestamp": [1716065526.908111, 1716496846.760326, 1725439012.797428], "data": {"selected": [0, 0, 63], "assigned": [0, 0, 66], "preselecStu": [0, 0, 23], "stuGender": [{"male": 0, "Female": 0}, {"male": 0, "Female": 0}, {"male": 32, "Female": 31}]}}