{"timestamp": [1734408591.43823, 1734471237.172168, 1734558028.121428], "data": {"selected": [0, 0, 0], "assigned": [4, 5, 6], "preselecStu": [0, 0, 0], "stuGender": [{"male": 0, "Female": 0}, {"male": 0, "Female": 0}, {"male": 0, "Female": 0}]}}