{"timestamp": [1707577384.137847, 1707589105.292313, 1707659856.788731, 1707662467.820032], "data": {"selected": [2, 2, 2, 2], "assigned": [0, 0, 0, 0], "preselecStu": [2, 2, 2, 2], "stuGender": [{"male": 1, "Female": 1}, {"male": 1, "Female": 1}, {"male": 1, "Female": 1}, {"male": 1, "Female": 1}]}}