{"timestamp": [1734410740.609953, 1734473255.176969], "data": {"selected": [0, 0], "assigned": [12, 13], "preselecStu": [0, 0], "stuGender": [{"male": 0, "Female": 0}, {"male": 0, "Female": 0}]}}