{"timestamp": [1716064771.523045, 1716496152.498973, 1725437883.838932, 1725511075.625449], "data": {"selected": [0, 0, 9, 9], "assigned": [0, 0, 5, 8], "preselecStu": [0, 0, 9, 9], "stuGender": [{"male": 0, "Female": 0}, {"male": 0, "Female": 0}, {"male": 7, "Female": 2}, {"male": 7, "Female": 2}]}}