{"timestamp": [1716064771.523045, 1716496152.498973, 1725437883.838932], "data": {"selected": [0, 0, 9], "assigned": [0, 0, 5], "preselecStu": [0, 0, 9], "stuGender": [{"male": 0, "Female": 0}, {"male": 0, "Female": 0}, {"male": 7, "Female": 2}]}}