{"timestamp": [1716067104.422215, 1716498348.616962, 1725441336.771797], "data": {"selected": [0, 0, 2], "assigned": [0, 0, 0], "preselecStu": [0, 0, 0], "stuGender": [{"male": 0, "Female": 0}, {"male": 0, "Female": 0}, {"male": 1, "Female": 1}]}}