{"timestamp": [1716065725.628687, 1716497046.623008, 1725439298.023933], "data": {"selected": [0, 0, 51], "assigned": [0, 0, 0], "preselecStu": [0, 0, 0], "stuGender": [{"male": 0, "Female": 0}, {"male": 0, "Female": 0}, {"male": 41, "Female": 10}]}}