{"timestamp": [1734410570.149669, 1734473113.63994, 1734560089.912862], "data": {"selected": [0, 0, 0], "assigned": [19, 19, 19], "preselecStu": [0, 0, 0], "stuGender": [{"male": 0, "Female": 0}, {"male": 0, "Female": 0}, {"male": 0, "Female": 0}]}}