{"timestamp": [1734406972.940247, 1734469724.546144, 1734556301.448573, 1734642355.968918], "data": {"selected": [0, 0, 0, 0], "assigned": [27, 32, 37, 41], "preselecStu": [0, 0, 0, 0], "stuGender": [{"male": 0, "Female": 0}, {"male": 0, "Female": 0}, {"male": 0, "Female": 0}, {"male": 0, "Female": 0}]}}