{"timestamp": [1716065066.5284, 1716496429.044474, 1725438359.370939, 1725511461.113999], "data": {"selected": [0, 0, 38, 37], "assigned": [0, 0, 2, 5], "preselecStu": [0, 0, 38, 37], "stuGender": [{"male": 0, "Female": 0}, {"male": 0, "Female": 0}, {"male": 13, "Female": 25}, {"male": 12, "Female": 25}]}}