{"timestamp": [1716065066.5284, 1716496429.044474, 1725438359.370939], "data": {"selected": [0, 0, 38], "assigned": [0, 0, 2], "preselecStu": [0, 0, 38], "stuGender": [{"male": 0, "Female": 0}, {"male": 0, "Female": 0}, {"male": 13, "Female": 25}]}}