{"timestamp": [1707577340.057986, 1707589055.402632, 1707659831.715283], "data": {"selected": [10, 10, 10], "assigned": [0, 0, 0], "preselecStu": [10, 10, 10], "stuGender": [{"male": 6, "Female": 4}, {"male": 6, "Female": 4}, {"male": 6, "Female": 4}]}}