{"timestamp": [1734406592.491196, 1734469343.005539], "data": {"selected": [0, 0], "assigned": [33, 33], "preselecStu": [0, 0], "stuGender": [{"male": 0, "Female": 0}, {"male": 0, "Female": 0}]}}