{"timestamp": [1707578844.899134, 1707591010.225567, 1707660641.188051, 1707663258.88587], "data": {"selected": [22, 22, 22, 22], "assigned": [0, 0, 0, 0], "preselecStu": [0, 0, 0, 0], "stuGender": [{"male": 13, "Female": 9}, {"male": 13, "Female": 9}, {"male": 13, "Female": 9}, {"male": 13, "Female": 9}]}}