{"timestamp": [1707576553.32141, 1707588141.711047, 1707659392.249393, 1707661995.001691], "data": {"selected": [4, 4, 4, 4], "assigned": [0, 0, 0, 0], "preselecStu": [4, 4, 4, 4], "stuGender": [{"male": 1, "Female": 3}, {"male": 1, "Female": 3}, {"male": 1, "Female": 3}, {"male": 1, "Female": 3}]}}