{"timestamp": [1707575981.58298, 1707587400.21431, 1707659081.217722, 1707661678.909707], "data": {"selected": [1, 1, 1, 1], "assigned": [0, 0, 0, 0], "preselecStu": [1, 1, 1, 1], "stuGender": [{"male": 1, "Female": 0}, {"male": 1, "Female": 0}, {"male": 1, "Female": 0}, {"male": 1, "Female": 0}]}}