{"timestamp": [1707542092.225807, 1707545340.476514], "data": {"selected": [140, 140], "assigned": [0, 0], "preselecStu": [140, 140], "stuGender": [{"male": 123, "Female": 17}, {"male": 123, "Female": 17}]}}