{"timestamp": [1707577683.168133, 1707589484.470822, 1707660025.342325, 1707662634.234472], "data": {"selected": [140, 140, 140, 140], "assigned": [0, 0, 0, 0], "preselecStu": [140, 140, 140, 140], "stuGender": [{"male": 123, "Female": 17}, {"male": 123, "Female": 17}, {"male": 123, "Female": 17}, {"male": 123, "Female": 17}]}}