{"timestamp": [1707576245.98624, 1707587751.570124], "data": {"selected": [34, 34], "assigned": [0, 0], "preselecStu": [34, 34], "stuGender": [{"male": 17, "Female": 17}, {"male": 17, "Female": 17}]}}