{"timestamp": [1734406565.780948, 1734469312.615672], "data": {"selected": [15, 15], "assigned": [1, 1], "preselecStu": [0, 0], "stuGender": [{"male": 1, "Female": 14}, {"male": 1, "Female": 14}]}}