{"timestamp": [1707577224.143727, 1707588922.453414, 1707659767.225068], "data": {"selected": [13, 13, 13], "assigned": [0, 0, 0], "preselecStu": [13, 13, 13], "stuGender": [{"male": 6, "Female": 7}, {"male": 6, "Female": 7}, {"male": 6, "Female": 7}]}}