{"timestamp": [1707574613.375505, 1707585772.731515], "data": {"selected": [30, 30], "assigned": [0, 0], "preselecStu": [30, 30], "stuGender": [{"male": 23, "Female": 7}, {"male": 23, "Female": 7}]}}