{"timestamp": [1707540407.661295, 1707543583.835623], "data": {"selected": [30, 30], "assigned": [0, 0], "preselecStu": [30, 30], "stuGender": [{"male": 23, "Female": 7}, {"male": 23, "Female": 7}]}}