{"timestamp": [1716065703.846842, 1716497020.368277, 1725439264.45061], "data": {"selected": [0, 0, 36], "assigned": [0, 0, 4], "preselecStu": [0, 0, 36], "stuGender": [{"male": 0, "Female": 0}, {"male": 0, "Female": 0}, {"male": 32, "Female": 4}]}}