{"timestamp": [1734406807.086013, 1734469562.026053], "data": {"selected": [0, 0], "assigned": [10, 13], "preselecStu": [0, 0], "stuGender": [{"male": 0, "Female": 0}, {"male": 0, "Female": 0}]}}