{"timestamp": [1707540309.20964, 1707543485.535714], "data": {"selected": [45, 45], "assigned": [0, 0], "preselecStu": [45, 45], "stuGender": [{"male": 35, "Female": 10}, {"male": 35, "Female": 10}]}}