{"timestamp": [1734410586.507279, 1734473125.632776], "data": {"selected": [0, 0], "assigned": [33, 35], "preselecStu": [0, 0], "stuGender": [{"male": 0, "Female": 0}, {"male": 0, "Female": 0}]}}