{"timestamp": [1734410586.507279, 1734473125.632776, 1734560101.897651], "data": {"selected": [0, 0, 0], "assigned": [33, 35, 38], "preselecStu": [0, 0, 0], "stuGender": [{"male": 0, "Female": 0}, {"male": 0, "Female": 0}, {"male": 0, "Female": 0}]}}