{"timestamp": [1734408145.384267, 1734470820.964048], "data": {"selected": [0, 0], "assigned": [59, 58], "preselecStu": [0, 0], "stuGender": [{"male": 0, "Female": 0}, {"male": 0, "Female": 0}]}}