{"timestamp": [1734408145.384267, 1734470820.964048, 1734557556.066231], "data": {"selected": [0, 0, 0], "assigned": [59, 58, 63], "preselecStu": [0, 0, 0], "stuGender": [{"male": 0, "Female": 0}, {"male": 0, "Female": 0}, {"male": 0, "Female": 0}]}}