{"timestamp": [1716068224.011993, 1716499375.673792, 1725442790.252541], "data": {"selected": [0, 0, 0], "assigned": [0, 0, 11], "preselecStu": [0, 0, 0], "stuGender": [{"male": 0, "Female": 0}, {"male": 0, "Female": 0}, {"male": 0, "Female": 0}]}}