{"timestamp": [1734410122.229666, 1734472677.693493, 1734559643.225809, 1734645041.958478], "data": {"selected": [0, 0, 0, 0], "assigned": [0, 0, 1, 1], "preselecStu": [0, 0, 0, 0], "stuGender": [{"male": 0, "Female": 0}, {"male": 0, "Female": 0}, {"male": 0, "Female": 0}, {"male": 0, "Female": 0}]}}