{"timestamp": [1707541562.295361, 1707544767.790394], "data": {"selected": [54, 54], "assigned": [0, 0], "preselecStu": [54, 54], "stuGender": [{"male": 43, "Female": 11}, {"male": 43, "Female": 11}]}}