{"timestamp": [1707576783.024639, 1707588408.137648], "data": {"selected": [27, 27], "assigned": [0, 0], "preselecStu": [27, 27], "stuGender": [{"male": 25, "Female": 2}, {"male": 25, "Female": 2}]}}