{"timestamp": [1734407570.653348, 1734470299.918627, 1734556957.710971, 1734642854.758407], "data": {"selected": [0, 0, 0, 0], "assigned": [14, 14, 16, 18], "preselecStu": [0, 0, 0, 0], "stuGender": [{"male": 0, "Female": 0}, {"male": 0, "Female": 0}, {"male": 0, "Female": 0}, {"male": 0, "Female": 0}]}}