{"timestamp": [1707541615.560971, 1707544824.123028], "data": {"selected": [60, 60], "assigned": [0, 0], "preselecStu": [60, 60], "stuGender": [{"male": 53, "Female": 7}, {"male": 53, "Female": 7}]}}