{"timestamp": [1707575544.852282, 1707586902.232621], "data": {"selected": [50, 50], "assigned": [0, 0], "preselecStu": [50, 50], "stuGender": [{"male": 12, "Female": 38}, {"male": 12, "Female": 38}]}}