{"timestamp": [1707540938.601982, 1707544118.334842], "data": {"selected": [50, 50], "assigned": [0, 0], "preselecStu": [50, 50], "stuGender": [{"male": 12, "Female": 38}, {"male": 12, "Female": 38}]}}