{"timestamp": [1707575137.293665, 1707586415.626798, 1707658601.748246], "data": {"selected": [50, 50, 50], "assigned": [0, 0, 0], "preselecStu": [50, 50, 50], "stuGender": [{"male": 31, "Female": 19}, {"male": 31, "Female": 19}, {"male": 31, "Female": 19}]}}