{"timestamp": [1707575684.223974, 1707587059.10417, 1707658916.081807], "data": {"selected": [20, 20, 20], "assigned": [0, 0, 0], "preselecStu": [20, 20, 20], "stuGender": [{"male": 3, "Female": 17}, {"male": 3, "Female": 17}, {"male": 3, "Female": 17}]}}