{"timestamp": [1707540966.554521, 1707544146.11021], "data": {"selected": [35, 35], "assigned": [0, 0], "preselecStu": [35, 35], "stuGender": [{"male": 8, "Female": 27}, {"male": 8, "Female": 27}]}}