{"timestamp": [1707575478.286762, 1707586825.661164], "data": {"selected": [29, 29], "assigned": [0, 0], "preselecStu": [29, 29], "stuGender": [{"male": 22, "Female": 7}, {"male": 22, "Female": 7}]}}