{"timestamp": [1707540900.166444, 1707544080.238554], "data": {"selected": [29, 29], "assigned": [0, 0], "preselecStu": [29, 29], "stuGender": [{"male": 22, "Female": 7}, {"male": 22, "Female": 7}]}}