{"timestamp": [1716067835.169222, 1716499049.296236, 1725442309.797709, 1725514710.278372], "data": {"selected": [0, 0, 40, 39], "assigned": [0, 0, 34, 54], "preselecStu": [0, 0, 40, 39], "stuGender": [{"male": 0, "Female": 0}, {"male": 0, "Female": 0}, {"male": 33, "Female": 7}, {"male": 32, "Female": 7}]}}