{"timestamp": [1716067835.169222, 1716499049.296236, 1725442309.797709], "data": {"selected": [0, 0, 40], "assigned": [0, 0, 34], "preselecStu": [0, 0, 40], "stuGender": [{"male": 0, "Female": 0}, {"male": 0, "Female": 0}, {"male": 33, "Female": 7}]}}