{"timestamp": [1707576629.085492, 1707588226.812858, 1707659432.114474], "data": {"selected": [110, 110, 110], "assigned": [0, 0, 0], "preselecStu": [110, 110, 110], "stuGender": [{"male": 93, "Female": 17}, {"male": 93, "Female": 17}, {"male": 93, "Female": 17}]}}