{"timestamp": [1734408175.794907, 1734470851.064814, 1734557586.987039, 1734643403.471339], "data": {"selected": [0, 0, 0, 0], "assigned": [21, 23, 24, 24], "preselecStu": [0, 0, 0, 0], "stuGender": [{"male": 0, "Female": 0}, {"male": 0, "Female": 0}, {"male": 0, "Female": 0}, {"male": 0, "Female": 0}]}}