{"timestamp": [1707542234.130253, 1707545513.082808], "data": {"selected": [70, 70], "assigned": [0, 0], "preselecStu": [70, 70], "stuGender": [{"male": 44, "Female": 26}, {"male": 44, "Female": 26}]}}