{"timestamp": [1707576711.631978, 1707588324.407053, 1707659478.615152], "data": {"selected": [10, 10, 10], "assigned": [0, 0, 0], "preselecStu": [10, 10, 10], "stuGender": [{"male": 7, "Female": 3}, {"male": 7, "Female": 3}, {"male": 7, "Female": 3}]}}