{"timestamp": [1734410124.896138, 1734472680.520364, 1734559646.149571, 1734645044.983591], "data": {"selected": [0, 0, 0, 0], "assigned": [0, 0, 1, 3], "preselecStu": [0, 0, 0, 0], "stuGender": [{"male": 0, "Female": 0}, {"male": 0, "Female": 0}, {"male": 0, "Female": 0}, {"male": 0, "Female": 0}]}}