{"timestamp": [1716064407.12988, 1716495838.192694, 1725437383.909419, 1725510677.243624], "data": {"selected": [0, 0, 47, 44], "assigned": [0, 0, 39, 71], "preselecStu": [0, 0, 47, 44], "stuGender": [{"male": 0, "Female": 0}, {"male": 0, "Female": 0}, {"male": 30, "Female": 17}, {"male": 28, "Female": 16}]}}