{"timestamp": [1716064407.12988, 1716495838.192694, 1725437383.909419], "data": {"selected": [0, 0, 47], "assigned": [0, 0, 39], "preselecStu": [0, 0, 47], "stuGender": [{"male": 0, "Female": 0}, {"male": 0, "Female": 0}, {"male": 30, "Female": 17}]}}