{"timestamp": [1734408032.477819, 1734470713.019311, 1734557424.551966, 1734643263.710691], "data": {"selected": [0, 0, 0, 0], "assigned": [21, 27, 34, 41], "preselecStu": [0, 0, 0, 0], "stuGender": [{"male": 0, "Female": 0}, {"male": 0, "Female": 0}, {"male": 0, "Female": 0}, {"male": 0, "Female": 0}]}}