{"timestamp": [1716068828.877823, 1716499941.58343, 1725443459.780255], "data": {"selected": [0, 0, 3], "assigned": [0, 3, 0], "preselecStu": [0, 0, 3], "stuGender": [{"male": 0, "Female": 0}, {"male": 0, "Female": 0}, {"male": 3, "Female": 0}]}}