{"timestamp": [1707540712.70015, 1707543889.844528], "data": {"selected": [50, 50], "assigned": [0, 0], "preselecStu": [50, 50], "stuGender": [{"male": 25, "Female": 25}, {"male": 25, "Female": 25}]}}