{"timestamp": [1734405371.443439, 1734468028.99991, 1734554556.451566], "data": {"selected": [0, 0, 0], "assigned": [39, 36, 36], "preselecStu": [0, 0, 0], "stuGender": [{"male": 0, "Female": 0}, {"male": 0, "Female": 0}, {"male": 0, "Female": 0}]}}