{"timestamp": [1716067209.106902, 1716498446.270091, 1725441458.864089], "data": {"selected": [0, 0, 56], "assigned": [0, 0, 9], "preselecStu": [0, 0, 56], "stuGender": [{"male": 0, "Female": 0}, {"male": 0, "Female": 0}, {"male": 25, "Female": 31}]}}