{"timestamp": [1716067209.106902, 1716498446.270091, 1725441458.864089, 1725513980.096301], "data": {"selected": [0, 0, 56, 55], "assigned": [0, 0, 9, 14], "preselecStu": [0, 0, 56, 55], "stuGender": [{"male": 0, "Female": 0}, {"male": 0, "Female": 0}, {"male": 25, "Female": 31}, {"male": 24, "Female": 31}]}}