{"timestamp": [1716068361.956358, 1716499513.895059, 1725442959.755873], "data": {"selected": [0, 0, 57], "assigned": [0, 51, 0], "preselecStu": [0, 0, 57], "stuGender": [{"male": 0, "Female": 0}, {"male": 0, "Female": 0}, {"male": 36, "Female": 21}]}}