{"timestamp": [1734411054.980762, 1734473530.027625, 1734560513.632201, 1734645920.019477], "data": {"selected": [0, 0, 0, 0], "assigned": [5, 6, 10, 13], "preselecStu": [0, 0, 0, 0], "stuGender": [{"male": 0, "Female": 0}, {"male": 0, "Female": 0}, {"male": 0, "Female": 0}, {"male": 0, "Female": 0}]}}