{"timestamp": [1707578751.449512, 1707590899.794452, 1707660593.914845], "data": {"selected": [3, 3, 3], "assigned": [0, 0, 0], "preselecStu": [3, 3, 3], "stuGender": [{"male": 3, "Female": 0}, {"male": 3, "Female": 0}, {"male": 3, "Female": 0}]}}