{"timestamp": [1716064534.694202, 1716495940.994961, 1725437552.586249, 1725510811.451468], "data": {"selected": [0, 0, 40, 39], "assigned": [0, 0, 0, 0], "preselecStu": [0, 0, 40, 39], "stuGender": [{"male": 0, "Female": 0}, {"male": 0, "Female": 0}, {"male": 22, "Female": 18}, {"male": 21, "Female": 18}]}}