{"timestamp": [1716064955.578024, 1716496319.216948, 1725438162.658001, 1725511317.953441], "data": {"selected": [0, 0, 0, 0], "assigned": [0, 0, 70, 134], "preselecStu": [0, 0, 0, 0], "stuGender": [{"male": 0, "Female": 0}, {"male": 0, "Female": 0}, {"male": 0, "Female": 0}, {"male": 0, "Female": 0}]}}