{"timestamp": [1716067700.757382, 1716498925.209489, 1725442137.217746, 1725514549.607481], "data": {"selected": [0, 0, 24, 24], "assigned": [0, 0, 6, 10], "preselecStu": [0, 0, 24, 24], "stuGender": [{"male": 0, "Female": 0}, {"male": 0, "Female": 0}, {"male": 5, "Female": 19}, {"male": 5, "Female": 19}]}}