{"timestamp": [1716067580.675572, 1716498818.513532, 1725442006.815153], "data": {"selected": [0, 0, 5], "assigned": [0, 0, 8], "preselecStu": [0, 0, 5], "stuGender": [{"male": 0, "Female": 0}, {"male": 0, "Female": 0}, {"male": 1, "Female": 4}]}}