{"timestamp": [1707576912.386177, 1707588551.429257], "data": {"selected": [83, 83], "assigned": [0, 0], "preselecStu": [83, 83], "stuGender": [{"male": 50, "Female": 33}, {"male": 50, "Female": 33}]}}