{"timestamp": [1716065815.959843, 1716497116.511715, 1725439429.191067, 1725512330.703623], "data": {"selected": [0, 0, 22, 20], "assigned": [0, 0, 0, 1], "preselecStu": [0, 0, 22, 20], "stuGender": [{"male": 0, "Female": 0}, {"male": 0, "Female": 0}, {"male": 18, "Female": 4}, {"male": 16, "Female": 4}]}}