{"timestamp": [1734410347.594034, 1734472885.237289], "data": {"selected": [0, 0], "assigned": [18, 19], "preselecStu": [0, 0], "stuGender": [{"male": 0, "Female": 0}, {"male": 0, "Female": 0}]}}