{"timestamp": [1725442668.820607, 1725515060.067082], "data": {"selected": [0, 0], "assigned": [16, 29], "preselecStu": [0, 0], "stuGender": [{"male": 0, "Female": 0}, {"male": 0, "Female": 0}]}}