{"timestamp": [1725442668.820607, 1725515060.067082, 1725601422.306488], "data": {"selected": [0, 0, 33], "assigned": [16, 29, 6], "preselecStu": [0, 0, 0], "stuGender": [{"male": 0, "Female": 0}, {"male": 0, "Female": 0}, {"male": 21, "Female": 12}]}}