{"timestamp": [1734404853.793043, 1734467484.984398], "data": {"selected": [0, 0], "assigned": [37, 36], "preselecStu": [0, 0], "stuGender": [{"male": 0, "Female": 0}, {"male": 0, "Female": 0}]}}