{"timestamp": [1734410601.598877, 1734473135.024746, 1734560112.71142], "data": {"selected": [0, 0, 0], "assigned": [38, 42, 48], "preselecStu": [0, 0, 0], "stuGender": [{"male": 0, "Female": 0}, {"male": 0, "Female": 0}, {"male": 0, "Female": 0}]}}