{"timestamp": [1734408980.8005, 1734471593.972159, 1734558458.439952], "data": {"selected": [0, 0, 0], "assigned": [82, 88, 94], "preselecStu": [0, 0, 0], "stuGender": [{"male": 0, "Female": 0}, {"male": 0, "Female": 0}, {"male": 0, "Female": 0}]}}