{"timestamp": [1707574832.264223, 1707586035.535537, 1707658435.338679], "data": {"selected": [8, 8, 8], "assigned": [0, 0, 0], "preselecStu": [8, 8, 8], "stuGender": [{"male": 7, "Female": 1}, {"male": 7, "Female": 1}, {"male": 7, "Female": 1}]}}