{"timestamp": [1716066336.452254, 1716497580.35795, 1725440202.761248], "data": {"selected": [0, 0, 21], "assigned": [0, 22, 0], "preselecStu": [0, 0, 0], "stuGender": [{"male": 0, "Female": 0}, {"male": 0, "Female": 0}, {"male": 16, "Female": 5}]}}