{"timestamp": [1716067728.653507, 1716498943.013264, 1725442158.392622], "data": {"selected": [0, 0, 2], "assigned": [0, 0, 1], "preselecStu": [0, 0, 2], "stuGender": [{"male": 0, "Female": 0}, {"male": 0, "Female": 0}, {"male": 0, "Female": 2}]}}