{"timestamp": [1734407696.127343, 1734470400.372166, 1734557070.240313, 1734642953.379554], "data": {"selected": [0, 0, 0, 0], "assigned": [41, 44, 54, 56], "preselecStu": [0, 0, 0, 0], "stuGender": [{"male": 0, "Female": 0}, {"male": 0, "Female": 0}, {"male": 0, "Female": 0}, {"male": 0, "Female": 0}]}}