{"timestamp": [1734407696.127343, 1734470400.372166, 1734557070.240313], "data": {"selected": [0, 0, 0], "assigned": [41, 44, 54], "preselecStu": [0, 0, 0], "stuGender": [{"male": 0, "Female": 0}, {"male": 0, "Female": 0}, {"male": 0, "Female": 0}]}}