{"timestamp": [1716066181.675091, 1716497455.524959, 1725439998.022622, 1725512785.612728], "data": {"selected": [0, 0, 26, 26], "assigned": [0, 0, 27, 32], "preselecStu": [0, 0, 26, 26], "stuGender": [{"male": 0, "Female": 0}, {"male": 0, "Female": 0}, {"male": 17, "Female": 9}, {"male": 17, "Female": 9}]}}