{"timestamp": [1716064697.896529, 1716496091.066724, 1725437789.812759], "data": {"selected": [0, 0, 28], "assigned": [0, 0, 3], "preselecStu": [0, 0, 28], "stuGender": [{"male": 0, "Female": 0}, {"male": 0, "Female": 0}, {"male": 15, "Female": 13}]}}