{"timestamp": [1707541809.008846, 1707545038.643921], "data": {"selected": [31, 31], "assigned": [0, 0], "preselecStu": [31, 31], "stuGender": [{"male": 12, "Female": 19}, {"male": 12, "Female": 19}]}}