{"timestamp": [1734410103.219356, 1734472657.070016], "data": {"selected": [0, 0], "assigned": [24, 26], "preselecStu": [0, 0], "stuGender": [{"male": 0, "Female": 0}, {"male": 0, "Female": 0}]}}