{"timestamp": [1734406285.717714, 1734469008.9829, 1734555515.228399], "data": {"selected": [0, 0, 0], "assigned": [76, 80, 84], "preselecStu": [0, 0, 0], "stuGender": [{"male": 0, "Female": 0}, {"male": 0, "Female": 0}, {"male": 0, "Female": 0}]}}