{"timestamp": [1716064374.413839, 1716495807.337608, 1725437336.03957], "data": {"selected": [0, 0, 47], "assigned": [0, 0, 42], "preselecStu": [0, 0, 47], "stuGender": [{"male": 0, "Female": 0}, {"male": 0, "Female": 0}, {"male": 31, "Female": 16}]}}