{"timestamp": [1734407650.847221, 1734470366.768724], "data": {"selected": [0, 0], "assigned": [52, 53], "preselecStu": [0, 0], "stuGender": [{"male": 0, "Female": 0}, {"male": 0, "Female": 0}]}}