{"timestamp": [1734410532.677859, 1734473075.393305, 1734560052.833642, 1734645437.75358], "data": {"selected": [0, 0, 0, 0], "assigned": [3, 5, 6, 10], "preselecStu": [0, 0, 0, 0], "stuGender": [{"male": 0, "Female": 0}, {"male": 0, "Female": 0}, {"male": 0, "Female": 0}, {"male": 0, "Female": 0}]}}