{"timestamp": [1734408029.977254, 1734470710.631972, 1734557422.075612], "data": {"selected": [0, 0, 0], "assigned": [22, 23, 27], "preselecStu": [0, 0, 0], "stuGender": [{"male": 0, "Female": 0}, {"male": 0, "Female": 0}, {"male": 0, "Female": 0}]}}