{"timestamp": [1716068158.046781, 1716499329.243551, 1725442734.716683], "data": {"selected": [0, 0, 0], "assigned": [0, 0, 38], "preselecStu": [0, 0, 0], "stuGender": [{"male": 0, "Female": 0}, {"male": 0, "Female": 0}, {"male": 0, "Female": 0}]}}