{"timestamp": [1734407912.937078, 1734470605.478865, 1734557302.038336, 1734643158.019095], "data": {"selected": [0, 0, 0, 0], "assigned": [53, 55, 56, 55], "preselecStu": [0, 0, 0, 0], "stuGender": [{"male": 0, "Female": 0}, {"male": 0, "Female": 0}, {"male": 0, "Female": 0}, {"male": 0, "Female": 0}]}}