{"timestamp": [1707575647.826311, 1707587015.981491], "data": {"selected": [15, 15], "assigned": [0, 0], "preselecStu": [0, 0], "stuGender": [{"male": 1, "Female": 14}, {"male": 1, "Female": 14}]}}