{"timestamp": [1707541672.196632, 1707544885.437769], "data": {"selected": [83, 83], "assigned": [0, 0], "preselecStu": [83, 83], "stuGender": [{"male": 50, "Female": 33}, {"male": 50, "Female": 33}]}}