{"timestamp": [1707541912.342469, 1707545150.117783], "data": {"selected": [60, 60], "assigned": [0, 0], "preselecStu": [60, 60], "stuGender": [{"male": 34, "Female": 26}, {"male": 34, "Female": 26}]}}