{"timestamp": [1716069289.446242, 1716500342.324851, 1725443919.706304], "data": {"selected": [0, 0, 0], "assigned": [0, 0, 9], "preselecStu": [0, 0, 0], "stuGender": [{"male": 0, "Female": 0}, {"male": 0, "Female": 0}, {"male": 0, "Female": 0}]}}