{"timestamp": [1707541543.332466, 1707544747.467656], "data": {"selected": [50, 50], "assigned": [0, 0], "preselecStu": [50, 50], "stuGender": [{"male": 41, "Female": 9}, {"male": 41, "Female": 9}]}}