{"timestamp": [1716065062.216379, 1716496423.90327, 1725438350.243966, 1725511456.112209], "data": {"selected": [0, 0, 49, 48], "assigned": [0, 44, 1, 1], "preselecStu": [0, 0, 49, 48], "stuGender": [{"male": 0, "Female": 0}, {"male": 0, "Female": 0}, {"male": 15, "Female": 34}, {"male": 14, "Female": 34}]}}