{"timestamp": [1707578738.393372, 1707590883.850505, 1707660586.719603, 1707663205.966563], "data": {"selected": [45, 45, 45, 45], "assigned": [0, 0, 0, 0], "preselecStu": [45, 45, 45, 45], "stuGender": [{"male": 28, "Female": 17}, {"male": 28, "Female": 17}, {"male": 28, "Female": 17}, {"male": 28, "Female": 17}]}}