{"timestamp": [1707542580.125381, 1707545867.822704], "data": {"selected": [13, 13], "assigned": [0, 0], "preselecStu": [13, 13], "stuGender": [{"male": 3, "Female": 10}, {"male": 3, "Female": 10}]}}