{"timestamp": [1716065469.451379, 1716496789.223794, 1725438893.726487, 1725511919.071959], "data": {"selected": [0, 0, 0, 0], "assigned": [0, 0, 2, 3], "preselecStu": [0, 0, 0, 0], "stuGender": [{"male": 0, "Female": 0}, {"male": 0, "Female": 0}, {"male": 0, "Female": 0}, {"male": 0, "Female": 0}]}}