{"timestamp": [1707574443.207982, 1707585579.091501, 1707658184.854522], "data": {"selected": [60, 60, 60], "assigned": [0, 0, 0], "preselecStu": [60, 60, 60], "stuGender": [{"male": 37, "Female": 23}, {"male": 37, "Female": 23}, {"male": 37, "Female": 23}]}}