{"timestamp": [1707540297.109151, 1707543473.009227], "data": {"selected": [60, 60], "assigned": [0, 0], "preselecStu": [60, 60], "stuGender": [{"male": 37, "Female": 23}, {"male": 37, "Female": 23}]}}