{"timestamp": [1707542107.474079, 1707545355.917205], "data": {"selected": [50, 50], "assigned": [0, 0], "preselecStu": [50, 50], "stuGender": [{"male": 38, "Female": 12}, {"male": 38, "Female": 12}]}}