{"timestamp": [1716063927.099413, 1716495392.586223, 1725436663.268259, 1725510117.387064], "data": {"selected": [0, 0, 1, 1], "assigned": [0, 0, 0, 1], "preselecStu": [0, 0, 1, 1], "stuGender": [{"male": 0, "Female": 0}, {"male": 0, "Female": 0}, {"male": 0, "Female": 1}, {"male": 0, "Female": 1}]}}