{"timestamp": [1734406350.250911, 1734469084.60563, 1734555596.01019], "data": {"selected": [0, 0, 0], "assigned": [4, 6, 8], "preselecStu": [0, 0, 0], "stuGender": [{"male": 0, "Female": 0}, {"male": 0, "Female": 0}, {"male": 0, "Female": 0}]}}