{"timestamp": [1734405592.396318, 1734468285.43702, 1734554797.504692, 1734641034.34669], "data": {"selected": [0, 0, 0, 0], "assigned": [54, 60, 67, 74], "preselecStu": [0, 0, 0, 0], "stuGender": [{"male": 0, "Female": 0}, {"male": 0, "Female": 0}, {"male": 0, "Female": 0}, {"male": 0, "Female": 0}]}}