{"timestamp": [1734407888.934254, 1734470581.038485, 1734557275.29341, 1734643131.770506], "data": {"selected": [0, 0, 0, 0], "assigned": [45, 47, 48, 48], "preselecStu": [0, 0, 0, 0], "stuGender": [{"male": 0, "Female": 0}, {"male": 0, "Female": 0}, {"male": 0, "Female": 0}, {"male": 0, "Female": 0}]}}