{"timestamp": [1734407888.934254, 1734470581.038485], "data": {"selected": [0, 0], "assigned": [45, 47], "preselecStu": [0, 0], "stuGender": [{"male": 0, "Female": 0}, {"male": 0, "Female": 0}]}}