{"timestamp": [1716066851.265393, 1716498093.495567, 1725441012.985002, 1725513594.353274], "data": {"selected": [0, 0, 31, 31], "assigned": [0, 18, 0, 0], "preselecStu": [0, 0, 15, 15], "stuGender": [{"male": 0, "Female": 0}, {"male": 0, "Female": 0}, {"male": 17, "Female": 14}, {"male": 17, "Female": 14}]}}