{"timestamp": [1707542181.522429, 1707545440.366711], "data": {"selected": [40, 40], "assigned": [0, 0], "preselecStu": [40, 40], "stuGender": [{"male": 32, "Female": 8}, {"male": 32, "Female": 8}]}}