{"timestamp": [1707577860.299045, 1707589715.974939], "data": {"selected": [40, 40], "assigned": [0, 0], "preselecStu": [40, 40], "stuGender": [{"male": 32, "Female": 8}, {"male": 32, "Female": 8}]}}