{"timestamp": [1734405859.200077, 1734468591.384651, 1734555094.952253, 1734641331.386811], "data": {"selected": [34, 34, 34, 34], "assigned": [0, 0, 0, 0], "preselecStu": [0, 0, 0, 0], "stuGender": [{"male": 28, "Female": 6}, {"male": 28, "Female": 6}, {"male": 28, "Female": 6}, {"male": 28, "Female": 6}]}}