{"timestamp": [1734406513.280299, 1734469254.534441], "data": {"selected": [0, 0], "assigned": [42, 44], "preselecStu": [0, 0], "stuGender": [{"male": 0, "Female": 0}, {"male": 0, "Female": 0}]}}