{"timestamp": [1716068895.387338, 1716499999.750918, 1725443522.189552], "data": {"selected": [0, 0, 29], "assigned": [0, 0, 7], "preselecStu": [0, 0, 29], "stuGender": [{"male": 0, "Female": 0}, {"male": 0, "Female": 0}, {"male": 9, "Female": 20}]}}