{"timestamp": [1707575047.294807, 1707586313.48407], "data": {"selected": [120, 120], "assigned": [0, 0], "preselecStu": [120, 120], "stuGender": [{"male": 81, "Female": 39}, {"male": 81, "Female": 39}]}}