{"timestamp": [1716068687.778757, 1716499807.078928, 1725443303.491417, 1725515702.549472], "data": {"selected": [0, 0, 1, 1], "assigned": [0, 0, 3, 3], "preselecStu": [0, 0, 1, 1], "stuGender": [{"male": 0, "Female": 0}, {"male": 0, "Female": 0}, {"male": 1, "Female": 0}, {"male": 1, "Female": 0}]}}