{"timestamp": [1707575142.933538, 1707586422.554345, 1707658604.937304, 1707661207.137672], "data": {"selected": [17, 17, 17, 17], "assigned": [0, 0, 0, 0], "preselecStu": [17, 17, 17, 17], "stuGender": [{"male": 7, "Female": 10}, {"male": 7, "Female": 10}, {"male": 7, "Female": 10}, {"male": 7, "Female": 10}]}}