{"timestamp": [1716067050.276441, 1716498286.723003, 1725441269.671524], "data": {"selected": [0, 0, 15], "assigned": [0, 0, 2], "preselecStu": [0, 0, 10], "stuGender": [{"male": 0, "Female": 0}, {"male": 0, "Female": 0}, {"male": 7, "Female": 8}]}}