{"timestamp": [1734410403.260068, 1734472943.870949, 1734559915.548125], "data": {"selected": [0, 0, 0], "assigned": [17, 23, 27], "preselecStu": [0, 0, 0], "stuGender": [{"male": 0, "Female": 0}, {"male": 0, "Female": 0}, {"male": 0, "Female": 0}]}}