{"timestamp": [1734404999.578754, 1734467651.081265], "data": {"selected": [0, 0], "assigned": [272, 328], "preselecStu": [0, 0], "stuGender": [{"male": 0, "Female": 0}, {"male": 0, "Female": 0}]}}