{"timestamp": [1734404999.578754, 1734467651.081265, 1734554164.648032], "data": {"selected": [0, 0, 0], "assigned": [272, 328, 372], "preselecStu": [0, 0, 0], "stuGender": [{"male": 0, "Female": 0}, {"male": 0, "Female": 0}, {"male": 0, "Female": 0}]}}