{"timestamp": [1707575821.270837, 1707587219.0193, 1707658993.08987], "data": {"selected": [2, 2, 2], "assigned": [0, 0, 0], "preselecStu": [2, 2, 2], "stuGender": [{"male": 1, "Female": 1}, {"male": 1, "Female": 1}, {"male": 1, "Female": 1}]}}