{"timestamp": [1734409974.270729, 1734472516.093628], "data": {"selected": [0, 0], "assigned": [36, 36], "preselecStu": [0, 0], "stuGender": [{"male": 0, "Female": 0}, {"male": 0, "Female": 0}]}}