{"timestamp": [1734409974.270729, 1734472516.093628, 1734559491.503029, 1734644889.239703], "data": {"selected": [0, 0, 0, 0], "assigned": [36, 36, 36, 37], "preselecStu": [0, 0, 0, 0], "stuGender": [{"male": 0, "Female": 0}, {"male": 0, "Female": 0}, {"male": 0, "Female": 0}, {"male": 0, "Female": 0}]}}