{"timestamp": [1716067275.147315, 1716498507.319166, 1725441552.598767, 1725514066.192448], "data": {"selected": [0, 0, 70, 70], "assigned": [0, 0, 2, 4], "preselecStu": [0, 0, 0, 0], "stuGender": [{"male": 0, "Female": 0}, {"male": 0, "Female": 0}, {"male": 36, "Female": 34}, {"male": 36, "Female": 34}]}}