{"timestamp": [1734409046.408553, 1734471664.887336], "data": {"selected": [0, 0], "assigned": [73, 80], "preselecStu": [0, 0], "stuGender": [{"male": 0, "Female": 0}, {"male": 0, "Female": 0}]}}