{"timestamp": [1734409046.408553, 1734471664.887336, 1734558526.835268, 1734644140.071607], "data": {"selected": [0, 0, 0, 0], "assigned": [73, 80, 87, 96], "preselecStu": [0, 0, 0, 0], "stuGender": [{"male": 0, "Female": 0}, {"male": 0, "Female": 0}, {"male": 0, "Female": 0}, {"male": 0, "Female": 0}]}}