{"timestamp": [1707578806.386996, 1707590960.487423, 1707660622.864409, 1707663239.576708], "data": {"selected": [35, 35, 35, 35], "assigned": [0, 0, 0, 0], "preselecStu": [35, 35, 35, 35], "stuGender": [{"male": 25, "Female": 10}, {"male": 25, "Female": 10}, {"male": 25, "Female": 10}, {"male": 25, "Female": 10}]}}