{"timestamp": [1716069127.464828, 1716500218.754786, 1725443791.453791, 1725516188.206074], "data": {"selected": [0, 0, 12, 11], "assigned": [0, 0, 3, 5], "preselecStu": [0, 0, 11, 10], "stuGender": [{"male": 0, "Female": 0}, {"male": 0, "Female": 0}, {"male": 8, "Female": 4}, {"male": 7, "Female": 4}]}}