{"timestamp": [1716069127.464828, 1716500218.754786, 1725443791.453791], "data": {"selected": [0, 0, 12], "assigned": [0, 0, 3], "preselecStu": [0, 0, 11], "stuGender": [{"male": 0, "Female": 0}, {"male": 0, "Female": 0}, {"male": 8, "Female": 4}]}}