{"timestamp": [1734410683.192278, 1734473211.259389, 1734560191.896424, 1734645591.173209], "data": {"selected": [0, 0, 0, 0], "assigned": [10, 11, 13, 12], "preselecStu": [0, 0, 0, 0], "stuGender": [{"male": 0, "Female": 0}, {"male": 0, "Female": 0}, {"male": 0, "Female": 0}, {"male": 0, "Female": 0}]}}