{"timestamp": [1734410084.597821, 1734472636.739823, 1734559603.698596], "data": {"selected": [0, 0, 0], "assigned": [2, 1, 3], "preselecStu": [0, 0, 0], "stuGender": [{"male": 0, "Female": 0}, {"male": 0, "Female": 0}, {"male": 0, "Female": 0}]}}