{"timestamp": [1734410084.597821, 1734472636.739823, 1734559603.698596, 1734644998.16136], "data": {"selected": [0, 0, 0, 0], "assigned": [2, 1, 3, 4], "preselecStu": [0, 0, 0, 0], "stuGender": [{"male": 0, "Female": 0}, {"male": 0, "Female": 0}, {"male": 0, "Female": 0}, {"male": 0, "Female": 0}]}}