{"timestamp": [1734409698.144195, 1734472283.08816, 1734559269.105559, 1734644701.768989], "data": {"selected": [0, 0, 0, 0], "assigned": [2, 2, 2, 2], "preselecStu": [0, 0, 0, 0], "stuGender": [{"male": 0, "Female": 0}, {"male": 0, "Female": 0}, {"male": 0, "Female": 0}, {"male": 0, "Female": 0}]}}