{"timestamp": [1716065653.519227, 1716496970.609456, 1725439192.757656], "data": {"selected": [0, 0, 1], "assigned": [0, 0, 7], "preselecStu": [0, 0, 1], "stuGender": [{"male": 0, "Female": 0}, {"male": 0, "Female": 0}, {"male": 0, "Female": 1}]}}