{"timestamp": [1734404817.426095, 1734467445.454525, 1734553943.531169, 1734640255.283473], "data": {"selected": [0, 0, 0, 0], "assigned": [51, 51, 51, 51], "preselecStu": [0, 0, 0, 0], "stuGender": [{"male": 0, "Female": 0}, {"male": 0, "Female": 0}, {"male": 0, "Female": 0}, {"male": 0, "Female": 0}]}}