{"timestamp": [1734404817.426095, 1734467445.454525], "data": {"selected": [0, 0], "assigned": [51, 51], "preselecStu": [0, 0], "stuGender": [{"male": 0, "Female": 0}, {"male": 0, "Female": 0}]}}