{"timestamp": [1707540962.183339, 1707544141.749624], "data": {"selected": [16, 16], "assigned": [0, 0], "preselecStu": [0, 0], "stuGender": [{"male": 10, "Female": 6}, {"male": 10, "Female": 6}]}}