{"timestamp": [1707575588.817825, 1707586951.061636, 1707658864.620494, 1707661461.173516], "data": {"selected": [16, 16, 16, 16], "assigned": [0, 0, 0, 0], "preselecStu": [0, 0, 0, 0], "stuGender": [{"male": 10, "Female": 6}, {"male": 10, "Female": 6}, {"male": 10, "Female": 6}, {"male": 10, "Female": 6}]}}