{"timestamp": [1707540381.902958, 1707543557.864316], "data": {"selected": [42, 42], "assigned": [0, 0], "preselecStu": [42, 42], "stuGender": [{"male": 18, "Female": 24}, {"male": 18, "Female": 24}]}}