{"timestamp": [1707574575.169492, 1707585729.622132], "data": {"selected": [42, 42], "assigned": [0, 0], "preselecStu": [42, 42], "stuGender": [{"male": 18, "Female": 24}, {"male": 18, "Female": 24}]}}