{"timestamp": [1707578671.981905, 1707590802.048761], "data": {"selected": [25, 25], "assigned": [0, 0], "preselecStu": [25, 25], "stuGender": [{"male": 7, "Female": 18}, {"male": 7, "Female": 18}]}}