{"timestamp": [1716063658.054673, 1716495134.872309, 1725436287.525584, 1725509758.755119], "data": {"selected": [0, 0, 61, 61], "assigned": [0, 0, 0, 2], "preselecStu": [0, 0, 0, 0], "stuGender": [{"male": 0, "Female": 0}, {"male": 0, "Female": 0}, {"male": 19, "Female": 42}, {"male": 19, "Female": 42}]}}