{"timestamp": [1716064365.772219, 1716495798.683784, 1725437318.382575], "data": {"selected": [0, 0, 59], "assigned": [0, 0, 142], "preselecStu": [0, 0, 59], "stuGender": [{"male": 0, "Female": 0}, {"male": 0, "Female": 0}, {"male": 41, "Female": 18}]}}