{"timestamp": [1707576498.30146, 1707588076.767173], "data": {"selected": [20, 20], "assigned": [0, 0], "preselecStu": [20, 20], "stuGender": [{"male": 11, "Female": 9}, {"male": 11, "Female": 9}]}}