{"timestamp": [1707541451.97406, 1707544650.864261], "data": {"selected": [20, 20], "assigned": [0, 0], "preselecStu": [20, 20], "stuGender": [{"male": 11, "Female": 9}, {"male": 11, "Female": 9}]}}