{"timestamp": [1725439269.621534, 1725512227.723039, 1725598599.727944, 1725684566.965471], "data": {"selected": [0, 0, 1, 1], "assigned": [1, 1, 0, 0], "preselecStu": [0, 0, 0, 0], "stuGender": [{"male": 0, "Female": 0}, {"male": 0, "Female": 0}, {"male": 1, "Female": 0}, {"male": 1, "Female": 0}]}}