{"timestamp": [1734406229.85531, 1734468969.827232, 1734555478.857906], "data": {"selected": [0, 0, 0], "assigned": [143, 159, 188], "preselecStu": [0, 0, 0], "stuGender": [{"male": 0, "Female": 0}, {"male": 0, "Female": 0}, {"male": 0, "Female": 0}]}}