{"timestamp": [1707541644.333129, 1707544854.848301], "data": {"selected": [53, 53], "assigned": [0, 0], "preselecStu": [53, 53], "stuGender": [{"male": 34, "Female": 19}, {"male": 34, "Female": 19}]}}