{"timestamp": [1707576858.643219, 1707588490.247484, 1707659556.668993], "data": {"selected": [53, 53, 53], "assigned": [0, 0, 0], "preselecStu": [53, 53, 53], "stuGender": [{"male": 34, "Female": 19}, {"male": 34, "Female": 19}, {"male": 34, "Female": 19}]}}