{"timestamp": [1716064505.318607, 1716495913.867281, 1725437514.981062, 1725510780.619249], "data": {"selected": [0, 0, 45, 44], "assigned": [0, 0, 37, 87], "preselecStu": [0, 0, 45, 44], "stuGender": [{"male": 0, "Female": 0}, {"male": 0, "Female": 0}, {"male": 26, "Female": 19}, {"male": 25, "Female": 19}]}}