{"timestamp": [1716064505.318607, 1716495913.867281, 1725437514.981062], "data": {"selected": [0, 0, 45], "assigned": [0, 0, 37], "preselecStu": [0, 0, 45], "stuGender": [{"male": 0, "Female": 0}, {"male": 0, "Female": 0}, {"male": 26, "Female": 19}]}}