{"timestamp": [1716065321.632855, 1716496643.889423, 1725438689.159805], "data": {"selected": [0, 0, 22], "assigned": [0, 22, 2], "preselecStu": [0, 0, 22], "stuGender": [{"male": 0, "Female": 0}, {"male": 0, "Female": 0}, {"male": 3, "Female": 19}]}}