{"timestamp": [1734409538.714555, 1734472157.807716, 1734559111.787767, 1734644566.043285], "data": {"selected": [0, 0, 0, 0], "assigned": [63, 66, 69, 69], "preselecStu": [0, 0, 0, 0], "stuGender": [{"male": 0, "Female": 0}, {"male": 0, "Female": 0}, {"male": 0, "Female": 0}, {"male": 0, "Female": 0}]}}