{"timestamp": [1707542280.669029, 1707545548.29523], "data": {"selected": [14, 14], "assigned": [0, 0], "preselecStu": [14, 14], "stuGender": [{"male": 9, "Female": 5}, {"male": 9, "Female": 5}]}}