{"timestamp": [1707578039.445128, 1707589948.317049, 1707660206.003807], "data": {"selected": [14, 14, 14], "assigned": [0, 0, 0], "preselecStu": [14, 14, 14], "stuGender": [{"male": 9, "Female": 5}, {"male": 9, "Female": 5}, {"male": 9, "Female": 5}]}}