{"timestamp": [1734410495.515296, 1734473036.967213, 1734560013.785503, 1734645391.00673], "data": {"selected": [0, 0, 0, 0], "assigned": [8, 10, 11, 13], "preselecStu": [0, 0, 0, 0], "stuGender": [{"male": 0, "Female": 0}, {"male": 0, "Female": 0}, {"male": 0, "Female": 0}, {"male": 0, "Female": 0}]}}