{"timestamp": [1734405736.109713, 1734468464.791107], "data": {"selected": [0, 0], "assigned": [109, 131], "preselecStu": [0, 0], "stuGender": [{"male": 0, "Female": 0}, {"male": 0, "Female": 0}]}}