{"timestamp": [1707575532.56491, 1707586888.853809, 1707658834.597463, 1707661430.73773], "data": {"selected": [30, 30, 30, 30], "assigned": [0, 0, 0, 0], "preselecStu": [30, 30, 30, 30], "stuGender": [{"male": 11, "Female": 19}, {"male": 11, "Female": 19}, {"male": 11, "Female": 19}, {"male": 11, "Female": 19}]}}