{"timestamp": [1707540931.98335, 1707544110.651675], "data": {"selected": [30, 30], "assigned": [0, 0], "preselecStu": [30, 30], "stuGender": [{"male": 11, "Female": 19}, {"male": 11, "Female": 19}]}}