{"timestamp": [1734405654.757068, 1734468375.689091], "data": {"selected": [0, 0], "assigned": [41, 57], "preselecStu": [0, 0], "stuGender": [{"male": 0, "Female": 0}, {"male": 0, "Female": 0}]}}