{"timestamp": [1707577662.663245, 1707589445.862189, 1707660014.012929, 1707662621.136004], "data": {"selected": [80, 80, 80, 80], "assigned": [1, 1, 1, 1], "preselecStu": [80, 80, 80, 80], "stuGender": [{"male": 62, "Female": 19}, {"male": 62, "Female": 19}, {"male": 62, "Female": 19}, {"male": 62, "Female": 19}]}}