{"timestamp": [1734405831.649265, 1734468564.110713, 1734555067.025298], "data": {"selected": [0, 0, 0], "assigned": [4, 4, 4], "preselecStu": [0, 0, 0], "stuGender": [{"male": 0, "Female": 0}, {"male": 0, "Female": 0}, {"male": 0, "Female": 0}]}}