{"timestamp": [1716067408.094041, 1716498641.062599, 1725441780.055694], "data": {"selected": [0, 0, 4], "assigned": [0, 4, 0], "preselecStu": [0, 0, 4], "stuGender": [{"male": 0, "Female": 0}, {"male": 0, "Female": 0}, {"male": 3, "Female": 1}]}}