{"timestamp": [1707542297.308488, 1707545567.72515], "data": {"selected": [28, 28], "assigned": [0, 0], "preselecStu": [28, 28], "stuGender": [{"male": 17, "Female": 11}, {"male": 17, "Female": 11}]}}