{"timestamp": [1716069076.993197, 1716500165.168728, 1725443734.026045, 1725516130.005857], "data": {"selected": [0, 0, 43, 43], "assigned": [0, 45, 3, 5], "preselecStu": [0, 0, 43, 43], "stuGender": [{"male": 0, "Female": 0}, {"male": 0, "Female": 0}, {"male": 13, "Female": 30}, {"male": 13, "Female": 30}]}}