{"timestamp": [1707541376.593894, 1707544570.644643], "data": {"selected": [11, 11], "assigned": [0, 0], "preselecStu": [11, 11], "stuGender": [{"male": 8, "Female": 3}, {"male": 8, "Female": 3}]}}