{"timestamp": [1707576356.498018, 1707587900.751391, 1707659282.322828, 1707661884.100667], "data": {"selected": [11, 11, 11, 11], "assigned": [0, 0, 0, 0], "preselecStu": [11, 11, 11, 11], "stuGender": [{"male": 8, "Female": 3}, {"male": 8, "Female": 3}, {"male": 8, "Female": 3}, {"male": 8, "Female": 3}]}}