{"timestamp": [1716064263.680549, 1716495701.193026, 1725437149.530711], "data": {"selected": [0, 0, 38], "assigned": [0, 0, 0], "preselecStu": [0, 0, 1], "stuGender": [{"male": 0, "Female": 0}, {"male": 0, "Female": 0}, {"male": 18, "Female": 20}]}}