{"timestamp": [1707575288.977337, 1707586598.379984, 1707658691.163667, 1707661292.076107], "data": {"selected": [45, 45, 45, 45], "assigned": [0, 0, 0, 0], "preselecStu": [45, 45, 45, 45], "stuGender": [{"male": 25, "Female": 20}, {"male": 25, "Female": 20}, {"male": 25, "Female": 20}, {"male": 25, "Female": 20}]}}