{"timestamp": [1707540793.88257, 1707543972.370434], "data": {"selected": [45, 45], "assigned": [0, 0], "preselecStu": [45, 45], "stuGender": [{"male": 25, "Female": 20}, {"male": 25, "Female": 20}]}}