{"timestamp": [1707574890.243079, 1707586093.256178, 1707658466.21696, 1707661060.858974], "data": {"selected": [0, 0, 0, 0], "assigned": [0, 0, 0, 0], "preselecStu": [0, 0, 0, 0], "stuGender": [{"male": 0, "Female": 0}, {"male": 0, "Female": 0}, {"male": 0, "Female": 0}, {"male": 0, "Female": 0}]}}