{"timestamp": [1707577897.414862, 1707589777.908311, 1707660137.990125, 1707662747.427106], "data": {"selected": [30, 30, 30, 30], "assigned": [0, 0, 0, 0], "preselecStu": [30, 30, 30, 30], "stuGender": [{"male": 18, "Female": 12}, {"male": 18, "Female": 12}, {"male": 18, "Female": 12}, {"male": 18, "Female": 12}]}}