{"timestamp": [1707542201.593717, 1707545462.361925], "data": {"selected": [30, 30], "assigned": [0, 0], "preselecStu": [30, 30], "stuGender": [{"male": 18, "Female": 12}, {"male": 18, "Female": 12}]}}