{"timestamp": [1716066873.684807, 1716498116.965172, 1725441046.992487, 1725513620.027058], "data": {"selected": [0, 0, 8, 8], "assigned": [0, 0, 2, 3], "preselecStu": [0, 0, 8, 8], "stuGender": [{"male": 0, "Female": 0}, {"male": 0, "Female": 0}, {"male": 5, "Female": 3}, {"male": 5, "Female": 3}]}}