{"timestamp": [1707540813.951713, 1707543993.756176], "data": {"selected": [100, 100], "assigned": [0, 0], "preselecStu": [100, 100], "stuGender": [{"male": 57, "Female": 43}, {"male": 57, "Female": 43}]}}