{"timestamp": [1707578376.096989, 1707590402.398725], "data": {"selected": [26, 26], "assigned": [0, 0], "preselecStu": [26, 26], "stuGender": [{"male": 22, "Female": 4}, {"male": 22, "Female": 4}]}}