{"timestamp": [1734405597.233612, 1734468290.761225, 1734554802.53252, 1734641040.099573], "data": {"selected": [0, 0, 0, 0], "assigned": [108, 126, 147, 161], "preselecStu": [0, 0, 0, 0], "stuGender": [{"male": 0, "Female": 0}, {"male": 0, "Female": 0}, {"male": 0, "Female": 0}, {"male": 0, "Female": 0}]}}