{"timestamp": [1734407893.739071, 1734470586.098718], "data": {"selected": [0, 0], "assigned": [93, 98], "preselecStu": [0, 0], "stuGender": [{"male": 0, "Female": 0}, {"male": 0, "Female": 0}]}}