{"timestamp": [1734407893.739071, 1734470586.098718, 1734557280.785398], "data": {"selected": [0, 0, 0], "assigned": [93, 98, 99], "preselecStu": [0, 0, 0], "stuGender": [{"male": 0, "Female": 0}, {"male": 0, "Female": 0}, {"male": 0, "Female": 0}]}}