{"timestamp": [1734408639.107197, 1734471278.844889, 1734558089.836084], "data": {"selected": [0, 0, 0], "assigned": [23, 24, 24], "preselecStu": [0, 0, 0], "stuGender": [{"male": 0, "Female": 0}, {"male": 0, "Female": 0}, {"male": 0, "Female": 0}]}}