{"timestamp": [1716069356.789439, 1716500402.818304, 1725443996.305868, 1725516393.783361], "data": {"selected": [0, 0, 2, 2], "assigned": [0, 0, 3, 3], "preselecStu": [0, 0, 0, 0], "stuGender": [{"male": 0, "Female": 0}, {"male": 0, "Female": 0}, {"male": 2, "Female": 0}, {"male": 2, "Female": 0}]}}