{"timestamp": [1734406295.476827, 1734469019.8276, 1734555525.726197, 1734641735.909749], "data": {"selected": [0, 0, 0, 0], "assigned": [84, 86, 103, 122], "preselecStu": [0, 0, 0, 0], "stuGender": [{"male": 0, "Female": 0}, {"male": 0, "Female": 0}, {"male": 0, "Female": 0}, {"male": 0, "Female": 0}]}}