{"timestamp": [1734410762.209229, 1734473277.08674, 1734560257.5672, 1734645661.193329], "data": {"selected": [0, 0, 0, 0], "assigned": [41, 41, 42, 42], "preselecStu": [0, 0, 0, 0], "stuGender": [{"male": 0, "Female": 0}, {"male": 0, "Female": 0}, {"male": 0, "Female": 0}, {"male": 0, "Female": 0}]}}