{"timestamp": [1716066186.365201, 1716497459.894912, 1725440004.704575, 1725512791.247175], "data": {"selected": [0, 0, 1, 1], "assigned": [0, 0, 2, 3], "preselecStu": [0, 0, 1, 1], "stuGender": [{"male": 0, "Female": 0}, {"male": 0, "Female": 0}, {"male": 1, "Female": 0}, {"male": 1, "Female": 0}]}}