{"timestamp": [1707577933.510665, 1707589815.676749], "data": {"selected": [40, 40], "assigned": [1, 1], "preselecStu": [40, 40], "stuGender": [{"male": 30, "Female": 11}, {"male": 30, "Female": 11}]}}