{"timestamp": [1734404801.922422, 1734467428.870888], "data": {"selected": [0, 0], "assigned": [46, 45], "preselecStu": [0, 0], "stuGender": [{"male": 0, "Female": 0}, {"male": 0, "Female": 0}]}}