{"timestamp": [1734406428.725719, 1734469160.385611, 1734555688.337224, 1734641867.92282], "data": {"selected": [0, 0, 0, 0], "assigned": [1, 2, 4, 4], "preselecStu": [0, 0, 0, 0], "stuGender": [{"male": 0, "Female": 0}, {"male": 0, "Female": 0}, {"male": 0, "Female": 0}, {"male": 0, "Female": 0}]}}