{"timestamp": [1716064470.927187, 1716495895.494393, 1725437471.113661, 1725510746.14976], "data": {"selected": [0, 0, 47, 45], "assigned": [0, 0, 81, 168], "preselecStu": [0, 0, 47, 45], "stuGender": [{"male": 0, "Female": 0}, {"male": 0, "Female": 0}, {"male": 17, "Female": 30}, {"male": 17, "Female": 28}]}}