{"timestamp": [1716064184.43376, 1716495624.428006, 1725437024.61067, 1725510392.437353], "data": {"selected": [0, 0, 0, 0], "assigned": [0, 0, 5, 11], "preselecStu": [0, 0, 0, 0], "stuGender": [{"male": 0, "Female": 0}, {"male": 0, "Female": 0}, {"male": 0, "Female": 0}, {"male": 0, "Female": 0}]}}