{"timestamp": [1734410685.47698, 1734473213.580994, 1734560194.28903, 1734645593.3453], "data": {"selected": [0, 0, 0, 0], "assigned": [5, 5, 7, 8], "preselecStu": [0, 0, 0, 0], "stuGender": [{"male": 0, "Female": 0}, {"male": 0, "Female": 0}, {"male": 0, "Female": 0}, {"male": 0, "Female": 0}]}}