{"timestamp": [1707575086.567709, 1707586358.947463], "data": {"selected": [50, 50], "assigned": [0, 0], "preselecStu": [50, 50], "stuGender": [{"male": 37, "Female": 13}, {"male": 37, "Female": 13}]}}