{"timestamp": [1716067303.888398, 1716498537.501353, 1725441612.746796, 1725514099.612281], "data": {"selected": [0, 0, 30, 30], "assigned": [0, 0, 0, 0], "preselecStu": [0, 0, 30, 30], "stuGender": [{"male": 0, "Female": 0}, {"male": 0, "Female": 0}, {"male": 16, "Female": 14}, {"male": 16, "Female": 14}]}}