{"timestamp": [1734408111.612668, 1734470789.307823], "data": {"selected": [0, 0], "assigned": [10, 10], "preselecStu": [0, 0], "stuGender": [{"male": 0, "Female": 0}, {"male": 0, "Female": 0}]}}