{"timestamp": [1716066429.514069, 1716497664.071139, 1725440352.478219], "data": {"selected": [0, 0, 3], "assigned": [0, 0, 25], "preselecStu": [0, 0, 3], "stuGender": [{"male": 0, "Female": 0}, {"male": 0, "Female": 0}, {"male": 2, "Female": 1}]}}