{"timestamp": [1707541131.316831, 1707544312.10661], "data": {"selected": [31, 31], "assigned": [0, 0], "preselecStu": [31, 31], "stuGender": [{"male": 21, "Female": 10}, {"male": 21, "Female": 10}]}}