{"timestamp": [1734405359.122795, 1734468018.077316, 1734554544.392305], "data": {"selected": [0, 0, 0], "assigned": [29, 32, 36], "preselecStu": [0, 0, 0], "stuGender": [{"male": 0, "Female": 0}, {"male": 0, "Female": 0}, {"male": 0, "Female": 0}]}}