{"timestamp": [1707574461.588148, 1707585600.373013], "data": {"selected": [53, 53], "assigned": [0, 0], "preselecStu": [53, 53], "stuGender": [{"male": 22, "Female": 31}, {"male": 22, "Female": 31}]}}