{"timestamp": [1734406674.421386, 1734469422.969558, 1734555990.846539, 1734642102.925512], "data": {"selected": [0, 0, 0, 0], "assigned": [12, 14, 24, 24], "preselecStu": [0, 0, 0, 0], "stuGender": [{"male": 0, "Female": 0}, {"male": 0, "Female": 0}, {"male": 0, "Female": 0}, {"male": 0, "Female": 0}]}}