{"timestamp": [1725444145.095552, 1725516531.551287, 1725603085.481179], "data": {"selected": [0, 0, 3], "assigned": [0, 3, 0], "preselecStu": [0, 0, 0], "stuGender": [{"male": 0, "Female": 0}, {"male": 0, "Female": 0}, {"male": 1, "Female": 2}]}}