{"timestamp": [1716063685.749599, 1716495155.509155, 1725436319.814115], "data": {"selected": [0, 0, 54], "assigned": [0, 0, 0], "preselecStu": [0, 0, 0], "stuGender": [{"male": 0, "Female": 0}, {"male": 0, "Female": 0}, {"male": 40, "Female": 14}]}}