{"timestamp": [1716066091.563899, 1716497367.892911, 1725439866.424507], "data": {"selected": [0, 0, 37], "assigned": [0, 0, 9], "preselecStu": [0, 0, 37], "stuGender": [{"male": 0, "Female": 0}, {"male": 0, "Female": 0}, {"male": 26, "Female": 11}]}}