{"timestamp": [1716066091.563899, 1716497367.892911, 1725439866.424507, 1725512671.478256], "data": {"selected": [0, 0, 37, 37], "assigned": [0, 0, 9, 13], "preselecStu": [0, 0, 37, 37], "stuGender": [{"male": 0, "Female": 0}, {"male": 0, "Female": 0}, {"male": 26, "Female": 11}, {"male": 26, "Female": 11}]}}