{"timestamp": [1716066523.744048, 1716497765.015996, 1725440494.255553, 1725513156.283228], "data": {"selected": [0, 0, 56, 53], "assigned": [0, 45, 6, 7], "preselecStu": [0, 0, 56, 53], "stuGender": [{"male": 0, "Female": 0}, {"male": 0, "Female": 0}, {"male": 48, "Female": 8}, {"male": 45, "Female": 8}]}}