{"timestamp": [1716066523.744048, 1716497765.015996, 1725440494.255553], "data": {"selected": [0, 0, 56], "assigned": [0, 45, 6], "preselecStu": [0, 0, 56], "stuGender": [{"male": 0, "Female": 0}, {"male": 0, "Female": 0}, {"male": 48, "Female": 8}]}}