{"timestamp": [1734406412.460816, 1734469143.833386], "data": {"selected": [0, 0], "assigned": [47, 49], "preselecStu": [0, 0], "stuGender": [{"male": 0, "Female": 0}, {"male": 0, "Female": 0}]}}