{"timestamp": [1734406412.460816, 1734469143.833386, 1734555670.558188], "data": {"selected": [0, 0, 0], "assigned": [47, 49, 57], "preselecStu": [0, 0, 0], "stuGender": [{"male": 0, "Female": 0}, {"male": 0, "Female": 0}, {"male": 0, "Female": 0}]}}