{"timestamp": [1734410283.438526, 1734472822.137506, 1734559794.157618], "data": {"selected": [0, 0, 0], "assigned": [45, 47, 50], "preselecStu": [0, 0, 0], "stuGender": [{"male": 0, "Female": 0}, {"male": 0, "Female": 0}, {"male": 0, "Female": 0}]}}