{"timestamp": [1734410337.908173, 1734472875.878539, 1734559849.493963, 1734645252.24189], "data": {"selected": [0, 0, 0, 0], "assigned": [1, 1, 2, 2], "preselecStu": [0, 0, 0, 0], "stuGender": [{"male": 0, "Female": 0}, {"male": 0, "Female": 0}, {"male": 0, "Female": 0}, {"male": 0, "Female": 0}]}}