{"timestamp": [1707575813.814266, 1707587210.258275, 1707658988.929021, 1707661585.797119], "data": {"selected": [7, 7, 7, 7], "assigned": [0, 0, 0, 0], "preselecStu": [7, 7, 7, 7], "stuGender": [{"male": 1, "Female": 6}, {"male": 1, "Female": 6}, {"male": 1, "Female": 6}, {"male": 1, "Female": 6}]}}