{"timestamp": [1716063786.435078, 1716495245.013476, 1725436446.924823], "data": {"selected": [0, 0, 40], "assigned": [0, 0, 54], "preselecStu": [0, 0, 40], "stuGender": [{"male": 0, "Female": 0}, {"male": 0, "Female": 0}, {"male": 32, "Female": 8}]}}