{"timestamp": [1716063786.435078, 1716495245.013476, 1725436446.924823, 1725509898.489617], "data": {"selected": [0, 0, 40, 36], "assigned": [0, 0, 54, 115], "preselecStu": [0, 0, 40, 36], "stuGender": [{"male": 0, "Female": 0}, {"male": 0, "Female": 0}, {"male": 32, "Female": 8}, {"male": 28, "Female": 8}]}}