{"timestamp": [1707578094.367822, 1707590027.815913], "data": {"selected": [13, 13], "assigned": [0, 0], "preselecStu": [13, 13], "stuGender": [{"male": 8, "Female": 5}, {"male": 8, "Female": 5}]}}