{"timestamp": [1734410867.082729, 1734473366.971072, 1734560348.959604], "data": {"selected": [0, 0, 0], "assigned": [3, 3, 4], "preselecStu": [0, 0, 0], "stuGender": [{"male": 0, "Female": 0}, {"male": 0, "Female": 0}, {"male": 0, "Female": 0}]}}