{"timestamp": [1716066159.609319, 1716497434.669722, 1725439972.03726, 1725512760.843036], "data": {"selected": [0, 0, 2, 2], "assigned": [0, 0, 2, 3], "preselecStu": [0, 0, 2, 2], "stuGender": [{"male": 0, "Female": 0}, {"male": 0, "Female": 0}, {"male": 2, "Female": 0}, {"male": 2, "Female": 0}]}}