{"timestamp": [1734408432.665955, 1734471075.212499, 1734557836.85526, 1734643614.330258], "data": {"selected": [0, 0, 0, 0], "assigned": [67, 69, 69, 72], "preselecStu": [0, 0, 0, 0], "stuGender": [{"male": 0, "Female": 0}, {"male": 0, "Female": 0}, {"male": 0, "Female": 0}, {"male": 0, "Female": 0}]}}