{"timestamp": [1734410931.851837, 1734473423.891501], "data": {"selected": [0, 0], "assigned": [48, 47], "preselecStu": [0, 0], "stuGender": [{"male": 0, "Female": 0}, {"male": 0, "Female": 0}]}}