{"timestamp": [1716065129.245874, 1716496486.546419, 1725438451.177654, 1725511526.694054], "data": {"selected": [0, 0, 10, 10], "assigned": [0, 2, 0, 0], "preselecStu": [0, 0, 0, 0], "stuGender": [{"male": 0, "Female": 0}, {"male": 0, "Female": 0}, {"male": 6, "Female": 4}, {"male": 6, "Female": 4}]}}