{"timestamp": [1716067438.777705, 1716498675.623241, 1725441820.847715], "data": {"selected": [0, 0, 99], "assigned": [0, 61, 9], "preselecStu": [0, 0, 99], "stuGender": [{"male": 0, "Female": 0}, {"male": 0, "Female": 0}, {"male": 26, "Female": 73}]}}