{"timestamp": [1734405795.952615, 1734468518.406977], "data": {"selected": [0, 0], "assigned": [52, 60], "preselecStu": [0, 0], "stuGender": [{"male": 0, "Female": 0}, {"male": 0, "Female": 0}]}}