{"timestamp": [1734408308.980468, 1734470965.960811, 1734557720.342399, 1734643513.825843], "data": {"selected": [0, 0, 0, 0], "assigned": [22, 22, 22, 22], "preselecStu": [0, 0, 0, 0], "stuGender": [{"male": 0, "Female": 0}, {"male": 0, "Female": 0}, {"male": 0, "Female": 0}, {"male": 0, "Female": 0}]}}