{"timestamp": [1716068739.454717, 1716499860.223992, 1725443368.768719, 1725515764.635635], "data": {"selected": [0, 0, 10, 9], "assigned": [0, 0, 4, 5], "preselecStu": [0, 0, 10, 9], "stuGender": [{"male": 0, "Female": 0}, {"male": 0, "Female": 0}, {"male": 9, "Female": 1}, {"male": 8, "Female": 1}]}}