{"timestamp": [1716068739.454717, 1716499860.223992, 1725443368.768719], "data": {"selected": [0, 0, 10], "assigned": [0, 0, 4], "preselecStu": [0, 0, 10], "stuGender": [{"male": 0, "Female": 0}, {"male": 0, "Female": 0}, {"male": 9, "Female": 1}]}}