{"timestamp": [1734405562.508738, 1734468237.276529, 1734554763.866897, 1734640980.67796], "data": {"selected": [0, 0, 0, 0], "assigned": [118, 133, 153, 163], "preselecStu": [0, 0, 0, 0], "stuGender": [{"male": 0, "Female": 0}, {"male": 0, "Female": 0}, {"male": 0, "Female": 0}, {"male": 0, "Female": 0}]}}