{"timestamp": [1734405562.508738, 1734468237.276529], "data": {"selected": [0, 0], "assigned": [118, 133], "preselecStu": [0, 0], "stuGender": [{"male": 0, "Female": 0}, {"male": 0, "Female": 0}]}}