{"timestamp": [1734407768.379838, 1734470470.240429, 1734557144.618633], "data": {"selected": [0, 0, 0], "assigned": [21, 28, 31], "preselecStu": [0, 0, 0], "stuGender": [{"male": 0, "Female": 0}, {"male": 0, "Female": 0}, {"male": 0, "Female": 0}]}}