{"timestamp": [1716068214.984709, 1716499368.727947, 1725442781.916123], "data": {"selected": [0, 0, 3], "assigned": [0, 0, 22], "preselecStu": [0, 0, 3], "stuGender": [{"male": 0, "Female": 0}, {"male": 0, "Female": 0}, {"male": 1, "Female": 2}]}}