{"timestamp": [1707541459.358458, 1707544660.046321], "data": {"selected": [10, 10], "assigned": [0, 0], "preselecStu": [10, 10], "stuGender": [{"male": 7, "Female": 3}, {"male": 7, "Female": 3}]}}