{"timestamp": [1707576509.690354, 1707588089.977545], "data": {"selected": [10, 10], "assigned": [0, 0], "preselecStu": [10, 10], "stuGender": [{"male": 7, "Female": 3}, {"male": 7, "Female": 3}]}}