{"timestamp": [1707542110.67355, 1707545359.173716], "data": {"selected": [63, 63], "assigned": [0, 0], "preselecStu": [63, 63], "stuGender": [{"male": 50, "Female": 13}, {"male": 50, "Female": 13}]}}