{"timestamp": [1716069035.877711, 1716500124.134311, 1725443689.510092], "data": {"selected": [0, 0, 20], "assigned": [0, 20, 1], "preselecStu": [0, 0, 20], "stuGender": [{"male": 0, "Female": 0}, {"male": 0, "Female": 0}, {"male": 3, "Female": 17}]}}