{"timestamp": [1707540749.908836, 1707543928.054041], "data": {"selected": [42, 42], "assigned": [0, 0], "preselecStu": [0, 0], "stuGender": [{"male": 34, "Female": 8}, {"male": 34, "Female": 8}]}}