{"timestamp": [1716065828.273447, 1716497127.389099, 1725439443.469202], "data": {"selected": [0, 0, 16], "assigned": [0, 0, 3], "preselecStu": [0, 0, 16], "stuGender": [{"male": 0, "Female": 0}, {"male": 0, "Female": 0}, {"male": 13, "Female": 3}]}}