{"timestamp": [1716064689.244007, 1716496079.701793, 1725437776.02429, 1725510977.651105], "data": {"selected": [0, 0, 2, 2], "assigned": [0, 0, 0, 2], "preselecStu": [0, 0, 2, 2], "stuGender": [{"male": 0, "Female": 0}, {"male": 0, "Female": 0}, {"male": 1, "Female": 1}, {"male": 1, "Female": 1}]}}