{"timestamp": [1734410769.429823, 1734473284.596178], "data": {"selected": [0, 0], "assigned": [10, 11], "preselecStu": [0, 0], "stuGender": [{"male": 0, "Female": 0}, {"male": 0, "Female": 0}]}}