{"timestamp": [1716067473.406818, 1716498708.367335, 1725441862.410254], "data": {"selected": [0, 0, 44], "assigned": [0, 0, 13], "preselecStu": [0, 0, 44], "stuGender": [{"male": 0, "Female": 0}, {"male": 0, "Female": 0}, {"male": 13, "Female": 31}]}}