{"timestamp": [1716063909.678579, 1716495374.693005, 1725436638.405322, 1725510096.104509], "data": {"selected": [0, 0, 3, 3], "assigned": [0, 0, 1, 2], "preselecStu": [0, 0, 3, 3], "stuGender": [{"male": 0, "Female": 0}, {"male": 0, "Female": 0}, {"male": 3, "Female": 0}, {"male": 3, "Female": 0}]}}