{"timestamp": [1707541018.541777, 1707544198.926274], "data": {"selected": [27, 27], "assigned": [0, 0], "preselecStu": [27, 27], "stuGender": [{"male": 9, "Female": 18}, {"male": 9, "Female": 18}]}}