{"timestamp": [1734406799.101598, 1734469554.178737, 1734556118.671212], "data": {"selected": [0, 0, 0], "assigned": [12, 16, 16], "preselecStu": [0, 0, 0], "stuGender": [{"male": 0, "Female": 0}, {"male": 0, "Female": 0}, {"male": 0, "Female": 0}]}}