{"timestamp": [1734405810.233997, 1734468537.782899], "data": {"selected": [0, 0], "assigned": [115, 133], "preselecStu": [0, 0], "stuGender": [{"male": 0, "Female": 0}, {"male": 0, "Female": 0}]}}