{"timestamp": [1734405810.233997, 1734468537.782899, 1734555038.357686, 1734641285.028584], "data": {"selected": [0, 0, 0, 0], "assigned": [115, 133, 162, 186], "preselecStu": [0, 0, 0, 0], "stuGender": [{"male": 0, "Female": 0}, {"male": 0, "Female": 0}, {"male": 0, "Female": 0}, {"male": 0, "Female": 0}]}}