{"timestamp": [1734409479.148708, 1734472084.968962, 1734559040.674751, 1734644509.633681], "data": {"selected": [0, 0, 0, 0], "assigned": [7, 7, 7, 7], "preselecStu": [0, 0, 0, 0], "stuGender": [{"male": 0, "Female": 0}, {"male": 0, "Female": 0}, {"male": 0, "Female": 0}, {"male": 0, "Female": 0}]}}