{"timestamp": [1734407079.524606, 1734469832.980207], "data": {"selected": [0, 0], "assigned": [48, 48], "preselecStu": [0, 0], "stuGender": [{"male": 0, "Female": 0}, {"male": 0, "Female": 0}]}}