{"timestamp": [1707540655.26546, 1707543831.011111], "data": {"selected": [120, 120], "assigned": [0, 0], "preselecStu": [120, 120], "stuGender": [{"male": 82, "Female": 38}, {"male": 82, "Female": 38}]}}