{"timestamp": [1734408396.874807, 1734471042.751743, 1734557801.440783], "data": {"selected": [0, 0, 0], "assigned": [115, 121, 128], "preselecStu": [0, 0, 0], "stuGender": [{"male": 0, "Female": 0}, {"male": 0, "Female": 0}, {"male": 0, "Female": 0}]}}