{"timestamp": [1716064619.962756, 1716496020.737532, 1725437676.075327, 1725510900.147117], "data": {"selected": [0, 0, 0, 38], "assigned": [0, 0, 0, 0], "preselecStu": [0, 0, 0, 0], "stuGender": [{"male": 0, "Female": 0}, {"male": 0, "Female": 0}, {"male": 0, "Female": 0}, {"male": 28, "Female": 10}]}}