{"timestamp": [1716065348.492746, 1716496670.342193, 1725438728.298164, 1725511765.140038], "data": {"selected": [0, 0, 37, 37], "assigned": [0, 0, 7, 12], "preselecStu": [0, 0, 37, 37], "stuGender": [{"male": 0, "Female": 0}, {"male": 0, "Female": 0}, {"male": 6, "Female": 31}, {"male": 6, "Female": 31}]}}