{"timestamp": [1707578852.26497, 1707591020.266028, 1707660645.290578, 1707663262.881277], "data": {"selected": [7, 7, 7, 7], "assigned": [0, 0, 0, 0], "preselecStu": [7, 7, 7, 7], "stuGender": [{"male": 3, "Female": 4}, {"male": 3, "Female": 4}, {"male": 3, "Female": 4}, {"male": 3, "Female": 4}]}}