{"timestamp": [1707542723.649021, 1707546010.816226], "data": {"selected": [24, 24], "assigned": [0, 0], "preselecStu": [24, 24], "stuGender": [{"male": 13, "Female": 11}, {"male": 13, "Female": 11}]}}