{"timestamp": [1716068278.205336, 1716499429.944285, 1725442854.294416], "data": {"selected": [0, 0, 3], "assigned": [0, 0, 13], "preselecStu": [0, 0, 3], "stuGender": [{"male": 0, "Female": 0}, {"male": 0, "Female": 0}, {"male": 3, "Female": 0}]}}