{"timestamp": [1716067764.080673, 1716498978.512178, 1725442216.53225, 1725514626.318292], "data": {"selected": [0, 0, 103, 103], "assigned": [0, 0, 11, 16], "preselecStu": [0, 0, 0, 0], "stuGender": [{"male": 0, "Female": 0}, {"male": 0, "Female": 0}, {"male": 83, "Female": 20}, {"male": 83, "Female": 20}]}}