{"timestamp": [1707575385.651279, 1707586714.383448, 1707658750.165104, 1707661348.092809], "data": {"selected": [7, 7, 7, 7], "assigned": [0, 0, 0, 0], "preselecStu": [7, 7, 7, 7], "stuGender": [{"male": 4, "Female": 3}, {"male": 4, "Female": 3}, {"male": 4, "Female": 3}, {"male": 4, "Female": 3}]}}