{"timestamp": [1734404950.541294, 1734467608.096991, 1734554122.329244, 1734640418.7349], "data": {"selected": [0, 0, 0, 0], "assigned": [195, 220, 243, 267], "preselecStu": [0, 0, 0, 0], "stuGender": [{"male": 0, "Female": 0}, {"male": 0, "Female": 0}, {"male": 0, "Female": 0}, {"male": 0, "Female": 0}]}}