{"timestamp": [1734404950.541294, 1734467608.096991], "data": {"selected": [0, 0], "assigned": [195, 220], "preselecStu": [0, 0], "stuGender": [{"male": 0, "Female": 0}, {"male": 0, "Female": 0}]}}