{"timestamp": [1716068919.44228, 1716500023.279142, 1725443550.923353], "data": {"selected": [0, 0, 18], "assigned": [0, 0, 3], "preselecStu": [0, 0, 18], "stuGender": [{"male": 0, "Female": 0}, {"male": 0, "Female": 0}, {"male": 5, "Female": 13}]}}