{"timestamp": [1716068919.44228, 1716500023.279142, 1725443550.923353, 1725515945.727332], "data": {"selected": [0, 0, 18, 16], "assigned": [0, 0, 3, 3], "preselecStu": [0, 0, 18, 16], "stuGender": [{"male": 0, "Female": 0}, {"male": 0, "Female": 0}, {"male": 5, "Female": 13}, {"male": 4, "Female": 12}]}}