{"timestamp": [1707541620.716518, 1707544829.748399], "data": {"selected": [32, 32], "assigned": [0, 0], "preselecStu": [31, 31], "stuGender": [{"male": 27, "Female": 5}, {"male": 27, "Female": 5}]}}