{"timestamp": [1716066128.779931, 1716497407.509137, 1725439930.920563], "data": {"selected": [0, 0, 13], "assigned": [0, 0, 15], "preselecStu": [0, 0, 13], "stuGender": [{"male": 0, "Female": 0}, {"male": 0, "Female": 0}, {"male": 11, "Female": 2}]}}