{"timestamp": [1707542161.238492, 1707545419.252375], "data": {"selected": [120, 120], "assigned": [0, 0], "preselecStu": [120, 120], "stuGender": [{"male": 98, "Female": 22}, {"male": 98, "Female": 22}]}}