{"timestamp": [1716067113.499702, 1716498355.186005, 1725441344.58546], "data": {"selected": [0, 0, 58], "assigned": [0, 1, 1], "preselecStu": [0, 0, 1], "stuGender": [{"male": 0, "Female": 0}, {"male": 0, "Female": 0}, {"male": 20, "Female": 38}]}}