{"timestamp": [1734410006.356511, 1734472558.856018, 1734559525.950046], "data": {"selected": [0, 0, 0], "assigned": [1, 1, 3], "preselecStu": [0, 0, 0], "stuGender": [{"male": 0, "Female": 0}, {"male": 0, "Female": 0}, {"male": 0, "Female": 0}]}}