{"timestamp": [1707540994.214079, 1707544173.997089], "data": {"selected": [14, 14], "assigned": [1, 1], "preselecStu": [0, 0], "stuGender": [{"male": 3, "Female": 12}, {"male": 3, "Female": 12}]}}