{"timestamp": [1734405924.62078, 1734468650.347305], "data": {"selected": [39, 39], "assigned": [0, 0], "preselecStu": [0, 0], "stuGender": [{"male": 16, "Female": 23}, {"male": 16, "Female": 23}]}}