{"timestamp": [1734405495.957856, 1734468149.87399, 1734554669.924659], "data": {"selected": [0, 0, 0], "assigned": [43, 43, 43], "preselecStu": [0, 0, 0], "stuGender": [{"male": 0, "Female": 0}, {"male": 0, "Female": 0}, {"male": 0, "Female": 0}]}}