{"timestamp": [1707578636.578973, 1707590750.427753], "data": {"selected": [24, 24], "assigned": [0, 0], "preselecStu": [24, 24], "stuGender": [{"male": 11, "Female": 13}, {"male": 11, "Female": 13}]}}