{"timestamp": [1716066963.857534, 1716498211.000954, 1725441158.05687, 1725513723.712899], "data": {"selected": [0, 0, 84, 84], "assigned": [0, 60, 1, 2], "preselecStu": [0, 0, 57, 57], "stuGender": [{"male": 0, "Female": 0}, {"male": 0, "Female": 0}, {"male": 48, "Female": 36}, {"male": 48, "Female": 36}]}}