{"timestamp": [1716066963.857534, 1716498211.000954, 1725441158.05687], "data": {"selected": [0, 0, 84], "assigned": [0, 60, 1], "preselecStu": [0, 0, 57], "stuGender": [{"male": 0, "Female": 0}, {"male": 0, "Female": 0}, {"male": 48, "Female": 36}]}}