{"timestamp": [1707541791.820932, 1707545022.708977], "data": {"selected": [76, 76], "assigned": [0, 0], "preselecStu": [76, 76], "stuGender": [{"male": 32, "Female": 44}, {"male": 32, "Female": 44}]}}