{"timestamp": [1734409231.677681, 1734471853.965684, 1734558763.852512, 1734644312.930922], "data": {"selected": [0, 0, 0, 0], "assigned": [22, 23, 28, 30], "preselecStu": [0, 0, 0, 0], "stuGender": [{"male": 0, "Female": 0}, {"male": 0, "Female": 0}, {"male": 0, "Female": 0}, {"male": 0, "Female": 0}]}}