{"timestamp": [1716065271.527409, 1716496594.917545, 1725438613.211281], "data": {"selected": [0, 0, 12], "assigned": [0, 0, 2], "preselecStu": [0, 0, 12], "stuGender": [{"male": 0, "Female": 0}, {"male": 0, "Female": 0}, {"male": 3, "Female": 9}]}}