{"timestamp": [1734408147.768353, 1734470824.178144, 1734557558.549719], "data": {"selected": [0, 0, 0], "assigned": [58, 58, 58], "preselecStu": [0, 0, 0], "stuGender": [{"male": 0, "Female": 0}, {"male": 0, "Female": 0}, {"male": 0, "Female": 0}]}}