{"timestamp": [1716068759.470113, 1716499881.95101, 1725443391.130238, 1725515786.377717], "data": {"selected": [0, 0, 0, 0], "assigned": [0, 0, 1, 2], "preselecStu": [0, 0, 0, 0], "stuGender": [{"male": 0, "Female": 0}, {"male": 0, "Female": 0}, {"male": 0, "Female": 0}, {"male": 0, "Female": 0}]}}