{"timestamp": [1707541503.814864, 1707544708.833277], "data": {"selected": [14, 14], "assigned": [0, 0], "preselecStu": [4, 4], "stuGender": [{"male": 11, "Female": 3}, {"male": 11, "Female": 3}]}}