{"timestamp": [1707576587.969836, 1707588182.675445, 1707659411.73114], "data": {"selected": [14, 14, 14], "assigned": [0, 0, 0], "preselecStu": [4, 4, 4], "stuGender": [{"male": 11, "Female": 3}, {"male": 11, "Female": 3}, {"male": 11, "Female": 3}]}}