{"timestamp": [1707576045.794294, 1707587467.064331, 1707659112.365556], "data": {"selected": [31, 31, 31], "assigned": [0, 0, 0], "preselecStu": [31, 31, 31], "stuGender": [{"male": 21, "Female": 10}, {"male": 21, "Female": 10}, {"male": 21, "Female": 10}]}}