{"timestamp": [1734408404.419267, 1734471050.055754, 1734557808.897783], "data": {"selected": [0, 0, 0], "assigned": [35, 37, 37], "preselecStu": [0, 0, 0], "stuGender": [{"male": 0, "Female": 0}, {"male": 0, "Female": 0}, {"male": 0, "Female": 0}]}}