{"timestamp": [1707541212.524093, 1707544391.742168], "data": {"selected": [35, 35], "assigned": [0, 0], "preselecStu": [35, 35], "stuGender": [{"male": 30, "Female": 5}, {"male": 30, "Female": 5}]}}