{"timestamp": [1734406740.27042, 1734469479.943308, 1734556048.854878, 1734642159.496314], "data": {"selected": [0, 0, 0, 0], "assigned": [10, 13, 12, 13], "preselecStu": [0, 0, 0, 0], "stuGender": [{"male": 0, "Female": 0}, {"male": 0, "Female": 0}, {"male": 0, "Female": 0}, {"male": 0, "Female": 0}]}}