{"timestamp": [1707577719.866888, 1707589533.582018, 1707660045.825482], "data": {"selected": [40, 40, 40], "assigned": [0, 0, 0], "preselecStu": [40, 40, 40], "stuGender": [{"male": 24, "Female": 16}, {"male": 24, "Female": 16}, {"male": 24, "Female": 16}]}}