{"timestamp": [1725444108.781242, 1725516500.120036, 1725603052.806402], "data": {"selected": [0, 0, 7], "assigned": [4, 5, 2], "preselecStu": [0, 0, 0], "stuGender": [{"male": 0, "Female": 0}, {"male": 0, "Female": 0}, {"male": 4, "Female": 3}]}}