{"timestamp": [1734406676.772809, 1734469425.331194, 1734555993.841096], "data": {"selected": [0, 0, 0], "assigned": [19, 19, 23], "preselecStu": [0, 0, 0], "stuGender": [{"male": 0, "Female": 0}, {"male": 0, "Female": 0}, {"male": 0, "Female": 0}]}}