{"timestamp": [1707540395.286967, 1707543571.170743], "data": {"selected": [42, 42], "assigned": [0, 0], "preselecStu": [42, 42], "stuGender": [{"male": 30, "Female": 12}, {"male": 30, "Female": 12}]}}