{"timestamp": [1716067609.941483, 1716498846.465116, 1725442041.615504, 1725514455.926641], "data": {"selected": [0, 0, 14, 14], "assigned": [0, 0, 0, 2], "preselecStu": [0, 0, 14, 14], "stuGender": [{"male": 0, "Female": 0}, {"male": 0, "Female": 0}, {"male": 4, "Female": 10}, {"male": 4, "Female": 10}]}}