{"timestamp": [1734407719.850999, 1734470422.353953, 1734557093.171482], "data": {"selected": [0, 0, 0], "assigned": [7, 8, 12], "preselecStu": [0, 0, 0], "stuGender": [{"male": 0, "Female": 0}, {"male": 0, "Female": 0}, {"male": 0, "Female": 0}]}}