{"timestamp": [1707577404.927164, 1707589130.477996, 1707659869.271774, 1707662480.076541], "data": {"selected": [30, 30, 30, 30], "assigned": [0, 0, 0, 0], "preselecStu": [30, 30, 30, 30], "stuGender": [{"male": 14, "Female": 16}, {"male": 14, "Female": 16}, {"male": 14, "Female": 16}, {"male": 14, "Female": 16}]}}