{"timestamp": [1707575713.099405, 1707587093.347827], "data": {"selected": [16, 16], "assigned": [0, 0], "preselecStu": [16, 16], "stuGender": [{"male": 3, "Female": 13}, {"male": 3, "Female": 13}]}}