{"timestamp": [1716064982.956722, 1716496344.085502, 1725438220.866459], "data": {"selected": [0, 0, 0], "assigned": [0, 0, 158], "preselecStu": [0, 0, 0], "stuGender": [{"male": 0, "Female": 0}, {"male": 0, "Female": 0}, {"male": 0, "Female": 0}]}}