{"timestamp": [1707574502.162578, 1707585648.999542, 1707658221.171649, 1707660816.384879], "data": {"selected": [42, 42, 42, 42], "assigned": [0, 0, 0, 0], "preselecStu": [42, 42, 42, 42], "stuGender": [{"male": 39, "Female": 3}, {"male": 39, "Female": 3}, {"male": 39, "Female": 3}, {"male": 39, "Female": 3}]}}