{"timestamp": [1716066047.043122, 1716497325.964625, 1725439784.525923], "data": {"selected": [0, 0, 41], "assigned": [0, 0, 10], "preselecStu": [0, 0, 41], "stuGender": [{"male": 0, "Female": 0}, {"male": 0, "Female": 0}, {"male": 26, "Female": 15}]}}