{"timestamp": [1716069409.072597, 1716500456.160107, 1725444055.703659, 1725516450.746955], "data": {"selected": [0, 0, 2, 2], "assigned": [0, 0, 15, 20], "preselecStu": [0, 0, 2, 2], "stuGender": [{"male": 0, "Female": 0}, {"male": 0, "Female": 0}, {"male": 0, "Female": 2}, {"male": 0, "Female": 2}]}}