{"timestamp": [1716069409.072597, 1716500456.160107, 1725444055.703659], "data": {"selected": [0, 0, 2], "assigned": [0, 0, 15], "preselecStu": [0, 0, 2], "stuGender": [{"male": 0, "Female": 0}, {"male": 0, "Female": 0}, {"male": 0, "Female": 2}]}}