{"timestamp": [1707541844.779068, 1707545075.721477], "data": {"selected": [13, 13], "assigned": [0, 0], "preselecStu": [13, 13], "stuGender": [{"male": 6, "Female": 7}, {"male": 6, "Female": 7}]}}