{"timestamp": [1734406779.790729, 1734469542.459928, 1734556083.340172], "data": {"selected": [0, 0, 0], "assigned": [12, 12, 12], "preselecStu": [0, 0, 0], "stuGender": [{"male": 0, "Female": 0}, {"male": 0, "Female": 0}, {"male": 0, "Female": 0}]}}