{"timestamp": [1734410692.8366, 1734473220.615215, 1734560201.507945], "data": {"selected": [0, 0, 0], "assigned": [2, 3, 4], "preselecStu": [0, 0, 0], "stuGender": [{"male": 0, "Female": 0}, {"male": 0, "Female": 0}, {"male": 0, "Female": 0}]}}