{"timestamp": [1707575257.998199, 1707586561.476403, 1707658673.79094, 1707661274.085652], "data": {"selected": [8, 8, 8, 8], "assigned": [0, 0, 0, 0], "preselecStu": [8, 8, 8, 8], "stuGender": [{"male": 4, "Female": 4}, {"male": 4, "Female": 4}, {"male": 4, "Female": 4}, {"male": 4, "Female": 4}]}}