{"timestamp": [1707541230.046126, 1707544410.574668], "data": {"selected": [12, 12], "assigned": [0, 0], "preselecStu": [12, 12], "stuGender": [{"male": 6, "Female": 6}, {"male": 6, "Female": 6}]}}