{"timestamp": [1716063802.23834, 1716495260.609499, 1725436469.578782], "data": {"selected": [0, 0, 40], "assigned": [0, 0, 52], "preselecStu": [0, 0, 40], "stuGender": [{"male": 0, "Female": 0}, {"male": 0, "Female": 0}, {"male": 31, "Female": 9}]}}