{"timestamp": [1716065289.681749, 1716496612.391473, 1725438638.015438], "data": {"selected": [0, 0, 20], "assigned": [0, 0, 2], "preselecStu": [0, 0, 0], "stuGender": [{"male": 0, "Female": 0}, {"male": 0, "Female": 0}, {"male": 5, "Female": 15}]}}