{"timestamp": [1734406954.877118, 1734469701.863525], "data": {"selected": [0, 0], "assigned": [28, 30], "preselecStu": [0, 0], "stuGender": [{"male": 0, "Female": 0}, {"male": 0, "Female": 0}]}}