{"timestamp": [1734406954.877118, 1734469701.863525, 1734556278.888674, 1734642339.091646], "data": {"selected": [0, 0, 0, 0], "assigned": [28, 30, 28, 28], "preselecStu": [0, 0, 0, 0], "stuGender": [{"male": 0, "Female": 0}, {"male": 0, "Female": 0}, {"male": 0, "Female": 0}, {"male": 0, "Female": 0}]}}