{"timestamp": [1707540939.685886, 1707544119.396604], "data": {"selected": [30, 30], "assigned": [0, 0], "preselecStu": [30, 30], "stuGender": [{"male": 7, "Female": 23}, {"male": 7, "Female": 23}]}}