{"timestamp": [1707577996.625863, 1707589879.26211], "data": {"selected": [34, 34], "assigned": [0, 0], "preselecStu": [34, 34], "stuGender": [{"male": 22, "Female": 12}, {"male": 22, "Female": 12}]}}