{"timestamp": [1734410950.769736, 1734473440.167129, 1734560424.522216], "data": {"selected": [0, 0, 0], "assigned": [1, 2, 2], "preselecStu": [0, 0, 0], "stuGender": [{"male": 0, "Female": 0}, {"male": 0, "Female": 0}, {"male": 0, "Female": 0}]}}