{"timestamp": [1707577774.736476, 1707589591.634805], "data": {"selected": [15, 15], "assigned": [0, 0], "preselecStu": [15, 15], "stuGender": [{"male": 15, "Female": 0}, {"male": 15, "Female": 0}]}}