{"timestamp": [1707542139.475862, 1707545395.415062], "data": {"selected": [15, 15], "assigned": [0, 0], "preselecStu": [15, 15], "stuGender": [{"male": 15, "Female": 0}, {"male": 15, "Female": 0}]}}