{"timestamp": [1716065227.536769, 1716496556.247587, 1725438545.097928], "data": {"selected": [0, 0, 50], "assigned": [0, 0, 9], "preselecStu": [0, 0, 50], "stuGender": [{"male": 0, "Female": 0}, {"male": 0, "Female": 0}, {"male": 11, "Female": 39}]}}