{"timestamp": [1734409941.69777, 1734472485.412633, 1734559451.656939], "data": {"selected": [0, 0, 0], "assigned": [9, 9, 10], "preselecStu": [0, 0, 0], "stuGender": [{"male": 0, "Female": 0}, {"male": 0, "Female": 0}, {"male": 0, "Female": 0}]}}