{"timestamp": [1734410661.760068, 1734473189.689243, 1734560170.076445, 1734645562.958725], "data": {"selected": [0, 0, 0, 0], "assigned": [11, 11, 14, 15], "preselecStu": [0, 0, 0, 0], "stuGender": [{"male": 0, "Female": 0}, {"male": 0, "Female": 0}, {"male": 0, "Female": 0}, {"male": 0, "Female": 0}]}}