{"timestamp": [1734410661.760068, 1734473189.689243], "data": {"selected": [0, 0], "assigned": [11, 11], "preselecStu": [0, 0], "stuGender": [{"male": 0, "Female": 0}, {"male": 0, "Female": 0}]}}