{"timestamp": [1734404887.252671, 1734467536.545764], "data": {"selected": [0, 0], "assigned": [250, 283], "preselecStu": [0, 0], "stuGender": [{"male": 0, "Female": 0}, {"male": 0, "Female": 0}]}}