{"timestamp": [1734406339.666206, 1734469075.076482, 1734555585.235822, 1734641782.147199], "data": {"selected": [0, 0, 0, 0], "assigned": [50, 50, 51, 51], "preselecStu": [0, 0, 0, 0], "stuGender": [{"male": 0, "Female": 0}, {"male": 0, "Female": 0}, {"male": 0, "Female": 0}, {"male": 0, "Female": 0}]}}