{"timestamp": [1734407177.042213, 1734469921.277758, 1734556554.800414, 1734642521.927682], "data": {"selected": [0, 0, 0, 0], "assigned": [9, 9, 10, 10], "preselecStu": [0, 0, 0, 0], "stuGender": [{"male": 0, "Female": 0}, {"male": 0, "Female": 0}, {"male": 0, "Female": 0}, {"male": 0, "Female": 0}]}}