{"timestamp": [1716066508.559148, 1716497747.343153, 1725440460.591201], "data": {"selected": [0, 0, 46], "assigned": [0, 0, 1], "preselecStu": [0, 0, 0], "stuGender": [{"male": 0, "Female": 0}, {"male": 0, "Female": 0}, {"male": 39, "Female": 7}]}}