{"timestamp": [1707575225.242244, 1707586522.280889, 1707658655.206564], "data": {"selected": [43, 43, 43], "assigned": [0, 0, 0], "preselecStu": [0, 0, 0], "stuGender": [{"male": 29, "Female": 14}, {"male": 29, "Female": 14}, {"male": 29, "Female": 14}]}}