{"timestamp": [1716068694.231156, 1716499814.016578, 1725443310.917135, 1725515710.182467], "data": {"selected": [0, 0, 4, 4], "assigned": [0, 0, 8, 11], "preselecStu": [0, 0, 4, 4], "stuGender": [{"male": 0, "Female": 0}, {"male": 0, "Female": 0}, {"male": 2, "Female": 2}, {"male": 2, "Female": 2}]}}