{"timestamp": [1707542237.315656, 1707545516.258729], "data": {"selected": [34, 34], "assigned": [0, 0], "preselecStu": [34, 34], "stuGender": [{"male": 23, "Female": 11}, {"male": 23, "Female": 11}]}}