{"timestamp": [1734410900.027449, 1734473399.494653], "data": {"selected": [0, 0], "assigned": [38, 38], "preselecStu": [0, 0], "stuGender": [{"male": 0, "Female": 0}, {"male": 0, "Female": 0}]}}