{"timestamp": [1734408764.221995, 1734471388.672301, 1734558208.373256], "data": {"selected": [0, 0, 0], "assigned": [72, 77, 77], "preselecStu": [0, 0, 0], "stuGender": [{"male": 0, "Female": 0}, {"male": 0, "Female": 0}, {"male": 0, "Female": 0}]}}