{"timestamp": [1725442666.36396, 1725515057.353858, 1725601419.372257], "data": {"selected": [0, 0, 1], "assigned": [1, 1, 0], "preselecStu": [0, 0, 0], "stuGender": [{"male": 0, "Female": 0}, {"male": 0, "Female": 0}, {"male": 1, "Female": 0}]}}