{"timestamp": [1716068374.91053, 1716499528.020744, 1725442975.032943], "data": {"selected": [0, 0, 1], "assigned": [0, 0, 1], "preselecStu": [0, 0, 1], "stuGender": [{"male": 0, "Female": 0}, {"male": 0, "Female": 0}, {"male": 0, "Female": 1}]}}