{"timestamp": [1707578029.327195, 1707589929.089165], "data": {"selected": [14, 14], "assigned": [0, 0], "preselecStu": [14, 14], "stuGender": [{"male": 9, "Female": 5}, {"male": 9, "Female": 5}]}}