{"timestamp": [1716065805.201924, 1716497105.214775, 1725439414.975567], "data": {"selected": [0, 0, 10], "assigned": [0, 0, 9], "preselecStu": [0, 0, 10], "stuGender": [{"male": 0, "Female": 0}, {"male": 0, "Female": 0}, {"male": 7, "Female": 3}]}}