{"timestamp": [1707576598.001991, 1707588195.40702], "data": {"selected": [13, 13], "assigned": [0, 0], "preselecStu": [13, 13], "stuGender": [{"male": 5, "Female": 8}, {"male": 5, "Female": 8}]}}