{"timestamp": [1734406639.457259, 1734469391.292241, 1734555931.91863], "data": {"selected": [0, 0, 0], "assigned": [6, 6, 6], "preselecStu": [0, 0, 0], "stuGender": [{"male": 0, "Female": 0}, {"male": 0, "Female": 0}, {"male": 0, "Female": 0}]}}