{"timestamp": [1734407445.967076, 1734470185.013669], "data": {"selected": [0, 0], "assigned": [60, 60], "preselecStu": [0, 0], "stuGender": [{"male": 0, "Female": 0}, {"male": 0, "Female": 0}]}}