{"timestamp": [1734410506.990009, 1734473049.398875, 1734560025.730529], "data": {"selected": [0, 0, 0], "assigned": [3, 3, 3], "preselecStu": [0, 0, 0], "stuGender": [{"male": 0, "Female": 0}, {"male": 0, "Female": 0}, {"male": 0, "Female": 0}]}}