{"timestamp": [1716067095.197296, 1716498339.40363, 1725441325.093497], "data": {"selected": [0, 0, 30], "assigned": [0, 0, 0], "preselecStu": [0, 0, 30], "stuGender": [{"male": 0, "Female": 0}, {"male": 0, "Female": 0}, {"male": 10, "Female": 20}]}}