{"timestamp": [1734405729.444082, 1734468458.474065, 1734554947.81302, 1734641204.98578], "data": {"selected": [0, 0, 0, 0], "assigned": [96, 116, 136, 144], "preselecStu": [0, 0, 0, 0], "stuGender": [{"male": 0, "Female": 0}, {"male": 0, "Female": 0}, {"male": 0, "Female": 0}, {"male": 0, "Female": 0}]}}