{"timestamp": [1707577207.055849, 1707588904.041898], "data": {"selected": [15, 15], "assigned": [0, 0], "preselecStu": [15, 15], "stuGender": [{"male": 6, "Female": 9}, {"male": 6, "Female": 9}]}}