{"timestamp": [1716063649.940353, 1716495127.992124, 1725436276.400083], "data": {"selected": [0, 0, 68], "assigned": [0, 0, 0], "preselecStu": [0, 0, 0], "stuGender": [{"male": 0, "Female": 0}, {"male": 0, "Female": 0}, {"male": 37, "Female": 31}]}}