{"timestamp": [1716067378.406369, 1716498620.752523, 1725441756.938478], "data": {"selected": [0, 0, 47], "assigned": [0, 0, 10], "preselecStu": [0, 0, 47], "stuGender": [{"male": 0, "Female": 0}, {"male": 0, "Female": 0}, {"male": 24, "Female": 23}]}}