{"timestamp": [1716067378.406369, 1716498620.752523, 1725441756.938478, 1725514190.086061], "data": {"selected": [0, 0, 47, 46], "assigned": [0, 0, 10, 10], "preselecStu": [0, 0, 47, 46], "stuGender": [{"male": 0, "Female": 0}, {"male": 0, "Female": 0}, {"male": 24, "Female": 23}, {"male": 24, "Female": 22}]}}