{"timestamp": [1734408188.272436, 1734470863.54017, 1734557601.180458], "data": {"selected": [0, 0, 0], "assigned": [1, 1, 1], "preselecStu": [0, 0, 0], "stuGender": [{"male": 0, "Female": 0}, {"male": 0, "Female": 0}, {"male": 0, "Female": 0}]}}