{"timestamp": [1707578701.831235, 1707590841.579009], "data": {"selected": [47, 47], "assigned": [0, 0], "preselecStu": [47, 47], "stuGender": [{"male": 21, "Female": 26}, {"male": 21, "Female": 26}]}}