{"timestamp": [1716067774.896305, 1716498989.269928, 1725442235.706693, 1725514642.849338], "data": {"selected": [0, 0, 88, 85], "assigned": [0, 47, 11, 15], "preselecStu": [0, 0, 88, 85], "stuGender": [{"male": 0, "Female": 0}, {"male": 0, "Female": 0}, {"male": 73, "Female": 15}, {"male": 70, "Female": 15}]}}