{"timestamp": [1716066541.128584, 1716497782.053589, 1725440542.642158, 1725513173.907696], "data": {"selected": [0, 0, 67, 67], "assigned": [0, 0, 16, 24], "preselecStu": [0, 0, 0, 0], "stuGender": [{"male": 0, "Female": 0}, {"male": 0, "Female": 0}, {"male": 56, "Female": 11}, {"male": 56, "Female": 11}]}}