{"timestamp": [1734406941.973737, 1734469689.931525, 1734556265.215413], "data": {"selected": [0, 0, 0], "assigned": [53, 57, 59], "preselecStu": [0, 0, 0], "stuGender": [{"male": 0, "Female": 0}, {"male": 0, "Female": 0}, {"male": 0, "Female": 0}]}}