{"timestamp": [1734409352.262559, 1734471965.989681, 1734558882.58716], "data": {"selected": [0, 0, 0], "assigned": [84, 88, 92], "preselecStu": [0, 0, 0], "stuGender": [{"male": 0, "Female": 0}, {"male": 0, "Female": 0}, {"male": 0, "Female": 0}]}}