{"timestamp": [1734409527.933857, 1734472147.444626], "data": {"selected": [0, 0], "assigned": [11, 12], "preselecStu": [0, 0], "stuGender": [{"male": 0, "Female": 0}, {"male": 0, "Female": 0}]}}