{"timestamp": [1734407883.880815, 1734470576.187047, 1734557268.954712, 1734643126.94462], "data": {"selected": [0, 0, 0, 0], "assigned": [76, 77, 79, 80], "preselecStu": [0, 0, 0, 0], "stuGender": [{"male": 0, "Female": 0}, {"male": 0, "Female": 0}, {"male": 0, "Female": 0}, {"male": 0, "Female": 0}]}}