{"timestamp": [1716069370.998757, 1716500417.418107, 1725444012.596506, 1725516408.426245], "data": {"selected": [0, 0, 0, 0], "assigned": [0, 0, 1, 1], "preselecStu": [0, 0, 0, 0], "stuGender": [{"male": 0, "Female": 0}, {"male": 0, "Female": 0}, {"male": 0, "Female": 0}, {"male": 0, "Female": 0}]}}