{"timestamp": [1734410614.314842, 1734473144.401561, 1734560123.544481], "data": {"selected": [0, 0, 0], "assigned": [10, 15, 19], "preselecStu": [0, 0, 0], "stuGender": [{"male": 0, "Female": 0}, {"male": 0, "Female": 0}, {"male": 0, "Female": 0}]}}