{"timestamp": [1716065777.620324, 1716497077.672346, 1725439371.068933, 1725512288.326683], "data": {"selected": [0, 0, 54, 53], "assigned": [0, 0, 2, 2], "preselecStu": [0, 0, 0, 0], "stuGender": [{"male": 0, "Female": 0}, {"male": 0, "Female": 0}, {"male": 40, "Female": 14}, {"male": 39, "Female": 14}]}}