{"timestamp": [1734410198.699921, 1734472744.07858, 1734559711.416572, 1734645107.073648], "data": {"selected": [0, 0, 0, 0], "assigned": [2, 4, 6, 8], "preselecStu": [0, 0, 0, 0], "stuGender": [{"male": 0, "Female": 0}, {"male": 0, "Female": 0}, {"male": 0, "Female": 0}, {"male": 0, "Female": 0}]}}