{"timestamp": [1734408427.169252, 1734471070.002735, 1734557831.742979, 1734643609.842712], "data": {"selected": [0, 0, 0, 0], "assigned": [125, 126, 127, 130], "preselecStu": [0, 0, 0, 0], "stuGender": [{"male": 0, "Female": 0}, {"male": 0, "Female": 0}, {"male": 0, "Female": 0}, {"male": 0, "Female": 0}]}}