{"timestamp": [1734408427.169252, 1734471070.002735], "data": {"selected": [0, 0], "assigned": [125, 126], "preselecStu": [0, 0], "stuGender": [{"male": 0, "Female": 0}, {"male": 0, "Female": 0}]}}