{"timestamp": [1716067057.454109, 1716498293.428854, 1725441278.352632], "data": {"selected": [0, 0, 49], "assigned": [0, 49, 0], "preselecStu": [0, 0, 49], "stuGender": [{"male": 0, "Female": 0}, {"male": 0, "Female": 0}, {"male": 20, "Female": 29}]}}