{"timestamp": [1734408444.369868, 1734471087.586825, 1734557852.254376, 1734643626.383913], "data": {"selected": [0, 0, 0, 0], "assigned": [9, 11, 10, 12], "preselecStu": [0, 0, 0, 0], "stuGender": [{"male": 0, "Female": 0}, {"male": 0, "Female": 0}, {"male": 0, "Female": 0}, {"male": 0, "Female": 0}]}}