{"timestamp": [1716068583.380931, 1716499716.561202, 1725443194.745263, 1725515599.588313], "data": {"selected": [0, 0, 2, 2], "assigned": [0, 0, 0, 0], "preselecStu": [0, 0, 0, 0], "stuGender": [{"male": 0, "Female": 0}, {"male": 0, "Female": 0}, {"male": 0, "Female": 2}, {"male": 0, "Female": 2}]}}