{"timestamp": [1707540769.936934, 1707543948.354325], "data": {"selected": [39, 39], "assigned": [0, 0], "preselecStu": [0, 0], "stuGender": [{"male": 21, "Female": 18}, {"male": 21, "Female": 18}]}}