{"timestamp": [1716064996.373963, 1716496357.74867, 1725438243.581549], "data": {"selected": [0, 0, 0], "assigned": [0, 0, 65], "preselecStu": [0, 0, 0], "stuGender": [{"male": 0, "Female": 0}, {"male": 0, "Female": 0}, {"male": 0, "Female": 0}]}}