{"timestamp": [1707541450.904108, 1707544649.791933], "data": {"selected": [36, 36], "assigned": [0, 0], "preselecStu": [36, 36], "stuGender": [{"male": 27, "Female": 9}, {"male": 27, "Female": 9}]}}