{"timestamp": [1707576496.383221, 1707588074.543359, 1707659359.096772], "data": {"selected": [36, 36, 36], "assigned": [0, 0, 0], "preselecStu": [36, 36, 36], "stuGender": [{"male": 27, "Female": 9}, {"male": 27, "Female": 9}, {"male": 27, "Female": 9}]}}