{"timestamp": [1707541011.055611, 1707544190.433049], "data": {"selected": [22, 22], "assigned": [0, 0], "preselecStu": [22, 22], "stuGender": [{"male": 3, "Female": 19}, {"male": 3, "Female": 19}]}}