{"timestamp": [1716067954.906561, 1716499145.109843, 1725442445.429031], "data": {"selected": [0, 0, 59], "assigned": [0, 52, 26], "preselecStu": [0, 0, 59], "stuGender": [{"male": 0, "Female": 0}, {"male": 0, "Female": 0}, {"male": 45, "Female": 14}]}}