{"timestamp": [1734405963.354915, 1734468688.376803], "data": {"selected": [0, 0], "assigned": [24, 29], "preselecStu": [0, 0], "stuGender": [{"male": 0, "Female": 0}, {"male": 0, "Female": 0}]}}