{"timestamp": [1734405963.354915, 1734468688.376803, 1734555199.350301], "data": {"selected": [0, 0, 0], "assigned": [24, 29, 41], "preselecStu": [0, 0, 0], "stuGender": [{"male": 0, "Female": 0}, {"male": 0, "Female": 0}, {"male": 0, "Female": 0}]}}