{"timestamp": [1716065781.93724, 1716497082.038246, 1725439376.247976, 1725512293.024694], "data": {"selected": [0, 0, 0, 0], "assigned": [0, 0, 53, 80], "preselecStu": [0, 0, 0, 0], "stuGender": [{"male": 0, "Female": 0}, {"male": 0, "Female": 0}, {"male": 0, "Female": 0}, {"male": 0, "Female": 0}]}}