{"timestamp": [1707541814.894937, 1707545044.368121], "data": {"selected": [22, 22], "assigned": [0, 0], "preselecStu": [22, 22], "stuGender": [{"male": 12, "Female": 10}, {"male": 12, "Female": 10}]}}