{"timestamp": [1734407898.560948, 1734470590.971726, 1734557286.068891], "data": {"selected": [0, 0, 0], "assigned": [79, 79, 80], "preselecStu": [0, 0, 0], "stuGender": [{"male": 0, "Female": 0}, {"male": 0, "Female": 0}, {"male": 0, "Female": 0}]}}