{"timestamp": [1734406488.022864, 1734469229.904652, 1734555776.81017], "data": {"selected": [0, 0, 0], "assigned": [35, 36, 38], "preselecStu": [0, 0, 0], "stuGender": [{"male": 0, "Female": 0}, {"male": 0, "Female": 0}, {"male": 0, "Female": 0}]}}