{"timestamp": [1716067444.623334, 1716498679.951609, 1725441826.176152, 1725514261.781204], "data": {"selected": [0, 0, 47, 47], "assigned": [0, 0, 8, 15], "preselecStu": [0, 0, 47, 47], "stuGender": [{"male": 0, "Female": 0}, {"male": 0, "Female": 0}, {"male": 15, "Female": 32}, {"male": 15, "Female": 32}]}}