{"timestamp": [1716065651.339043, 1716496968.436126, 1725439189.26713], "data": {"selected": [0, 0, 23], "assigned": [0, 0, 4], "preselecStu": [0, 0, 23], "stuGender": [{"male": 0, "Female": 0}, {"male": 0, "Female": 0}, {"male": 17, "Female": 6}]}}