{"timestamp": [1716065651.339043, 1716496968.436126, 1725439189.26713, 1725512166.98849], "data": {"selected": [0, 0, 23, 21], "assigned": [0, 0, 4, 8], "preselecStu": [0, 0, 23, 21], "stuGender": [{"male": 0, "Female": 0}, {"male": 0, "Female": 0}, {"male": 17, "Female": 6}, {"male": 15, "Female": 6}]}}