{"timestamp": [1734406365.658823, 1734469099.794562, 1734555611.108898], "data": {"selected": [0, 0, 0], "assigned": [48, 48, 50], "preselecStu": [0, 0, 0], "stuGender": [{"male": 0, "Female": 0}, {"male": 0, "Female": 0}, {"male": 0, "Female": 0}]}}