{"timestamp": [1716066425.166305, 1716497659.677924, 1725440345.794557], "data": {"selected": [0, 0, 2], "assigned": [0, 0, 5], "preselecStu": [0, 0, 2], "stuGender": [{"male": 0, "Female": 0}, {"male": 0, "Female": 0}, {"male": 1, "Female": 1}]}}