{"timestamp": [1707576241.680804, 1707587745.642763, 1707659220.138323], "data": {"selected": [38, 38, 38], "assigned": [0, 0, 0], "preselecStu": [38, 38, 38], "stuGender": [{"male": 18, "Female": 20}, {"male": 18, "Female": 20}, {"male": 18, "Female": 20}]}}