{"timestamp": [1734407923.41531, 1734470612.709396, 1734557309.48233], "data": {"selected": [0, 0, 0], "assigned": [52, 52, 53], "preselecStu": [0, 0, 0], "stuGender": [{"male": 0, "Female": 0}, {"male": 0, "Female": 0}, {"male": 0, "Female": 0}]}}