{"timestamp": [1707541736.305913, 1707544964.512293], "data": {"selected": [14, 14], "assigned": [0, 0], "preselecStu": [14, 14], "stuGender": [{"male": 12, "Female": 2}, {"male": 12, "Female": 2}]}}