{"timestamp": [1716064731.969958, 1716496124.091557, 1725437841.68436, 1725511042.593933], "data": {"selected": [0, 0, 14, 14], "assigned": [0, 0, 6, 8], "preselecStu": [0, 0, 14, 14], "stuGender": [{"male": 0, "Female": 0}, {"male": 0, "Female": 0}, {"male": 14, "Female": 0}, {"male": 14, "Female": 0}]}}