{"timestamp": [1716064711.257147, 1716496103.990591, 1725437810.332495, 1725511004.163042], "data": {"selected": [0, 0, 17, 15], "assigned": [0, 0, 7, 8], "preselecStu": [0, 0, 17, 15], "stuGender": [{"male": 0, "Female": 0}, {"male": 0, "Female": 0}, {"male": 5, "Female": 12}, {"male": 3, "Female": 12}]}}