{"timestamp": [1716064711.257147, 1716496103.990591, 1725437810.332495], "data": {"selected": [0, 0, 17], "assigned": [0, 0, 7], "preselecStu": [0, 0, 17], "stuGender": [{"male": 0, "Female": 0}, {"male": 0, "Female": 0}, {"male": 5, "Female": 12}]}}