{"timestamp": [1707541592.779276, 1707544799.333665], "data": {"selected": [10, 10], "assigned": [0, 0], "preselecStu": [10, 10], "stuGender": [{"male": 9, "Female": 1}, {"male": 9, "Female": 1}]}}