{"timestamp": [1734407182.33976, 1734469926.133436, 1734556559.778804], "data": {"selected": [0, 0, 0], "assigned": [16, 17, 23], "preselecStu": [0, 0, 0], "stuGender": [{"male": 0, "Female": 0}, {"male": 0, "Female": 0}, {"male": 0, "Female": 0}]}}