{"timestamp": [1716064308.076835, 1716495744.746319, 1725437226.328231], "data": {"selected": [0, 0, 48], "assigned": [0, 0, 1], "preselecStu": [0, 0, 0], "stuGender": [{"male": 0, "Female": 0}, {"male": 0, "Female": 0}, {"male": 10, "Female": 38}]}}