{"timestamp": [1707577986.186947, 1707589862.452577], "data": {"selected": [50, 50], "assigned": [0, 0], "preselecStu": [50, 50], "stuGender": [{"male": 42, "Female": 8}, {"male": 42, "Female": 8}]}}