{"timestamp": [1734408757.104186, 1734471378.856636], "data": {"selected": [0, 0], "assigned": [12, 14], "preselecStu": [0, 0], "stuGender": [{"male": 0, "Female": 0}, {"male": 0, "Female": 0}]}}