{"timestamp": [1716063825.93322, 1716495284.911458, 1725436508.944562, 1725509962.699187], "data": {"selected": [0, 0, 38, 36], "assigned": [0, 0, 18, 35], "preselecStu": [0, 0, 38, 36], "stuGender": [{"male": 0, "Female": 0}, {"male": 0, "Female": 0}, {"male": 13, "Female": 25}, {"male": 11, "Female": 25}]}}