{"timestamp": [1734408914.94793, 1734471536.042803, 1734558402.283189], "data": {"selected": [0, 0, 0], "assigned": [7, 6, 7], "preselecStu": [0, 0, 0], "stuGender": [{"male": 0, "Female": 0}, {"male": 0, "Female": 0}, {"male": 0, "Female": 0}]}}