{"timestamp": [1707574491.239279, 1707585636.677876, 1707658213.605048, 1707660808.912276], "data": {"selected": [42, 42, 42, 42], "assigned": [0, 0, 0, 0], "preselecStu": [42, 42, 42, 42], "stuGender": [{"male": 37, "Female": 5}, {"male": 37, "Female": 5}, {"male": 37, "Female": 5}, {"male": 37, "Female": 5}]}}