{"timestamp": [1707574491.239279, 1707585636.677876], "data": {"selected": [42, 42], "assigned": [0, 0], "preselecStu": [42, 42], "stuGender": [{"male": 37, "Female": 5}, {"male": 37, "Female": 5}]}}