{"timestamp": [1707540324.731239, 1707543500.859678], "data": {"selected": [42, 42], "assigned": [0, 0], "preselecStu": [42, 42], "stuGender": [{"male": 37, "Female": 5}, {"male": 37, "Female": 5}]}}