{"timestamp": [1716067301.689046, 1716498535.312895, 1725441609.497456], "data": {"selected": [0, 0, 43], "assigned": [0, 0, 0], "preselecStu": [0, 0, 0], "stuGender": [{"male": 0, "Female": 0}, {"male": 0, "Female": 0}, {"male": 27, "Female": 16}]}}