{"timestamp": [1734410560.447135, 1734473103.708338, 1734560080.278525, 1734645465.157354], "data": {"selected": [0, 0, 0, 0], "assigned": [44, 44, 44, 45], "preselecStu": [0, 0, 0, 0], "stuGender": [{"male": 0, "Female": 0}, {"male": 0, "Female": 0}, {"male": 0, "Female": 0}, {"male": 0, "Female": 0}]}}