{"timestamp": [1707542196.208276, 1707545456.850646], "data": {"selected": [40, 40], "assigned": [0, 0], "preselecStu": [40, 40], "stuGender": [{"male": 28, "Female": 12}, {"male": 28, "Female": 12}]}}