{"timestamp": [1707577886.595817, 1707589761.789825], "data": {"selected": [40, 40], "assigned": [0, 0], "preselecStu": [40, 40], "stuGender": [{"male": 28, "Female": 12}, {"male": 28, "Female": 12}]}}