{"timestamp": [1716068652.598027, 1716499769.933737, 1725443263.141901], "data": {"selected": [0, 0, 34], "assigned": [0, 0, 4], "preselecStu": [0, 0, 34], "stuGender": [{"male": 0, "Female": 0}, {"male": 0, "Female": 0}, {"male": 23, "Female": 11}]}}