{"timestamp": [1734409554.601171, 1734472172.800813, 1734559129.700829], "data": {"selected": [0, 0, 0], "assigned": [114, 114, 117], "preselecStu": [0, 0, 0], "stuGender": [{"male": 0, "Female": 0}, {"male": 0, "Female": 0}, {"male": 0, "Female": 0}]}}