{"timestamp": [1734406199.358739, 1734468942.88192, 1734555453.33605, 1734641640.11029], "data": {"selected": [0, 0, 0, 0], "assigned": [17, 22, 24, 24], "preselecStu": [0, 0, 0, 0], "stuGender": [{"male": 0, "Female": 0}, {"male": 0, "Female": 0}, {"male": 0, "Female": 0}, {"male": 0, "Female": 0}]}}