{"timestamp": [1734407891.287577, 1734470583.531122, 1734557278.229822], "data": {"selected": [0, 0, 0], "assigned": [45, 46, 47], "preselecStu": [0, 0, 0], "stuGender": [{"male": 0, "Female": 0}, {"male": 0, "Female": 0}, {"male": 0, "Female": 0}]}}