{"timestamp": [1707574605.233001, 1707585763.490587, 1707658290.503367, 1707660886.192022], "data": {"selected": [40, 40, 40, 40], "assigned": [0, 0, 0, 0], "preselecStu": [40, 40, 40, 40], "stuGender": [{"male": 22, "Female": 18}, {"male": 22, "Female": 18}, {"male": 22, "Female": 18}, {"male": 22, "Female": 18}]}}