{"timestamp": [1734410733.684021, 1734473246.973117, 1734560228.712929], "data": {"selected": [0, 0, 0], "assigned": [14, 17, 20], "preselecStu": [0, 0, 0], "stuGender": [{"male": 0, "Female": 0}, {"male": 0, "Female": 0}, {"male": 0, "Female": 0}]}}