{"timestamp": [1734405793.607674, 1734468515.31941, 1734555012.427065], "data": {"selected": [0, 0, 0], "assigned": [48, 57, 63], "preselecStu": [0, 0, 0], "stuGender": [{"male": 0, "Female": 0}, {"male": 0, "Female": 0}, {"male": 0, "Female": 0}]}}