{"timestamp": [1707574916.382737, 1707586129.361564], "data": {"selected": [52, 52], "assigned": [0, 0], "preselecStu": [52, 52], "stuGender": [{"male": 35, "Female": 17}, {"male": 35, "Female": 17}]}}