{"timestamp": [1716067342.076745, 1716498583.291672, 1725441700.713669, 1725514143.84472], "data": {"selected": [0, 0, 42, 40], "assigned": [0, 0, 4, 11], "preselecStu": [0, 0, 42, 40], "stuGender": [{"male": 0, "Female": 0}, {"male": 0, "Female": 0}, {"male": 23, "Female": 19}, {"male": 22, "Female": 18}]}}