{"timestamp": [1734405573.127451, 1734468250.177563], "data": {"selected": [0, 0], "assigned": [14, 13], "preselecStu": [0, 0], "stuGender": [{"male": 0, "Female": 0}, {"male": 0, "Female": 0}]}}