{"timestamp": [1734405573.127451, 1734468250.177563, 1734554774.478812], "data": {"selected": [0, 0, 0], "assigned": [14, 13, 18], "preselecStu": [0, 0, 0], "stuGender": [{"male": 0, "Female": 0}, {"male": 0, "Female": 0}, {"male": 0, "Female": 0}]}}