{"timestamp": [1707542208.115206, 1707545474.405123], "data": {"selected": [153, 153], "assigned": [0, 0], "preselecStu": [153, 153], "stuGender": [{"male": 112, "Female": 41}, {"male": 112, "Female": 41}]}}