{"timestamp": [1707541205.874497, 1707544385.190385], "data": {"selected": [51, 51], "assigned": [0, 0], "preselecStu": [51, 51], "stuGender": [{"male": 46, "Female": 5}, {"male": 46, "Female": 5}]}}