{"timestamp": [1734406872.678252, 1734469632.42374, 1734556193.040439], "data": {"selected": [0, 0, 0], "assigned": [45, 46, 47], "preselecStu": [0, 0, 0], "stuGender": [{"male": 0, "Female": 0}, {"male": 0, "Female": 0}, {"male": 0, "Female": 0}]}}