{"timestamp": [1716067471.23602, 1716498706.209753, 1725441858.963485], "data": {"selected": [0, 0, 23], "assigned": [0, 0, 3], "preselecStu": [0, 0, 8], "stuGender": [{"male": 0, "Female": 0}, {"male": 0, "Female": 0}, {"male": 11, "Female": 12}]}}