{"timestamp": [1716067479.042618, 1716498712.658792, 1725441867.426632, 1725514309.442456], "data": {"selected": [0, 0, 5, 5], "assigned": [0, 0, 0, 1], "preselecStu": [0, 0, 5, 5], "stuGender": [{"male": 0, "Female": 0}, {"male": 0, "Female": 0}, {"male": 3, "Female": 2}, {"male": 3, "Female": 2}]}}