{"timestamp": [1707540912.534768, 1707544091.271532], "data": {"selected": [48, 48], "assigned": [1, 1], "preselecStu": [48, 48], "stuGender": [{"male": 13, "Female": 36}, {"male": 13, "Female": 36}]}}