{"timestamp": [1707575497.634772, 1707586848.374565, 1707658813.607794], "data": {"selected": [48, 48, 48], "assigned": [1, 1, 1], "preselecStu": [48, 48, 48], "stuGender": [{"male": 13, "Female": 36}, {"male": 13, "Female": 36}, {"male": 13, "Female": 36}]}}