{"timestamp": [1734409999.438704, 1734472551.880065, 1734559518.661796, 1734644913.10871], "data": {"selected": [0, 0, 0, 0], "assigned": [10, 12, 15, 17], "preselecStu": [0, 0, 0, 0], "stuGender": [{"male": 0, "Female": 0}, {"male": 0, "Female": 0}, {"male": 0, "Female": 0}, {"male": 0, "Female": 0}]}}