{"timestamp": [1734409999.438704, 1734472551.880065], "data": {"selected": [0, 0], "assigned": [10, 12], "preselecStu": [0, 0], "stuGender": [{"male": 0, "Female": 0}, {"male": 0, "Female": 0}]}}