{"timestamp": [1707578370.20432, 1707590395.728501, 1707660386.253531, 1707663000.345477], "data": {"selected": [19, 19, 19, 19], "assigned": [0, 0, 0, 0], "preselecStu": [19, 19, 19, 19], "stuGender": [{"male": 13, "Female": 6}, {"male": 13, "Female": 6}, {"male": 13, "Female": 6}, {"male": 13, "Female": 6}]}}