{"timestamp": [1707577121.537691, 1707588802.000156], "data": {"selected": [30, 30], "assigned": [0, 0], "preselecStu": [30, 30], "stuGender": [{"male": 16, "Female": 14}, {"male": 16, "Female": 14}]}}