{"timestamp": [1707577352.859574, 1707589069.422709, 1707659840.246356], "data": {"selected": [11, 11, 11], "assigned": [0, 0, 0], "preselecStu": [11, 11, 11], "stuGender": [{"male": 9, "Female": 2}, {"male": 9, "Female": 2}, {"male": 9, "Female": 2}]}}