{"timestamp": [1716064911.953494, 1716496289.749984, 1725438106.52557, 1725511283.191317], "data": {"selected": [0, 0, 7, 7], "assigned": [0, 0, 0, 0], "preselecStu": [0, 0, 7, 7], "stuGender": [{"male": 0, "Female": 0}, {"male": 0, "Female": 0}, {"male": 2, "Female": 5}, {"male": 2, "Female": 5}]}}