{"timestamp": [1716064898.107129, 1716496278.134748, 1725438089.194636], "data": {"selected": [0, 0, 10], "assigned": [0, 0, 8], "preselecStu": [0, 0, 10], "stuGender": [{"male": 0, "Female": 0}, {"male": 0, "Female": 0}, {"male": 4, "Female": 6}]}}