{"timestamp": [1707575197.941159, 1707586489.762115, 1707658639.792631, 1707661239.865289], "data": {"selected": [42, 42, 42, 42], "assigned": [0, 0, 0, 0], "preselecStu": [0, 0, 0, 0], "stuGender": [{"male": 34, "Female": 8}, {"male": 34, "Female": 8}, {"male": 34, "Female": 8}, {"male": 34, "Female": 8}]}}