{"timestamp": [1707540742.284295, 1707543920.50345], "data": {"selected": [42, 42], "assigned": [0, 0], "preselecStu": [0, 0], "stuGender": [{"male": 34, "Female": 8}, {"male": 34, "Female": 8}]}}