{"timestamp": [1716067005.696863, 1716498242.888461, 1725441213.125549], "data": {"selected": [0, 0, 66], "assigned": [0, 0, 16], "preselecStu": [0, 0, 0], "stuGender": [{"male": 0, "Female": 0}, {"male": 0, "Female": 0}, {"male": 28, "Female": 38}]}}