{"timestamp": [1716064722.389015, 1716496114.800739, 1725437830.117188], "data": {"selected": [0, 0, 27], "assigned": [0, 0, 10], "preselecStu": [0, 0, 27], "stuGender": [{"male": 0, "Female": 0}, {"male": 0, "Female": 0}, {"male": 18, "Female": 9}]}}