{"timestamp": [1707578689.774564, 1707590825.187255], "data": {"selected": [44, 44], "assigned": [0, 0], "preselecStu": [44, 44], "stuGender": [{"male": 17, "Female": 27}, {"male": 17, "Female": 27}]}}