{"timestamp": [1707578689.774564, 1707590825.187255, 1707660559.473876, 1707663179.488161], "data": {"selected": [44, 44, 44, 44], "assigned": [0, 0, 0, 0], "preselecStu": [44, 44, 44, 44], "stuGender": [{"male": 17, "Female": 27}, {"male": 17, "Female": 27}, {"male": 17, "Female": 27}, {"male": 17, "Female": 27}]}}