{"timestamp": [1734405874.436313, 1734468604.650897], "data": {"selected": [33, 33], "assigned": [0, 0], "preselecStu": [0, 0], "stuGender": [{"male": 26, "Female": 7}, {"male": 26, "Female": 7}]}}