{"timestamp": [1716068884.453573, 1716499988.456169, 1725443509.698866], "data": {"selected": [0, 0, 41], "assigned": [0, 0, 4], "preselecStu": [0, 0, 3], "stuGender": [{"male": 0, "Female": 0}, {"male": 0, "Female": 0}, {"male": 11, "Female": 30}]}}