{"timestamp": [1716066250.60769, 1716497515.881308, 1725440095.118452], "data": {"selected": [0, 0, 10], "assigned": [0, 0, 5], "preselecStu": [0, 0, 10], "stuGender": [{"male": 0, "Female": 0}, {"male": 0, "Female": 0}, {"male": 8, "Female": 2}]}}