{"timestamp": [1716066250.60769, 1716497515.881308, 1725440095.118452, 1725512865.684754], "data": {"selected": [0, 0, 10, 9], "assigned": [0, 0, 5, 9], "preselecStu": [0, 0, 10, 9], "stuGender": [{"male": 0, "Female": 0}, {"male": 0, "Female": 0}, {"male": 8, "Female": 2}, {"male": 7, "Female": 2}]}}