{"timestamp": [1716069153.228247, 1716500225.548298, 1725443798.602731], "data": {"selected": [0, 0, 2], "assigned": [0, 0, 15], "preselecStu": [0, 0, 2], "stuGender": [{"male": 0, "Female": 0}, {"male": 0, "Female": 0}, {"male": 2, "Female": 0}]}}