{"timestamp": [1707576703.987392, 1707588312.721094], "data": {"selected": [49, 49], "assigned": [0, 0], "preselecStu": [49, 49], "stuGender": [{"male": 39, "Female": 10}, {"male": 39, "Female": 10}]}}