{"timestamp": [1734408224.82061, 1734470890.508176, 1734557637.898992, 1734643440.493365], "data": {"selected": [0, 0, 0, 0], "assigned": [2, 2, 4, 6], "preselecStu": [0, 0, 0, 0], "stuGender": [{"male": 0, "Female": 0}, {"male": 0, "Female": 0}, {"male": 0, "Female": 0}, {"male": 0, "Female": 0}]}}