{"timestamp": [1707577555.816563, 1707589312.960582, 1707659952.55764], "data": {"selected": [5, 5, 5], "assigned": [0, 0, 0], "preselecStu": [4, 4, 4], "stuGender": [{"male": 3, "Female": 2}, {"male": 3, "Female": 2}, {"male": 3, "Female": 2}]}}