{"timestamp": [1707542593.591989, 1707545868.868096], "data": {"selected": [21, 21], "assigned": [0, 0], "preselecStu": [21, 21], "stuGender": [{"male": 6, "Female": 15}, {"male": 6, "Female": 15}]}}