{"timestamp": [1716067787.668655, 1716499001.816997, 1725442250.916478], "data": {"selected": [0, 0, 68], "assigned": [0, 49, 9], "preselecStu": [0, 0, 68], "stuGender": [{"male": 0, "Female": 0}, {"male": 0, "Female": 0}, {"male": 60, "Female": 8}]}}