{"timestamp": [1716067787.668655, 1716499001.816997, 1725442250.916478, 1725514656.27911], "data": {"selected": [0, 0, 68, 68], "assigned": [0, 49, 9, 12], "preselecStu": [0, 0, 68, 68], "stuGender": [{"male": 0, "Female": 0}, {"male": 0, "Female": 0}, {"male": 60, "Female": 8}, {"male": 60, "Female": 8}]}}