{"timestamp": [1734406158.345503, 1734468898.96636, 1734555414.073608, 1734641606.430452], "data": {"selected": [0, 0, 0, 0], "assigned": [11, 10, 12, 12], "preselecStu": [0, 0, 0, 0], "stuGender": [{"male": 0, "Female": 0}, {"male": 0, "Female": 0}, {"male": 0, "Female": 0}, {"male": 0, "Female": 0}]}}