{"timestamp": [1707540623.085969, 1707543797.545712], "data": {"selected": [50, 50], "assigned": [0, 0], "preselecStu": [50, 50], "stuGender": [{"male": 12, "Female": 38}, {"male": 12, "Female": 38}]}}