{"timestamp": [1725438962.552827, 1725511973.232064, 1725598329.469597], "data": {"selected": [0, 0, 1], "assigned": [0, 1, 0], "preselecStu": [0, 0, 0], "stuGender": [{"male": 0, "Female": 0}, {"male": 0, "Female": 0}, {"male": 0, "Female": 1}]}}