{"timestamp": [1734405934.706541, 1734468659.792284], "data": {"selected": [37, 37], "assigned": [0, 0], "preselecStu": [0, 0], "stuGender": [{"male": 9, "Female": 28}, {"male": 9, "Female": 28}]}}