{"timestamp": [1707577069.114013, 1707588738.939825, 1707659678.495239, 1707662286.721958], "data": {"selected": [102, 102, 102, 102], "assigned": [0, 0, 0, 0], "preselecStu": [102, 102, 102, 102], "stuGender": [{"male": 64, "Female": 38}, {"male": 64, "Female": 38}, {"male": 64, "Female": 38}, {"male": 64, "Female": 38}]}}