{"timestamp": [1707541757.589042, 1707544986.880105], "data": {"selected": [102, 102], "assigned": [0, 0], "preselecStu": [102, 102], "stuGender": [{"male": 64, "Female": 38}, {"male": 64, "Female": 38}]}}