{"timestamp": [1716063642.861643, 1716495120.461734, 1725436265.663403], "data": {"selected": [0, 0, 58], "assigned": [0, 0, 0], "preselecStu": [0, 0, 0], "stuGender": [{"male": 0, "Female": 0}, {"male": 0, "Female": 0}, {"male": 23, "Female": 35}]}}