{"timestamp": [1716063642.861643, 1716495120.461734, 1725436265.663403, 1725509744.212598], "data": {"selected": [0, 0, 58, 57], "assigned": [0, 0, 0, 2], "preselecStu": [0, 0, 0, 0], "stuGender": [{"male": 0, "Female": 0}, {"male": 0, "Female": 0}, {"male": 23, "Female": 35}, {"male": 23, "Female": 34}]}}