{"timestamp": [1707575524.976995, 1707586879.938295, 1707658829.926145, 1707661426.086928], "data": {"selected": [26, 26, 26, 26], "assigned": [0, 0, 0, 0], "preselecStu": [26, 26, 26, 26], "stuGender": [{"male": 3, "Female": 23}, {"male": 3, "Female": 23}, {"male": 3, "Female": 23}, {"male": 3, "Female": 23}]}}