{"timestamp": [1707540927.641485, 1707544106.339677], "data": {"selected": [26, 26], "assigned": [0, 0], "preselecStu": [26, 26], "stuGender": [{"male": 3, "Female": 23}, {"male": 3, "Female": 23}]}}