{"timestamp": [1734406016.214154, 1734468721.690011, 1734555236.330367, 1734641482.303583], "data": {"selected": [0, 0, 0, 0], "assigned": [29, 36, 45, 50], "preselecStu": [0, 0, 0, 0], "stuGender": [{"male": 0, "Female": 0}, {"male": 0, "Female": 0}, {"male": 0, "Female": 0}, {"male": 0, "Female": 0}]}}