{"timestamp": [1716068881.870476, 1716499985.982577, 1725443507.06027, 1725515902.412285], "data": {"selected": [0, 0, 47, 46], "assigned": [0, 0, 4, 5], "preselecStu": [0, 0, 8, 7], "stuGender": [{"male": 0, "Female": 0}, {"male": 0, "Female": 0}, {"male": 13, "Female": 34}, {"male": 13, "Female": 33}]}}