{"timestamp": [1716068881.870476, 1716499985.982577, 1725443507.06027], "data": {"selected": [0, 0, 47], "assigned": [0, 0, 4], "preselecStu": [0, 0, 8], "stuGender": [{"male": 0, "Female": 0}, {"male": 0, "Female": 0}, {"male": 13, "Female": 34}]}}