{"timestamp": [1716068785.543074, 1716499901.665995, 1725443414.291361, 1725515808.582908], "data": {"selected": [0, 0, 5, 5], "assigned": [0, 0, 8, 8], "preselecStu": [0, 0, 5, 5], "stuGender": [{"male": 0, "Female": 0}, {"male": 0, "Female": 0}, {"male": 3, "Female": 2}, {"male": 3, "Female": 2}]}}