{"timestamp": [1716069150.844936, 1716500223.290038, 1725443796.287618], "data": {"selected": [0, 0, 9], "assigned": [0, 0, 4], "preselecStu": [0, 0, 9], "stuGender": [{"male": 0, "Female": 0}, {"male": 0, "Female": 0}, {"male": 6, "Female": 3}]}}