{"timestamp": [1734406419.555865, 1734469151.048163, 1734555678.392461, 1734641859.266562], "data": {"selected": [0, 0, 0, 0], "assigned": [56, 61, 68, 70], "preselecStu": [0, 0, 0, 0], "stuGender": [{"male": 0, "Female": 0}, {"male": 0, "Female": 0}, {"male": 0, "Female": 0}, {"male": 0, "Female": 0}]}}