{"timestamp": [1734407115.566874, 1734469862.971523, 1734556459.660854], "data": {"selected": [0, 0, 0], "assigned": [62, 62, 62], "preselecStu": [0, 0, 0], "stuGender": [{"male": 0, "Female": 0}, {"male": 0, "Female": 0}, {"male": 0, "Female": 0}]}}