{"timestamp": [1734409830.815211, 1734472366.061517], "data": {"selected": [0, 0], "assigned": [60, 72], "preselecStu": [0, 0], "stuGender": [{"male": 0, "Female": 0}, {"male": 0, "Female": 0}]}}