{"timestamp": [1734405254.806499, 1734467919.131447, 1734554457.572178, 1734640699.102443], "data": {"selected": [0, 0, 0, 0], "assigned": [53, 56, 69, 72], "preselecStu": [0, 0, 0, 0], "stuGender": [{"male": 0, "Female": 0}, {"male": 0, "Female": 0}, {"male": 0, "Female": 0}, {"male": 0, "Female": 0}]}}