{"timestamp": [1734407318.46821, 1734470053.537684, 1734556685.349113, 1734642634.858886], "data": {"selected": [0, 0, 0, 0], "assigned": [41, 41, 42, 42], "preselecStu": [0, 0, 0, 0], "stuGender": [{"male": 0, "Female": 0}, {"male": 0, "Female": 0}, {"male": 0, "Female": 0}, {"male": 0, "Female": 0}]}}