{"timestamp": [1716068623.453871, 1716499746.665796, 1725443234.181316, 1725515632.439144], "data": {"selected": [0, 0, 1, 1], "assigned": [0, 0, 0, 0], "preselecStu": [0, 0, 0, 0], "stuGender": [{"male": 0, "Female": 0}, {"male": 0, "Female": 0}, {"male": 1, "Female": 0}, {"male": 1, "Female": 0}]}}