{"timestamp": [1707541202.502427, 1707544381.845839], "data": {"selected": [33, 33], "assigned": [0, 0], "preselecStu": [33, 33], "stuGender": [{"male": 15, "Female": 18}, {"male": 15, "Female": 18}]}}