{"timestamp": [1707540786.15369, 1707543964.933801], "data": {"selected": [50, 50], "assigned": [0, 0], "preselecStu": [50, 50], "stuGender": [{"male": 30, "Female": 20}, {"male": 30, "Female": 20}]}}