{"timestamp": [1707575275.342916, 1707586582.182893, 1707658683.690359], "data": {"selected": [50, 50, 50], "assigned": [0, 0, 0], "preselecStu": [50, 50, 50], "stuGender": [{"male": 30, "Female": 20}, {"male": 30, "Female": 20}, {"male": 30, "Female": 20}]}}