{"timestamp": [1716066213.920537, 1716497486.775748, 1725440051.02713], "data": {"selected": [0, 0, 51], "assigned": [0, 0, 9], "preselecStu": [0, 0, 0], "stuGender": [{"male": 0, "Female": 0}, {"male": 0, "Female": 0}, {"male": 41, "Female": 10}]}}