{"timestamp": [1716066213.920537, 1716497486.775748, 1725440051.02713, 1725512825.12931], "data": {"selected": [0, 0, 51, 50], "assigned": [0, 0, 9, 16], "preselecStu": [0, 0, 0, 0], "stuGender": [{"male": 0, "Female": 0}, {"male": 0, "Female": 0}, {"male": 41, "Female": 10}, {"male": 40, "Female": 10}]}}