{"timestamp": [1734406170.059303, 1734468913.284081, 1734555427.915918], "data": {"selected": [0, 0, 0], "assigned": [13, 14, 15], "preselecStu": [0, 0, 0], "stuGender": [{"male": 0, "Female": 0}, {"male": 0, "Female": 0}, {"male": 0, "Female": 0}]}}