{"timestamp": [1716067997.606734, 1716499185.149469, 1725442499.939293, 1725514930.787537], "data": {"selected": [0, 0, 47, 46], "assigned": [0, 0, 27, 46], "preselecStu": [0, 0, 47, 46], "stuGender": [{"male": 0, "Female": 0}, {"male": 0, "Female": 0}, {"male": 41, "Female": 6}, {"male": 40, "Female": 6}]}}