{"timestamp": [1716067997.606734, 1716499185.149469, 1725442499.939293], "data": {"selected": [0, 0, 47], "assigned": [0, 0, 27], "preselecStu": [0, 0, 47], "stuGender": [{"male": 0, "Female": 0}, {"male": 0, "Female": 0}, {"male": 41, "Female": 6}]}}