{"timestamp": [1734409240.969499, 1734471872.060825], "data": {"selected": [0, 0], "assigned": [22, 21], "preselecStu": [0, 0], "stuGender": [{"male": 0, "Female": 0}, {"male": 0, "Female": 0}]}}