{"timestamp": [1734410953.093961, 1734473442.476701], "data": {"selected": [0, 0], "assigned": [14, 15], "preselecStu": [0, 0], "stuGender": [{"male": 0, "Female": 0}, {"male": 0, "Female": 0}]}}