{"timestamp": [1734410953.093961, 1734473442.476701, 1734560427.077883, 1734645828.311474], "data": {"selected": [0, 0, 0, 0], "assigned": [14, 15, 17, 17], "preselecStu": [0, 0, 0, 0], "stuGender": [{"male": 0, "Female": 0}, {"male": 0, "Female": 0}, {"male": 0, "Female": 0}, {"male": 0, "Female": 0}]}}