{"timestamp": [1716069031.552019, 1716500119.875135, 1725443684.633275], "data": {"selected": [0, 0, 28], "assigned": [0, 0, 1], "preselecStu": [0, 0, 0], "stuGender": [{"male": 0, "Female": 0}, {"male": 0, "Female": 0}, {"male": 11, "Female": 17}]}}