{"timestamp": [1716067077.486975, 1716498315.037096, 1725441302.35069, 1725513835.394293], "data": {"selected": [0, 0, 51, 51], "assigned": [0, 49, 0, 0], "preselecStu": [0, 0, 51, 51], "stuGender": [{"male": 0, "Female": 0}, {"male": 0, "Female": 0}, {"male": 21, "Female": 30}, {"male": 21, "Female": 30}]}}