{"timestamp": [1707540601.585024, 1707543775.639705], "data": {"selected": [51, 51], "assigned": [0, 0], "preselecStu": [51, 51], "stuGender": [{"male": 21, "Female": 30}, {"male": 21, "Female": 30}]}}