{"timestamp": [1707575117.37833, 1707586392.919299, 1707658590.373281], "data": {"selected": [50, 50, 50], "assigned": [0, 0, 0], "preselecStu": [50, 50, 50], "stuGender": [{"male": 28, "Female": 22}, {"male": 28, "Female": 22}, {"male": 28, "Female": 22}]}}