{"timestamp": [1707540695.805171, 1707543874.188145], "data": {"selected": [50, 50], "assigned": [0, 0], "preselecStu": [50, 50], "stuGender": [{"male": 28, "Female": 22}, {"male": 28, "Female": 22}]}}