{"timestamp": [1734405463.960293, 1734468124.738333, 1734554645.422459], "data": {"selected": [0, 0, 0], "assigned": [45, 45, 45], "preselecStu": [0, 0, 0], "stuGender": [{"male": 0, "Female": 0}, {"male": 0, "Female": 0}, {"male": 0, "Female": 0}]}}