{"timestamp": [1716067172.480195, 1716498410.478039, 1725441414.073255], "data": {"selected": [0, 0, 29], "assigned": [0, 0, 22], "preselecStu": [0, 0, 29], "stuGender": [{"male": 0, "Female": 0}, {"male": 0, "Female": 0}, {"male": 10, "Female": 19}]}}