{"timestamp": [1707574650.431309, 1707585815.31723, 1707658318.178281], "data": {"selected": [7, 7, 7], "assigned": [0, 0, 0], "preselecStu": [1, 1, 1], "stuGender": [{"male": 0, "Female": 7}, {"male": 0, "Female": 7}, {"male": 0, "Female": 7}]}}