{"timestamp": [1707541773.010683, 1707545002.072917], "data": {"selected": [52, 52], "assigned": [0, 0], "preselecStu": [52, 52], "stuGender": [{"male": 22, "Female": 30}, {"male": 22, "Female": 30}]}}