{"timestamp": [1716069418.245118, 1716500464.69898, 1725444072.504894, 1725516464.401288], "data": {"selected": [0, 0, 0, 0], "assigned": [0, 0, 0, 1], "preselecStu": [0, 0, 0, 0], "stuGender": [{"male": 0, "Female": 0}, {"male": 0, "Female": 0}, {"male": 0, "Female": 0}, {"male": 0, "Female": 0}]}}