{"timestamp": [1734407754.514219, 1734470455.923942, 1734557129.989743], "data": {"selected": [0, 0, 0], "assigned": [8, 16, 20], "preselecStu": [0, 0, 0], "stuGender": [{"male": 0, "Female": 0}, {"male": 0, "Female": 0}, {"male": 0, "Female": 0}]}}