{"timestamp": [1716069187.731722, 1716500261.941947, 1725443836.157843], "data": {"selected": [0, 0, 66], "assigned": [0, 31, 2], "preselecStu": [0, 0, 29], "stuGender": [{"male": 0, "Female": 0}, {"male": 0, "Female": 0}, {"male": 27, "Female": 39}]}}