{"timestamp": [1716069187.731722, 1716500261.941947, 1725443836.157843, 1725516232.276478], "data": {"selected": [0, 0, 66, 65], "assigned": [0, 31, 2, 2], "preselecStu": [0, 0, 29, 29], "stuGender": [{"male": 0, "Female": 0}, {"male": 0, "Female": 0}, {"male": 27, "Female": 39}, {"male": 27, "Female": 38}]}}