{"timestamp": [1716065601.020529, 1716496920.795203, 1725439125.525988], "data": {"selected": [0, 0, 50], "assigned": [0, 36, 14], "preselecStu": [0, 0, 50], "stuGender": [{"male": 0, "Female": 0}, {"male": 0, "Female": 0}, {"male": 35, "Female": 15}]}}