{"timestamp": [1707577219.887577, 1707588917.971713], "data": {"selected": [57, 57], "assigned": [0, 0], "preselecStu": [57, 57], "stuGender": [{"male": 36, "Female": 21}, {"male": 36, "Female": 21}]}}