{"timestamp": [1707540656.31897, 1707543832.088157], "data": {"selected": [50, 50], "assigned": [0, 0], "preselecStu": [50, 50], "stuGender": [{"male": 38, "Female": 12}, {"male": 38, "Female": 12}]}}