{"timestamp": [1707574941.379848, 1707586164.091195], "data": {"selected": [51, 51], "assigned": [0, 0], "preselecStu": [51, 51], "stuGender": [{"male": 21, "Female": 30}, {"male": 21, "Female": 30}]}}