{"timestamp": [1707575493.848166, 1707586843.908196, 1707658810.785264], "data": {"selected": [29, 29, 29], "assigned": [0, 0, 0], "preselecStu": [29, 29, 29], "stuGender": [{"male": 10, "Female": 19}, {"male": 10, "Female": 19}, {"male": 10, "Female": 19}]}}