{"timestamp": [1707540910.338209, 1707544089.095089], "data": {"selected": [29, 29], "assigned": [0, 0], "preselecStu": [29, 29], "stuGender": [{"male": 10, "Female": 19}, {"male": 10, "Female": 19}]}}