{"timestamp": [1716068544.389758, 1716499684.308781, 1725443157.502012, 1725515563.021954], "data": {"selected": [0, 0, 0, 3], "assigned": [0, 0, 0, 0], "preselecStu": [0, 0, 0, 0], "stuGender": [{"male": 0, "Female": 0}, {"male": 0, "Female": 0}, {"male": 0, "Female": 0}, {"male": 1, "Female": 2}]}}