{"timestamp": [1707576769.054068, 1707588392.453229, 1707659509.55403], "data": {"selected": [32, 32, 32], "assigned": [0, 0, 0], "preselecStu": [32, 32, 32], "stuGender": [{"male": 25, "Female": 7}, {"male": 25, "Female": 7}, {"male": 25, "Female": 7}]}}