{"timestamp": [1707541839.31564, 1707545069.646178], "data": {"selected": [60, 60], "assigned": [0, 0], "preselecStu": [60, 60], "stuGender": [{"male": 35, "Female": 25}, {"male": 35, "Female": 25}]}}