{"timestamp": [1716067594.688278, 1716498831.341724, 1725442023.172749], "data": {"selected": [0, 0, 3], "assigned": [0, 0, 3], "preselecStu": [0, 0, 3], "stuGender": [{"male": 0, "Female": 0}, {"male": 0, "Female": 0}, {"male": 1, "Female": 2}]}}