{"timestamp": [1716067594.688278, 1716498831.341724, 1725442023.172749, 1725514438.080467], "data": {"selected": [0, 0, 3, 3], "assigned": [0, 0, 3, 6], "preselecStu": [0, 0, 3, 3], "stuGender": [{"male": 0, "Female": 0}, {"male": 0, "Female": 0}, {"male": 1, "Female": 2}, {"male": 1, "Female": 2}]}}