{"timestamp": [1716066987.275416, 1716498231.613338, 1725441192.687984], "data": {"selected": [0, 0, 117], "assigned": [0, 0, 0], "preselecStu": [0, 0, 0], "stuGender": [{"male": 0, "Female": 0}, {"male": 0, "Female": 0}, {"male": 47, "Female": 70}]}}