{"timestamp": [1716067466.89374, 1716498701.918141, 1725441853.650849, 1725514295.901032], "data": {"selected": [0, 0, 30, 29], "assigned": [0, 0, 12, 24], "preselecStu": [0, 0, 30, 29], "stuGender": [{"male": 0, "Female": 0}, {"male": 0, "Female": 0}, {"male": 12, "Female": 18}, {"male": 12, "Female": 17}]}}