{"timestamp": [1707574918.856782, 1707586132.824452, 1707658481.262218], "data": {"selected": [49, 49, 49], "assigned": [0, 0, 0], "preselecStu": [49, 49, 49], "stuGender": [{"male": 31, "Female": 18}, {"male": 31, "Female": 18}, {"male": 31, "Female": 18}]}}