{"timestamp": [1707540589.700744, 1707543763.615092], "data": {"selected": [49, 49], "assigned": [0, 0], "preselecStu": [49, 49], "stuGender": [{"male": 31, "Female": 18}, {"male": 31, "Female": 18}]}}