{"timestamp": [1707540767.790476, 1707543946.209994], "data": {"selected": [42, 42], "assigned": [0, 0], "preselecStu": [0, 0], "stuGender": [{"male": 13, "Female": 29}, {"male": 13, "Female": 29}]}}