{"timestamp": [1707577546.550356, 1707589300.891704], "data": {"selected": [20, 20], "assigned": [0, 0], "preselecStu": [20, 20], "stuGender": [{"male": 3, "Female": 17}, {"male": 3, "Female": 17}]}}