{"timestamp": [1734408129.882706, 1734470805.871507, 1734557541.156099, 1734643352.447683], "data": {"selected": [0, 0, 0, 0], "assigned": [10, 14, 16, 18], "preselecStu": [0, 0, 0, 0], "stuGender": [{"male": 0, "Female": 0}, {"male": 0, "Female": 0}, {"male": 0, "Female": 0}, {"male": 0, "Female": 0}]}}