{"timestamp": [1716066941.987604, 1716498187.762164, 1725441130.385446, 1725513699.066747], "data": {"selected": [0, 0, 11, 11], "assigned": [0, 0, 28, 30], "preselecStu": [0, 0, 11, 11], "stuGender": [{"male": 0, "Female": 0}, {"male": 0, "Female": 0}, {"male": 6, "Female": 5}, {"male": 6, "Female": 5}]}}