{"timestamp": [1707541296.555489, 1707544482.568172], "data": {"selected": [47, 47], "assigned": [0, 0], "preselecStu": [47, 47], "stuGender": [{"male": 22, "Female": 25}, {"male": 22, "Female": 25}]}}