{"timestamp": [1707541209.183765, 1707544388.452991], "data": {"selected": [43, 43], "assigned": [0, 0], "preselecStu": [43, 43], "stuGender": [{"male": 31, "Female": 12}, {"male": 31, "Female": 12}]}}