{"timestamp": [1734411156.252712, 1734473623.495135, 1734560619.513059], "data": {"selected": [0, 0, 0], "assigned": [7, 7, 10], "preselecStu": [0, 0, 0], "stuGender": [{"male": 0, "Female": 0}, {"male": 0, "Female": 0}, {"male": 0, "Female": 0}]}}