{"timestamp": [1707575242.418426, 1707586542.912611, 1707658665.274194], "data": {"selected": [42, 42, 42], "assigned": [0, 0, 0], "preselecStu": [0, 0, 0], "stuGender": [{"male": 13, "Female": 29}, {"male": 13, "Female": 29}, {"male": 13, "Female": 29}]}}