{"timestamp": [1707576865.545758, 1707588497.272448, 1707659559.92973], "data": {"selected": [58, 58, 58], "assigned": [0, 0, 0], "preselecStu": [58, 58, 58], "stuGender": [{"male": 40, "Female": 18}, {"male": 40, "Female": 18}, {"male": 40, "Female": 18}]}}