{"timestamp": [1734406813.052183, 1734469566.776522, 1734556131.676346], "data": {"selected": [0, 0, 0], "assigned": [23, 27, 33], "preselecStu": [0, 0, 0], "stuGender": [{"male": 0, "Female": 0}, {"male": 0, "Female": 0}, {"male": 0, "Female": 0}]}}