{"timestamp": [1716069320.696489, 1716500373.093628, 1725443959.067689, 1725516356.228188], "data": {"selected": [0, 0, 0, 0], "assigned": [0, 0, 4, 4], "preselecStu": [0, 0, 0, 0], "stuGender": [{"male": 0, "Female": 0}, {"male": 0, "Female": 0}, {"male": 0, "Female": 0}, {"male": 0, "Female": 0}]}}