{"timestamp": [1716065853.155184, 1716497153.135945, 1725439501.783941], "data": {"selected": [0, 0, 1], "assigned": [0, 0, 5], "preselecStu": [0, 0, 1], "stuGender": [{"male": 0, "Female": 0}, {"male": 0, "Female": 0}, {"male": 1, "Female": 0}]}}