{"timestamp": [1716064744.776956, 1716496132.82917, 1725437855.278722], "data": {"selected": [0, 0, 28], "assigned": [0, 0, 4], "preselecStu": [0, 0, 28], "stuGender": [{"male": 0, "Female": 0}, {"male": 0, "Female": 0}, {"male": 13, "Female": 15}]}}