{"timestamp": [1716069393.732298, 1716500440.254108, 1725444037.459475, 1725516434.108634], "data": {"selected": [0, 0, 0, 0], "assigned": [0, 0, 7, 8], "preselecStu": [0, 0, 0, 0], "stuGender": [{"male": 0, "Female": 0}, {"male": 0, "Female": 0}, {"male": 0, "Female": 0}, {"male": 0, "Female": 0}]}}