{"timestamp": [1707541185.744212, 1707544365.335936], "data": {"selected": [47, 47], "assigned": [0, 0], "preselecStu": [47, 47], "stuGender": [{"male": 31, "Female": 16}, {"male": 31, "Female": 16}]}}