{"timestamp": [1707575718.801226, 1707587099.99725], "data": {"selected": [50, 50], "assigned": [0, 0], "preselecStu": [50, 50], "stuGender": [{"male": 15, "Female": 35}, {"male": 15, "Female": 35}]}}