{"timestamp": [1734410728.736944, 1734473242.294736, 1734560223.915398], "data": {"selected": [0, 0, 0], "assigned": [19, 19, 19], "preselecStu": [0, 0, 0], "stuGender": [{"male": 0, "Female": 0}, {"male": 0, "Female": 0}, {"male": 0, "Female": 0}]}}