{"timestamp": [1707575448.509119, 1707586789.608994], "data": {"selected": [14, 14], "assigned": [0, 0], "preselecStu": [14, 14], "stuGender": [{"male": 6, "Female": 8}, {"male": 6, "Female": 8}]}}