{"timestamp": [1707540883.913848, 1707544064.426246], "data": {"selected": [14, 14], "assigned": [0, 0], "preselecStu": [14, 14], "stuGender": [{"male": 6, "Female": 8}, {"male": 6, "Female": 8}]}}