{"timestamp": [1734411072.795922, 1734473546.248424, 1734560531.141629], "data": {"selected": [0, 0, 0], "assigned": [4, 7, 8], "preselecStu": [0, 0, 0], "stuGender": [{"male": 0, "Female": 0}, {"male": 0, "Female": 0}, {"male": 0, "Female": 0}]}}