{"timestamp": [1734408050.617362, 1734470730.155557, 1734557447.578323], "data": {"selected": [0, 0, 0], "assigned": [18, 20, 22], "preselecStu": [0, 0, 0], "stuGender": [{"male": 0, "Female": 0}, {"male": 0, "Female": 0}, {"male": 0, "Female": 0}]}}