{"timestamp": [1716067357.272544, 1716498599.339528, 1725441721.351078], "data": {"selected": [0, 0, 41], "assigned": [0, 0, 11], "preselecStu": [0, 0, 41], "stuGender": [{"male": 0, "Female": 0}, {"male": 0, "Female": 0}, {"male": 23, "Female": 18}]}}