{"timestamp": [1716067357.272544, 1716498599.339528, 1725441721.351078, 1725514168.392958], "data": {"selected": [0, 0, 41, 40], "assigned": [0, 0, 11, 18], "preselecStu": [0, 0, 41, 40], "stuGender": [{"male": 0, "Female": 0}, {"male": 0, "Female": 0}, {"male": 23, "Female": 18}, {"male": 22, "Female": 18}]}}