{"timestamp": [1707540724.521893, 1707543901.846986], "data": {"selected": [34, 34], "assigned": [0, 0], "preselecStu": [34, 34], "stuGender": [{"male": 8, "Female": 26}, {"male": 8, "Female": 26}]}}