{"timestamp": [1707575165.649621, 1707586449.97653], "data": {"selected": [34, 34], "assigned": [0, 0], "preselecStu": [34, 34], "stuGender": [{"male": 8, "Female": 26}, {"male": 8, "Female": 26}]}}