{"timestamp": [1716067270.819147, 1716498502.965805, 1725441539.192731, 1725514060.669111], "data": {"selected": [0, 0, 18, 20], "assigned": [0, 0, 0, 0], "preselecStu": [0, 0, 18, 18], "stuGender": [{"male": 0, "Female": 0}, {"male": 0, "Female": 0}, {"male": 10, "Female": 8}, {"male": 11, "Female": 9}]}}