{"timestamp": [1716064713.409147, 1716496106.170312, 1725437813.459898], "data": {"selected": [0, 0, 44], "assigned": [0, 0, 8], "preselecStu": [0, 0, 44], "stuGender": [{"male": 0, "Female": 0}, {"male": 0, "Female": 0}, {"male": 17, "Female": 27}]}}