{"timestamp": [1707540808.188929, 1707543986.938987], "data": {"selected": [120, 120], "assigned": [0, 0], "preselecStu": [120, 120], "stuGender": [{"male": 78, "Female": 42}, {"male": 78, "Female": 42}]}}