{"timestamp": [1707575314.711406, 1707586628.595352], "data": {"selected": [120, 120], "assigned": [0, 0], "preselecStu": [120, 120], "stuGender": [{"male": 78, "Female": 42}, {"male": 78, "Female": 42}]}}