{"timestamp": [1707540306.939544, 1707543483.408752], "data": {"selected": [53, 53], "assigned": [0, 0], "preselecStu": [53, 53], "stuGender": [{"male": 22, "Female": 31}, {"male": 22, "Female": 31}]}}