{"timestamp": [1707574914.173685, 1707586123.297733], "data": {"selected": [30, 30], "assigned": [0, 0], "preselecStu": [30, 30], "stuGender": [{"male": 15, "Female": 15}, {"male": 15, "Female": 15}]}}