{"timestamp": [1716066694.007785, 1716497941.276232, 1725440779.128225], "data": {"selected": [0, 0, 29], "assigned": [0, 0, 40], "preselecStu": [0, 0, 29], "stuGender": [{"male": 0, "Female": 0}, {"male": 0, "Female": 0}, {"male": 22, "Female": 7}]}}