{"timestamp": [1707541434.46662, 1707544632.707357], "data": {"selected": [51, 51], "assigned": [0, 0], "preselecStu": [51, 51], "stuGender": [{"male": 42, "Female": 9}, {"male": 42, "Female": 9}]}}