{"timestamp": [1734405275.670032, 1734467946.198791], "data": {"selected": [0, 0], "assigned": [51, 62], "preselecStu": [0, 0], "stuGender": [{"male": 0, "Female": 0}, {"male": 0, "Female": 0}]}}