{"timestamp": [1707576329.387965, 1707587861.650271], "data": {"selected": [25, 25], "assigned": [0, 0], "preselecStu": [25, 25], "stuGender": [{"male": 20, "Female": 5}, {"male": 20, "Female": 5}]}}