{"timestamp": [1734410627.845594, 1734473156.119966, 1734560135.854237], "data": {"selected": [0, 0, 0], "assigned": [24, 26, 31], "preselecStu": [0, 0, 0], "stuGender": [{"male": 0, "Female": 0}, {"male": 0, "Female": 0}, {"male": 0, "Female": 0}]}}