{"timestamp": [1716064132.239042, 1716495571.760553, 1725436942.843351], "data": {"selected": [0, 0, 0], "assigned": [0, 0, 5], "preselecStu": [0, 0, 0], "stuGender": [{"male": 0, "Female": 0}, {"male": 0, "Female": 0}, {"male": 0, "Female": 0}]}}