{"timestamp": [1707540652.568354, 1707543828.758171], "data": {"selected": [50, 50], "assigned": [0, 0], "preselecStu": [50, 50], "stuGender": [{"male": 36, "Female": 14}, {"male": 36, "Female": 14}]}}