{"timestamp": [1716066961.642052, 1716498208.766745, 1725441154.348443], "data": {"selected": [0, 0, 4], "assigned": [0, 0, 25], "preselecStu": [0, 0, 4], "stuGender": [{"male": 0, "Female": 0}, {"male": 0, "Female": 0}, {"male": 2, "Female": 2}]}}