{"timestamp": [1707541673.301069, 1707544886.601933], "data": {"selected": [77, 77], "assigned": [0, 0], "preselecStu": [77, 77], "stuGender": [{"male": 39, "Female": 38}, {"male": 39, "Female": 38}]}}