{"timestamp": [1734409887.192645, 1734472404.585891, 1734559394.026555, 1734644814.375992], "data": {"selected": [0, 0, 0, 0], "assigned": [28, 28, 29, 30], "preselecStu": [0, 0, 0, 0], "stuGender": [{"male": 0, "Female": 0}, {"male": 0, "Female": 0}, {"male": 0, "Female": 0}, {"male": 0, "Female": 0}]}}