{"timestamp": [1734409488.446801, 1734472100.688223], "data": {"selected": [0, 0], "assigned": [72, 81], "preselecStu": [0, 0], "stuGender": [{"male": 0, "Female": 0}, {"male": 0, "Female": 0}]}}