{"timestamp": [1716065022.80163, 1716496385.766527, 1725438288.207963, 1725511397.187734], "data": {"selected": [0, 0, 0, 0], "assigned": [0, 0, 32, 120], "preselecStu": [0, 0, 0, 0], "stuGender": [{"male": 0, "Female": 0}, {"male": 0, "Female": 0}, {"male": 0, "Female": 0}, {"male": 0, "Female": 0}]}}