{"timestamp": [1707576920.64369, 1707588561.057217, 1707659590.889641], "data": {"selected": [168, 168, 168], "assigned": [0, 0, 0], "preselecStu": [168, 168, 168], "stuGender": [{"male": 104, "Female": 64}, {"male": 104, "Female": 64}, {"male": 104, "Female": 64}]}}