{"timestamp": [1734408429.686508, 1734471072.421527, 1734557834.231581, 1734643612.082487], "data": {"selected": [0, 0, 0, 0], "assigned": [77, 79, 79, 78], "preselecStu": [0, 0, 0, 0], "stuGender": [{"male": 0, "Female": 0}, {"male": 0, "Female": 0}, {"male": 0, "Female": 0}, {"male": 0, "Female": 0}]}}