{"timestamp": [1716065476.299369, 1716496796.555109, 1725438902.643698, 1725511926.304349], "data": {"selected": [0, 0, 2, 2], "assigned": [0, 0, 5, 7], "preselecStu": [0, 0, 2, 2], "stuGender": [{"male": 0, "Female": 0}, {"male": 0, "Female": 0}, {"male": 1, "Female": 1}, {"male": 1, "Female": 1}]}}