{"timestamp": [1707575119.306006, 1707586395.201742, 1707658591.458346], "data": {"selected": [50, 50, 50], "assigned": [0, 0, 0], "preselecStu": [50, 50, 50], "stuGender": [{"male": 25, "Female": 25}, {"male": 25, "Female": 25}, {"male": 25, "Female": 25}]}}