{"timestamp": [1716066275.930275, 1716497538.691745, 1725440131.320151], "data": {"selected": [0, 0, 48], "assigned": [0, 46, 0], "preselecStu": [0, 0, 48], "stuGender": [{"male": 0, "Female": 0}, {"male": 0, "Female": 0}, {"male": 37, "Female": 11}]}}