{"timestamp": [1716068878.799222, 1716499983.836286, 1725443504.6175, 1725515900.006465], "data": {"selected": [0, 0, 20, 20], "assigned": [0, 0, 7, 10], "preselecStu": [0, 0, 1, 1], "stuGender": [{"male": 0, "Female": 0}, {"male": 0, "Female": 0}, {"male": 5, "Female": 15}, {"male": 5, "Female": 15}]}}