{"timestamp": [1707575521.08984, 1707586875.322795, 1707658827.528909, 1707661423.971137], "data": {"selected": [24, 24, 24, 24], "assigned": [1, 1, 1, 1], "preselecStu": [24, 24, 24, 24], "stuGender": [{"male": 6, "Female": 19}, {"male": 6, "Female": 19}, {"male": 6, "Female": 19}, {"male": 6, "Female": 19}]}}