{"timestamp": [1716067644.583117, 1716498880.114094, 1725442080.205223], "data": {"selected": [0, 0, 23], "assigned": [0, 23, 0], "preselecStu": [0, 0, 23], "stuGender": [{"male": 0, "Female": 0}, {"male": 0, "Female": 0}, {"male": 7, "Female": 16}]}}