{"timestamp": [1716064276.663961, 1716495714.093161, 1725437177.860207], "data": {"selected": [0, 0, 47], "assigned": [0, 0, 1], "preselecStu": [0, 0, 1], "stuGender": [{"male": 0, "Female": 0}, {"male": 0, "Female": 0}, {"male": 40, "Female": 7}]}}