{"timestamp": [1707541564.849673, 1707544769.967387], "data": {"selected": [62, 62], "assigned": [0, 0], "preselecStu": [62, 62], "stuGender": [{"male": 49, "Female": 13}, {"male": 49, "Female": 13}]}}