{"timestamp": [1716067260.840165, 1716498494.1688, 1725441517.559434], "data": {"selected": [0, 0, 39], "assigned": [0, 0, 44], "preselecStu": [0, 0, 39], "stuGender": [{"male": 0, "Female": 0}, {"male": 0, "Female": 0}, {"male": 22, "Female": 17}]}}