{"timestamp": [1716067260.840165, 1716498494.1688, 1725441517.559434, 1725514051.120946], "data": {"selected": [0, 0, 39, 41], "assigned": [0, 0, 44, 53], "preselecStu": [0, 0, 39, 39], "stuGender": [{"male": 0, "Female": 0}, {"male": 0, "Female": 0}, {"male": 22, "Female": 17}, {"male": 23, "Female": 18}]}}