{"timestamp": [1734408475.752817, 1734471114.603855, 1734557881.455608], "data": {"selected": [0, 0, 0], "assigned": [54, 54, 56], "preselecStu": [0, 0, 0], "stuGender": [{"male": 0, "Female": 0}, {"male": 0, "Female": 0}, {"male": 0, "Female": 0}]}}