{"timestamp": [1707540328.523262, 1707543504.593886], "data": {"selected": [42, 42], "assigned": [0, 0], "preselecStu": [42, 42], "stuGender": [{"male": 36, "Female": 6}, {"male": 36, "Female": 6}]}}