{"timestamp": [1707574496.707862, 1707585642.848918, 1707658217.410676, 1707660812.668027], "data": {"selected": [42, 42, 42, 42], "assigned": [0, 0, 0, 0], "preselecStu": [42, 42, 42, 42], "stuGender": [{"male": 36, "Female": 6}, {"male": 36, "Female": 6}, {"male": 36, "Female": 6}, {"male": 36, "Female": 6}]}}