{"timestamp": [1707542338.82469, 1707545612.019835], "data": {"selected": [13, 13], "assigned": [0, 0], "preselecStu": [13, 13], "stuGender": [{"male": 11, "Female": 2}, {"male": 11, "Female": 2}]}}