{"timestamp": [1716063867.471757, 1716495332.448327, 1725436576.090332, 1725510038.079348], "data": {"selected": [0, 0, 40, 39], "assigned": [0, 0, 67, 130], "preselecStu": [0, 0, 40, 39], "stuGender": [{"male": 0, "Female": 0}, {"male": 0, "Female": 0}, {"male": 30, "Female": 10}, {"male": 29, "Female": 10}]}}