{"timestamp": [1734409431.992942, 1734472030.72468, 1734558971.480394, 1734644461.464461], "data": {"selected": [0, 0, 0, 0], "assigned": [76, 96, 111, 125], "preselecStu": [0, 0, 0, 0], "stuGender": [{"male": 0, "Female": 0}, {"male": 0, "Female": 0}, {"male": 0, "Female": 0}, {"male": 0, "Female": 0}]}}