{"timestamp": [1707541471.440594, 1707544672.593769], "data": {"selected": [40, 40], "assigned": [0, 0], "preselecStu": [40, 40], "stuGender": [{"male": 32, "Female": 8}, {"male": 32, "Female": 8}]}}