{"timestamp": [1707576528.648646, 1707588112.512456, 1707659377.500873], "data": {"selected": [40, 40, 40], "assigned": [0, 0, 0], "preselecStu": [40, 40, 40], "stuGender": [{"male": 32, "Female": 8}, {"male": 32, "Female": 8}, {"male": 32, "Female": 8}]}}