{"timestamp": [1707576695.944045, 1707588296.957147, 1707659469.155815], "data": {"selected": [45, 45, 45], "assigned": [0, 0, 0], "preselecStu": [45, 45, 45], "stuGender": [{"male": 39, "Female": 6}, {"male": 39, "Female": 6}, {"male": 39, "Female": 6}]}}