{"timestamp": [1716065572.387209, 1716496894.443297, 1725439094.829785, 1725512085.576747], "data": {"selected": [0, 0, 58, 58], "assigned": [0, 0, 3, 5], "preselecStu": [0, 0, 16, 16], "stuGender": [{"male": 0, "Female": 0}, {"male": 0, "Female": 0}, {"male": 40, "Female": 18}, {"male": 40, "Female": 18}]}}