{"timestamp": [1707541840.453909, 1707545070.820331], "data": {"selected": [117, 117], "assigned": [0, 0], "preselecStu": [117, 117], "stuGender": [{"male": 71, "Female": 46}, {"male": 71, "Female": 46}]}}