{"timestamp": [1707575248.121209, 1707586549.596993, 1707658668.509129], "data": {"selected": [41, 41, 41], "assigned": [0, 0, 0], "preselecStu": [0, 0, 0], "stuGender": [{"male": 18, "Female": 23}, {"male": 18, "Female": 23}, {"male": 18, "Female": 23}]}}