{"timestamp": [1707540748.818929, 1707543926.976267], "data": {"selected": [37, 37], "assigned": [0, 0], "preselecStu": [0, 0], "stuGender": [{"male": 32, "Female": 5}, {"male": 32, "Female": 5}]}}