{"timestamp": [1707542659.268404, 1707545936.206151], "data": {"selected": [38, 38], "assigned": [0, 0], "preselecStu": [38, 38], "stuGender": [{"male": 13, "Female": 25}, {"male": 13, "Female": 25}]}}