{"timestamp": [1707578936.796139, 1707591119.05084, 1707660687.797891], "data": {"selected": [2, 2, 2], "assigned": [0, 0, 0], "preselecStu": [2, 2, 2], "stuGender": [{"male": 0, "Female": 2}, {"male": 0, "Female": 2}, {"male": 0, "Female": 2}]}}