{"timestamp": [1716067380.540804, 1716498623.591511, 1725441759.312978, 1725514192.482826], "data": {"selected": [0, 0, 2, 1], "assigned": [0, 0, 10, 14], "preselecStu": [0, 0, 2, 1], "stuGender": [{"male": 0, "Female": 0}, {"male": 0, "Female": 0}, {"male": 0, "Female": 2}, {"male": 0, "Female": 1}]}}