{"timestamp": [1716067687.114804, 1716498912.067118, 1725442121.993173, 1725514535.068963], "data": {"selected": [0, 0, 24, 24], "assigned": [0, 0, 8, 13], "preselecStu": [0, 0, 24, 24], "stuGender": [{"male": 0, "Female": 0}, {"male": 0, "Female": 0}, {"male": 5, "Female": 19}, {"male": 5, "Female": 19}]}}