{"timestamp": [1707540916.821196, 1707544095.65731], "data": {"selected": [46, 46], "assigned": [0, 0], "preselecStu": [46, 46], "stuGender": [{"male": 16, "Female": 30}, {"male": 16, "Female": 30}]}}