{"timestamp": [1734407942.4871, 1734470626.976093, 1734557326.309451, 1734643183.957513], "data": {"selected": [0, 0, 0, 0], "assigned": [79, 79, 85, 87], "preselecStu": [0, 0, 0, 0], "stuGender": [{"male": 0, "Female": 0}, {"male": 0, "Female": 0}, {"male": 0, "Female": 0}, {"male": 0, "Female": 0}]}}