{"timestamp": [1707541540.037538, 1707544744.116034], "data": {"selected": [80, 80], "assigned": [0, 0], "preselecStu": [80, 80], "stuGender": [{"male": 63, "Female": 17}, {"male": 63, "Female": 17}]}}