{"timestamp": [1707576319.996018, 1707587849.868949, 1707659262.071858, 1707661863.399935], "data": {"selected": [75, 75, 75, 75], "assigned": [1, 1, 1, 1], "preselecStu": [75, 75, 75, 75], "stuGender": [{"male": 63, "Female": 13}, {"male": 63, "Female": 13}, {"male": 63, "Female": 13}, {"male": 63, "Female": 13}]}}