{"timestamp": [1716066966.101283, 1716498213.165362, 1725441160.800794], "data": {"selected": [0, 0, 24], "assigned": [0, 0, 23], "preselecStu": [0, 0, 24], "stuGender": [{"male": 0, "Female": 0}, {"male": 0, "Female": 0}, {"male": 16, "Female": 8}]}}