{"timestamp": [1734407511.396065, 1734470241.826734, 1734556897.706158], "data": {"selected": [0, 0, 0], "assigned": [23, 26, 31], "preselecStu": [0, 0, 0], "stuGender": [{"male": 0, "Female": 0}, {"male": 0, "Female": 0}, {"male": 0, "Female": 0}]}}