{"timestamp": [1707575865.94322, 1707587273.982398], "data": {"selected": [66, 66], "assigned": [0, 0], "preselecStu": [66, 66], "stuGender": [{"male": 43, "Female": 23}, {"male": 43, "Female": 23}]}}