{"timestamp": [1707578623.602406, 1707590733.49339, 1707660523.78602, 1707663144.328828], "data": {"selected": [10, 10, 10, 10], "assigned": [0, 0, 0, 0], "preselecStu": [10, 10, 10, 10], "stuGender": [{"male": 7, "Female": 3}, {"male": 7, "Female": 3}, {"male": 7, "Female": 3}, {"male": 7, "Female": 3}]}}