{"timestamp": [1707542615.668117, 1707545891.281278], "data": {"selected": [10, 10], "assigned": [0, 0], "preselecStu": [10, 10], "stuGender": [{"male": 7, "Female": 3}, {"male": 7, "Female": 3}]}}