{"timestamp": [1716067592.524622, 1716498829.193704, 1725442020.057282], "data": {"selected": [0, 0, 10], "assigned": [0, 0, 15], "preselecStu": [0, 0, 10], "stuGender": [{"male": 0, "Female": 0}, {"male": 0, "Female": 0}, {"male": 6, "Female": 4}]}}