{"timestamp": [1716067592.524622, 1716498829.193704, 1725442020.057282, 1725514435.745484], "data": {"selected": [0, 0, 10, 10], "assigned": [0, 0, 15, 17], "preselecStu": [0, 0, 10, 10], "stuGender": [{"male": 0, "Female": 0}, {"male": 0, "Female": 0}, {"male": 6, "Female": 4}, {"male": 6, "Female": 4}]}}