{"timestamp": [1707541636.46746, 1707544847.459439], "data": {"selected": [25, 25], "assigned": [0, 0], "preselecStu": [25, 25], "stuGender": [{"male": 21, "Female": 4}, {"male": 21, "Female": 4}]}}