{"timestamp": [1707541015.341742, 1707544195.737332], "data": {"selected": [13, 13], "assigned": [0, 0], "preselecStu": [13, 13], "stuGender": [{"male": 1, "Female": 12}, {"male": 1, "Female": 12}]}}