{"timestamp": [1707576363.997871, 1707587914.435198, 1707659287.489353, 1707661888.250678], "data": {"selected": [5, 5, 5, 5], "assigned": [0, 0, 0, 0], "preselecStu": [5, 5, 5, 5], "stuGender": [{"male": 5, "Female": 0}, {"male": 5, "Female": 0}, {"male": 5, "Female": 0}, {"male": 5, "Female": 0}]}}