{"timestamp": [1734409407.379081, 1734472000.102048, 1734558947.139209], "data": {"selected": [0, 0, 0], "assigned": [55, 67, 76], "preselecStu": [0, 0, 0], "stuGender": [{"male": 0, "Female": 0}, {"male": 0, "Female": 0}, {"male": 0, "Female": 0}]}}