{"timestamp": [1716067371.290168, 1716498613.665238, 1725441746.566837, 1725514182.820022], "data": {"selected": [0, 0, 26, 26], "assigned": [0, 28, 5, 7], "preselecStu": [0, 0, 26, 26], "stuGender": [{"male": 0, "Female": 0}, {"male": 0, "Female": 0}, {"male": 17, "Female": 9}, {"male": 17, "Female": 9}]}}