{"timestamp": [1716067371.290168, 1716498613.665238, 1725441746.566837], "data": {"selected": [0, 0, 26], "assigned": [0, 28, 5], "preselecStu": [0, 0, 26], "stuGender": [{"male": 0, "Female": 0}, {"male": 0, "Female": 0}, {"male": 17, "Female": 9}]}}