{"timestamp": [1734404957.474427, 1734467615.15745], "data": {"selected": [0, 0], "assigned": [120, 138], "preselecStu": [0, 0], "stuGender": [{"male": 0, "Female": 0}, {"male": 0, "Female": 0}]}}