{"timestamp": [1716066351.631179, 1716497589.305964, 1725440216.317537], "data": {"selected": [0, 0, 47], "assigned": [0, 0, 5], "preselecStu": [0, 0, 47], "stuGender": [{"male": 0, "Female": 0}, {"male": 0, "Female": 0}, {"male": 34, "Female": 13}]}}