{"timestamp": [1734410093.895125, 1734472646.648447, 1734559613.970947], "data": {"selected": [0, 0, 0], "assigned": [9, 14, 20], "preselecStu": [0, 0, 0], "stuGender": [{"male": 0, "Female": 0}, {"male": 0, "Female": 0}, {"male": 0, "Female": 0}]}}