{"timestamp": [1716063852.782721, 1716495316.36694, 1725436552.324604, 1725510016.672657], "data": {"selected": [0, 0, 39, 38], "assigned": [0, 0, 33, 71], "preselecStu": [0, 0, 39, 38], "stuGender": [{"male": 0, "Female": 0}, {"male": 0, "Female": 0}, {"male": 23, "Female": 16}, {"male": 23, "Female": 15}]}}