{"timestamp": [1716068805.614834, 1716499920.985756, 1725443437.367384, 1725515831.761377], "data": {"selected": [0, 0, 4, 4], "assigned": [0, 0, 2, 4], "preselecStu": [0, 0, 4, 4], "stuGender": [{"male": 0, "Female": 0}, {"male": 0, "Female": 0}, {"male": 1, "Female": 3}, {"male": 1, "Female": 3}]}}