{"timestamp": [1734404844.318918, 1734467472.794185, 1734553966.64831], "data": {"selected": [0, 0, 0], "assigned": [42, 42, 42], "preselecStu": [0, 0, 0], "stuGender": [{"male": 0, "Female": 0}, {"male": 0, "Female": 0}, {"male": 0, "Female": 0}]}}