{"timestamp": [1716066667.985638, 1716497914.41068, 1725440735.172943], "data": {"selected": [0, 0, 19], "assigned": [0, 0, 20], "preselecStu": [0, 0, 19], "stuGender": [{"male": 0, "Female": 0}, {"male": 0, "Female": 0}, {"male": 17, "Female": 2}]}}