{"timestamp": [1716066667.985638, 1716497914.41068, 1725440735.172943, 1725513335.636959], "data": {"selected": [0, 0, 19, 17], "assigned": [0, 0, 20, 30], "preselecStu": [0, 0, 19, 17], "stuGender": [{"male": 0, "Female": 0}, {"male": 0, "Female": 0}, {"male": 17, "Female": 2}, {"male": 16, "Female": 1}]}}