{"timestamp": [1734408885.964811, 1734471506.792941, 1734558359.394168], "data": {"selected": [0, 0, 0], "assigned": [36, 37, 39], "preselecStu": [0, 0, 0], "stuGender": [{"male": 0, "Female": 0}, {"male": 0, "Female": 0}, {"male": 0, "Female": 0}]}}