{"timestamp": [1734408885.964811, 1734471506.792941], "data": {"selected": [0, 0], "assigned": [36, 37], "preselecStu": [0, 0], "stuGender": [{"male": 0, "Female": 0}, {"male": 0, "Female": 0}]}}