{"timestamp": [1707540817.294705, 1707543997.102677], "data": {"selected": [120, 120], "assigned": [0, 0], "preselecStu": [120, 120], "stuGender": [{"male": 49, "Female": 71}, {"male": 49, "Female": 71}]}}