{"timestamp": [1707542663.609859, 1707545941.354902], "data": {"selected": [38, 38], "assigned": [0, 0], "preselecStu": [38, 38], "stuGender": [{"male": 17, "Female": 21}, {"male": 17, "Female": 21}]}}