{"timestamp": [1734410497.832514, 1734473039.331855, 1734560016.198198], "data": {"selected": [0, 0, 0], "assigned": [30, 39, 46], "preselecStu": [0, 0, 0], "stuGender": [{"male": 0, "Female": 0}, {"male": 0, "Female": 0}, {"male": 0, "Female": 0}]}}