{"timestamp": [1707541554.603023, 1707544759.736223], "data": {"selected": [50, 50], "assigned": [0, 0], "preselecStu": [50, 50], "stuGender": [{"male": 41, "Female": 9}, {"male": 41, "Female": 9}]}}