{"timestamp": [1707541783.195344, 1707545013.350436], "data": {"selected": [52, 52], "assigned": [0, 0], "preselecStu": [52, 52], "stuGender": [{"male": 20, "Female": 32}, {"male": 20, "Female": 32}]}}