{"timestamp": [1707577113.198323, 1707588792.96677, 1707659703.961595], "data": {"selected": [52, 52, 52], "assigned": [0, 0, 0], "preselecStu": [52, 52, 52], "stuGender": [{"male": 20, "Female": 32}, {"male": 20, "Female": 32}, {"male": 20, "Female": 32}]}}