{"timestamp": [1716066218.226434, 1716497491.102776, 1725440059.369668], "data": {"selected": [0, 0, 46], "assigned": [0, 0, 11], "preselecStu": [0, 0, 0], "stuGender": [{"male": 0, "Female": 0}, {"male": 0, "Female": 0}, {"male": 39, "Female": 7}]}}