{"timestamp": [1707577597.920317, 1707589362.6429, 1707659975.719457], "data": {"selected": [21, 21, 21], "assigned": [0, 0, 0], "preselecStu": [21, 21, 21], "stuGender": [{"male": 5, "Female": 16}, {"male": 5, "Female": 16}, {"male": 5, "Female": 16}]}}