{"timestamp": [1734408494.732514, 1734471132.28908, 1734557899.922103, 1734643679.651744], "data": {"selected": [0, 0, 0, 0], "assigned": [43, 49, 57, 62], "preselecStu": [0, 0, 0, 0], "stuGender": [{"male": 0, "Female": 0}, {"male": 0, "Female": 0}, {"male": 0, "Female": 0}, {"male": 0, "Female": 0}]}}