{"timestamp": [1707541588.583032, 1707544795.044823], "data": {"selected": [36, 36], "assigned": [0, 0], "preselecStu": [36, 36], "stuGender": [{"male": 34, "Female": 2}, {"male": 34, "Female": 2}]}}