{"timestamp": [1716068537.903913, 1716499677.681188, 1725443149.696547, 1725515556.001991], "data": {"selected": [0, 0, 1, 6], "assigned": [0, 0, 3, 2], "preselecStu": [0, 0, 1, 1], "stuGender": [{"male": 0, "Female": 0}, {"male": 0, "Female": 0}, {"male": 1, "Female": 0}, {"male": 2, "Female": 4}]}}