{"timestamp": [1734404993.546357, 1734467642.637486], "data": {"selected": [0, 0], "assigned": [265, 315], "preselecStu": [0, 0], "stuGender": [{"male": 0, "Female": 0}, {"male": 0, "Female": 0}]}}