{"timestamp": [1707576115.018972, 1707587555.027314, 1707659150.850952, 1707661749.382642], "data": {"selected": [2, 2, 2, 2], "assigned": [1, 1, 1, 1], "preselecStu": [2, 2, 2, 2], "stuGender": [{"male": 2, "Female": 1}, {"male": 2, "Female": 1}, {"male": 2, "Female": 1}, {"male": 2, "Female": 1}]}}