{"timestamp": [1707575238.575454, 1707586538.40782], "data": {"selected": [40, 40], "assigned": [0, 0], "preselecStu": [0, 0], "stuGender": [{"male": 18, "Female": 22}, {"male": 18, "Female": 22}]}}