{"timestamp": [1734406980.029986, 1734469731.645406], "data": {"selected": [0, 0], "assigned": [23, 26], "preselecStu": [0, 0], "stuGender": [{"male": 0, "Female": 0}, {"male": 0, "Female": 0}]}}