{"timestamp": [1707541216.935697, 1707544396.215278], "data": {"selected": [53, 53], "assigned": [0, 0], "preselecStu": [53, 53], "stuGender": [{"male": 41, "Female": 12}, {"male": 41, "Female": 12}]}}