{"timestamp": [1707578558.2215, 1707590647.477644, 1707660486.892762, 1707663107.174327], "data": {"selected": [55, 55, 55, 55], "assigned": [0, 0, 0, 0], "preselecStu": [55, 55, 55, 55], "stuGender": [{"male": 20, "Female": 35}, {"male": 20, "Female": 35}, {"male": 20, "Female": 35}, {"male": 20, "Female": 35}]}}