{"timestamp": [1716068635.570501, 1716499757.226844, 1725443247.259], "data": {"selected": [0, 0, 25], "assigned": [0, 28, 8], "preselecStu": [0, 0, 25], "stuGender": [{"male": 0, "Female": 0}, {"male": 0, "Female": 0}, {"male": 17, "Female": 8}]}}