{"timestamp": [1725437992.697215, 1725511199.238813, 1725597528.896257, 1725683682.098872], "data": {"selected": [0, 0, 2, 7], "assigned": [0, 0, 0, 0], "preselecStu": [0, 0, 0, 0], "stuGender": [{"male": 0, "Female": 0}, {"male": 0, "Female": 0}, {"male": 2, "Female": 0}, {"male": 5, "Female": 2}]}}