{"timestamp": [1716066674.47916, 1716497920.944782, 1725440746.782715], "data": {"selected": [0, 0, 12], "assigned": [0, 0, 14], "preselecStu": [0, 0, 12], "stuGender": [{"male": 0, "Female": 0}, {"male": 0, "Female": 0}, {"male": 11, "Female": 1}]}}