{"timestamp": [1716064758.09103, 1716496139.368226, 1725437865.348828], "data": {"selected": [0, 0, 10], "assigned": [0, 0, 4], "preselecStu": [0, 0, 10], "stuGender": [{"male": 0, "Female": 0}, {"male": 0, "Female": 0}, {"male": 6, "Female": 4}]}}