{"timestamp": [1716066837.391929, 1716498079.61644, 1725440996.628566], "data": {"selected": [0, 0, 27], "assigned": [0, 0, 0], "preselecStu": [0, 0, 0], "stuGender": [{"male": 0, "Female": 0}, {"male": 0, "Female": 0}, {"male": 19, "Female": 8}]}}