{"timestamp": [1707578747.764192, 1707590895.384731], "data": {"selected": [10, 10], "assigned": [0, 0], "preselecStu": [10, 10], "stuGender": [{"male": 5, "Female": 5}, {"male": 5, "Female": 5}]}}