{"timestamp": [1707577571.449633, 1707589330.79576], "data": {"selected": [17, 17], "assigned": [0, 0], "preselecStu": [17, 17], "stuGender": [{"male": 6, "Female": 11}, {"male": 6, "Female": 11}]}}