{"timestamp": [1734408648.095033, 1734471285.87297, 1734558097.137703, 1734643820.933935], "data": {"selected": [0, 0, 0, 0], "assigned": [16, 21, 21, 21], "preselecStu": [0, 0, 0, 0], "stuGender": [{"male": 0, "Female": 0}, {"male": 0, "Female": 0}, {"male": 0, "Female": 0}, {"male": 0, "Female": 0}]}}