{"timestamp": [1734405453.26209, 1734468116.742379, 1734554637.777442, 1734640864.019252], "data": {"selected": [0, 0, 0, 0], "assigned": [36, 36, 38, 38], "preselecStu": [0, 0, 0, 0], "stuGender": [{"male": 0, "Female": 0}, {"male": 0, "Female": 0}, {"male": 0, "Female": 0}, {"male": 0, "Female": 0}]}}