{"timestamp": [1707574437.422316, 1707585571.645632], "data": {"selected": [51, 51], "assigned": [0, 0], "preselecStu": [51, 51], "stuGender": [{"male": 21, "Female": 30}, {"male": 21, "Female": 30}]}}