{"timestamp": [1707541787.547164, 1707545017.715306], "data": {"selected": [30, 30], "assigned": [0, 0], "preselecStu": [30, 30], "stuGender": [{"male": 16, "Female": 14}, {"male": 16, "Female": 14}]}}