{"timestamp": [1734406177.618971, 1734468925.486188, 1734555435.233969], "data": {"selected": [0, 0, 0], "assigned": [5, 5, 9], "preselecStu": [0, 0, 0], "stuGender": [{"male": 0, "Female": 0}, {"male": 0, "Female": 0}, {"male": 0, "Female": 0}]}}