{"timestamp": [1716068937.272967, 1716500041.068604, 1725443570.402851, 1725515967.873327], "data": {"selected": [0, 0, 14, 10], "assigned": [0, 0, 7, 7], "preselecStu": [0, 0, 14, 10], "stuGender": [{"male": 0, "Female": 0}, {"male": 0, "Female": 0}, {"male": 5, "Female": 9}, {"male": 4, "Female": 6}]}}