{"timestamp": [1707541455.089594, 1707544655.82934], "data": {"selected": [20, 20], "assigned": [0, 0], "preselecStu": [20, 20], "stuGender": [{"male": 14, "Female": 6}, {"male": 14, "Female": 6}]}}