{"timestamp": [1734406967.13356, 1734469719.331405, 1734556295.427521, 1734642351.11747], "data": {"selected": [0, 0, 0, 0], "assigned": [21, 22, 24, 27], "preselecStu": [0, 0, 0, 0], "stuGender": [{"male": 0, "Female": 0}, {"male": 0, "Female": 0}, {"male": 0, "Female": 0}, {"male": 0, "Female": 0}]}}