{"timestamp": [1707578242.189224, 1707590221.839432, 1707660319.411034], "data": {"selected": [2, 2, 2], "assigned": [0, 0, 0], "preselecStu": [2, 2, 2], "stuGender": [{"male": 2, "Female": 0}, {"male": 2, "Female": 0}, {"male": 2, "Female": 0}]}}