{"timestamp": [1716065480.602692, 1716496801.483447, 1725438910.020627, 1725511931.605918], "data": {"selected": [0, 0, 19, 19], "assigned": [0, 0, 14, 20], "preselecStu": [0, 0, 19, 19], "stuGender": [{"male": 0, "Female": 0}, {"male": 0, "Female": 0}, {"male": 7, "Female": 12}, {"male": 7, "Female": 12}]}}