{"timestamp": [1734406870.325473, 1734469627.340787, 1734556190.264334], "data": {"selected": [0, 0, 0], "assigned": [46, 48, 56], "preselecStu": [0, 0, 0], "stuGender": [{"male": 0, "Female": 0}, {"male": 0, "Female": 0}, {"male": 0, "Female": 0}]}}