{"timestamp": [1716066804.085592, 1716498047.420127, 1725440952.249368], "data": {"selected": [0, 0, 7], "assigned": [0, 0, 65], "preselecStu": [0, 0, 7], "stuGender": [{"male": 0, "Female": 0}, {"male": 0, "Female": 0}, {"male": 6, "Female": 1}]}}