{"timestamp": [1707541142.650941, 1707544323.129555], "data": {"selected": [50, 50], "assigned": [0, 0], "preselecStu": [50, 50], "stuGender": [{"male": 37, "Female": 13}, {"male": 37, "Female": 13}]}}