{"timestamp": [1707541537.392879, 1707544741.84172], "data": {"selected": [75, 75], "assigned": [0, 0], "preselecStu": [75, 75], "stuGender": [{"male": 60, "Female": 15}, {"male": 60, "Female": 15}]}}