{"timestamp": [1734406634.616301, 1734469386.598918], "data": {"selected": [0, 0], "assigned": [29, 33], "preselecStu": [0, 0], "stuGender": [{"male": 0, "Female": 0}, {"male": 0, "Female": 0}]}}