{"timestamp": [1716068257.179991, 1716499410.184271, 1725442830.171909, 1725515218.383143], "data": {"selected": [0, 0, 1, 2], "assigned": [0, 0, 0, 0], "preselecStu": [0, 0, 0, 0], "stuGender": [{"male": 0, "Female": 0}, {"male": 0, "Female": 0}, {"male": 1, "Female": 0}, {"male": 2, "Female": 0}]}}