{"timestamp": [1716064532.508211, 1716495938.824383, 1725437549.568826], "data": {"selected": [0, 0, 49], "assigned": [0, 0, 36], "preselecStu": [0, 0, 49], "stuGender": [{"male": 0, "Female": 0}, {"male": 0, "Female": 0}, {"male": 35, "Female": 14}]}}