{"timestamp": [1716066950.688837, 1716498196.471102, 1725441140.703624], "data": {"selected": [0, 0, 64], "assigned": [0, 36, 1], "preselecStu": [0, 0, 34], "stuGender": [{"male": 0, "Female": 0}, {"male": 0, "Female": 0}, {"male": 45, "Female": 19}]}}