{"timestamp": [1707540300.419084, 1707543476.30569], "data": {"selected": [58, 58], "assigned": [0, 0], "preselecStu": [58, 58], "stuGender": [{"male": 20, "Female": 38}, {"male": 20, "Female": 38}]}}