{"timestamp": [1707541021.704674, 1707544203.125709], "data": {"selected": [29, 29], "assigned": [0, 0], "preselecStu": [29, 29], "stuGender": [{"male": 8, "Female": 21}, {"male": 8, "Female": 21}]}}