{"timestamp": [1716064457.287364, 1716495882.029766, 1725437450.566726, 1725510729.519474], "data": {"selected": [0, 24, 27, 27], "assigned": [0, 0, 0, 0], "preselecStu": [0, 0, 0, 0], "stuGender": [{"male": 0, "Female": 0}, {"male": 16, "Female": 8}, {"male": 19, "Female": 8}, {"male": 19, "Female": 8}]}}