{"timestamp": [1716064358.872004, 1716495792.216389, 1725437307.623185], "data": {"selected": [0, 0, 16], "assigned": [0, 27, 0], "preselecStu": [0, 0, 16], "stuGender": [{"male": 0, "Female": 0}, {"male": 0, "Female": 0}, {"male": 11, "Female": 5}]}}