{"timestamp": [1707541312.469522, 1707544499.13233], "data": {"selected": [38, 38], "assigned": [0, 0], "preselecStu": [38, 38], "stuGender": [{"male": 18, "Female": 20}, {"male": 18, "Female": 20}]}}