{"timestamp": [1716064760.217345, 1716496141.509961, 1725437868.134723], "data": {"selected": [0, 0, 14], "assigned": [0, 0, 5], "preselecStu": [0, 0, 14], "stuGender": [{"male": 0, "Female": 0}, {"male": 0, "Female": 0}, {"male": 5, "Female": 9}]}}