{"timestamp": [1734409921.116242, 1734472469.076769, 1734559421.953706, 1734644843.250775], "data": {"selected": [0, 0, 0, 0], "assigned": [16, 17, 17, 17], "preselecStu": [0, 0, 0, 0], "stuGender": [{"male": 0, "Female": 0}, {"male": 0, "Female": 0}, {"male": 0, "Female": 0}, {"male": 0, "Female": 0}]}}