{"timestamp": [1707541775.171583, 1707545004.534298], "data": {"selected": [60, 60], "assigned": [0, 0], "preselecStu": [60, 60], "stuGender": [{"male": 37, "Female": 23}, {"male": 37, "Female": 23}]}}