{"timestamp": [1707577099.652744, 1707588776.359568], "data": {"selected": [60, 60], "assigned": [0, 0], "preselecStu": [60, 60], "stuGender": [{"male": 37, "Female": 23}, {"male": 37, "Female": 23}]}}