{"timestamp": [1716067326.212237, 1716498565.722957, 1725441671.241567], "data": {"selected": [0, 0, 82], "assigned": [0, 64, 11], "preselecStu": [0, 0, 80], "stuGender": [{"male": 0, "Female": 0}, {"male": 0, "Female": 0}, {"male": 40, "Female": 42}]}}