{"timestamp": [1716067326.212237, 1716498565.722957, 1725441671.241567, 1725514124.450603], "data": {"selected": [0, 0, 82, 82], "assigned": [0, 64, 11, 21], "preselecStu": [0, 0, 80, 80], "stuGender": [{"male": 0, "Female": 0}, {"male": 0, "Female": 0}, {"male": 40, "Female": 42}, {"male": 40, "Female": 42}]}}