{"timestamp": [1734409251.844965, 1734471884.326481, 1734558797.55719], "data": {"selected": [0, 0, 0], "assigned": [9, 10, 10], "preselecStu": [0, 0, 0], "stuGender": [{"male": 0, "Female": 0}, {"male": 0, "Female": 0}, {"male": 0, "Female": 0}]}}