{"timestamp": [1707540895.956832, 1707544076.042235], "data": {"selected": [29, 29], "assigned": [0, 0], "preselecStu": [29, 29], "stuGender": [{"male": 22, "Female": 7}, {"male": 22, "Female": 7}]}}