{"timestamp": [1707542241.697095, 1707545520.971948], "data": {"selected": [18, 18], "assigned": [0, 0], "preselecStu": [18, 18], "stuGender": [{"male": 16, "Female": 2}, {"male": 16, "Female": 2}]}}