{"timestamp": [1707541813.844376, 1707545043.317964], "data": {"selected": [14, 14], "assigned": [0, 0], "preselecStu": [14, 14], "stuGender": [{"male": 2, "Female": 12}, {"male": 2, "Female": 12}]}}