{"timestamp": [1707577166.257573, 1707588855.710004, 1707659734.035431], "data": {"selected": [14, 14, 14], "assigned": [0, 0, 0], "preselecStu": [14, 14, 14], "stuGender": [{"male": 2, "Female": 12}, {"male": 2, "Female": 12}, {"male": 2, "Female": 12}]}}