{"timestamp": [1734411124.710611, 1734473593.372101, 1734560586.596793], "data": {"selected": [0, 0, 0], "assigned": [30, 32, 35], "preselecStu": [0, 0, 0], "stuGender": [{"male": 0, "Female": 0}, {"male": 0, "Female": 0}, {"male": 0, "Female": 0}]}}