{"timestamp": [1716069112.027851, 1716500202.594765, 1725443773.702631], "data": {"selected": [0, 0, 20], "assigned": [0, 0, 6], "preselecStu": [0, 0, 20], "stuGender": [{"male": 0, "Female": 0}, {"male": 0, "Female": 0}, {"male": 7, "Female": 13}]}}