{"timestamp": [1734406409.587139, 1734469141.345662, 1734555667.532264, 1734641849.875264], "data": {"selected": [0, 0, 0, 0], "assigned": [33, 36, 37, 38], "preselecStu": [0, 0, 0, 0], "stuGender": [{"male": 0, "Female": 0}, {"male": 0, "Female": 0}, {"male": 0, "Female": 0}, {"male": 0, "Female": 0}]}}