{"timestamp": [1716068844.137785, 1716499957.849143, 1725443474.480365, 1725515869.577515], "data": {"selected": [0, 0, 0, 0], "assigned": [0, 0, 1, 3], "preselecStu": [0, 0, 0, 0], "stuGender": [{"male": 0, "Female": 0}, {"male": 0, "Female": 0}, {"male": 0, "Female": 0}, {"male": 0, "Female": 0}]}}