{"timestamp": [1734404905.060227, 1734467557.963588, 1734554036.089495], "data": {"selected": [0, 0, 0], "assigned": [366, 421, 478], "preselecStu": [0, 0, 0], "stuGender": [{"male": 0, "Female": 0}, {"male": 0, "Female": 0}, {"male": 0, "Female": 0}]}}