{"timestamp": [1734408567.196746, 1734471216.48877, 1734558004.875211, 1734643756.16348], "data": {"selected": [0, 0, 0, 0], "assigned": [24, 27, 30, 33], "preselecStu": [0, 0, 0, 0], "stuGender": [{"male": 0, "Female": 0}, {"male": 0, "Female": 0}, {"male": 0, "Female": 0}, {"male": 0, "Female": 0}]}}