{"timestamp": [1707576753.77877, 1707588374.38784, 1707659500.895953, 1707662107.059011], "data": {"selected": [8, 8, 8, 8], "assigned": [0, 0, 0, 0], "preselecStu": [8, 8, 8, 8], "stuGender": [{"male": 8, "Female": 0}, {"male": 8, "Female": 0}, {"male": 8, "Female": 0}, {"male": 8, "Female": 0}]}}