{"timestamp": [1734407346.614749, 1734470086.455855], "data": {"selected": [0, 0], "assigned": [42, 42], "preselecStu": [0, 0], "stuGender": [{"male": 0, "Female": 0}, {"male": 0, "Female": 0}]}}