{"timestamp": [1707577065.227333, 1707588734.315571, 1707659676.265042], "data": {"selected": [70, 70, 70], "assigned": [0, 0, 0], "preselecStu": [70, 70, 70], "stuGender": [{"male": 29, "Female": 41}, {"male": 29, "Female": 41}, {"male": 29, "Female": 41}]}}