{"timestamp": [1707575129.429794, 1707586406.609656], "data": {"selected": [35, 35], "assigned": [0, 0], "preselecStu": [35, 35], "stuGender": [{"male": 27, "Female": 8}, {"male": 27, "Female": 8}]}}