{"timestamp": [1707540702.402984, 1707543880.959358], "data": {"selected": [35, 35], "assigned": [0, 0], "preselecStu": [35, 35], "stuGender": [{"male": 27, "Female": 8}, {"male": 27, "Female": 8}]}}