{"timestamp": [1707540292.759439, 1707543468.698326], "data": {"selected": [62, 62], "assigned": [0, 0], "preselecStu": [62, 62], "stuGender": [{"male": 22, "Female": 40}, {"male": 22, "Female": 40}]}}