{"timestamp": [1707576466.287035, 1707588041.247214, 1707659343.376574], "data": {"selected": [51, 51, 51], "assigned": [0, 0, 0], "preselecStu": [51, 51, 51], "stuGender": [{"male": 42, "Female": 9}, {"male": 42, "Female": 9}, {"male": 42, "Female": 9}]}}