{"timestamp": [1734408360.988373, 1734471008.821199, 1734557764.572839], "data": {"selected": [0, 0, 0], "assigned": [14, 14, 14], "preselecStu": [0, 0, 0], "stuGender": [{"male": 0, "Female": 0}, {"male": 0, "Female": 0}, {"male": 0, "Female": 0}]}}