{"timestamp": [1716064866.245671, 1716496246.533186, 1725438033.48466], "data": {"selected": [0, 0, 1], "assigned": [0, 0, 5], "preselecStu": [0, 0, 1], "stuGender": [{"male": 0, "Female": 0}, {"male": 0, "Female": 0}, {"male": 1, "Female": 0}]}}