{"timestamp": [1716064043.838549, 1716495490.719601, 1725436822.108004], "data": {"selected": [0, 0, 0], "assigned": [0, 0, 12], "preselecStu": [0, 0, 0], "stuGender": [{"male": 0, "Female": 0}, {"male": 0, "Female": 0}, {"male": 0, "Female": 0}]}}