{"timestamp": [1707541524.563743, 1707544729.142395], "data": {"selected": [110, 110], "assigned": [0, 0], "preselecStu": [110, 110], "stuGender": [{"male": 93, "Female": 17}, {"male": 93, "Female": 17}]}}