{"timestamp": [1716064959.902013, 1716496323.81257, 1725438171.414004, 1725511322.849414], "data": {"selected": [0, 0, 0, 0], "assigned": [0, 0, 76, 110], "preselecStu": [0, 0, 0, 0], "stuGender": [{"male": 0, "Female": 0}, {"male": 0, "Female": 0}, {"male": 0, "Female": 0}, {"male": 0, "Female": 0}]}}