{"timestamp": [1716069304.959519, 1716500357.808737, 1725443941.781412, 1725516339.559651], "data": {"selected": [0, 0, 8, 8], "assigned": [0, 0, 0, 0], "preselecStu": [0, 0, 0, 0], "stuGender": [{"male": 0, "Female": 0}, {"male": 0, "Female": 0}, {"male": 2, "Female": 6}, {"male": 2, "Female": 6}]}}