{"timestamp": [1716068046.280909, 1716499230.194292, 1725442577.977352, 1725514983.338187], "data": {"selected": [0, 0, 4, 4], "assigned": [0, 0, 8, 19], "preselecStu": [0, 0, 4, 4], "stuGender": [{"male": 0, "Female": 0}, {"male": 0, "Female": 0}, {"male": 2, "Female": 2}, {"male": 2, "Female": 2}]}}