{"timestamp": [1734406273.587538, 1734468997.89856, 1734555504.329811, 1734641697.690214], "data": {"selected": [0, 0, 0, 0], "assigned": [30, 31, 31, 34], "preselecStu": [0, 0, 0, 0], "stuGender": [{"male": 0, "Female": 0}, {"male": 0, "Female": 0}, {"male": 0, "Female": 0}, {"male": 0, "Female": 0}]}}