{"timestamp": [1707542187.62704, 1707545447.305102], "data": {"selected": [40, 40], "assigned": [2, 2], "preselecStu": [40, 40], "stuGender": [{"male": 28, "Female": 14}, {"male": 28, "Female": 14}]}}