{"timestamp": [1707578631.02741, 1707590743.741245, 1707660527.836742], "data": {"selected": [15, 15, 15], "assigned": [0, 0, 0], "preselecStu": [15, 15, 15], "stuGender": [{"male": 6, "Female": 9}, {"male": 6, "Female": 9}, {"male": 6, "Female": 9}]}}