{"timestamp": [1725437968.259502, 1725511180.478887], "data": {"selected": [0, 0], "assigned": [93, 205], "preselecStu": [0, 0], "stuGender": [{"male": 0, "Female": 0}, {"male": 0, "Female": 0}]}}