{"timestamp": [1725437968.259502, 1725511180.478887, 1725597508.448991], "data": {"selected": [0, 0, 114], "assigned": [93, 205, 52], "preselecStu": [0, 0, 0], "stuGender": [{"male": 0, "Female": 0}, {"male": 0, "Female": 0}, {"male": 47, "Female": 67}]}}