{"timestamp": [1716067924.805156, 1716499123.332433, 1725442411.827431], "data": {"selected": [0, 0, 11], "assigned": [0, 0, 18], "preselecStu": [0, 0, 11], "stuGender": [{"male": 0, "Female": 0}, {"male": 0, "Female": 0}, {"male": 8, "Female": 3}]}}