{"timestamp": [1716068020.550156, 1716499207.496203, 1725442540.32375], "data": {"selected": [0, 0, 55], "assigned": [0, 0, 53], "preselecStu": [0, 0, 55], "stuGender": [{"male": 0, "Female": 0}, {"male": 0, "Female": 0}, {"male": 44, "Female": 11}]}}