{"timestamp": [1716068020.550156, 1716499207.496203, 1725442540.32375, 1725514956.340767], "data": {"selected": [0, 0, 55, 51], "assigned": [0, 0, 53, 69], "preselecStu": [0, 0, 55, 51], "stuGender": [{"male": 0, "Female": 0}, {"male": 0, "Female": 0}, {"male": 44, "Female": 11}, {"male": 41, "Female": 10}]}}