{"timestamp": [1734406606.915814, 1734469354.869975], "data": {"selected": [0, 0], "assigned": [20, 21], "preselecStu": [0, 0], "stuGender": [{"male": 0, "Female": 0}, {"male": 0, "Female": 0}]}}