{"timestamp": [1734406606.915814, 1734469354.869975, 1734555900.396128, 1734642039.613378], "data": {"selected": [0, 0, 0, 0], "assigned": [20, 21, 21, 21], "preselecStu": [0, 0, 0, 0], "stuGender": [{"male": 0, "Female": 0}, {"male": 0, "Female": 0}, {"male": 0, "Female": 0}, {"male": 0, "Female": 0}]}}