{"timestamp": [1734408632.287781, 1734471276.485403, 1734558086.882522], "data": {"selected": [0, 0, 0], "assigned": [28, 28, 27], "preselecStu": [0, 0, 0], "stuGender": [{"male": 0, "Female": 0}, {"male": 0, "Female": 0}, {"male": 0, "Female": 0}]}}