{"timestamp": [1734408538.083135, 1734471175.989137], "data": {"selected": [0, 0], "assigned": [16, 19], "preselecStu": [0, 0], "stuGender": [{"male": 0, "Female": 0}, {"male": 0, "Female": 0}]}}