{"timestamp": [1716068685.579918, 1716499804.858203, 1725443301.015514], "data": {"selected": [0, 0, 2], "assigned": [0, 0, 1], "preselecStu": [0, 0, 2], "stuGender": [{"male": 0, "Female": 0}, {"male": 0, "Female": 0}, {"male": 1, "Female": 1}]}}