{"timestamp": [1716067306.050596, 1716498539.706176, 1725441618.152197], "data": {"selected": [0, 0, 44], "assigned": [0, 43, 0], "preselecStu": [0, 0, 43], "stuGender": [{"male": 0, "Female": 0}, {"male": 0, "Female": 0}, {"male": 26, "Female": 18}]}}