{"timestamp": [1716065039.083409, 1716496401.295411, 1725438310.271633], "data": {"selected": [0, 0, 48], "assigned": [0, 0, 3], "preselecStu": [0, 0, 0], "stuGender": [{"male": 0, "Female": 0}, {"male": 0, "Female": 0}, {"male": 10, "Female": 38}]}}