{"timestamp": [1734405501.848487, 1734468154.606674], "data": {"selected": [0, 0], "assigned": [56, 56], "preselecStu": [0, 0], "stuGender": [{"male": 0, "Female": 0}, {"male": 0, "Female": 0}]}}