{"timestamp": [1734405501.848487, 1734468154.606674, 1734554674.860597, 1734640901.450531], "data": {"selected": [0, 0, 0, 0], "assigned": [56, 56, 56, 57], "preselecStu": [0, 0, 0, 0], "stuGender": [{"male": 0, "Female": 0}, {"male": 0, "Female": 0}, {"male": 0, "Female": 0}, {"male": 0, "Female": 0}]}}