{"timestamp": [1716065558.784042, 1716496881.141925, 1725439075.352594], "data": {"selected": [0, 0, 0], "assigned": [0, 0, 241], "preselecStu": [0, 0, 0], "stuGender": [{"male": 0, "Female": 0}, {"male": 0, "Female": 0}, {"male": 0, "Female": 0}]}}