{"timestamp": [1734408670.560974, 1734471307.413736, 1734558138.616755], "data": {"selected": [0, 0, 0], "assigned": [138, 141, 147], "preselecStu": [0, 0, 0], "stuGender": [{"male": 0, "Female": 0}, {"male": 0, "Female": 0}, {"male": 0, "Female": 0}]}}