{"timestamp": [1707577032.105419, 1707588695.419506], "data": {"selected": [14, 14], "assigned": [0, 0], "preselecStu": [14, 14], "stuGender": [{"male": 12, "Female": 2}, {"male": 12, "Female": 2}]}}