{"timestamp": [1707576316.191032, 1707587844.793449, 1707659259.925122, 1707661861.249671], "data": {"selected": [10, 10, 10, 10], "assigned": [1, 1, 1, 1], "preselecStu": [10, 10, 10, 10], "stuGender": [{"male": 9, "Female": 2}, {"male": 9, "Female": 2}, {"male": 9, "Female": 2}, {"male": 9, "Female": 2}]}}