{"timestamp": [1734408854.8599, 1734471487.328522, 1734558332.04029], "data": {"selected": [0, 0, 0], "assigned": [20, 23, 26], "preselecStu": [0, 0, 0], "stuGender": [{"male": 0, "Female": 0}, {"male": 0, "Female": 0}, {"male": 0, "Female": 0}]}}