{"timestamp": [1707575442.848094, 1707586782.893811], "data": {"selected": [29, 29], "assigned": [0, 0], "preselecStu": [29, 29], "stuGender": [{"male": 19, "Female": 10}, {"male": 19, "Female": 10}]}}