{"timestamp": [1707540880.730604, 1707544060.939066], "data": {"selected": [29, 29], "assigned": [0, 0], "preselecStu": [29, 29], "stuGender": [{"male": 19, "Female": 10}, {"male": 19, "Female": 10}]}}