{"timestamp": [1716067785.513676, 1716498999.626619, 1725442248.162515, 1725514653.811668], "data": {"selected": [0, 0, 65, 65], "assigned": [0, 47, 11, 16], "preselecStu": [0, 0, 65, 65], "stuGender": [{"male": 0, "Female": 0}, {"male": 0, "Female": 0}, {"male": 55, "Female": 10}, {"male": 55, "Female": 10}]}}