{"timestamp": [1716067785.513676, 1716498999.626619, 1725442248.162515], "data": {"selected": [0, 0, 65], "assigned": [0, 47, 11], "preselecStu": [0, 0, 65], "stuGender": [{"male": 0, "Female": 0}, {"male": 0, "Female": 0}, {"male": 55, "Female": 10}]}}