{"timestamp": [1707541710.008158, 1707544937.345188], "data": {"selected": [21, 21], "assigned": [0, 0], "preselecStu": [21, 21], "stuGender": [{"male": 9, "Female": 12}, {"male": 9, "Female": 12}]}}