{"timestamp": [1707576984.173859, 1707588636.666428], "data": {"selected": [21, 21], "assigned": [0, 0], "preselecStu": [21, 21], "stuGender": [{"male": 9, "Female": 12}, {"male": 9, "Female": 12}]}}