{"timestamp": [1707540642.702437, 1707543818.290276], "data": {"selected": [50, 50], "assigned": [0, 0], "preselecStu": [50, 50], "stuGender": [{"male": 28, "Female": 22}, {"male": 28, "Female": 22}]}}