{"timestamp": [1716066407.219659, 1716497641.966077, 1725440314.117732], "data": {"selected": [0, 0, 9], "assigned": [0, 0, 22], "preselecStu": [0, 0, 9], "stuGender": [{"male": 0, "Female": 0}, {"male": 0, "Female": 0}, {"male": 7, "Female": 2}]}}