{"timestamp": [1734406456.462603, 1734469190.114083], "data": {"selected": [0, 0], "assigned": [87, 93], "preselecStu": [0, 0], "stuGender": [{"male": 0, "Female": 0}, {"male": 0, "Female": 0}]}}