{"timestamp": [1716065352.843233, 1716496674.707521, 1725438735.296149], "data": {"selected": [0, 0, 15], "assigned": [0, 0, 2], "preselecStu": [0, 0, 15], "stuGender": [{"male": 0, "Female": 0}, {"male": 0, "Female": 0}, {"male": 1, "Female": 14}]}}