{"timestamp": [1734405272.248252, 1734467942.225842, 1734554476.674317], "data": {"selected": [0, 0, 0], "assigned": [48, 52, 59], "preselecStu": [0, 0, 0], "stuGender": [{"male": 0, "Female": 0}, {"male": 0, "Female": 0}, {"male": 0, "Female": 0}]}}