{"timestamp": [1734405749.458892, 1734468473.659961], "data": {"selected": [0, 0], "assigned": [106, 114], "preselecStu": [0, 0], "stuGender": [{"male": 0, "Female": 0}, {"male": 0, "Female": 0}]}}