{"timestamp": [1734405749.458892, 1734468473.659961, 1734554961.063823], "data": {"selected": [0, 0, 0], "assigned": [106, 114, 134], "preselecStu": [0, 0, 0], "stuGender": [{"male": 0, "Female": 0}, {"male": 0, "Female": 0}, {"male": 0, "Female": 0}]}}