{"timestamp": [1734406271.039875, 1734468994.979951, 1734555501.87642, 1734641695.071658], "data": {"selected": [0, 0, 0, 0], "assigned": [35, 35, 35, 37], "preselecStu": [0, 0, 0, 0], "stuGender": [{"male": 0, "Female": 0}, {"male": 0, "Female": 0}, {"male": 0, "Female": 0}, {"male": 0, "Female": 0}]}}