{"timestamp": [1734406271.039875, 1734468994.979951], "data": {"selected": [0, 0], "assigned": [35, 35], "preselecStu": [0, 0], "stuGender": [{"male": 0, "Female": 0}, {"male": 0, "Female": 0}]}}