{"timestamp": [1716067405.963915, 1716498638.913732, 1725441777.270508], "data": {"selected": [0, 0, 7], "assigned": [0, 0, 0], "preselecStu": [0, 0, 0], "stuGender": [{"male": 0, "Female": 0}, {"male": 0, "Female": 0}, {"male": 6, "Female": 1}]}}