{"timestamp": [1707575895.48598, 1707587308.366002, 1707659036.392467], "data": {"selected": [50, 50, 50], "assigned": [0, 0, 0], "preselecStu": [50, 50, 50], "stuGender": [{"male": 36, "Female": 14}, {"male": 36, "Female": 14}, {"male": 36, "Female": 14}]}}