{"timestamp": [1716065243.666104, 1716496572.53695, 1725438569.474473, 1725511645.976219], "data": {"selected": [0, 0, 20, 18], "assigned": [0, 0, 15, 20], "preselecStu": [0, 0, 20, 18], "stuGender": [{"male": 0, "Female": 0}, {"male": 0, "Female": 0}, {"male": 3, "Female": 17}, {"male": 3, "Female": 15}]}}