{"timestamp": [1707575726.48994, 1707587109.047492, 1707658940.640576, 1707661537.86296], "data": {"selected": [6, 6, 6, 6], "assigned": [0, 0, 0, 0], "preselecStu": [6, 6, 6, 6], "stuGender": [{"male": 1, "Female": 5}, {"male": 1, "Female": 5}, {"male": 1, "Female": 5}, {"male": 1, "Female": 5}]}}