{"timestamp": [1734406590.134604, 1734469340.650383, 1734555885.572571], "data": {"selected": [0, 0, 0], "assigned": [26, 27, 30], "preselecStu": [0, 0, 0], "stuGender": [{"male": 0, "Female": 0}, {"male": 0, "Female": 0}, {"male": 0, "Female": 0}]}}