{"timestamp": [1734406590.134604, 1734469340.650383], "data": {"selected": [0, 0], "assigned": [26, 27], "preselecStu": [0, 0], "stuGender": [{"male": 0, "Female": 0}, {"male": 0, "Female": 0}]}}