{"timestamp": [1716066633.738181, 1716497883.795223, 1725440666.128852], "data": {"selected": [0, 0, 2], "assigned": [0, 0, 5], "preselecStu": [0, 0, 2], "stuGender": [{"male": 0, "Female": 0}, {"male": 0, "Female": 0}, {"male": 2, "Female": 0}]}}