{"timestamp": [1707578152.0211, 1707590096.202719, 1707660268.740703], "data": {"selected": [47, 47, 47], "assigned": [0, 0, 0], "preselecStu": [47, 47, 47], "stuGender": [{"male": 32, "Female": 15}, {"male": 32, "Female": 15}, {"male": 32, "Female": 15}]}}