{"timestamp": [1707542330.697338, 1707545603.576141], "data": {"selected": [73, 73], "assigned": [0, 0], "preselecStu": [73, 73], "stuGender": [{"male": 49, "Female": 24}, {"male": 49, "Female": 24}]}}