{"timestamp": [1707578133.815478, 1707590073.124278], "data": {"selected": [73, 73], "assigned": [0, 0], "preselecStu": [73, 73], "stuGender": [{"male": 49, "Female": 24}, {"male": 49, "Female": 24}]}}