{"timestamp": [1716067073.095658, 1716498310.511359, 1725441296.379631], "data": {"selected": [0, 0, 58], "assigned": [0, 0, 0], "preselecStu": [0, 0, 58], "stuGender": [{"male": 0, "Female": 0}, {"male": 0, "Female": 0}, {"male": 31, "Female": 27}]}}