{"timestamp": [1716063837.840041, 1716495296.929931, 1725436530.699399], "data": {"selected": [0, 0, 41], "assigned": [0, 0, 36], "preselecStu": [0, 0, 41], "stuGender": [{"male": 0, "Female": 0}, {"male": 0, "Female": 0}, {"male": 20, "Female": 21}]}}