{"timestamp": [1734406691.41791, 1734469441.116001, 1734556009.290953], "data": {"selected": [0, 0, 0], "assigned": [5, 5, 5], "preselecStu": [0, 0, 0], "stuGender": [{"male": 0, "Female": 0}, {"male": 0, "Female": 0}, {"male": 0, "Female": 0}]}}