{"timestamp": [1716068817.006747, 1716499932.996204, 1725443449.669452], "data": {"selected": [0, 0, 0], "assigned": [0, 0, 2], "preselecStu": [0, 0, 0], "stuGender": [{"male": 0, "Female": 0}, {"male": 0, "Female": 0}, {"male": 0, "Female": 0}]}}