{"timestamp": [1707578060.530457, 1707589985.271196, 1707660217.70193], "data": {"selected": [26, 26, 26], "assigned": [0, 0, 0], "preselecStu": [26, 26, 26], "stuGender": [{"male": 18, "Female": 8}, {"male": 18, "Female": 8}, {"male": 18, "Female": 8}]}}