{"timestamp": [1707542299.361087, 1707545569.76028], "data": {"selected": [25, 25], "assigned": [0, 0], "preselecStu": [25, 25], "stuGender": [{"male": 15, "Female": 10}, {"male": 15, "Female": 10}]}}