{"timestamp": [1716064957.714801, 1716496321.378654, 1725438166.656672], "data": {"selected": [0, 0, 0], "assigned": [0, 0, 82], "preselecStu": [0, 0, 0], "stuGender": [{"male": 0, "Female": 0}, {"male": 0, "Female": 0}, {"male": 0, "Female": 0}]}}