{"timestamp": [1716066570.338554, 1716497815.615609, 1725440583.655699], "data": {"selected": [0, 0, 41], "assigned": [0, 39, 0], "preselecStu": [0, 0, 41], "stuGender": [{"male": 0, "Female": 0}, {"male": 0, "Female": 0}, {"male": 32, "Female": 9}]}}