{"timestamp": [1707542218.72634, 1707545484.991475], "data": {"selected": [40, 40], "assigned": [0, 0], "preselecStu": [40, 40], "stuGender": [{"male": 30, "Female": 10}, {"male": 30, "Female": 10}]}}