{"timestamp": [1707540867.332625, 1707544046.336463], "data": {"selected": [46, 46], "assigned": [0, 0], "preselecStu": [46, 46], "stuGender": [{"male": 32, "Female": 14}, {"male": 32, "Female": 14}]}}