{"timestamp": [1716067719.271185, 1716498933.803557, 1725442147.0617, 1725514558.948234], "data": {"selected": [0, 0, 5, 5], "assigned": [0, 0, 9, 9], "preselecStu": [0, 0, 4, 4], "stuGender": [{"male": 0, "Female": 0}, {"male": 0, "Female": 0}, {"male": 3, "Female": 2}, {"male": 3, "Female": 2}]}}