{"timestamp": [1707541769.520442, 1707544998.782467], "data": {"selected": [56, 56], "assigned": [0, 0], "preselecStu": [56, 56], "stuGender": [{"male": 25, "Female": 31}, {"male": 25, "Female": 31}]}}