{"timestamp": [1707577089.915774, 1707588764.444276, 1707659690.274552], "data": {"selected": [56, 56, 56], "assigned": [0, 0, 0], "preselecStu": [56, 56, 56], "stuGender": [{"male": 25, "Female": 31}, {"male": 25, "Female": 31}, {"male": 25, "Female": 31}]}}