{"timestamp": [1707541882.123617, 1707545119.00312], "data": {"selected": [13, 13], "assigned": [0, 0], "preselecStu": [13, 13], "stuGender": [{"male": 12, "Female": 1}, {"male": 12, "Female": 1}]}}