{"timestamp": [1707575929.237383, 1707587342.239091, 1707659052.981068, 1707661651.250905], "data": {"selected": [5, 5, 5, 5], "assigned": [0, 0, 0, 0], "preselecStu": [5, 5, 5, 5], "stuGender": [{"male": 4, "Female": 1}, {"male": 4, "Female": 1}, {"male": 4, "Female": 1}, {"male": 4, "Female": 1}]}}