{"timestamp": [1716067359.43879, 1716498601.541645, 1725441724.470347], "data": {"selected": [0, 0, 26], "assigned": [0, 1, 3], "preselecStu": [0, 0, 0], "stuGender": [{"male": 0, "Female": 0}, {"male": 0, "Female": 0}, {"male": 14, "Female": 12}]}}