{"timestamp": [1716066491.204946, 1716497727.617957, 1725440428.769709], "data": {"selected": [0, 0, 2], "assigned": [0, 0, 4], "preselecStu": [0, 0, 2], "stuGender": [{"male": 0, "Female": 0}, {"male": 0, "Female": 0}, {"male": 1, "Female": 1}]}}