{"timestamp": [1707575054.209502, 1707586320.891067, 1707658555.711268], "data": {"selected": [18, 18, 18], "assigned": [0, 0, 0], "preselecStu": [18, 18, 18], "stuGender": [{"male": 5, "Female": 13}, {"male": 5, "Female": 13}, {"male": 5, "Female": 13}]}}