{"timestamp": [1716068527.079781, 1716499666.023071, 1725443134.844815], "data": {"selected": [0, 0, 7], "assigned": [0, 0, 4], "preselecStu": [0, 0, 7], "stuGender": [{"male": 0, "Female": 0}, {"male": 0, "Female": 0}, {"male": 5, "Female": 2}]}}