{"timestamp": [1734408316.072308, 1734470973.680123], "data": {"selected": [0, 0], "assigned": [20, 23], "preselecStu": [0, 0], "stuGender": [{"male": 0, "Female": 0}, {"male": 0, "Female": 0}]}}