{"timestamp": [1734408316.072308, 1734470973.680123, 1734557728.58753, 1734643520.999348], "data": {"selected": [0, 0, 0, 0], "assigned": [20, 23, 25, 25], "preselecStu": [0, 0, 0, 0], "stuGender": [{"male": 0, "Female": 0}, {"male": 0, "Female": 0}, {"male": 0, "Female": 0}, {"male": 0, "Female": 0}]}}