{"timestamp": [1707542272.441457, 1707545541.666448], "data": {"selected": [15, 15], "assigned": [0, 0], "preselecStu": [15, 15], "stuGender": [{"male": 10, "Female": 5}, {"male": 10, "Female": 5}]}}