{"timestamp": [1707578027.476803, 1707589925.70631, 1707660199.475891], "data": {"selected": [15, 15, 15], "assigned": [0, 0, 0], "preselecStu": [15, 15, 15], "stuGender": [{"male": 10, "Female": 5}, {"male": 10, "Female": 5}, {"male": 10, "Female": 5}]}}