{"timestamp": [1716068311.100365, 1716499463.885075, 1725442893.743199, 1725515302.160255], "data": {"selected": [0, 0, 0, 0], "assigned": [0, 0, 6, 8], "preselecStu": [0, 0, 0, 0], "stuGender": [{"male": 0, "Female": 0}, {"male": 0, "Female": 0}, {"male": 0, "Female": 0}, {"male": 0, "Female": 0}]}}