{"timestamp": [1707578373.862326, 1707590400.103091], "data": {"selected": [14, 14], "assigned": [0, 0], "preselecStu": [14, 14], "stuGender": [{"male": 12, "Female": 2}, {"male": 12, "Female": 2}]}}