{"timestamp": [1734410605.991946, 1734473137.357697, 1734560115.091643], "data": {"selected": [0, 0, 0], "assigned": [4, 5, 6], "preselecStu": [0, 0, 0], "stuGender": [{"male": 0, "Female": 0}, {"male": 0, "Female": 0}, {"male": 0, "Female": 0}]}}