{"timestamp": [1734406727.20803, 1734469468.177632, 1734556036.325985, 1734642148.613802], "data": {"selected": [0, 0, 0, 0], "assigned": [5, 5, 5, 5], "preselecStu": [0, 0, 0, 0], "stuGender": [{"male": 0, "Female": 0}, {"male": 0, "Female": 0}, {"male": 0, "Female": 0}, {"male": 0, "Female": 0}]}}