{"timestamp": [1716067430.08997, 1716498665.745845, 1725441807.917935], "data": {"selected": [0, 0, 29], "assigned": [0, 29, 0], "preselecStu": [0, 0, 29], "stuGender": [{"male": 0, "Female": 0}, {"male": 0, "Female": 0}, {"male": 11, "Female": 18}]}}