{"timestamp": [1716067526.714285, 1716498760.673147, 1725441925.86316, 1725514364.863657], "data": {"selected": [0, 0, 20, 18], "assigned": [0, 0, 0, 0], "preselecStu": [0, 0, 0, 0], "stuGender": [{"male": 0, "Female": 0}, {"male": 0, "Female": 0}, {"male": 8, "Female": 12}, {"male": 7, "Female": 11}]}}