{"timestamp": [1707575205.888871, 1707586499.364924, 1707658644.050111, 1707661244.114783], "data": {"selected": [35, 35, 35, 35], "assigned": [0, 0, 0, 0], "preselecStu": [0, 0, 0, 0], "stuGender": [{"male": 26, "Female": 9}, {"male": 26, "Female": 9}, {"male": 26, "Female": 9}, {"male": 26, "Female": 9}]}}