{"timestamp": [1707577283.427464, 1707588991.244361], "data": {"selected": [35, 35], "assigned": [0, 0], "preselecStu": [35, 35], "stuGender": [{"male": 19, "Female": 16}, {"male": 19, "Female": 16}]}}