{"timestamp": [1707541877.024246, 1707545112.64566], "data": {"selected": [35, 35], "assigned": [0, 0], "preselecStu": [35, 35], "stuGender": [{"male": 19, "Female": 16}, {"male": 19, "Female": 16}]}}