{"timestamp": [1734410895.280796, 1734473394.794945, 1734560375.810195, 1734645782.423269], "data": {"selected": [0, 0, 0, 0], "assigned": [53, 59, 64, 71], "preselecStu": [0, 0, 0, 0], "stuGender": [{"male": 0, "Female": 0}, {"male": 0, "Female": 0}, {"male": 0, "Female": 0}, {"male": 0, "Female": 0}]}}