{"timestamp": [1734410895.280796, 1734473394.794945], "data": {"selected": [0, 0], "assigned": [53, 59], "preselecStu": [0, 0], "stuGender": [{"male": 0, "Female": 0}, {"male": 0, "Female": 0}]}}