{"timestamp": [1707541009.994805, 1707544189.376004], "data": {"selected": [22, 22], "assigned": [0, 0], "preselecStu": [22, 22], "stuGender": [{"male": 3, "Female": 19}, {"male": 3, "Female": 19}]}}