{"timestamp": [1716068999.500197, 1716500088.343468, 1725443649.048384, 1725516043.96018], "data": {"selected": [0, 0, 1, 1], "assigned": [0, 0, 3, 3], "preselecStu": [0, 0, 1, 1], "stuGender": [{"male": 0, "Female": 0}, {"male": 0, "Female": 0}, {"male": 0, "Female": 1}, {"male": 0, "Female": 1}]}}