{"timestamp": [1716064367.916952, 1716495800.839683, 1725437324.047977], "data": {"selected": [0, 0, 42], "assigned": [0, 0, 70], "preselecStu": [0, 0, 42], "stuGender": [{"male": 0, "Female": 0}, {"male": 0, "Female": 0}, {"male": 27, "Female": 15}]}}