{"timestamp": [1734404810.000939, 1734467439.054458], "data": {"selected": [0, 0], "assigned": [41, 41], "preselecStu": [0, 0], "stuGender": [{"male": 0, "Female": 0}, {"male": 0, "Female": 0}]}}