{"timestamp": [1707540612.907974, 1707543787.181622], "data": {"selected": [39, 39], "assigned": [0, 0], "preselecStu": [39, 39], "stuGender": [{"male": 11, "Female": 28}, {"male": 11, "Female": 28}]}}