{"timestamp": [1716069282.35872, 1716500335.398183, 1725443912.890147, 1725516308.726639], "data": {"selected": [0, 0, 35, 35], "assigned": [0, 0, 1, 2], "preselecStu": [0, 0, 35, 35], "stuGender": [{"male": 0, "Female": 0}, {"male": 0, "Female": 0}, {"male": 23, "Female": 12}, {"male": 23, "Female": 12}]}}