{"timestamp": [1707541351.681678, 1707544539.873057], "data": {"selected": [127, 127], "assigned": [0, 0], "preselecStu": [127, 127], "stuGender": [{"male": 106, "Female": 21}, {"male": 106, "Female": 21}]}}