{"timestamp": [1707541239.435185, 1707544420.956606], "data": {"selected": [31, 31], "assigned": [0, 0], "preselecStu": [31, 31], "stuGender": [{"male": 21, "Female": 10}, {"male": 21, "Female": 10}]}}