{"timestamp": [1707576103.310539, 1707587541.556819], "data": {"selected": [31, 31], "assigned": [0, 0], "preselecStu": [31, 31], "stuGender": [{"male": 21, "Female": 10}, {"male": 21, "Female": 10}]}}