{"timestamp": [1725438780.2648, 1725511837.002519, 1725598177.221467], "data": {"selected": [6, 6, 8], "assigned": [1, 1, 0], "preselecStu": [0, 0, 0], "stuGender": [{"male": 3, "Female": 3}, {"male": 3, "Female": 3}, {"male": 3, "Female": 5}]}}