{"timestamp": [1734405471.520885, 1734468130.463595, 1734554650.346921, 1734640876.129795], "data": {"selected": [0, 0, 0, 0], "assigned": [50, 50, 50, 50], "preselecStu": [0, 0, 0, 0], "stuGender": [{"male": 0, "Female": 0}, {"male": 0, "Female": 0}, {"male": 0, "Female": 0}, {"male": 0, "Female": 0}]}}