{"timestamp": [1707541843.744356, 1707545074.669842], "data": {"selected": [18, 18], "assigned": [0, 0], "preselecStu": [18, 18], "stuGender": [{"male": 12, "Female": 6}, {"male": 12, "Female": 6}]}}