{"timestamp": [1707577222.280621, 1707588920.181776], "data": {"selected": [18, 18], "assigned": [0, 0], "preselecStu": [18, 18], "stuGender": [{"male": 12, "Female": 6}, {"male": 12, "Female": 6}]}}