{"timestamp": [1707576997.71631, 1707588653.555024, 1707659635.828759], "data": {"selected": [10, 10, 10], "assigned": [0, 0, 0], "preselecStu": [10, 10, 10], "stuGender": [{"male": 6, "Female": 4}, {"male": 6, "Female": 4}, {"male": 6, "Female": 4}]}}