{"timestamp": [1734408614.73915, 1734471259.658191, 1734558057.830344], "data": {"selected": [0, 0, 0], "assigned": [5, 5, 5], "preselecStu": [0, 0, 0], "stuGender": [{"male": 0, "Female": 0}, {"male": 0, "Female": 0}, {"male": 0, "Female": 0}]}}