{"timestamp": [1734410582.776305, 1734473123.236581, 1734560099.493513, 1734645491.916067], "data": {"selected": [0, 0, 0, 0], "assigned": [16, 17, 20, 20], "preselecStu": [0, 0, 0, 0], "stuGender": [{"male": 0, "Female": 0}, {"male": 0, "Female": 0}, {"male": 0, "Female": 0}, {"male": 0, "Female": 0}]}}