{"timestamp": [1734410582.776305, 1734473123.236581], "data": {"selected": [0, 0], "assigned": [16, 17], "preselecStu": [0, 0], "stuGender": [{"male": 0, "Female": 0}, {"male": 0, "Female": 0}]}}