{"timestamp": [1734407752.187822, 1734470453.587273, 1734557127.529821], "data": {"selected": [0, 0, 0], "assigned": [7, 11, 15], "preselecStu": [0, 0, 0], "stuGender": [{"male": 0, "Female": 0}, {"male": 0, "Female": 0}, {"male": 0, "Female": 0}]}}