{"timestamp": [1734409981.670563, 1734472523.499144], "data": {"selected": [0, 0], "assigned": [18, 21], "preselecStu": [0, 0], "stuGender": [{"male": 0, "Female": 0}, {"male": 0, "Female": 0}]}}