{"timestamp": [1716065254.528152, 1716496583.997907, 1725438593.797975, 1725511666.741408], "data": {"selected": [0, 0, 46, 46], "assigned": [0, 0, 5, 6], "preselecStu": [0, 0, 46, 46], "stuGender": [{"male": 0, "Female": 0}, {"male": 0, "Female": 0}, {"male": 11, "Female": 35}, {"male": 11, "Female": 35}]}}