{"timestamp": [1716068419.365946, 1716499568.761478, 1725443019.959926, 1725515427.3658], "data": {"selected": [0, 0, 4, 4], "assigned": [0, 0, 0, 0], "preselecStu": [0, 0, 0, 0], "stuGender": [{"male": 0, "Female": 0}, {"male": 0, "Female": 0}, {"male": 4, "Female": 0}, {"male": 4, "Female": 0}]}}