{"timestamp": [1734408550.310249, 1734471194.422667, 1734557986.035384], "data": {"selected": [0, 0, 0], "assigned": [0, 0, 2], "preselecStu": [0, 0, 0], "stuGender": [{"male": 0, "Female": 0}, {"male": 0, "Female": 0}, {"male": 0, "Female": 0}]}}