{"timestamp": [1716069239.284743, 1716500303.752475, 1725443875.527417, 1725516272.716034], "data": {"selected": [0, 0, 15, 13], "assigned": [0, 0, 3, 3], "preselecStu": [0, 0, 15, 13], "stuGender": [{"male": 0, "Female": 0}, {"male": 0, "Female": 0}, {"male": 9, "Female": 6}, {"male": 9, "Female": 4}]}}