{"timestamp": [1707575078.430257, 1707586350.07484, 1707658568.54613, 1707661169.583962], "data": {"selected": [46, 46, 46, 46], "assigned": [0, 0, 0, 0], "preselecStu": [46, 46, 46, 46], "stuGender": [{"male": 20, "Female": 26}, {"male": 20, "Female": 26}, {"male": 20, "Female": 26}, {"male": 20, "Female": 26}]}}