{"timestamp": [1707541343.133664, 1707544531.394253], "data": {"selected": [60, 60], "assigned": [0, 0], "preselecStu": [60, 60], "stuGender": [{"male": 41, "Female": 19}, {"male": 41, "Female": 19}]}}