{"timestamp": [1707576299.073451, 1707587822.801473], "data": {"selected": [60, 60], "assigned": [0, 0], "preselecStu": [60, 60], "stuGender": [{"male": 41, "Female": 19}, {"male": 41, "Female": 19}]}}