{"timestamp": [1716067066.537133, 1716498303.760078, 1725441288.947506, 1725513823.255709], "data": {"selected": [0, 0, 62, 62], "assigned": [0, 52, 0, 0], "preselecStu": [0, 0, 62, 62], "stuGender": [{"male": 0, "Female": 0}, {"male": 0, "Female": 0}, {"male": 25, "Female": 37}, {"male": 25, "Female": 37}]}}