{"timestamp": [1734405894.566368, 1734468621.602086], "data": {"selected": [46, 46], "assigned": [0, 0], "preselecStu": [0, 0], "stuGender": [{"male": 36, "Female": 10}, {"male": 36, "Female": 10}]}}