{"timestamp": [1734408698.779257, 1734471323.371025, 1734558156.894173], "data": {"selected": [0, 0, 0], "assigned": [1, 2, 3], "preselecStu": [0, 0, 0], "stuGender": [{"male": 0, "Female": 0}, {"male": 0, "Female": 0}, {"male": 0, "Female": 0}]}}