{"timestamp": [1707576551.442619, 1707588139.531855, 1707659391.22816, 1707661993.984888], "data": {"selected": [28, 28, 28, 28], "assigned": [0, 0, 0, 0], "preselecStu": [28, 28, 28, 28], "stuGender": [{"male": 21, "Female": 7}, {"male": 21, "Female": 7}, {"male": 21, "Female": 7}, {"male": 21, "Female": 7}]}}