{"timestamp": [1707577913.110827, 1707589797.800973], "data": {"selected": [50, 50], "assigned": [1, 1], "preselecStu": [50, 50], "stuGender": [{"male": 36, "Female": 15}, {"male": 36, "Female": 15}]}}