{"timestamp": [1716067865.987344, 1716499074.496455, 1725442338.838037], "data": {"selected": [0, 0, 36], "assigned": [0, 0, 0], "preselecStu": [0, 0, 36], "stuGender": [{"male": 0, "Female": 0}, {"male": 0, "Female": 0}, {"male": 30, "Female": 6}]}}