{"timestamp": [1707542130.886354, 1707545386.899777], "data": {"selected": [29, 29], "assigned": [0, 0], "preselecStu": [29, 29], "stuGender": [{"male": 21, "Female": 8}, {"male": 21, "Female": 8}]}}