{"timestamp": [1734409793.83689, 1734472341.169524, 1734559330.706203, 1734644756.470176], "data": {"selected": [0, 0, 0, 0], "assigned": [50, 50, 50, 50], "preselecStu": [0, 0, 0, 0], "stuGender": [{"male": 0, "Female": 0}, {"male": 0, "Female": 0}, {"male": 0, "Female": 0}, {"male": 0, "Female": 0}]}}