{"timestamp": [1707542014.553288, 1707545254.98119], "data": {"selected": [18, 18], "assigned": [0, 0], "preselecStu": [18, 18], "stuGender": [{"male": 1, "Female": 17}, {"male": 1, "Female": 17}]}}