{"timestamp": [1707577544.681775, 1707589298.617805], "data": {"selected": [18, 18], "assigned": [0, 0], "preselecStu": [18, 18], "stuGender": [{"male": 1, "Female": 17}, {"male": 1, "Female": 17}]}}