{"timestamp": [1707541931.032204, 1707545171.416924], "data": {"selected": [26, 26], "assigned": [0, 0], "preselecStu": [26, 26], "stuGender": [{"male": 11, "Female": 15}, {"male": 11, "Female": 15}]}}