{"timestamp": [1707540754.203801, 1707543932.803265], "data": {"selected": [47, 47], "assigned": [0, 0], "preselecStu": [0, 0], "stuGender": [{"male": 31, "Female": 16}, {"male": 31, "Female": 16}]}}