{"timestamp": [1707575219.164373, 1707586514.910853, 1707658651.561067], "data": {"selected": [47, 47, 47], "assigned": [0, 0, 0], "preselecStu": [0, 0, 0], "stuGender": [{"male": 31, "Female": 16}, {"male": 31, "Female": 16}, {"male": 31, "Female": 16}]}}