{"timestamp": [1707576312.489193, 1707587840.346128, 1707659257.522663], "data": {"selected": [127, 127, 127], "assigned": [0, 0, 0], "preselecStu": [127, 127, 127], "stuGender": [{"male": 106, "Female": 21}, {"male": 106, "Female": 21}, {"male": 106, "Female": 21}]}}