{"timestamp": [1734409144.714061, 1734471761.733925, 1734558649.181441, 1734644232.174134], "data": {"selected": [0, 0, 0, 0], "assigned": [8, 8, 11, 15], "preselecStu": [0, 0, 0, 0], "stuGender": [{"male": 0, "Female": 0}, {"male": 0, "Female": 0}, {"male": 0, "Female": 0}, {"male": 0, "Female": 0}]}}