{"timestamp": [1716069089.016359, 1716500177.2346, 1725443746.362754], "data": {"selected": [0, 0, 7], "assigned": [0, 0, 4], "preselecStu": [0, 0, 7], "stuGender": [{"male": 0, "Female": 0}, {"male": 0, "Female": 0}, {"male": 2, "Female": 5}]}}