{"timestamp": [1716067414.519756, 1716498648.475621, 1725441788.428332], "data": {"selected": [0, 0, 1], "assigned": [0, 1, 0], "preselecStu": [0, 0, 1], "stuGender": [{"male": 0, "Female": 0}, {"male": 0, "Female": 0}, {"male": 1, "Female": 0}]}}