{"timestamp": [1734405293.300586, 1734467964.006081, 1734554498.480238, 1734640737.634567], "data": {"selected": [0, 0, 0, 0], "assigned": [26, 32, 33, 37], "preselecStu": [0, 0, 0, 0], "stuGender": [{"male": 0, "Female": 0}, {"male": 0, "Female": 0}, {"male": 0, "Female": 0}, {"male": 0, "Female": 0}]}}