{"timestamp": [1734409820.527385, 1734472361.290187], "data": {"selected": [0, 0], "assigned": [48, 52], "preselecStu": [0, 0], "stuGender": [{"male": 0, "Female": 0}, {"male": 0, "Female": 0}]}}