{"timestamp": [1734409820.527385, 1734472361.290187, 1734559351.128735], "data": {"selected": [0, 0, 0], "assigned": [48, 52, 57], "preselecStu": [0, 0, 0], "stuGender": [{"male": 0, "Female": 0}, {"male": 0, "Female": 0}, {"male": 0, "Female": 0}]}}