{"timestamp": [1734406321.491325, 1734469055.569647, 1734555558.237982, 1734641763.850266], "data": {"selected": [0, 0, 0, 0], "assigned": [55, 67, 78, 95], "preselecStu": [0, 0, 0, 0], "stuGender": [{"male": 0, "Female": 0}, {"male": 0, "Female": 0}, {"male": 0, "Female": 0}, {"male": 0, "Female": 0}]}}