{"timestamp": [1734406321.491325, 1734469055.569647], "data": {"selected": [0, 0], "assigned": [55, 67], "preselecStu": [0, 0], "stuGender": [{"male": 0, "Female": 0}, {"male": 0, "Female": 0}]}}