{"timestamp": [1734405493.165234, 1734468147.519657, 1734554667.4887, 1734640892.23311], "data": {"selected": [0, 0, 0, 0], "assigned": [61, 62, 73, 74], "preselecStu": [0, 0, 0, 0], "stuGender": [{"male": 0, "Female": 0}, {"male": 0, "Female": 0}, {"male": 0, "Female": 0}, {"male": 0, "Female": 0}]}}