{"timestamp": [1716067812.530675, 1716499025.923068, 1725442284.000512, 1725514685.726681], "data": {"selected": [0, 0, 117, 117], "assigned": [0, 0, 35, 50], "preselecStu": [0, 0, 117, 117], "stuGender": [{"male": 0, "Female": 0}, {"male": 0, "Female": 0}, {"male": 97, "Female": 20}, {"male": 97, "Female": 20}]}}