{"timestamp": [1734409559.352109, 1734472177.60922, 1734559135.242978], "data": {"selected": [0, 0, 0], "assigned": [59, 59, 59], "preselecStu": [0, 0, 0], "stuGender": [{"male": 0, "Female": 0}, {"male": 0, "Female": 0}, {"male": 0, "Female": 0}]}}