{"timestamp": [1734406319.14756, 1734469053.171207, 1734555555.403493], "data": {"selected": [0, 0, 0], "assigned": [97, 115, 137], "preselecStu": [0, 0, 0], "stuGender": [{"male": 0, "Female": 0}, {"male": 0, "Female": 0}, {"male": 0, "Female": 0}]}}