{"timestamp": [1734409517.799717, 1734472136.999977, 1734559084.511937], "data": {"selected": [0, 0, 0], "assigned": [18, 22, 24], "preselecStu": [0, 0, 0], "stuGender": [{"male": 0, "Female": 0}, {"male": 0, "Female": 0}, {"male": 0, "Female": 0}]}}