{"timestamp": [1707540799.214132, 1707543977.627891], "data": {"selected": [37, 37], "assigned": [0, 0], "preselecStu": [37, 37], "stuGender": [{"male": 18, "Female": 19}, {"male": 18, "Female": 19}]}}