{"timestamp": [1734407824.036884, 1734470520.694385, 1734557208.012441], "data": {"selected": [0, 0, 0], "assigned": [136, 137, 139], "preselecStu": [0, 0, 0], "stuGender": [{"male": 0, "Female": 0}, {"male": 0, "Female": 0}, {"male": 0, "Female": 0}]}}