{"timestamp": [1734407824.036884, 1734470520.694385], "data": {"selected": [0, 0], "assigned": [136, 137], "preselecStu": [0, 0], "stuGender": [{"male": 0, "Female": 0}, {"male": 0, "Female": 0}]}}