{"timestamp": [1716065280.739543, 1716496603.654791, 1725438625.659972, 1725511690.039338], "data": {"selected": [0, 0, 20, 20], "assigned": [0, 0, 3, 3], "preselecStu": [0, 0, 0, 0], "stuGender": [{"male": 0, "Female": 0}, {"male": 0, "Female": 0}, {"male": 5, "Female": 15}, {"male": 5, "Female": 15}]}}