{"timestamp": [1716068387.890693, 1716499541.383982, 1725442989.894726, 1725515396.989378], "data": {"selected": [0, 0, 0, 1], "assigned": [0, 0, 0, 0], "preselecStu": [0, 0, 0, 0], "stuGender": [{"male": 0, "Female": 0}, {"male": 0, "Female": 0}, {"male": 0, "Female": 0}, {"male": 1, "Female": 0}]}}