{"timestamp": [1716067218.672999, 1716498455.724566, 1725441470.389875, 1725513998.958273], "data": {"selected": [0, 0, 46, 46], "assigned": [0, 0, 22, 36], "preselecStu": [0, 0, 46, 46], "stuGender": [{"male": 0, "Female": 0}, {"male": 0, "Female": 0}, {"male": 28, "Female": 18}, {"male": 28, "Female": 18}]}}