{"timestamp": [1716067218.672999, 1716498455.724566, 1725441470.389875], "data": {"selected": [0, 0, 46], "assigned": [0, 0, 22], "preselecStu": [0, 0, 46], "stuGender": [{"male": 0, "Female": 0}, {"male": 0, "Female": 0}, {"male": 28, "Female": 18}]}}