{"timestamp": [1707576271.99024, 1707587783.272518], "data": {"selected": [68, 68], "assigned": [0, 0], "preselecStu": [68, 68], "stuGender": [{"male": 35, "Female": 33}, {"male": 35, "Female": 33}]}}