{"timestamp": [1707577012.708046, 1707588672.482988, 1707659644.175373], "data": {"selected": [18, 18, 18], "assigned": [0, 0, 0], "preselecStu": [18, 18, 18], "stuGender": [{"male": 12, "Female": 6}, {"male": 12, "Female": 6}, {"male": 12, "Female": 6}]}}