{"timestamp": [1707541726.200442, 1707544953.875847], "data": {"selected": [18, 18], "assigned": [0, 0], "preselecStu": [18, 18], "stuGender": [{"male": 12, "Female": 6}, {"male": 12, "Female": 6}]}}