{"timestamp": [1707542224.238272, 1707545493.903454], "data": {"selected": [66, 66], "assigned": [0, 0], "preselecStu": [66, 66], "stuGender": [{"male": 49, "Female": 17}, {"male": 49, "Female": 17}]}}