{"timestamp": [1716068366.295964, 1716499518.35247, 1725442965.137445, 1725515373.396721], "data": {"selected": [0, 0, 27, 24], "assigned": [0, 0, 3, 5], "preselecStu": [0, 0, 27, 24], "stuGender": [{"male": 0, "Female": 0}, {"male": 0, "Female": 0}, {"male": 12, "Female": 15}, {"male": 10, "Female": 14}]}}