{"timestamp": [1716068921.628776, 1716500025.429169, 1725443553.388131], "data": {"selected": [0, 0, 39], "assigned": [0, 0, 11], "preselecStu": [0, 0, 39], "stuGender": [{"male": 0, "Female": 0}, {"male": 0, "Female": 0}, {"male": 18, "Female": 21}]}}