{"timestamp": [1716068921.628776, 1716500025.429169, 1725443553.388131, 1725515948.117618], "data": {"selected": [0, 0, 39, 37], "assigned": [0, 0, 11, 17], "preselecStu": [0, 0, 39, 37], "stuGender": [{"male": 0, "Female": 0}, {"male": 0, "Female": 0}, {"male": 18, "Female": 21}, {"male": 17, "Female": 20}]}}