{"timestamp": [1734406384.957887, 1734469119.345868], "data": {"selected": [0, 0], "assigned": [20, 22], "preselecStu": [0, 0], "stuGender": [{"male": 0, "Female": 0}, {"male": 0, "Female": 0}]}}