{"timestamp": [1707578910.521543, 1707591084.725423, 1707660674.947067], "data": {"selected": [1, 1, 1], "assigned": [0, 0, 0], "preselecStu": [1, 1, 1], "stuGender": [{"male": 0, "Female": 1}, {"male": 0, "Female": 1}, {"male": 0, "Female": 1}]}}