{"timestamp": [1707575659.711394, 1707587030.40729], "data": {"selected": [44, 44], "assigned": [0, 0], "preselecStu": [44, 44], "stuGender": [{"male": 7, "Female": 37}, {"male": 7, "Female": 37}]}}