{"timestamp": [1707541000.03421, 1707544179.807772], "data": {"selected": [44, 44], "assigned": [0, 0], "preselecStu": [44, 44], "stuGender": [{"male": 7, "Female": 37}, {"male": 7, "Female": 37}]}}