{"timestamp": [1707575251.949399, 1707586554.126238, 1707658670.673528], "data": {"selected": [49, 49, 49], "assigned": [0, 0, 0], "preselecStu": [0, 0, 0], "stuGender": [{"male": 14, "Female": 35}, {"male": 14, "Female": 35}, {"male": 14, "Female": 35}]}}