{"timestamp": [1707540773.226659, 1707543952.038096], "data": {"selected": [49, 49], "assigned": [0, 0], "preselecStu": [0, 0], "stuGender": [{"male": 14, "Female": 35}, {"male": 14, "Female": 35}]}}