{"timestamp": [1707576684.128573, 1707588282.257671], "data": {"selected": [41, 41], "assigned": [0, 0], "preselecStu": [41, 41], "stuGender": [{"male": 31, "Female": 10}, {"male": 31, "Female": 10}]}}