{"timestamp": [1716067515.105095, 1716498750.063808, 1725441912.053193], "data": {"selected": [0, 0, 2], "assigned": [0, 0, 2], "preselecStu": [0, 0, 2], "stuGender": [{"male": 0, "Female": 0}, {"male": 0, "Female": 0}, {"male": 0, "Female": 2}]}}