{"timestamp": [1734409437.307773, 1734472036.482712, 1734558976.990892], "data": {"selected": [0, 0, 0], "assigned": [112, 131, 161], "preselecStu": [0, 0, 0], "stuGender": [{"male": 0, "Female": 0}, {"male": 0, "Female": 0}, {"male": 0, "Female": 0}]}}