{"timestamp": [1716068230.503516, 1716499382.011131, 1725442797.417575, 1725515188.799541], "data": {"selected": [0, 0, 6, 5], "assigned": [0, 0, 5, 6], "preselecStu": [0, 0, 6, 5], "stuGender": [{"male": 0, "Female": 0}, {"male": 0, "Female": 0}, {"male": 2, "Female": 4}, {"male": 2, "Female": 3}]}}