{"timestamp": [1707575426.677347, 1707586763.063068], "data": {"selected": [33, 33], "assigned": [0, 0], "preselecStu": [33, 33], "stuGender": [{"male": 26, "Female": 7}, {"male": 26, "Female": 7}]}}