{"timestamp": [1716068226.177545, 1716499377.785278, 1725442792.767549], "data": {"selected": [0, 0, 3], "assigned": [0, 0, 9], "preselecStu": [0, 0, 3], "stuGender": [{"male": 0, "Female": 0}, {"male": 0, "Female": 0}, {"male": 2, "Female": 1}]}}