{"timestamp": [1734410429.955933, 1734472969.940133, 1734559944.600108], "data": {"selected": [0, 0, 0], "assigned": [1, 3, 5], "preselecStu": [0, 0, 0], "stuGender": [{"male": 0, "Female": 0}, {"male": 0, "Female": 0}, {"male": 0, "Female": 0}]}}