{"timestamp": [1707578742.179881, 1707590888.718288, 1707660588.782025], "data": {"selected": [30, 30, 30], "assigned": [0, 0, 0], "preselecStu": [30, 30, 30], "stuGender": [{"male": 15, "Female": 15}, {"male": 15, "Female": 15}, {"male": 15, "Female": 15}]}}