{"timestamp": [1707577619.34628, 1707589387.746201, 1707659987.062218, 1707662595.925062], "data": {"selected": [3, 3, 3, 3], "assigned": [0, 0, 0, 0], "preselecStu": [3, 3, 3, 3], "stuGender": [{"male": 2, "Female": 1}, {"male": 2, "Female": 1}, {"male": 2, "Female": 1}, {"male": 2, "Female": 1}]}}