{"timestamp": [1707578083.340277, 1707590014.715815], "data": {"selected": [22, 22], "assigned": [0, 0], "preselecStu": [22, 22], "stuGender": [{"male": 14, "Female": 8}, {"male": 14, "Female": 8}]}}