{"timestamp": [1716064790.918571, 1716496170.9046, 1725437911.408341, 1725511105.796166], "data": {"selected": [0, 0, 0, 0], "assigned": [0, 0, 156, 344], "preselecStu": [0, 0, 0, 0], "stuGender": [{"male": 0, "Female": 0}, {"male": 0, "Female": 0}, {"male": 0, "Female": 0}, {"male": 0, "Female": 0}]}}