{"timestamp": [1707578098.103709, 1707590032.642797, 1707660238.168343], "data": {"selected": [6, 6, 6], "assigned": [0, 0, 0], "preselecStu": [6, 6, 6], "stuGender": [{"male": 2, "Female": 4}, {"male": 2, "Female": 4}, {"male": 2, "Female": 4}]}}