{"timestamp": [1734410611.856078, 1734473142.065339, 1734560120.492234], "data": {"selected": [0, 0, 0], "assigned": [18, 19, 23], "preselecStu": [0, 0, 0], "stuGender": [{"male": 0, "Female": 0}, {"male": 0, "Female": 0}, {"male": 0, "Female": 0}]}}