{"timestamp": [1707577822.14264, 1707589652.850381, 1707660099.456923], "data": {"selected": [70, 70, 70], "assigned": [0, 0, 0], "preselecStu": [70, 70, 70], "stuGender": [{"male": 61, "Female": 9}, {"male": 61, "Female": 9}, {"male": 61, "Female": 9}]}}