{"timestamp": [1707577660.75432, 1707589442.560091, 1707660011.82232, 1707662619.990348], "data": {"selected": [61, 61, 61, 61], "assigned": [0, 0, 0, 0], "preselecStu": [61, 61, 61, 61], "stuGender": [{"male": 56, "Female": 5}, {"male": 56, "Female": 5}, {"male": 56, "Female": 5}, {"male": 56, "Female": 5}]}}