{"timestamp": [1707542080.080818, 1707545327.949226], "data": {"selected": [61, 61], "assigned": [0, 0], "preselecStu": [61, 61], "stuGender": [{"male": 56, "Female": 5}, {"male": 56, "Female": 5}]}}