{"timestamp": [1707575416.635906, 1707586751.153047], "data": {"selected": [49, 49], "assigned": [0, 0], "preselecStu": [49, 49], "stuGender": [{"male": 31, "Female": 18}, {"male": 31, "Female": 18}]}}