{"timestamp": [1707540866.229044, 1707544045.251386], "data": {"selected": [49, 49], "assigned": [0, 0], "preselecStu": [49, 49], "stuGender": [{"male": 31, "Female": 18}, {"male": 31, "Female": 18}]}}