{"timestamp": [1707540873.190212, 1707544052.951111], "data": {"selected": [44, 44], "assigned": [0, 0], "preselecStu": [44, 44], "stuGender": [{"male": 24, "Female": 20}, {"male": 24, "Female": 20}]}}