{"timestamp": [1734407212.548595, 1734469952.547701, 1734556588.389351, 1734642551.614499], "data": {"selected": [0, 0, 0, 0], "assigned": [20, 27, 29, 32], "preselecStu": [0, 0, 0, 0], "stuGender": [{"male": 0, "Female": 0}, {"male": 0, "Female": 0}, {"male": 0, "Female": 0}, {"male": 0, "Female": 0}]}}