{"timestamp": [1716068940.427471, 1716500043.488263, 1725443573.333543], "data": {"selected": [0, 0, 23], "assigned": [0, 0, 6], "preselecStu": [0, 0, 23], "stuGender": [{"male": 0, "Female": 0}, {"male": 0, "Female": 0}, {"male": 10, "Female": 13}]}}