{"timestamp": [1716068029.805871, 1716499216.668156, 1725442552.062566, 1725514966.505234], "data": {"selected": [0, 0, 40, 40], "assigned": [0, 0, 1, 1], "preselecStu": [0, 0, 2, 2], "stuGender": [{"male": 0, "Female": 0}, {"male": 0, "Female": 0}, {"male": 33, "Female": 7}, {"male": 33, "Female": 7}]}}