{"timestamp": [1716063900.377656, 1716495365.455078, 1725436624.703544, 1725510082.036333], "data": {"selected": [0, 0, 0, 0], "assigned": [0, 0, 2, 3], "preselecStu": [0, 0, 0, 0], "stuGender": [{"male": 0, "Female": 0}, {"male": 0, "Female": 0}, {"male": 0, "Female": 0}, {"male": 0, "Female": 0}]}}