{"timestamp": [1734406062.454881, 1734468773.023163, 1734555324.176985, 1734641526.352335], "data": {"selected": [0, 0, 0, 0], "assigned": [106, 138, 161, 188], "preselecStu": [0, 0, 0, 0], "stuGender": [{"male": 0, "Female": 0}, {"male": 0, "Female": 0}, {"male": 0, "Female": 0}, {"male": 0, "Female": 0}]}}