{"timestamp": [1734408693.505399, 1734471317.280021], "data": {"selected": [0, 0], "assigned": [145, 152], "preselecStu": [0, 0], "stuGender": [{"male": 0, "Female": 0}, {"male": 0, "Female": 0}]}}