{"timestamp": [1734408693.505399, 1734471317.280021, 1734558151.649109, 1734643859.124684], "data": {"selected": [0, 0, 0, 0], "assigned": [145, 152, 155, 161], "preselecStu": [0, 0, 0, 0], "stuGender": [{"male": 0, "Female": 0}, {"male": 0, "Female": 0}, {"male": 0, "Female": 0}, {"male": 0, "Female": 0}]}}