{"timestamp": [1707577174.776948, 1707588864.966914, 1707659738.277277, 1707662347.941666], "data": {"selected": [11, 11, 11, 11], "assigned": [0, 0, 0, 0], "preselecStu": [11, 11, 11, 11], "stuGender": [{"male": 6, "Female": 5}, {"male": 6, "Female": 5}, {"male": 6, "Female": 5}, {"male": 6, "Female": 5}]}}