{"timestamp": [1707541818.102335, 1707545047.917187], "data": {"selected": [11, 11], "assigned": [0, 0], "preselecStu": [11, 11], "stuGender": [{"male": 6, "Female": 5}, {"male": 6, "Female": 5}]}}