{"timestamp": [1734407901.003847, 1734470593.427003, 1734557289.584449, 1734643143.161057], "data": {"selected": [0, 0, 0, 0], "assigned": [86, 87, 89, 90], "preselecStu": [0, 0, 0, 0], "stuGender": [{"male": 0, "Female": 0}, {"male": 0, "Female": 0}, {"male": 0, "Female": 0}, {"male": 0, "Female": 0}]}}