{"timestamp": [1734407901.003847, 1734470593.427003], "data": {"selected": [0, 0], "assigned": [86, 87], "preselecStu": [0, 0], "stuGender": [{"male": 0, "Female": 0}, {"male": 0, "Female": 0}]}}