{"timestamp": [1734409612.692095, 1734472230.70104], "data": {"selected": [0, 0], "assigned": [111, 129], "preselecStu": [0, 0], "stuGender": [{"male": 0, "Female": 0}, {"male": 0, "Female": 0}]}}