{"timestamp": [1734409612.692095, 1734472230.70104, 1734559198.421606, 1734644642.248254], "data": {"selected": [0, 0, 0, 0], "assigned": [111, 129, 150, 166], "preselecStu": [0, 0, 0, 0], "stuGender": [{"male": 0, "Female": 0}, {"male": 0, "Female": 0}, {"male": 0, "Female": 0}, {"male": 0, "Female": 0}]}}