{"timestamp": [1734410354.661087, 1734472892.705081, 1734559871.052811, 1734645268.088606], "data": {"selected": [0, 0, 0, 0], "assigned": [5, 8, 11, 15], "preselecStu": [0, 0, 0, 0], "stuGender": [{"male": 0, "Female": 0}, {"male": 0, "Female": 0}, {"male": 0, "Female": 0}, {"male": 0, "Female": 0}]}}