{"timestamp": [1716067133.756158, 1716498374.998081, 1725441369.546597], "data": {"selected": [0, 0, 6], "assigned": [0, 0, 0], "preselecStu": [0, 0, 3], "stuGender": [{"male": 0, "Female": 0}, {"male": 0, "Female": 0}, {"male": 4, "Female": 2}]}}