{"timestamp": [1707575692.300094, 1707587068.498463, 1707658920.356448, 1707661517.692456], "data": {"selected": [27, 27, 27, 27], "assigned": [0, 0, 0, 0], "preselecStu": [27, 27, 27, 27], "stuGender": [{"male": 9, "Female": 18}, {"male": 9, "Female": 18}, {"male": 9, "Female": 18}, {"male": 9, "Female": 18}]}}