{"timestamp": [1734406624.566997, 1734469375.255671], "data": {"selected": [0, 0], "assigned": [22, 21], "preselecStu": [0, 0], "stuGender": [{"male": 0, "Female": 0}, {"male": 0, "Female": 0}]}}