{"timestamp": [1734406624.566997, 1734469375.255671, 1734555917.072622], "data": {"selected": [0, 0, 0], "assigned": [22, 21, 22], "preselecStu": [0, 0, 0], "stuGender": [{"male": 0, "Female": 0}, {"male": 0, "Female": 0}, {"male": 0, "Female": 0}]}}