{"timestamp": [1725443643.990604, 1725516039.087731, 1725602551.720975], "data": {"selected": [0, 0, 10], "assigned": [5, 9, 0], "preselecStu": [0, 0, 0], "stuGender": [{"male": 0, "Female": 0}, {"male": 0, "Female": 0}, {"male": 5, "Female": 5}]}}