{"timestamp": [1734405250.815253, 1734467912.682377, 1734554453.420311], "data": {"selected": [0, 0, 0], "assigned": [58, 63, 76], "preselecStu": [0, 0, 0], "stuGender": [{"male": 0, "Female": 0}, {"male": 0, "Female": 0}, {"male": 0, "Female": 0}]}}