{"timestamp": [1707541470.342944, 1707544671.49644], "data": {"selected": [51, 51], "assigned": [0, 0], "preselecStu": [51, 51], "stuGender": [{"male": 42, "Female": 9}, {"male": 42, "Female": 9}]}}