{"timestamp": [1707576526.720133, 1707588110.287375, 1707659376.416395], "data": {"selected": [51, 51, 51], "assigned": [0, 0, 0], "preselecStu": [51, 51, 51], "stuGender": [{"male": 42, "Female": 9}, {"male": 42, "Female": 9}, {"male": 42, "Female": 9}]}}