{"timestamp": [1716067481.189594, 1716498714.786789, 1725441869.874222], "data": {"selected": [0, 0, 23], "assigned": [0, 0, 1], "preselecStu": [0, 0, 7], "stuGender": [{"male": 0, "Female": 0}, {"male": 0, "Female": 0}, {"male": 11, "Female": 12}]}}