{"timestamp": [1734409610.288457, 1734472228.24788, 1734559195.273919], "data": {"selected": [0, 0, 0], "assigned": [56, 69, 82], "preselecStu": [0, 0, 0], "stuGender": [{"male": 0, "Female": 0}, {"male": 0, "Female": 0}, {"male": 0, "Female": 0}]}}