{"timestamp": [1707541780.638039, 1707545011.126818], "data": {"selected": [100, 100], "assigned": [1, 1], "preselecStu": [100, 100], "stuGender": [{"male": 42, "Female": 59}, {"male": 42, "Female": 59}]}}