{"timestamp": [1707577136.907318, 1707588820.946387, 1707659717.335438, 1707662326.958356], "data": {"selected": [70, 70, 70, 70], "assigned": [0, 0, 0, 0], "preselecStu": [70, 70, 70, 70], "stuGender": [{"male": 31, "Female": 39}, {"male": 31, "Female": 39}, {"male": 31, "Female": 39}, {"male": 31, "Female": 39}]}}