{"timestamp": [1716066709.828853, 1716497952.58718, 1725440794.705963, 1725513399.371408], "data": {"selected": [0, 0, 24, 23], "assigned": [0, 0, 5, 8], "preselecStu": [0, 0, 24, 23], "stuGender": [{"male": 0, "Female": 0}, {"male": 0, "Female": 0}, {"male": 23, "Female": 1}, {"male": 22, "Female": 1}]}}