{"timestamp": [1716066709.828853, 1716497952.58718, 1725440794.705963], "data": {"selected": [0, 0, 24], "assigned": [0, 0, 5], "preselecStu": [0, 0, 24], "stuGender": [{"male": 0, "Female": 0}, {"male": 0, "Female": 0}, {"male": 23, "Female": 1}]}}