{"timestamp": [1734407462.612953, 1734470202.506064], "data": {"selected": [0, 0], "assigned": [62, 63], "preselecStu": [0, 0], "stuGender": [{"male": 0, "Female": 0}, {"male": 0, "Female": 0}]}}