{"timestamp": [1716063846.829996, 1716495308.164534, 1725436543.793801], "data": {"selected": [0, 0, 42], "assigned": [0, 0, 57], "preselecStu": [0, 0, 42], "stuGender": [{"male": 0, "Female": 0}, {"male": 0, "Female": 0}, {"male": 24, "Female": 18}]}}