{"timestamp": [1716064166.603788, 1716495605.903661, 1725436996.606398], "data": {"selected": [0, 0, 0], "assigned": [0, 0, 8], "preselecStu": [0, 0, 0], "stuGender": [{"male": 0, "Female": 0}, {"male": 0, "Female": 0}, {"male": 0, "Female": 0}]}}