{"timestamp": [1707577307.092864, 1707589016.72557, 1707659812.070285, 1707662419.906121], "data": {"selected": [48, 48, 48, 48], "assigned": [0, 0, 0, 0], "preselecStu": [48, 48, 48, 48], "stuGender": [{"male": 21, "Female": 27}, {"male": 21, "Female": 27}, {"male": 21, "Female": 27}, {"male": 21, "Female": 27}]}}