{"timestamp": [1707576863.355054, 1707588495.034357, 1707659558.854813, 1707662167.268842], "data": {"selected": [63, 63, 63, 63], "assigned": [0, 0, 0, 0], "preselecStu": [63, 63, 63, 63], "stuGender": [{"male": 43, "Female": 20}, {"male": 43, "Female": 20}, {"male": 43, "Female": 20}, {"male": 43, "Female": 20}]}}