{"timestamp": [1734406827.794331, 1734469576.169535, 1734556141.244939, 1734642231.305224], "data": {"selected": [0, 0, 0, 0], "assigned": [6, 7, 9, 10], "preselecStu": [0, 0, 0, 0], "stuGender": [{"male": 0, "Female": 0}, {"male": 0, "Female": 0}, {"male": 0, "Female": 0}, {"male": 0, "Female": 0}]}}