{"timestamp": [1707542144.695203, 1707545401.089075], "data": {"selected": [49, 49], "assigned": [0, 0], "preselecStu": [1, 1], "stuGender": [{"male": 44, "Female": 5}, {"male": 44, "Female": 5}]}}