{"timestamp": [1734408823.982257, 1734471456.666462, 1734558274.996031], "data": {"selected": [0, 0, 0], "assigned": [45, 48, 50], "preselecStu": [0, 0, 0], "stuGender": [{"male": 0, "Female": 0}, {"male": 0, "Female": 0}, {"male": 0, "Female": 0}]}}