{"timestamp": [1734408823.982257, 1734471456.666462], "data": {"selected": [0, 0], "assigned": [45, 48], "preselecStu": [0, 0], "stuGender": [{"male": 0, "Female": 0}, {"male": 0, "Female": 0}]}}