{"timestamp": [1707576785.494938, 1707588411.010769], "data": {"selected": [189, 189], "assigned": [0, 0], "preselecStu": [189, 189], "stuGender": [{"male": 163, "Female": 26}, {"male": 163, "Female": 26}]}}