{"timestamp": [1716065524.743342, 1716496844.022148, 1725439007.450634], "data": {"selected": [0, 0, 45], "assigned": [0, 0, 2], "preselecStu": [0, 0, 3], "stuGender": [{"male": 0, "Female": 0}, {"male": 0, "Female": 0}, {"male": 29, "Female": 16}]}}