{"timestamp": [1716065524.743342, 1716496844.022148, 1725439007.450634, 1725511993.655401], "data": {"selected": [0, 0, 45, 44], "assigned": [0, 0, 2, 3], "preselecStu": [0, 0, 3, 2], "stuGender": [{"male": 0, "Female": 0}, {"male": 0, "Female": 0}, {"male": 29, "Female": 16}, {"male": 28, "Female": 16}]}}