{"timestamp": [1734407662.921457, 1734470376.674025], "data": {"selected": [0, 0], "assigned": [39, 42], "preselecStu": [0, 0], "stuGender": [{"male": 0, "Female": 0}, {"male": 0, "Female": 0}]}}