{"timestamp": [1734407662.921457, 1734470376.674025, 1734557044.030312], "data": {"selected": [0, 0, 0], "assigned": [39, 42, 47], "preselecStu": [0, 0, 0], "stuGender": [{"male": 0, "Female": 0}, {"male": 0, "Female": 0}, {"male": 0, "Female": 0}]}}