{"timestamp": [1716068726.447496, 1716499847.326555, 1725443352.892224, 1725515750.142132], "data": {"selected": [0, 0, 6, 6], "assigned": [0, 0, 15, 16], "preselecStu": [0, 0, 6, 6], "stuGender": [{"male": 0, "Female": 0}, {"male": 0, "Female": 0}, {"male": 2, "Female": 4}, {"male": 2, "Female": 4}]}}