{"timestamp": [1734407001.3318, 1734469753.903145, 1734556337.279584, 1734642382.933211], "data": {"selected": [0, 0, 0, 0], "assigned": [3, 7, 9, 10], "preselecStu": [0, 0, 0, 0], "stuGender": [{"male": 0, "Female": 0}, {"male": 0, "Female": 0}, {"male": 0, "Female": 0}, {"male": 0, "Female": 0}]}}