{"timestamp": [1716066257.910159, 1716497520.225203, 1725440107.065083], "data": {"selected": [0, 0, 103], "assigned": [0, 0, 4], "preselecStu": [0, 0, 0], "stuGender": [{"male": 0, "Female": 0}, {"male": 0, "Female": 0}, {"male": 82, "Female": 21}]}}