{"timestamp": [1716064078.440135, 1716495523.902249, 1725436874.279429, 1725510267.100918], "data": {"selected": [0, 0, 0, 0], "assigned": [0, 0, 14, 27], "preselecStu": [0, 0, 0, 0], "stuGender": [{"male": 0, "Female": 0}, {"male": 0, "Female": 0}, {"male": 0, "Female": 0}, {"male": 0, "Female": 0}]}}