{"timestamp": [1734410483.89321, 1734473024.525455, 1734560000.945676, 1734645380.160834], "data": {"selected": [0, 0, 0, 0], "assigned": [7, 7, 7, 6], "preselecStu": [0, 0, 0, 0], "stuGender": [{"male": 0, "Female": 0}, {"male": 0, "Female": 0}, {"male": 0, "Female": 0}, {"male": 0, "Female": 0}]}}