{"timestamp": [1707575171.320041, 1707586458.065902, 1707658620.901543, 1707661223.405451], "data": {"selected": [5, 5, 5, 5], "assigned": [0, 0, 0, 0], "preselecStu": [5, 5, 5, 5], "stuGender": [{"male": 4, "Female": 1}, {"male": 4, "Female": 1}, {"male": 4, "Female": 1}, {"male": 4, "Female": 1}]}}