{"timestamp": [1707576340.819532, 1707587881.969576, 1707659273.984759, 1707661875.412461], "data": {"selected": [7, 7, 7, 7], "assigned": [0, 0, 0, 0], "preselecStu": [7, 7, 7, 7], "stuGender": [{"male": 7, "Female": 0}, {"male": 7, "Female": 0}, {"male": 7, "Female": 0}, {"male": 7, "Female": 0}]}}