{"timestamp": [1734405922.09464, 1734468647.636418], "data": {"selected": [39, 39], "assigned": [0, 0], "preselecStu": [0, 0], "stuGender": [{"male": 19, "Female": 20}, {"male": 19, "Female": 20}]}}