{"timestamp": [1716064500.66305, 1716495909.357033, 1725437507.486263], "data": {"selected": [0, 0, 47], "assigned": [0, 0, 39], "preselecStu": [0, 0, 47], "stuGender": [{"male": 0, "Female": 0}, {"male": 0, "Female": 0}, {"male": 30, "Female": 17}]}}