{"timestamp": [1716065570.25535, 1716496892.249844, 1725439092.005869, 1725512082.452623], "data": {"selected": [0, 0, 49, 49], "assigned": [0, 0, 5, 7], "preselecStu": [0, 0, 11, 11], "stuGender": [{"male": 0, "Female": 0}, {"male": 0, "Female": 0}, {"male": 41, "Female": 8}, {"male": 41, "Female": 8}]}}