{"timestamp": [1707542167.803834, 1707545426.883092], "data": {"selected": [50, 50], "assigned": [0, 0], "preselecStu": [50, 50], "stuGender": [{"male": 39, "Female": 11}, {"male": 39, "Female": 11}]}}