{"timestamp": [1707577736.348155, 1707589550.687204], "data": {"selected": [13, 13], "assigned": [0, 0], "preselecStu": [0, 0], "stuGender": [{"male": 11, "Female": 2}, {"male": 11, "Female": 2}]}}