{"timestamp": [1707541749.333425, 1707544978.92565], "data": {"selected": [79, 79], "assigned": [0, 0], "preselecStu": [79, 79], "stuGender": [{"male": 26, "Female": 53}, {"male": 26, "Female": 53}]}}