{"timestamp": [1734409963.23424, 1734472506.142248, 1734559480.997861, 1734644876.22364], "data": {"selected": [0, 0, 0, 0], "assigned": [34, 34, 34, 36], "preselecStu": [0, 0, 0, 0], "stuGender": [{"male": 0, "Female": 0}, {"male": 0, "Female": 0}, {"male": 0, "Female": 0}, {"male": 0, "Female": 0}]}}