{"timestamp": [1716064024.373191, 1716495472.626005, 1725436786.648751], "data": {"selected": [0, 0, 0], "assigned": [0, 0, 4], "preselecStu": [0, 0, 0], "stuGender": [{"male": 0, "Female": 0}, {"male": 0, "Female": 0}, {"male": 0, "Female": 0}]}}