{"timestamp": [1707575830.603187, 1707587230.556111, 1707658998.70301], "data": {"selected": [5, 5, 5], "assigned": [0, 0, 0], "preselecStu": [5, 5, 5], "stuGender": [{"male": 3, "Female": 2}, {"male": 3, "Female": 2}, {"male": 3, "Female": 2}]}}