{"timestamp": [1716067506.161378, 1716498738.501716, 1725441901.829019, 1725514340.327937], "data": {"selected": [0, 0, 2, 2], "assigned": [0, 0, 7, 9], "preselecStu": [0, 0, 2, 2], "stuGender": [{"male": 0, "Female": 0}, {"male": 0, "Female": 0}, {"male": 1, "Female": 1}, {"male": 1, "Female": 1}]}}