{"timestamp": [1734410011.165594, 1734472563.813616, 1734559531.129767], "data": {"selected": [0, 0, 0], "assigned": [6, 6, 7], "preselecStu": [0, 0, 0], "stuGender": [{"male": 0, "Female": 0}, {"male": 0, "Female": 0}, {"male": 0, "Female": 0}]}}