{"timestamp": [1707541607.141347, 1707544814.852063], "data": {"selected": [189, 189], "assigned": [0, 0], "preselecStu": [189, 189], "stuGender": [{"male": 163, "Female": 26}, {"male": 163, "Female": 26}]}}