{"timestamp": [1707576088.01521, 1707587523.389529, 1707659135.479289, 1707661735.032461], "data": {"selected": [9, 9, 9, 9], "assigned": [0, 0, 0, 0], "preselecStu": [9, 9, 9, 9], "stuGender": [{"male": 9, "Female": 0}, {"male": 9, "Female": 0}, {"male": 9, "Female": 0}, {"male": 9, "Female": 0}]}}