{"timestamp": [1716068129.837324, 1716499301.029696, 1725442698.470485, 1725515086.430428], "data": {"selected": [0, 0, 58, 58], "assigned": [0, 40, 6, 9], "preselecStu": [0, 0, 58, 58], "stuGender": [{"male": 0, "Female": 0}, {"male": 0, "Female": 0}, {"male": 44, "Female": 14}, {"male": 44, "Female": 14}]}}