{"timestamp": [1707542233.035356, 1707545509.456568], "data": {"selected": [68, 68], "assigned": [0, 0], "preselecStu": [68, 68], "stuGender": [{"male": 48, "Female": 20}, {"male": 48, "Female": 20}]}}