{"timestamp": [1734404942.464228, 1734467599.370702, 1734554111.466465], "data": {"selected": [0, 0, 0], "assigned": [70, 78, 87], "preselecStu": [0, 0, 0], "stuGender": [{"male": 0, "Female": 0}, {"male": 0, "Female": 0}, {"male": 0, "Female": 0}]}}