{"timestamp": [1734404942.464228, 1734467599.370702], "data": {"selected": [0, 0], "assigned": [70, 78], "preselecStu": [0, 0], "stuGender": [{"male": 0, "Female": 0}, {"male": 0, "Female": 0}]}}