{"timestamp": [1734409500.150816, 1734472118.683342, 1734559066.762829, 1734644530.399103], "data": {"selected": [0, 0, 0, 0], "assigned": [28, 30, 32, 33], "preselecStu": [0, 0, 0, 0], "stuGender": [{"male": 0, "Female": 0}, {"male": 0, "Female": 0}, {"male": 0, "Female": 0}, {"male": 0, "Female": 0}]}}