{"timestamp": [1734409500.150816, 1734472118.683342], "data": {"selected": [0, 0], "assigned": [28, 30], "preselecStu": [0, 0], "stuGender": [{"male": 0, "Female": 0}, {"male": 0, "Female": 0}]}}