{"timestamp": [1734410565.246991, 1734473108.941123, 1734560085.126397], "data": {"selected": [0, 0, 0], "assigned": [41, 41, 42], "preselecStu": [0, 0, 0], "stuGender": [{"male": 0, "Female": 0}, {"male": 0, "Female": 0}, {"male": 0, "Female": 0}]}}