{"timestamp": [1734408645.773158, 1734471283.526441], "data": {"selected": [0, 0], "assigned": [27, 27], "preselecStu": [0, 0], "stuGender": [{"male": 0, "Female": 0}, {"male": 0, "Female": 0}]}}