{"timestamp": [1716064331.460587, 1716495764.741245, 1725437262.9806], "data": {"selected": [0, 0, 46], "assigned": [0, 0, 52], "preselecStu": [0, 0, 46], "stuGender": [{"male": 0, "Female": 0}, {"male": 0, "Female": 0}, {"male": 27, "Female": 19}]}}