{"timestamp": [1707540616.009121, 1707543790.431997], "data": {"selected": [20, 20], "assigned": [0, 0], "preselecStu": [20, 20], "stuGender": [{"male": 15, "Female": 5}, {"male": 15, "Female": 5}]}}