{"timestamp": [1734409068.806759, 1734471685.834715, 1734558564.048812], "data": {"selected": [0, 0, 0], "assigned": [13, 13, 14], "preselecStu": [0, 0, 0], "stuGender": [{"male": 0, "Female": 0}, {"male": 0, "Female": 0}, {"male": 0, "Female": 0}]}}