{"timestamp": [1707541156.299353, 1707544337.164723], "data": {"selected": [13, 13], "assigned": [0, 0], "preselecStu": [13, 13], "stuGender": [{"male": 8, "Female": 5}, {"male": 8, "Female": 5}]}}