{"timestamp": [1716069279.224464, 1716500333.319859, 1725443910.394109], "data": {"selected": [0, 0, 27], "assigned": [0, 0, 0], "preselecStu": [0, 0, 27], "stuGender": [{"male": 0, "Female": 0}, {"male": 0, "Female": 0}, {"male": 15, "Female": 12}]}}