{"timestamp": [1734407806.31797, 1734470504.101756, 1734557186.914677, 1734643054.376542], "data": {"selected": [0, 0, 0, 0], "assigned": [2, 2, 3, 4], "preselecStu": [0, 0, 0, 0], "stuGender": [{"male": 0, "Female": 0}, {"male": 0, "Female": 0}, {"male": 0, "Female": 0}, {"male": 0, "Female": 0}]}}