{"timestamp": [1716065025.564481, 1716496387.921543, 1725438290.907005], "data": {"selected": [0, 0, 0], "assigned": [0, 0, 59], "preselecStu": [0, 0, 0], "stuGender": [{"male": 0, "Female": 0}, {"male": 0, "Female": 0}, {"male": 0, "Female": 0}]}}