{"timestamp": [1734405081.32789, 1734467734.032496, 1734554269.447977], "data": {"selected": [0, 0, 0], "assigned": [1, 1, 1], "preselecStu": [0, 0, 0], "stuGender": [{"male": 0, "Female": 0}, {"male": 0, "Female": 0}, {"male": 0, "Female": 0}]}}