{"timestamp": [1734407580.369702, 1734470309.292662, 1734556969.003189, 1734642864.976667], "data": {"selected": [0, 0, 0, 0], "assigned": [5, 5, 5, 5], "preselecStu": [0, 0, 0, 0], "stuGender": [{"male": 0, "Female": 0}, {"male": 0, "Female": 0}, {"male": 0, "Female": 0}, {"male": 0, "Female": 0}]}}