{"timestamp": [1734408847.102138, 1734471480.019613, 1734558317.968618], "data": {"selected": [0, 0, 0], "assigned": [14, 17, 19], "preselecStu": [0, 0, 0], "stuGender": [{"male": 0, "Female": 0}, {"male": 0, "Female": 0}, {"male": 0, "Female": 0}]}}