{"timestamp": [1707578245.884049, 1707590226.328802, 1707660321.450306, 1707662933.605587], "data": {"selected": [13, 13, 13, 13], "assigned": [0, 0, 0, 0], "preselecStu": [13, 13, 13, 13], "stuGender": [{"male": 5, "Female": 8}, {"male": 5, "Female": 8}, {"male": 5, "Female": 8}, {"male": 5, "Female": 8}]}}