{"timestamp": [1716063678.249022, 1716495150.969063, 1725436311.307769], "data": {"selected": [0, 0, 53], "assigned": [0, 1, 0], "preselecStu": [0, 0, 0], "stuGender": [{"male": 0, "Female": 0}, {"male": 0, "Female": 0}, {"male": 36, "Female": 17}]}}