{"timestamp": [1716065018.480406, 1716496381.24011, 1725438279.008027, 1725511391.629092], "data": {"selected": [0, 0, 0, 0], "assigned": [0, 0, 38, 140], "preselecStu": [0, 0, 0, 0], "stuGender": [{"male": 0, "Female": 0}, {"male": 0, "Female": 0}, {"male": 0, "Female": 0}, {"male": 0, "Female": 0}]}}