{"timestamp": [1725442674.774851, 1725515065.989065], "data": {"selected": [0, 0], "assigned": [35, 57], "preselecStu": [0, 0], "stuGender": [{"male": 0, "Female": 0}, {"male": 0, "Female": 0}]}}