{"timestamp": [1725442674.774851, 1725515065.989065, 1725601427.669734], "data": {"selected": [0, 0, 39], "assigned": [35, 57, 13], "preselecStu": [0, 0, 0], "stuGender": [{"male": 0, "Female": 0}, {"male": 0, "Female": 0}, {"male": 28, "Female": 11}]}}