{"timestamp": [1716066740.43915, 1716497986.577726, 1725440846.094024], "data": {"selected": [0, 0, 8], "assigned": [0, 0, 10], "preselecStu": [0, 0, 8], "stuGender": [{"male": 0, "Female": 0}, {"male": 0, "Female": 0}, {"male": 6, "Female": 2}]}}