{"timestamp": [1707575759.94273, 1707587146.702905, 1707658958.342847], "data": {"selected": [2, 2, 2], "assigned": [0, 0, 0], "preselecStu": [2, 2, 2], "stuGender": [{"male": 2, "Female": 0}, {"male": 2, "Female": 0}, {"male": 2, "Female": 0}]}}