{"timestamp": [1707578730.924219, 1707590874.289029, 1707660582.160537], "data": {"selected": [55, 55, 55], "assigned": [0, 0, 0], "preselecStu": [55, 55, 55], "stuGender": [{"male": 25, "Female": 30}, {"male": 25, "Female": 30}, {"male": 25, "Female": 30}]}}