{"timestamp": [1707542671.808661, 1707545949.818541], "data": {"selected": [55, 55], "assigned": [0, 0], "preselecStu": [55, 55], "stuGender": [{"male": 25, "Female": 30}, {"male": 25, "Female": 30}]}}