{"timestamp": [1734410191.82686, 1734472736.289517, 1734559703.68254, 1734645100.644692], "data": {"selected": [0, 0, 0, 0], "assigned": [4, 6, 9, 10], "preselecStu": [0, 0, 0, 0], "stuGender": [{"male": 0, "Female": 0}, {"male": 0, "Female": 0}, {"male": 0, "Female": 0}, {"male": 0, "Female": 0}]}}