{"timestamp": [1716064598.393996, 1716496003.552251, 1725437651.511305, 1725510880.966791], "data": {"selected": [0, 0, 0, 37], "assigned": [0, 0, 0, 0], "preselecStu": [0, 0, 0, 0], "stuGender": [{"male": 0, "Female": 0}, {"male": 0, "Female": 0}, {"male": 0, "Female": 0}, {"male": 30, "Female": 7}]}}