{"timestamp": [1734408711.597894, 1734471330.318965, 1734558164.232216], "data": {"selected": [0, 0, 0], "assigned": [9, 9, 10], "preselecStu": [0, 0, 0], "stuGender": [{"male": 0, "Female": 0}, {"male": 0, "Female": 0}, {"male": 0, "Female": 0}]}}