{"timestamp": [1716068179.088587, 1716499346.806127, 1725442755.003664, 1725515147.739109], "data": {"selected": [0, 0, 25, 25], "assigned": [0, 0, 22, 18], "preselecStu": [0, 0, 25, 25], "stuGender": [{"male": 0, "Female": 0}, {"male": 0, "Female": 0}, {"male": 21, "Female": 4}, {"male": 21, "Female": 4}]}}