{"timestamp": [1707575714.990096, 1707587095.534382, 1707658934.214298, 1707661531.168656], "data": {"selected": [8, 8, 8, 8], "assigned": [0, 0, 0, 0], "preselecStu": [8, 8, 8, 8], "stuGender": [{"male": 0, "Female": 8}, {"male": 0, "Female": 8}, {"male": 0, "Female": 8}, {"male": 0, "Female": 8}]}}