{"timestamp": [1734409103.700678, 1734471720.801787], "data": {"selected": [0, 0], "assigned": [28, 28], "preselecStu": [0, 0], "stuGender": [{"male": 0, "Female": 0}, {"male": 0, "Female": 0}]}}