{"timestamp": [1734408214.317777, 1734470880.165439, 1734557618.377532], "data": {"selected": [0, 0, 0], "assigned": [10, 11, 14], "preselecStu": [0, 0, 0], "stuGender": [{"male": 0, "Female": 0}, {"male": 0, "Female": 0}, {"male": 0, "Female": 0}]}}