{"timestamp": [1734408214.317777, 1734470880.165439], "data": {"selected": [0, 0], "assigned": [10, 11], "preselecStu": [0, 0], "stuGender": [{"male": 0, "Female": 0}, {"male": 0, "Female": 0}]}}