{"timestamp": [1716066085.037537, 1716497361.336343, 1725439856.575287], "data": {"selected": [0, 0, 5], "assigned": [0, 0, 5], "preselecStu": [0, 0, 5], "stuGender": [{"male": 0, "Female": 0}, {"male": 0, "Female": 0}, {"male": 3, "Female": 2}]}}