{"timestamp": [1716066085.037537, 1716497361.336343, 1725439856.575287, 1725512663.926639], "data": {"selected": [0, 0, 5, 4], "assigned": [0, 0, 5, 6], "preselecStu": [0, 0, 5, 4], "stuGender": [{"male": 0, "Female": 0}, {"male": 0, "Female": 0}, {"male": 3, "Female": 2}, {"male": 3, "Female": 1}]}}