{"timestamp": [1716064148.977259, 1716495587.365578, 1725436970.126479, 1725510348.436185], "data": {"selected": [0, 0, 0, 0], "assigned": [0, 0, 13, 23], "preselecStu": [0, 0, 0, 0], "stuGender": [{"male": 0, "Female": 0}, {"male": 0, "Female": 0}, {"male": 0, "Female": 0}, {"male": 0, "Female": 0}]}}