{"timestamp": [1707575135.144956, 1707586413.379539, 1707658600.659916, 1707661202.371026], "data": {"selected": [50, 50, 50, 50], "assigned": [0, 0, 0, 0], "preselecStu": [50, 50, 50, 50], "stuGender": [{"male": 28, "Female": 22}, {"male": 28, "Female": 22}, {"male": 28, "Female": 22}, {"male": 28, "Female": 22}]}}