{"timestamp": [1707576576.224206, 1707588169.017629], "data": {"selected": [21, 21], "assigned": [0, 0], "preselecStu": [21, 21], "stuGender": [{"male": 19, "Female": 2}, {"male": 19, "Female": 2}]}}