{"timestamp": [1716064700.554165, 1716496093.215973, 1725437792.494505, 1725510991.662067], "data": {"selected": [0, 0, 21, 20], "assigned": [0, 0, 8, 11], "preselecStu": [0, 0, 21, 20], "stuGender": [{"male": 0, "Female": 0}, {"male": 0, "Female": 0}, {"male": 10, "Female": 11}, {"male": 10, "Female": 10}]}}