{"timestamp": [1716064700.554165, 1716496093.215973, 1725437792.494505], "data": {"selected": [0, 0, 21], "assigned": [0, 0, 8], "preselecStu": [0, 0, 21], "stuGender": [{"male": 0, "Female": 0}, {"male": 0, "Female": 0}, {"male": 10, "Female": 11}]}}