{"timestamp": [1716066948.540761, 1716498194.257123, 1725441138.21577, 1725513705.952028], "data": {"selected": [0, 0, 5, 5], "assigned": [0, 0, 0, 0], "preselecStu": [0, 0, 0, 0], "stuGender": [{"male": 0, "Female": 0}, {"male": 0, "Female": 0}, {"male": 4, "Female": 1}, {"male": 4, "Female": 1}]}}