{"timestamp": [1716066029.453391, 1716497308.423283, 1725439728.185972, 1725512583.097099], "data": {"selected": [0, 0, 0, 0], "assigned": [0, 0, 13, 15], "preselecStu": [0, 0, 0, 0], "stuGender": [{"male": 0, "Female": 0}, {"male": 0, "Female": 0}, {"male": 0, "Female": 0}, {"male": 0, "Female": 0}]}}