{"timestamp": [1716066029.453391, 1716497308.423283, 1725439728.185972], "data": {"selected": [0, 0, 0], "assigned": [0, 0, 13], "preselecStu": [0, 0, 0], "stuGender": [{"male": 0, "Female": 0}, {"male": 0, "Female": 0}, {"male": 0, "Female": 0}]}}