{"timestamp": [1707542343.152915, 1707545616.224972], "data": {"selected": [27, 27], "assigned": [0, 0], "preselecStu": [27, 27], "stuGender": [{"male": 14, "Female": 13}, {"male": 14, "Female": 13}]}}