{"timestamp": [1707575548.640221, 1707586906.660157], "data": {"selected": [23, 23], "assigned": [0, 0], "preselecStu": [23, 23], "stuGender": [{"male": 9, "Female": 14}, {"male": 9, "Female": 14}]}}