{"timestamp": [1707540940.745477, 1707544120.454123], "data": {"selected": [23, 23], "assigned": [0, 0], "preselecStu": [23, 23], "stuGender": [{"male": 9, "Female": 14}, {"male": 9, "Female": 14}]}}