{"timestamp": [1727242904.731831, 1727329074.30351, 1727417295.823407], "data": {"selected": [1, 1, 1], "assigned": [0, 0, 0], "preselecStu": [0, 0, 0], "stuGender": [{"male": 0, "Female": 1}, {"male": 0, "Female": 1}, {"male": 0, "Female": 1}]}}