{"timestamp": [1716067724.355508, 1716498938.119615, 1725442152.35748, 1725514564.004008], "data": {"selected": [0, 0, 0, 0], "assigned": [0, 0, 6, 7], "preselecStu": [0, 0, 0, 0], "stuGender": [{"male": 0, "Female": 0}, {"male": 0, "Female": 0}, {"male": 0, "Female": 0}, {"male": 0, "Female": 0}]}}