{"timestamp": [1707542226.392394, 1707545502.780814], "data": {"selected": [50, 50], "assigned": [0, 0], "preselecStu": [50, 50], "stuGender": [{"male": 34, "Female": 16}, {"male": 34, "Female": 16}]}}