{"timestamp": [1734407905.774216, 1734470598.28225, 1734557294.551326], "data": {"selected": [0, 0, 0], "assigned": [65, 67, 68], "preselecStu": [0, 0, 0], "stuGender": [{"male": 0, "Female": 0}, {"male": 0, "Female": 0}, {"male": 0, "Female": 0}]}}