{"timestamp": [1708833635.863009, 1708894399.029113, 1708980954.406607], "data": {"selected": [0, 0, 0], "assigned": [0, 0, 2], "preselecStu": [0, 0, 0], "stuGender": [{"male": 0, "Female": 0}, {"male": 0, "Female": 0}, {"male": 0, "Female": 0}]}}