{"timestamp": [1716063892.276173, 1716495356.992372, 1725436610.67863, 1725510073.074946], "data": {"selected": [0, 0, 40, 40], "assigned": [0, 0, 35, 65], "preselecStu": [0, 0, 40, 40], "stuGender": [{"male": 0, "Female": 0}, {"male": 0, "Female": 0}, {"male": 21, "Female": 19}, {"male": 21, "Female": 19}]}}