{"timestamp": [1716066073.860504, 1716497350.420133, 1725439832.894875], "data": {"selected": [0, 0, 0], "assigned": [0, 0, 0], "preselecStu": [0, 0, 0], "stuGender": [{"male": 0, "Female": 0}, {"male": 0, "Female": 0}, {"male": 0, "Female": 0}]}}