{"timestamp": [1707575033.137315, 1707586293.288875, 1707658544.392859], "data": {"selected": [16, 16, 16], "assigned": [0, 0, 0], "preselecStu": [16, 16, 16], "stuGender": [{"male": 4, "Female": 12}, {"male": 4, "Female": 12}, {"male": 4, "Female": 12}]}}