{"timestamp": [1716069013.68189, 1716500101.716881, 1725443663.32573], "data": {"selected": [0, 0, 15], "assigned": [0, 4, 0], "preselecStu": [0, 0, 2], "stuGender": [{"male": 0, "Female": 0}, {"male": 0, "Female": 0}, {"male": 3, "Female": 12}]}}