{"timestamp": [1707575312.738601, 1707586626.270615, 1707658707.196707, 1707661306.044708], "data": {"selected": [26, 26, 26, 26], "assigned": [0, 0, 0, 0], "preselecStu": [26, 26, 26, 26], "stuGender": [{"male": 21, "Female": 5}, {"male": 21, "Female": 5}, {"male": 21, "Female": 5}, {"male": 21, "Female": 5}]}}