{"timestamp": [1707540807.037143, 1707543985.694553], "data": {"selected": [26, 26], "assigned": [0, 0], "preselecStu": [26, 26], "stuGender": [{"male": 21, "Female": 5}, {"male": 21, "Female": 5}]}}