{"timestamp": [1725444135.455207, 1725516523.734575, 1725603078.523789], "data": {"selected": [0, 0, 20], "assigned": [13, 16, 4], "preselecStu": [0, 0, 0], "stuGender": [{"male": 0, "Female": 0}, {"male": 0, "Female": 0}, {"male": 13, "Female": 7}]}}