{"timestamp": [1725444135.455207, 1725516523.734575], "data": {"selected": [0, 0], "assigned": [13, 16], "preselecStu": [0, 0], "stuGender": [{"male": 0, "Female": 0}, {"male": 0, "Female": 0}]}}