{"timestamp": [1716068333.524735, 1716499485.70864, 1725442919.636231, 1725515329.110443], "data": {"selected": [0, 0, 1, 1], "assigned": [0, 0, 4, 5], "preselecStu": [0, 0, 1, 1], "stuGender": [{"male": 0, "Female": 0}, {"male": 0, "Female": 0}, {"male": 1, "Female": 0}, {"male": 1, "Female": 0}]}}