{"timestamp": [1707578255.360192, 1707590235.796253, 1707660325.338751], "data": {"selected": [3, 3, 3], "assigned": [0, 0, 0], "preselecStu": [3, 3, 3], "stuGender": [{"male": 3, "Female": 0}, {"male": 3, "Female": 0}, {"male": 3, "Female": 0}]}}