{"timestamp": [1707577664.58302, 1707589448.739308], "data": {"selected": [66, 66], "assigned": [0, 0], "preselecStu": [66, 66], "stuGender": [{"male": 56, "Female": 10}, {"male": 56, "Female": 10}]}}