{"timestamp": [1734405222.119687, 1734467877.357227, 1734554418.091966], "data": {"selected": [0, 0, 0], "assigned": [53, 57, 62], "preselecStu": [0, 0, 0], "stuGender": [{"male": 0, "Female": 0}, {"male": 0, "Female": 0}, {"male": 0, "Female": 0}]}}