{"timestamp": [1716064402.204483, 1716495833.894902, 1725437376.707079, 1725510671.736749], "data": {"selected": [0, 0, 49, 49], "assigned": [0, 0, 129, 249], "preselecStu": [0, 0, 49, 49], "stuGender": [{"male": 0, "Female": 0}, {"male": 0, "Female": 0}, {"male": 28, "Female": 21}, {"male": 28, "Female": 21}]}}