{"timestamp": [1716068755.150416, 1716499877.652857, 1725443386.205604, 1725515781.764807], "data": {"selected": [0, 0, 0, 0], "assigned": [0, 0, 2, 1], "preselecStu": [0, 0, 0, 0], "stuGender": [{"male": 0, "Female": 0}, {"male": 0, "Female": 0}, {"male": 0, "Female": 0}, {"male": 0, "Female": 0}]}}