{"timestamp": [1716066808.408741, 1716498052.557642, 1725440958.555694, 1725513527.384129], "data": {"selected": [0, 0, 2, 2], "assigned": [0, 0, 56, 64], "preselecStu": [0, 0, 2, 2], "stuGender": [{"male": 0, "Female": 0}, {"male": 0, "Female": 0}, {"male": 0, "Female": 2}, {"male": 0, "Female": 2}]}}