{"timestamp": [1716066808.408741, 1716498052.557642, 1725440958.555694], "data": {"selected": [0, 0, 2], "assigned": [0, 0, 56], "preselecStu": [0, 0, 2], "stuGender": [{"male": 0, "Female": 0}, {"male": 0, "Female": 0}, {"male": 0, "Female": 2}]}}