{"timestamp": [1707575783.247357, 1707587173.573976, 1707658971.687594, 1707661568.851515], "data": {"selected": [8, 8, 8, 8], "assigned": [0, 0, 0, 0], "preselecStu": [8, 8, 8, 8], "stuGender": [{"male": 5, "Female": 3}, {"male": 5, "Female": 3}, {"male": 5, "Female": 3}, {"male": 5, "Female": 3}]}}