{"timestamp": [1716068270.152058, 1716499422.926989, 1725442846.314945], "data": {"selected": [0, 0, 7], "assigned": [0, 0, 6], "preselecStu": [0, 0, 7], "stuGender": [{"male": 0, "Female": 0}, {"male": 0, "Female": 0}, {"male": 3, "Female": 4}]}}