{"timestamp": [1716068908.485878, 1716500012.546583, 1725443538.284413], "data": {"selected": [0, 0, 47], "assigned": [0, 0, 10], "preselecStu": [0, 0, 47], "stuGender": [{"male": 0, "Female": 0}, {"male": 0, "Female": 0}, {"male": 19, "Female": 28}]}}