{"timestamp": [1707577948.943967, 1707589830.475156, 1707660160.522271, 1707662770.668596], "data": {"selected": [66, 66, 66, 66], "assigned": [0, 0, 0, 0], "preselecStu": [66, 66, 66, 66], "stuGender": [{"male": 49, "Female": 17}, {"male": 49, "Female": 17}, {"male": 49, "Female": 17}, {"male": 49, "Female": 17}]}}