{"timestamp": [1707577948.943967, 1707589830.475156], "data": {"selected": [66, 66], "assigned": [0, 0], "preselecStu": [66, 66], "stuGender": [{"male": 49, "Female": 17}, {"male": 49, "Female": 17}]}}