{"timestamp": [1707577403.03996, 1707589128.245606, 1707659868.215874], "data": {"selected": [50, 50, 50], "assigned": [0, 0, 0], "preselecStu": [50, 50, 50], "stuGender": [{"male": 21, "Female": 29}, {"male": 21, "Female": 29}, {"male": 21, "Female": 29}]}}