{"timestamp": [1716066521.580002, 1716497761.762391, 1725440487.649895], "data": {"selected": [0, 0, 90], "assigned": [0, 68, 7], "preselecStu": [0, 0, 90], "stuGender": [{"male": 0, "Female": 0}, {"male": 0, "Female": 0}, {"male": 71, "Female": 19}]}}