{"timestamp": [1707541810.423752, 1707545039.74163], "data": {"selected": [50, 50], "assigned": [0, 0], "preselecStu": [50, 50], "stuGender": [{"male": 23, "Female": 27}, {"male": 23, "Female": 27}]}}