{"timestamp": [1707577160.007369, 1707588848.942263, 1707659730.930495], "data": {"selected": [50, 50, 50], "assigned": [0, 0, 0], "preselecStu": [50, 50, 50], "stuGender": [{"male": 23, "Female": 27}, {"male": 23, "Female": 27}, {"male": 23, "Female": 27}]}}