{"timestamp": [1716067295.210104, 1716498528.196261, 1725441600.725034, 1725514088.862742], "data": {"selected": [0, 0, 3, 3], "assigned": [0, 0, 8, 11], "preselecStu": [0, 0, 3, 3], "stuGender": [{"male": 0, "Female": 0}, {"male": 0, "Female": 0}, {"male": 3, "Female": 0}, {"male": 3, "Female": 0}]}}