{"timestamp": [1716067800.700175, 1716499014.946144, 1725442267.69115], "data": {"selected": [0, 0, 64], "assigned": [0, 49, 10], "preselecStu": [0, 0, 64], "stuGender": [{"male": 0, "Female": 0}, {"male": 0, "Female": 0}, {"male": 53, "Female": 11}]}}