{"timestamp": [1716065192.129081, 1716496525.726646, 1725438499.075485], "data": {"selected": [0, 0, 8], "assigned": [0, 0, 0], "preselecStu": [0, 0, 0], "stuGender": [{"male": 0, "Female": 0}, {"male": 0, "Female": 0}, {"male": 3, "Female": 5}]}}