{"timestamp": [1716068674.220492, 1716499793.932629, 1725443289.220938, 1725515686.048148], "data": {"selected": [0, 0, 24, 23], "assigned": [0, 0, 1, 2], "preselecStu": [0, 0, 24, 23], "stuGender": [{"male": 0, "Female": 0}, {"male": 0, "Female": 0}, {"male": 15, "Female": 9}, {"male": 14, "Female": 9}]}}