{"timestamp": [1734406046.004044, 1734468751.055699], "data": {"selected": [0, 0], "assigned": [137, 164], "preselecStu": [0, 0], "stuGender": [{"male": 0, "Female": 0}, {"male": 0, "Female": 0}]}}