{"timestamp": [1707577895.04324, 1707589774.674459, 1707660136.529541, 1707662746.396244], "data": {"selected": [40, 40, 40, 40], "assigned": [0, 0, 0, 0], "preselecStu": [40, 40, 40, 40], "stuGender": [{"male": 32, "Female": 8}, {"male": 32, "Female": 8}, {"male": 32, "Female": 8}, {"male": 32, "Female": 8}]}}