{"timestamp": [1716065336.816138, 1716496659.306858, 1725438712.335094, 1725511752.746985], "data": {"selected": [0, 0, 23, 23], "assigned": [0, 20, 0, 0], "preselecStu": [0, 0, 23, 23], "stuGender": [{"male": 0, "Female": 0}, {"male": 0, "Female": 0}, {"male": 2, "Female": 21}, {"male": 2, "Female": 21}]}}