{"timestamp": [1707577677.241602, 1707589471.514649], "data": {"selected": [140, 140], "assigned": [0, 0], "preselecStu": [140, 140], "stuGender": [{"male": 116, "Female": 24}, {"male": 116, "Female": 24}]}}