{"timestamp": [1734406667.317961, 1734469415.779228], "data": {"selected": [0, 0], "assigned": [35, 39], "preselecStu": [0, 0], "stuGender": [{"male": 0, "Female": 0}, {"male": 0, "Female": 0}]}}