{"timestamp": [1734406667.317961, 1734469415.779228, 1734555981.22832, 1734642095.501519], "data": {"selected": [0, 0, 0, 0], "assigned": [35, 39, 48, 54], "preselecStu": [0, 0, 0, 0], "stuGender": [{"male": 0, "Female": 0}, {"male": 0, "Female": 0}, {"male": 0, "Female": 0}, {"male": 0, "Female": 0}]}}