{"timestamp": [1716069081.408954, 1716500170.699244, 1725443739.168182, 1725516136.653084], "data": {"selected": [0, 0, 55, 54], "assigned": [0, 45, 2, 2], "preselecStu": [0, 0, 55, 54], "stuGender": [{"male": 0, "Female": 0}, {"male": 0, "Female": 0}, {"male": 15, "Female": 40}, {"male": 15, "Female": 39}]}}