{"timestamp": [1734409947.668754, 1734472491.062206], "data": {"selected": [0, 0], "assigned": [15, 15], "preselecStu": [0, 0], "stuGender": [{"male": 0, "Female": 0}, {"male": 0, "Female": 0}]}}