{"timestamp": [1707541738.414667, 1707544966.668972], "data": {"selected": [21, 21], "assigned": [0, 0], "preselecStu": [21, 21], "stuGender": [{"male": 12, "Female": 9}, {"male": 12, "Female": 9}]}}