{"timestamp": [1707577035.982101, 1707588699.896888], "data": {"selected": [21, 21], "assigned": [0, 0], "preselecStu": [21, 21], "stuGender": [{"male": 12, "Female": 9}, {"male": 12, "Female": 9}]}}