{"timestamp": [1734410742.909157, 1734473257.509711, 1734560238.125547], "data": {"selected": [0, 0, 0], "assigned": [9, 10, 10], "preselecStu": [0, 0, 0], "stuGender": [{"male": 0, "Female": 0}, {"male": 0, "Female": 0}, {"male": 0, "Female": 0}]}}