{"timestamp": [1716065560.90519, 1716496883.526219, 1725439078.49354, 1725512067.281247], "data": {"selected": [0, 0, 0, 0], "assigned": [0, 0, 120, 224], "preselecStu": [0, 0, 0, 0], "stuGender": [{"male": 0, "Female": 0}, {"male": 0, "Female": 0}, {"male": 0, "Female": 0}, {"male": 0, "Female": 0}]}}