{"timestamp": [1716065719.137098, 1716497038.838699, 1725439288.6135], "data": {"selected": [0, 0, 37], "assigned": [0, 0, 5], "preselecStu": [0, 0, 0], "stuGender": [{"male": 0, "Female": 0}, {"male": 0, "Female": 0}, {"male": 17, "Female": 20}]}}