{"timestamp": [1707578513.376386, 1707590568.385105, 1707660461.256458], "data": {"selected": [14, 14, 14], "assigned": [0, 0, 0], "preselecStu": [14, 14, 14], "stuGender": [{"male": 9, "Female": 5}, {"male": 9, "Female": 5}, {"male": 9, "Female": 5}]}}