{"timestamp": [1707542542.900248, 1707545829.29951], "data": {"selected": [14, 14], "assigned": [0, 0], "preselecStu": [14, 14], "stuGender": [{"male": 9, "Female": 5}, {"male": 9, "Female": 5}]}}