{"timestamp": [1707541678.533038, 1707544892.062499], "data": {"selected": [38, 38], "assigned": [0, 0], "preselecStu": [38, 38], "stuGender": [{"male": 17, "Female": 21}, {"male": 17, "Female": 21}]}}