{"timestamp": [1734407329.788285, 1734470065.081782], "data": {"selected": [0, 0], "assigned": [69, 70], "preselecStu": [0, 0], "stuGender": [{"male": 0, "Female": 0}, {"male": 0, "Female": 0}]}}