{"timestamp": [1716066446.838032, 1716497683.169581, 1725440374.890891, 1725513069.853075], "data": {"selected": [0, 0, 0, 0], "assigned": [0, 0, 5, 8], "preselecStu": [0, 0, 0, 0], "stuGender": [{"male": 0, "Female": 0}, {"male": 0, "Female": 0}, {"male": 0, "Female": 0}, {"male": 0, "Female": 0}]}}