{"timestamp": [1716068553.641199, 1716499693.160217, 1725443167.605059], "data": {"selected": [0, 0, 4], "assigned": [0, 0, 4], "preselecStu": [0, 0, 4], "stuGender": [{"male": 0, "Female": 0}, {"male": 0, "Female": 0}, {"male": 3, "Female": 1}]}}