{"timestamp": [1716066622.54983, 1716497871.382967, 1725440651.672243], "data": {"selected": [0, 0, 24], "assigned": [0, 0, 2], "preselecStu": [0, 0, 24], "stuGender": [{"male": 0, "Female": 0}, {"male": 0, "Female": 0}, {"male": 21, "Female": 3}]}}