{"timestamp": [1734409169.200844, 1734471786.185004], "data": {"selected": [0, 0], "assigned": [22, 21], "preselecStu": [0, 0], "stuGender": [{"male": 0, "Female": 0}, {"male": 0, "Female": 0}]}}