{"timestamp": [1734404777.647149, 1734467406.64286, 1734553909.67566, 1734640226.290701], "data": {"selected": [0, 0, 0, 0], "assigned": [55, 56, 56, 56], "preselecStu": [0, 0, 0, 0], "stuGender": [{"male": 0, "Female": 0}, {"male": 0, "Female": 0}, {"male": 0, "Female": 0}, {"male": 0, "Female": 0}]}}