{"timestamp": [1707541487.167601, 1707544691.41264], "data": {"selected": [36, 36], "assigned": [0, 0], "preselecStu": [36, 36], "stuGender": [{"male": 29, "Female": 7}, {"male": 29, "Female": 7}]}}