{"timestamp": [1716067081.851557, 1716498322.845609, 1725441308.022456], "data": {"selected": [0, 0, 44], "assigned": [0, 43, 0], "preselecStu": [0, 0, 44], "stuGender": [{"male": 0, "Female": 0}, {"male": 0, "Female": 0}, {"male": 17, "Female": 27}]}}