{"timestamp": [1716068494.688494, 1716499635.990469, 1725443098.644242], "data": {"selected": [0, 0, 8], "assigned": [0, 0, 0], "preselecStu": [0, 0, 8], "stuGender": [{"male": 0, "Female": 0}, {"male": 0, "Female": 0}, {"male": 7, "Female": 1}]}}