{"timestamp": [1707541506.082897, 1707544711.095244], "data": {"selected": [45, 45], "assigned": [0, 0], "preselecStu": [45, 45], "stuGender": [{"male": 34, "Female": 11}, {"male": 34, "Female": 11}]}}