{"timestamp": [1716063729.587731, 1716495200.852191, 1725436380.816777, 1725509830.852156], "data": {"selected": [0, 0, 42, 40], "assigned": [0, 0, 44, 73], "preselecStu": [0, 0, 42, 40], "stuGender": [{"male": 0, "Female": 0}, {"male": 0, "Female": 0}, {"male": 33, "Female": 9}, {"male": 32, "Female": 8}]}}