{"timestamp": [1716063729.587731, 1716495200.852191, 1725436380.816777], "data": {"selected": [0, 0, 42], "assigned": [0, 0, 44], "preselecStu": [0, 0, 42], "stuGender": [{"male": 0, "Female": 0}, {"male": 0, "Female": 0}, {"male": 33, "Female": 9}]}}