{"timestamp": [1734405063.097627, 1734467712.179112, 1734554243.500006], "data": {"selected": [0, 0, 0], "assigned": [220, 253, 280], "preselecStu": [0, 0, 0], "stuGender": [{"male": 0, "Female": 0}, {"male": 0, "Female": 0}, {"male": 0, "Female": 0}]}}