{"timestamp": [1734405635.757809, 1734468333.956589, 1734554853.45032, 1734641089.781351], "data": {"selected": [0, 0, 0, 0], "assigned": [378, 445, 518, 603], "preselecStu": [0, 0, 0, 0], "stuGender": [{"male": 0, "Female": 0}, {"male": 0, "Female": 0}, {"male": 0, "Female": 0}, {"male": 0, "Female": 0}]}}