{"timestamp": [1716064104.377251, 1716495542.76254, 1725436899.46595, 1725510288.003717], "data": {"selected": [0, 0, 0, 0], "assigned": [0, 0, 10, 26], "preselecStu": [0, 0, 0, 0], "stuGender": [{"male": 0, "Female": 0}, {"male": 0, "Female": 0}, {"male": 0, "Female": 0}, {"male": 0, "Female": 0}]}}