{"timestamp": [1734410292.826934, 1734472831.710384, 1734559803.802959], "data": {"selected": [0, 0, 0], "assigned": [33, 34, 33], "preselecStu": [0, 0, 0], "stuGender": [{"male": 0, "Female": 0}, {"male": 0, "Female": 0}, {"male": 0, "Female": 0}]}}