{"timestamp": [1734405285.885355, 1734467957.120937, 1734554491.351729], "data": {"selected": [0, 0, 0], "assigned": [28, 30, 36], "preselecStu": [0, 0, 0], "stuGender": [{"male": 0, "Female": 0}, {"male": 0, "Female": 0}, {"male": 0, "Female": 0}]}}