{"timestamp": [1707541872.706267, 1707545108.231898], "data": {"selected": [30, 30], "assigned": [0, 0], "preselecStu": [30, 30], "stuGender": [{"male": 19, "Female": 11}, {"male": 19, "Female": 11}]}}