{"timestamp": [1707577275.266483, 1707588981.601808], "data": {"selected": [30, 30], "assigned": [0, 0], "preselecStu": [30, 30], "stuGender": [{"male": 19, "Female": 11}, {"male": 19, "Female": 11}]}}