{"timestamp": [1734407978.584682, 1734470658.806956, 1734557361.042931, 1734643214.003431], "data": {"selected": [0, 0, 0, 0], "assigned": [15, 15, 18, 21], "preselecStu": [0, 0, 0, 0], "stuGender": [{"male": 0, "Female": 0}, {"male": 0, "Female": 0}, {"male": 0, "Female": 0}, {"male": 0, "Female": 0}]}}