{"timestamp": [1734407978.584682, 1734470658.806956], "data": {"selected": [0, 0], "assigned": [15, 15], "preselecStu": [0, 0], "stuGender": [{"male": 0, "Female": 0}, {"male": 0, "Female": 0}]}}