{"timestamp": [1716065397.120983, 1716496719.862691, 1725438799.029243], "data": {"selected": [0, 0, 1], "assigned": [0, 0, 19], "preselecStu": [0, 0, 1], "stuGender": [{"male": 0, "Female": 0}, {"male": 0, "Female": 0}, {"male": 0, "Female": 1}]}}