{"timestamp": [1707540982.327064, 1707544162.563408], "data": {"selected": [42, 42], "assigned": [0, 0], "preselecStu": [42, 42], "stuGender": [{"male": 16, "Female": 26}, {"male": 16, "Female": 26}]}}