{"timestamp": [1734409525.162345, 1734472145.104756], "data": {"selected": [0, 0], "assigned": [19, 20], "preselecStu": [0, 0], "stuGender": [{"male": 0, "Female": 0}, {"male": 0, "Female": 0}]}}