{"timestamp": [1734409707.697246, 1734472290.405086, 1734559277.761157], "data": {"selected": [0, 0, 0], "assigned": [45, 52, 65], "preselecStu": [0, 0, 0], "stuGender": [{"male": 0, "Female": 0}, {"male": 0, "Female": 0}, {"male": 0, "Female": 0}]}}