{"timestamp": [1734409707.697246, 1734472290.405086, 1734559277.761157, 1734644709.622986], "data": {"selected": [0, 0, 0, 0], "assigned": [45, 52, 65, 79], "preselecStu": [0, 0, 0, 0], "stuGender": [{"male": 0, "Female": 0}, {"male": 0, "Female": 0}, {"male": 0, "Female": 0}, {"male": 0, "Female": 0}]}}