{"timestamp": [1734409707.697246, 1734472290.405086], "data": {"selected": [0, 0], "assigned": [45, 52], "preselecStu": [0, 0], "stuGender": [{"male": 0, "Female": 0}, {"male": 0, "Female": 0}]}}