{"timestamp": [1716065859.645221, 1716497159.661665, 1725439512.909412, 1725512392.014851], "data": {"selected": [0, 0, 0, 0], "assigned": [0, 0, 1, 3], "preselecStu": [0, 0, 0, 0], "stuGender": [{"male": 0, "Female": 0}, {"male": 0, "Female": 0}, {"male": 0, "Female": 0}, {"male": 0, "Female": 0}]}}