{"timestamp": [1707577542.441565, 1707589296.397692], "data": {"selected": [21, 21], "assigned": [0, 0], "preselecStu": [21, 21], "stuGender": [{"male": 2, "Female": 19}, {"male": 2, "Female": 19}]}}