{"timestamp": [1716067874.649441, 1716499083.603313, 1725442349.908843], "data": {"selected": [0, 0, 19], "assigned": [0, 0, 33], "preselecStu": [0, 0, 19], "stuGender": [{"male": 0, "Female": 0}, {"male": 0, "Female": 0}, {"male": 17, "Female": 2}]}}