{"timestamp": [1716064466.55197, 1716495891.186714, 1725437464.327154, 1725510740.828859], "data": {"selected": [0, 0, 49, 47], "assigned": [0, 0, 56, 147], "preselecStu": [0, 0, 49, 47], "stuGender": [{"male": 0, "Female": 0}, {"male": 0, "Female": 0}, {"male": 35, "Female": 14}, {"male": 33, "Female": 14}]}}