{"timestamp": [1716069160.756422, 1716500232.02236, 1725443805.903827, 1725516203.31394], "data": {"selected": [0, 0, 1, 1], "assigned": [0, 0, 6, 6], "preselecStu": [0, 0, 1, 1], "stuGender": [{"male": 0, "Female": 0}, {"male": 0, "Female": 0}, {"male": 1, "Female": 0}, {"male": 1, "Female": 0}]}}