{"timestamp": [1734405375.24873, 1734468032.442319, 1734554560.024132, 1734640790.677828], "data": {"selected": [0, 0, 0, 0], "assigned": [11, 18, 21, 20], "preselecStu": [0, 0, 0, 0], "stuGender": [{"male": 0, "Female": 0}, {"male": 0, "Female": 0}, {"male": 0, "Female": 0}, {"male": 0, "Female": 0}]}}