{"timestamp": [1716068221.481666, 1716499373.555765, 1725442787.792698], "data": {"selected": [0, 0, 6], "assigned": [0, 0, 19], "preselecStu": [0, 0, 6], "stuGender": [{"male": 0, "Female": 0}, {"male": 0, "Female": 0}, {"male": 4, "Female": 2}]}}