{"timestamp": [1707542033.897614, 1707545274.436602], "data": {"selected": [20, 20], "assigned": [0, 0], "preselecStu": [20, 20], "stuGender": [{"male": 8, "Female": 12}, {"male": 8, "Female": 12}]}}