{"timestamp": [1707577579.229881, 1707589339.748658, 1707659964.868722, 1707662572.976236], "data": {"selected": [20, 20, 20, 20], "assigned": [0, 0, 0, 0], "preselecStu": [20, 20, 20, 20], "stuGender": [{"male": 8, "Female": 12}, {"male": 8, "Female": 12}, {"male": 8, "Female": 12}, {"male": 8, "Female": 12}]}}