{"timestamp": [1707542353.207626, 1707545627.92179], "data": {"selected": [31, 31], "assigned": [0, 0], "preselecStu": [31, 31], "stuGender": [{"male": 19, "Female": 12}, {"male": 19, "Female": 12}]}}