{"timestamp": [1734407829.076555, 1734470525.772997, 1734557214.041207], "data": {"selected": [0, 0, 0], "assigned": [11, 14, 15], "preselecStu": [0, 0, 0], "stuGender": [{"male": 0, "Female": 0}, {"male": 0, "Female": 0}, {"male": 0, "Female": 0}]}}