{"timestamp": [1707574572.479989, 1707585726.560457, 1707658268.882909, 1707660863.949108], "data": {"selected": [42, 42, 42, 42], "assigned": [0, 0, 0, 0], "preselecStu": [42, 42, 42, 42], "stuGender": [{"male": 24, "Female": 18}, {"male": 24, "Female": 18}, {"male": 24, "Female": 18}, {"male": 24, "Female": 18}]}}