{"timestamp": [1707574572.479989, 1707585726.560457], "data": {"selected": [42, 42], "assigned": [0, 0], "preselecStu": [42, 42], "stuGender": [{"male": 24, "Female": 18}, {"male": 24, "Female": 18}]}}