{"timestamp": [1716067020.944082, 1716498256.924329, 1725441232.270072, 1725513773.097005], "data": {"selected": [0, 0, 57, 57], "assigned": [0, 56, 0, 0], "preselecStu": [0, 0, 55, 55], "stuGender": [{"male": 0, "Female": 0}, {"male": 0, "Female": 0}, {"male": 25, "Female": 32}, {"male": 25, "Female": 32}]}}