{"timestamp": [1716066683.176855, 1716497930.336188, 1725440762.837603, 1725513356.608546], "data": {"selected": [0, 0, 141, 141], "assigned": [0, 2, 1, 1], "preselecStu": [0, 0, 0, 0], "stuGender": [{"male": 0, "Female": 0}, {"male": 0, "Female": 0}, {"male": 113, "Female": 28}, {"male": 113, "Female": 28}]}}