{"timestamp": [1716066383.922107, 1716497620.322044, 1725440268.762134, 1725512998.621562], "data": {"selected": [0, 0, 30, 29], "assigned": [0, 0, 14, 21], "preselecStu": [0, 0, 30, 29], "stuGender": [{"male": 0, "Female": 0}, {"male": 0, "Female": 0}, {"male": 18, "Female": 12}, {"male": 17, "Female": 12}]}}