{"timestamp": [1716066383.922107, 1716497620.322044, 1725440268.762134], "data": {"selected": [0, 0, 30], "assigned": [0, 0, 14], "preselecStu": [0, 0, 30], "stuGender": [{"male": 0, "Female": 0}, {"male": 0, "Female": 0}, {"male": 18, "Female": 12}]}}