{"timestamp": [1734405083.629631, 1734467736.362404, 1734554271.84567], "data": {"selected": [0, 0, 0], "assigned": [2, 2, 2], "preselecStu": [0, 0, 0], "stuGender": [{"male": 0, "Female": 0}, {"male": 0, "Female": 0}, {"male": 0, "Female": 0}]}}