{"timestamp": [1734408248.701714, 1734470914.831296, 1734557664.064101], "data": {"selected": [0, 0, 0], "assigned": [25, 25, 25], "preselecStu": [0, 0, 0], "stuGender": [{"male": 0, "Female": 0}, {"male": 0, "Female": 0}, {"male": 0, "Female": 0}]}}