{"timestamp": [1716065420.380473, 1716496740.717434, 1725438829.474742, 1725511871.437404], "data": {"selected": [0, 0, 17, 16], "assigned": [0, 0, 4, 5], "preselecStu": [0, 0, 17, 16], "stuGender": [{"male": 0, "Female": 0}, {"male": 0, "Female": 0}, {"male": 11, "Female": 6}, {"male": 10, "Female": 6}]}}