{"timestamp": [1734406772.631255, 1734469535.243747, 1734556075.865611, 1734642189.577654], "data": {"selected": [0, 0, 0, 0], "assigned": [6, 6, 6, 6], "preselecStu": [0, 0, 0, 0], "stuGender": [{"male": 0, "Female": 0}, {"male": 0, "Female": 0}, {"male": 0, "Female": 0}, {"male": 0, "Female": 0}]}}