{"timestamp": [1707578544.942979, 1707590620.431852, 1707660479.034644, 1707663098.902803], "data": {"selected": [3, 3, 3, 3], "assigned": [0, 0, 0, 0], "preselecStu": [3, 3, 3, 3], "stuGender": [{"male": 2, "Female": 1}, {"male": 2, "Female": 1}, {"male": 2, "Female": 1}, {"male": 2, "Female": 1}]}}