{"timestamp": [1716066624.718675, 1716497873.577186, 1725440654.596963], "data": {"selected": [0, 0, 14], "assigned": [0, 0, 22], "preselecStu": [0, 0, 14], "stuGender": [{"male": 0, "Female": 0}, {"male": 0, "Female": 0}, {"male": 12, "Female": 2}]}}