{"timestamp": [1716066624.718675, 1716497873.577186, 1725440654.596963, 1725513274.132048], "data": {"selected": [0, 0, 14, 14], "assigned": [0, 0, 22, 27], "preselecStu": [0, 0, 14, 14], "stuGender": [{"male": 0, "Female": 0}, {"male": 0, "Female": 0}, {"male": 12, "Female": 2}, {"male": 12, "Female": 2}]}}