{"timestamp": [1734408267.864914, 1734470933.65714, 1734557685.001742], "data": {"selected": [0, 0, 0], "assigned": [1, 2, 4], "preselecStu": [0, 0, 0], "stuGender": [{"male": 0, "Female": 0}, {"male": 0, "Female": 0}, {"male": 0, "Female": 0}]}}