{"timestamp": [1707540604.958779, 1707543778.913928], "data": {"selected": [49, 49], "assigned": [0, 0], "preselecStu": [49, 49], "stuGender": [{"male": 27, "Female": 22}, {"male": 27, "Female": 22}]}}