{"timestamp": [1734406845.559873, 1734469593.966921, 1734556162.744166], "data": {"selected": [0, 0, 0], "assigned": [2, 2, 2], "preselecStu": [0, 0, 0], "stuGender": [{"male": 0, "Female": 0}, {"male": 0, "Female": 0}, {"male": 0, "Female": 0}]}}