{"timestamp": [1707541985.27898, 1707545224.60112], "data": {"selected": [22, 22], "assigned": [0, 0], "preselecStu": [22, 22], "stuGender": [{"male": 9, "Female": 13}, {"male": 9, "Female": 13}]}}