{"timestamp": [1734410169.622486, 1734472715.41525, 1734559681.624981], "data": {"selected": [0, 0, 0], "assigned": [2, 4, 6], "preselecStu": [0, 0, 0], "stuGender": [{"male": 0, "Female": 0}, {"male": 0, "Female": 0}, {"male": 0, "Female": 0}]}}