{"timestamp": [1716063907.494755, 1716495372.525144, 1725436634.317361, 1725510093.070437], "data": {"selected": [0, 0, 3, 3], "assigned": [0, 0, 0, 1], "preselecStu": [0, 0, 3, 3], "stuGender": [{"male": 0, "Female": 0}, {"male": 0, "Female": 0}, {"male": 3, "Female": 0}, {"male": 3, "Female": 0}]}}