{"timestamp": [1707577916.879241, 1707589802.207844], "data": {"selected": [23, 23], "assigned": [0, 0], "preselecStu": [23, 23], "stuGender": [{"male": 16, "Female": 7}, {"male": 16, "Female": 7}]}}