{"timestamp": [1707542211.291234, 1707545477.55129], "data": {"selected": [23, 23], "assigned": [0, 0], "preselecStu": [23, 23], "stuGender": [{"male": 16, "Female": 7}, {"male": 16, "Female": 7}]}}