{"timestamp": [1707578150.107945, 1707590093.767496, 1707660267.650996], "data": {"selected": [13, 13, 13], "assigned": [0, 0, 0], "preselecStu": [13, 13, 13], "stuGender": [{"male": 11, "Female": 2}, {"male": 11, "Female": 2}, {"male": 11, "Female": 2}]}}