{"timestamp": [1734409965.793581, 1734472508.60727, 1734559484.00562, 1734644879.993561], "data": {"selected": [0, 0, 0, 0], "assigned": [37, 37, 38, 40], "preselecStu": [0, 0, 0, 0], "stuGender": [{"male": 0, "Female": 0}, {"male": 0, "Female": 0}, {"male": 0, "Female": 0}, {"male": 0, "Female": 0}]}}