{"timestamp": [1707540810.462244, 1707543989.192398], "data": {"selected": [125, 125], "assigned": [0, 0], "preselecStu": [125, 125], "stuGender": [{"male": 87, "Female": 38}, {"male": 87, "Female": 38}]}}