{"timestamp": [1734408594.160561, 1734471239.490211, 1734558031.10538], "data": {"selected": [0, 0, 0], "assigned": [1, 2, 4], "preselecStu": [0, 0, 0], "stuGender": [{"male": 0, "Female": 0}, {"male": 0, "Female": 0}, {"male": 0, "Female": 0}]}}