{"timestamp": [1707576041.291837, 1707587462.59058], "data": {"selected": [51, 51], "assigned": [0, 0], "preselecStu": [51, 51], "stuGender": [{"male": 46, "Female": 5}, {"male": 46, "Female": 5}]}}