{"timestamp": [1716065283.117318, 1716496605.82598, 1725438629.626975, 1725511692.344923], "data": {"selected": [0, 0, 23, 23], "assigned": [0, 0, 3, 2], "preselecStu": [0, 0, 0, 0], "stuGender": [{"male": 0, "Female": 0}, {"male": 0, "Female": 0}, {"male": 5, "Female": 18}, {"male": 5, "Female": 18}]}}