{"timestamp": [1716066239.94053, 1716497511.577635, 1725440088.739086], "data": {"selected": [0, 0, 66], "assigned": [0, 27, 12], "preselecStu": [0, 0, 66], "stuGender": [{"male": 0, "Female": 0}, {"male": 0, "Female": 0}, {"male": 45, "Female": 21}]}}