{"timestamp": [1734409127.721055, 1734471744.874798, 1734558631.326202], "data": {"selected": [0, 0, 0], "assigned": [8, 8, 13], "preselecStu": [0, 0, 0], "stuGender": [{"male": 0, "Female": 0}, {"male": 0, "Female": 0}, {"male": 0, "Female": 0}]}}