{"timestamp": [1707575689.921867, 1707587066.299071, 1707658919.29355], "data": {"selected": [19, 19, 19], "assigned": [0, 0, 0], "preselecStu": [19, 19, 19], "stuGender": [{"male": 4, "Female": 15}, {"male": 4, "Female": 15}, {"male": 4, "Female": 15}]}}