{"timestamp": [1734408497.084538, 1734471134.677492, 1734557902.370189], "data": {"selected": [0, 0, 0], "assigned": [45, 45, 46], "preselecStu": [0, 0, 0], "stuGender": [{"male": 0, "Female": 0}, {"male": 0, "Female": 0}, {"male": 0, "Female": 0}]}}