{"timestamp": [1707576521.021102, 1707588103.611212, 1707659373.215587], "data": {"selected": [47, 47, 47], "assigned": [0, 0, 0], "preselecStu": [47, 47, 47], "stuGender": [{"male": 36, "Female": 11}, {"male": 36, "Female": 11}, {"male": 36, "Female": 11}]}}