{"timestamp": [1734408769.002666, 1734471397.6929, 1734558214.374562], "data": {"selected": [0, 0, 0], "assigned": [74, 83, 94], "preselecStu": [0, 0, 0], "stuGender": [{"male": 0, "Female": 0}, {"male": 0, "Female": 0}, {"male": 0, "Female": 0}]}}