{"timestamp": [1716065346.336858, 1716496668.148647, 1725438725.374844, 1725511762.763114], "data": {"selected": [0, 0, 24, 24], "assigned": [0, 20, 2, 3], "preselecStu": [0, 0, 24, 24], "stuGender": [{"male": 0, "Female": 0}, {"male": 0, "Female": 0}, {"male": 2, "Female": 22}, {"male": 2, "Female": 22}]}}