{"timestamp": [1716065346.336858, 1716496668.148647, 1725438725.374844], "data": {"selected": [0, 0, 24], "assigned": [0, 20, 2], "preselecStu": [0, 0, 24], "stuGender": [{"male": 0, "Female": 0}, {"male": 0, "Female": 0}, {"male": 2, "Female": 22}]}}