{"timestamp": [1734404782.351576, 1734467411.445669], "data": {"selected": [0, 0], "assigned": [61, 62], "preselecStu": [0, 0], "stuGender": [{"male": 0, "Female": 0}, {"male": 0, "Female": 0}]}}