{"timestamp": [1716066853.439213, 1716498095.708862, 1725441016.406142], "data": {"selected": [0, 0, 13], "assigned": [0, 0, 1], "preselecStu": [0, 0, 0], "stuGender": [{"male": 0, "Female": 0}, {"male": 0, "Female": 0}, {"male": 11, "Female": 2}]}}