{"timestamp": [1707541400.072885, 1707544597.203331], "data": {"selected": [19, 19], "assigned": [0, 0], "preselecStu": [19, 19], "stuGender": [{"male": 16, "Female": 3}, {"male": 16, "Female": 3}]}}