{"timestamp": [1707576398.882795, 1707587966.495526, 1707659306.945172, 1707661907.466575], "data": {"selected": [19, 19, 19, 19], "assigned": [0, 0, 0, 0], "preselecStu": [19, 19, 19, 19], "stuGender": [{"male": 16, "Female": 3}, {"male": 16, "Female": 3}, {"male": 16, "Female": 3}, {"male": 16, "Female": 3}]}}