{"timestamp": [1716063720.195063, 1716495191.456361, 1725436366.936668], "data": {"selected": [0, 0, 41], "assigned": [0, 0, 23], "preselecStu": [0, 0, 41], "stuGender": [{"male": 0, "Female": 0}, {"male": 0, "Female": 0}, {"male": 31, "Female": 10}]}}