{"timestamp": [1716065014.157915, 1716496376.572758, 1725438271.325059], "data": {"selected": [0, 0, 0], "assigned": [0, 0, 70], "preselecStu": [0, 0, 0], "stuGender": [{"male": 0, "Female": 0}, {"male": 0, "Female": 0}, {"male": 0, "Female": 0}]}}