{"timestamp": [1707577599.766591, 1707589364.858311, 1707659976.744617], "data": {"selected": [12, 12, 12], "assigned": [0, 0, 0], "preselecStu": [12, 12, 12], "stuGender": [{"male": 3, "Female": 9}, {"male": 3, "Female": 9}, {"male": 3, "Female": 9}]}}