{"timestamp": [1716065536.10892, 1716496855.519991, 1725439035.374758], "data": {"selected": [0, 0, 67], "assigned": [0, 0, 4], "preselecStu": [0, 0, 5], "stuGender": [{"male": 0, "Female": 0}, {"male": 0, "Female": 0}, {"male": 45, "Female": 22}]}}