{"timestamp": [1707541751.725322, 1707544981.268762], "data": {"selected": [120, 120], "assigned": [0, 0], "preselecStu": [120, 120], "stuGender": [{"male": 70, "Female": 50}, {"male": 70, "Female": 50}]}}