{"timestamp": [1707577395.311623, 1707589119.052048], "data": {"selected": [100, 100], "assigned": [0, 0], "preselecStu": [100, 100], "stuGender": [{"male": 50, "Female": 50}, {"male": 50, "Female": 50}]}}