{"timestamp": [1734405013.266557, 1734467673.242946], "data": {"selected": [0, 0], "assigned": [183, 218], "preselecStu": [0, 0], "stuGender": [{"male": 0, "Female": 0}, {"male": 0, "Female": 0}]}}