{"timestamp": [1707575995.029232, 1707587417.172967], "data": {"selected": [43, 43], "assigned": [0, 0], "preselecStu": [43, 43], "stuGender": [{"male": 33, "Female": 10}, {"male": 33, "Female": 10}]}}