{"timestamp": [1716065377.002968, 1716496697.791582, 1725438767.498414], "data": {"selected": [0, 0, 23], "assigned": [0, 0, 6], "preselecStu": [0, 0, 23], "stuGender": [{"male": 0, "Female": 0}, {"male": 0, "Female": 0}, {"male": 6, "Female": 17}]}}