{"timestamp": [1716067097.345194, 1716498341.548928, 1725441328.32414], "data": {"selected": [0, 0, 79], "assigned": [0, 0, 0], "preselecStu": [0, 0, 79], "stuGender": [{"male": 0, "Female": 0}, {"male": 0, "Female": 0}, {"male": 26, "Female": 53}]}}