{"timestamp": [1716064978.069535, 1716496339.729985, 1725438208.301057], "data": {"selected": [0, 0, 0], "assigned": [0, 0, 69], "preselecStu": [0, 0, 0], "stuGender": [{"male": 0, "Female": 0}, {"male": 0, "Female": 0}, {"male": 0, "Female": 0}]}}