{"timestamp": [1734405782.253269, 1734468502.649751], "data": {"selected": [0, 0], "assigned": [15, 15], "preselecStu": [0, 0], "stuGender": [{"male": 0, "Female": 0}, {"male": 0, "Female": 0}]}}