{"timestamp": [1707542473.475806, 1707545752.507131], "data": {"selected": [16, 16], "assigned": [0, 0], "preselecStu": [16, 16], "stuGender": [{"male": 12, "Female": 4}, {"male": 12, "Female": 4}]}}