{"timestamp": [1716064738.460799, 1716496130.667004, 1725437852.250252, 1725511049.963506], "data": {"selected": [0, 0, 17, 13], "assigned": [0, 0, 7, 12], "preselecStu": [0, 0, 17, 13], "stuGender": [{"male": 0, "Female": 0}, {"male": 0, "Female": 0}, {"male": 8, "Female": 9}, {"male": 6, "Female": 7}]}}