{"timestamp": [1707575450.413012, 1707586791.863529, 1707658786.552566], "data": {"selected": [24, 24, 24], "assigned": [0, 0, 0], "preselecStu": [24, 24, 24], "stuGender": [{"male": 7, "Female": 17}, {"male": 7, "Female": 17}, {"male": 7, "Female": 17}]}}