{"timestamp": [1734406120.245096, 1734468852.922971, 1734555374.35509], "data": {"selected": [0, 0, 0], "assigned": [15, 20, 21], "preselecStu": [0, 0, 0], "stuGender": [{"male": 0, "Female": 0}, {"male": 0, "Female": 0}, {"male": 0, "Female": 0}]}}