{"timestamp": [1707540383.799438, 1707543559.745626], "data": {"selected": [36, 36], "assigned": [0, 0], "preselecStu": [36, 36], "stuGender": [{"male": 23, "Female": 13}, {"male": 23, "Female": 13}]}}