{"timestamp": [1707574577.891228, 1707585732.729815, 1707658272.629075, 1707660867.753071], "data": {"selected": [36, 36, 36, 36], "assigned": [0, 0, 0, 0], "preselecStu": [36, 36, 36, 36], "stuGender": [{"male": 23, "Female": 13}, {"male": 23, "Female": 13}, {"male": 23, "Female": 13}, {"male": 23, "Female": 13}]}}