{"timestamp": [1734409774.410378, 1734472328.397352], "data": {"selected": [0, 0], "assigned": [20, 21], "preselecStu": [0, 0], "stuGender": [{"male": 0, "Female": 0}, {"male": 0, "Female": 0}]}}