{"timestamp": [1707578610.560598, 1707590710.189212, 1707660516.53086, 1707663136.669006], "data": {"selected": [31, 31, 31, 31], "assigned": [0, 0, 0, 0], "preselecStu": [31, 31, 31, 31], "stuGender": [{"male": 17, "Female": 14}, {"male": 17, "Female": 14}, {"male": 17, "Female": 14}, {"male": 17, "Female": 14}]}}