{"timestamp": [1716065440.801863, 1716496762.214654, 1725438857.609173], "data": {"selected": [0, 0, 7], "assigned": [0, 0, 2], "preselecStu": [0, 0, 7], "stuGender": [{"male": 0, "Female": 0}, {"male": 0, "Female": 0}, {"male": 2, "Female": 5}]}}