{"timestamp": [1734405581.60696, 1734468272.261737], "data": {"selected": [0, 0], "assigned": [143, 154], "preselecStu": [0, 0], "stuGender": [{"male": 0, "Female": 0}, {"male": 0, "Female": 0}]}}