{"timestamp": [1716068140.694422, 1716499312.040825, 1725442712.594789], "data": {"selected": [0, 0, 48], "assigned": [0, 0, 14], "preselecStu": [0, 0, 48], "stuGender": [{"male": 0, "Female": 0}, {"male": 0, "Female": 0}, {"male": 38, "Female": 10}]}}