{"timestamp": [1707575069.582731, 1707586340.311013, 1707658564.101715], "data": {"selected": [50, 50, 50], "assigned": [0, 0, 0], "preselecStu": [50, 50, 50], "stuGender": [{"male": 28, "Female": 22}, {"male": 28, "Female": 22}, {"male": 28, "Female": 22}]}}