{"timestamp": [1734407543.573648, 1734470273.461669], "data": {"selected": [0, 0], "assigned": [20, 24], "preselecStu": [0, 0], "stuGender": [{"male": 0, "Female": 0}, {"male": 0, "Female": 0}]}}