{"timestamp": [1734407543.573648, 1734470273.461669, 1734556930.833961, 1734642827.135763], "data": {"selected": [0, 0, 0, 0], "assigned": [20, 24, 34, 37], "preselecStu": [0, 0, 0, 0], "stuGender": [{"male": 0, "Female": 0}, {"male": 0, "Female": 0}, {"male": 0, "Female": 0}, {"male": 0, "Female": 0}]}}