{"timestamp": [1716065646.839181, 1716496964.075395, 1725439183.471403], "data": {"selected": [0, 0, 5], "assigned": [0, 0, 2], "preselecStu": [0, 0, 5], "stuGender": [{"male": 0, "Female": 0}, {"male": 0, "Female": 0}, {"male": 4, "Female": 1}]}}