{"timestamp": [1734410597.407478, 1734473132.658149, 1734560110.41922, 1734645501.134023], "data": {"selected": [0, 0, 0, 0], "assigned": [30, 31, 32, 35], "preselecStu": [0, 0, 0, 0], "stuGender": [{"male": 0, "Female": 0}, {"male": 0, "Female": 0}, {"male": 0, "Female": 0}, {"male": 0, "Female": 0}]}}