{"timestamp": [1707578050.723143, 1707589964.439989], "data": {"selected": [40, 40], "assigned": [0, 0], "preselecStu": [40, 40], "stuGender": [{"male": 17, "Female": 23}, {"male": 17, "Female": 23}]}}