{"timestamp": [1707542286.580985, 1707545554.859658], "data": {"selected": [40, 40], "assigned": [0, 0], "preselecStu": [40, 40], "stuGender": [{"male": 17, "Female": 23}, {"male": 17, "Female": 23}]}}