{"timestamp": [1725444104.04522, 1725516495.554697, 1725603047.64537], "data": {"selected": [0, 0, 2], "assigned": [1, 2, 0], "preselecStu": [0, 0, 0], "stuGender": [{"male": 0, "Female": 0}, {"male": 0, "Female": 0}, {"male": 1, "Female": 1}]}}