{"timestamp": [1734410372.939793, 1734472912.76687, 1734559886.729223], "data": {"selected": [0, 0, 0], "assigned": [28, 34, 41], "preselecStu": [0, 0, 0], "stuGender": [{"male": 0, "Female": 0}, {"male": 0, "Female": 0}, {"male": 0, "Female": 0}]}}