{"timestamp": [1734405300.157736, 1734467976.630386, 1734554505.575272, 1734640744.693142], "data": {"selected": [0, 0, 0, 0], "assigned": [38, 43, 50, 58], "preselecStu": [0, 0, 0, 0], "stuGender": [{"male": 0, "Female": 0}, {"male": 0, "Female": 0}, {"male": 0, "Female": 0}, {"male": 0, "Female": 0}]}}