{"timestamp": [1734409681.707121, 1734472267.729271, 1734559252.295736], "data": {"selected": [0, 0, 0], "assigned": [93, 108, 124], "preselecStu": [0, 0, 0], "stuGender": [{"male": 0, "Female": 0}, {"male": 0, "Female": 0}, {"male": 0, "Female": 0}]}}