{"timestamp": [1734409681.707121, 1734472267.729271], "data": {"selected": [0, 0], "assigned": [93, 108], "preselecStu": [0, 0], "stuGender": [{"male": 0, "Female": 0}, {"male": 0, "Female": 0}]}}