{"timestamp": [1707541567.066721, 1707544772.806527], "data": {"selected": [55, 55], "assigned": [0, 0], "preselecStu": [55, 55], "stuGender": [{"male": 37, "Female": 18}, {"male": 37, "Female": 18}]}}