{"timestamp": [1734405752.617035, 1734468477.42117, 1734554963.636888], "data": {"selected": [0, 0, 0], "assigned": [83, 96, 112], "preselecStu": [0, 0, 0], "stuGender": [{"male": 0, "Female": 0}, {"male": 0, "Female": 0}, {"male": 0, "Female": 0}]}}