{"timestamp": [1707541743.81897, 1707544973.052578], "data": {"selected": [108, 108], "assigned": [0, 0], "preselecStu": [108, 108], "stuGender": [{"male": 44, "Female": 64}, {"male": 44, "Female": 64}]}}