{"timestamp": [1734408037.284976, 1734470717.799948, 1734557429.513367, 1734643268.697896], "data": {"selected": [0, 0, 0, 0], "assigned": [13, 12, 13, 16], "preselecStu": [0, 0, 0, 0], "stuGender": [{"male": 0, "Female": 0}, {"male": 0, "Female": 0}, {"male": 0, "Female": 0}, {"male": 0, "Female": 0}]}}