{"timestamp": [1734408037.284976, 1734470717.799948], "data": {"selected": [0, 0], "assigned": [13, 12], "preselecStu": [0, 0], "stuGender": [{"male": 0, "Female": 0}, {"male": 0, "Female": 0}]}}