{"timestamp": [1734405566.035006, 1734468241.53933], "data": {"selected": [0, 0], "assigned": [145, 169], "preselecStu": [0, 0], "stuGender": [{"male": 0, "Female": 0}, {"male": 0, "Female": 0}]}}