{"timestamp": [1734405566.035006, 1734468241.53933, 1734554767.094941, 1734640989.651141], "data": {"selected": [0, 0, 0, 0], "assigned": [145, 169, 200, 227], "preselecStu": [0, 0, 0, 0], "stuGender": [{"male": 0, "Female": 0}, {"male": 0, "Female": 0}, {"male": 0, "Female": 0}, {"male": 0, "Female": 0}]}}