{"timestamp": [1716064962.118458, 1716496325.991611, 1725438174.408811, 1725511325.409505], "data": {"selected": [0, 0, 0, 0], "assigned": [0, 0, 41, 62], "preselecStu": [0, 0, 0, 0], "stuGender": [{"male": 0, "Female": 0}, {"male": 0, "Female": 0}, {"male": 0, "Female": 0}, {"male": 0, "Female": 0}]}}