{"timestamp": [1734406767.480178, 1734469529.953231], "data": {"selected": [0, 0], "assigned": [13, 13], "preselecStu": [0, 0], "stuGender": [{"male": 0, "Female": 0}, {"male": 0, "Female": 0}]}}