{"timestamp": [1716064163.632402, 1716495602.850968, 1725436991.437296], "data": {"selected": [0, 0, 0], "assigned": [0, 0, 14], "preselecStu": [0, 0, 0], "stuGender": [{"male": 0, "Female": 0}, {"male": 0, "Female": 0}, {"male": 0, "Female": 0}]}}