{"timestamp": [1734405694.64748, 1734468432.406751], "data": {"selected": [0, 0], "assigned": [97, 118], "preselecStu": [0, 0], "stuGender": [{"male": 0, "Female": 0}, {"male": 0, "Female": 0}]}}