{"timestamp": [1707540978.737055, 1707544159.330969], "data": {"selected": [50, 50], "assigned": [0, 0], "preselecStu": [50, 50], "stuGender": [{"male": 14, "Female": 36}, {"male": 14, "Female": 36}]}}