{"timestamp": [1716066011.592792, 1716497290.306334, 1725439696.523293], "data": {"selected": [0, 0, 0], "assigned": [0, 0, 13], "preselecStu": [0, 0, 0], "stuGender": [{"male": 0, "Female": 0}, {"male": 0, "Female": 0}, {"male": 0, "Female": 0}]}}