{"timestamp": [1716064596.251269, 1716496001.087478, 1725437645.771156, 1725510878.651134], "data": {"selected": [0, 0, 0, 32], "assigned": [0, 0, 0, 0], "preselecStu": [0, 0, 0, 0], "stuGender": [{"male": 0, "Female": 0}, {"male": 0, "Female": 0}, {"male": 0, "Female": 0}, {"male": 18, "Female": 14}]}}