{"timestamp": [1716065700.661974, 1716497018.164377, 1725439260.362288, 1725512219.585311], "data": {"selected": [0, 0, 8, 8], "assigned": [0, 0, 7, 13], "preselecStu": [0, 0, 8, 8], "stuGender": [{"male": 0, "Female": 0}, {"male": 0, "Female": 0}, {"male": 6, "Female": 2}, {"male": 6, "Female": 2}]}}