{"timestamp": [1707574999.635748, 1707586244.248207], "data": {"selected": [80, 80], "assigned": [1, 1], "preselecStu": [80, 80], "stuGender": [{"male": 36, "Female": 45}, {"male": 36, "Female": 45}]}}