{"timestamp": [1707540632.848557, 1707543807.573736], "data": {"selected": [80, 80], "assigned": [1, 1], "preselecStu": [80, 80], "stuGender": [{"male": 36, "Female": 45}, {"male": 36, "Female": 45}]}}