{"timestamp": [1707575501.504254, 1707586852.863118], "data": {"selected": [33, 33], "assigned": [0, 0], "preselecStu": [33, 33], "stuGender": [{"male": 12, "Female": 21}, {"male": 12, "Female": 21}]}}