{"timestamp": [1707576596.131163, 1707588193.203573, 1707659416.457287, 1707662020.817094], "data": {"selected": [7, 7, 7, 7], "assigned": [0, 0, 0, 0], "preselecStu": [7, 7, 7, 7], "stuGender": [{"male": 4, "Female": 3}, {"male": 4, "Female": 3}, {"male": 4, "Female": 3}, {"male": 4, "Female": 3}]}}