{"timestamp": [1716067726.497173, 1716498940.877759, 1725442155.688982], "data": {"selected": [0, 0, 6], "assigned": [0, 0, 1], "preselecStu": [0, 0, 6], "stuGender": [{"male": 0, "Female": 0}, {"male": 0, "Female": 0}, {"male": 2, "Female": 4}]}}