{"timestamp": [1716067469.055401, 1716498704.070774, 1725441855.98136, 1725514298.567533], "data": {"selected": [0, 0, 22, 21], "assigned": [0, 0, 1, 2], "preselecStu": [0, 0, 5, 4], "stuGender": [{"male": 0, "Female": 0}, {"male": 0, "Female": 0}, {"male": 12, "Female": 10}, {"male": 12, "Female": 9}]}}