{"timestamp": [1716067469.055401, 1716498704.070774, 1725441855.98136], "data": {"selected": [0, 0, 22], "assigned": [0, 0, 1], "preselecStu": [0, 0, 5], "stuGender": [{"male": 0, "Female": 0}, {"male": 0, "Female": 0}, {"male": 12, "Female": 10}]}}