{"timestamp": [1707574948.139096, 1707586171.266109], "data": {"selected": [49, 49], "assigned": [0, 0], "preselecStu": [49, 49], "stuGender": [{"male": 27, "Female": 22}, {"male": 27, "Female": 22}]}}