{"timestamp": [1734409549.257645, 1734472167.916538], "data": {"selected": [0, 0], "assigned": [81, 86], "preselecStu": [0, 0], "stuGender": [{"male": 0, "Female": 0}, {"male": 0, "Female": 0}]}}