{"timestamp": [1716066058.09242, 1716497337.135959, 1725439804.611756], "data": {"selected": [0, 0, 47], "assigned": [0, 48, 9], "preselecStu": [0, 0, 47], "stuGender": [{"male": 0, "Female": 0}, {"male": 0, "Female": 0}, {"male": 31, "Female": 16}]}}