{"timestamp": [1716064272.316461, 1716495709.787425, 1725437169.760812], "data": {"selected": [0, 0, 53], "assigned": [0, 0, 1], "preselecStu": [0, 0, 0], "stuGender": [{"male": 0, "Female": 0}, {"male": 0, "Female": 0}, {"male": 42, "Female": 11}]}}