{"timestamp": [1734406336.260898, 1734469072.676444, 1734555581.209254], "data": {"selected": [0, 0, 0], "assigned": [47, 60, 76], "preselecStu": [0, 0, 0], "stuGender": [{"male": 0, "Female": 0}, {"male": 0, "Female": 0}, {"male": 0, "Female": 0}]}}