{"timestamp": [1707542007.629077, 1707545248.73027], "data": {"selected": [21, 21], "assigned": [0, 0], "preselecStu": [20, 20], "stuGender": [{"male": 9, "Female": 12}, {"male": 9, "Female": 12}]}}