{"timestamp": [1707576284.3754, 1707587802.740908, 1707659242.33166, 1707661843.097427], "data": {"selected": [59, 59, 59, 59], "assigned": [0, 0, 0, 0], "preselecStu": [59, 59, 59, 59], "stuGender": [{"male": 43, "Female": 16}, {"male": 43, "Female": 16}, {"male": 43, "Female": 16}, {"male": 43, "Female": 16}]}}