{"timestamp": [1716066629.406878, 1716497878.990641, 1725440660.636226, 1725513279.086638], "data": {"selected": [0, 0, 3, 3], "assigned": [0, 0, 6, 6], "preselecStu": [0, 0, 3, 3], "stuGender": [{"male": 0, "Female": 0}, {"male": 0, "Female": 0}, {"male": 2, "Female": 1}, {"male": 2, "Female": 1}]}}