{"timestamp": [1716064719.924223, 1716496112.660694, 1725437826.540986, 1725511028.654597], "data": {"selected": [0, 0, 21, 20], "assigned": [0, 0, 13, 20], "preselecStu": [0, 0, 21, 20], "stuGender": [{"male": 0, "Female": 0}, {"male": 0, "Female": 0}, {"male": 16, "Female": 5}, {"male": 15, "Female": 5}]}}