{"timestamp": [1716064719.924223, 1716496112.660694, 1725437826.540986], "data": {"selected": [0, 0, 21], "assigned": [0, 0, 13], "preselecStu": [0, 0, 21], "stuGender": [{"male": 0, "Female": 0}, {"male": 0, "Female": 0}, {"male": 16, "Female": 5}]}}