{"timestamp": [1734409000.416575, 1734471622.745556], "data": {"selected": [0, 0], "assigned": [72, 80], "preselecStu": [0, 0], "stuGender": [{"male": 0, "Female": 0}, {"male": 0, "Female": 0}]}}