{"timestamp": [1734409000.416575, 1734471622.745556, 1734558488.390149, 1734644105.409062], "data": {"selected": [0, 0, 3, 3], "assigned": [72, 80, 87, 95], "preselecStu": [0, 0, 0, 0], "stuGender": [{"male": 0, "Female": 0}, {"male": 0, "Female": 0}, {"male": 2, "Female": 1}, {"male": 2, "Female": 1}]}}