{"timestamp": [1707574987.795227, 1707586226.171432, 1707658518.722574, 1707661113.588222], "data": {"selected": [120, 120, 120, 120], "assigned": [0, 0, 0, 0], "preselecStu": [120, 120, 120, 120], "stuGender": [{"male": 59, "Female": 61}, {"male": 59, "Female": 61}, {"male": 59, "Female": 61}, {"male": 59, "Female": 61}]}}