{"timestamp": [1707574987.795227, 1707586226.171432], "data": {"selected": [120, 120], "assigned": [0, 0], "preselecStu": [120, 120], "stuGender": [{"male": 59, "Female": 61}, {"male": 59, "Female": 61}]}}