{"timestamp": [1707541645.438794, 1707544855.950799], "data": {"selected": [62, 62], "assigned": [0, 0], "preselecStu": [62, 62], "stuGender": [{"male": 43, "Female": 19}, {"male": 43, "Female": 19}]}}