{"timestamp": [1707578814.198345, 1707590964.997408], "data": {"selected": [35, 35], "assigned": [0, 0], "preselecStu": [35, 35], "stuGender": [{"male": 22, "Female": 13}, {"male": 22, "Female": 13}]}}