{"timestamp": [1734406510.942147, 1734469252.147889], "data": {"selected": [0, 0], "assigned": [51, 54], "preselecStu": [0, 0], "stuGender": [{"male": 0, "Female": 0}, {"male": 0, "Female": 0}]}}