{"timestamp": [1734406510.942147, 1734469252.147889, 1734555800.083941], "data": {"selected": [0, 0, 0], "assigned": [51, 54, 59], "preselecStu": [0, 0, 0], "stuGender": [{"male": 0, "Female": 0}, {"male": 0, "Female": 0}, {"male": 0, "Female": 0}]}}