{"timestamp": [1707541612.372099, 1707544820.434183], "data": {"selected": [36, 36], "assigned": [0, 0], "preselecStu": [36, 36], "stuGender": [{"male": 30, "Female": 6}, {"male": 30, "Female": 6}]}}