{"timestamp": [1734409797.408335, 1734472343.966484, 1734559333.038988], "data": {"selected": [0, 0, 0], "assigned": [63, 66, 72], "preselecStu": [0, 0, 0], "stuGender": [{"male": 0, "Female": 0}, {"male": 0, "Female": 0}, {"male": 0, "Female": 0}]}}