{"timestamp": [1716069118.612477, 1716500210.160812, 1725443781.318101, 1725516177.624549], "data": {"selected": [0, 0, 1, 1], "assigned": [0, 0, 7, 7], "preselecStu": [0, 0, 1, 1], "stuGender": [{"male": 0, "Female": 0}, {"male": 0, "Female": 0}, {"male": 1, "Female": 0}, {"male": 1, "Female": 0}]}}