{"timestamp": [1707542134.096867, 1707545390.130749], "data": {"selected": [25, 25], "assigned": [0, 0], "preselecStu": [25, 25], "stuGender": [{"male": 20, "Female": 5}, {"male": 20, "Female": 5}]}}