{"timestamp": [1707577338.146563, 1707589053.14886], "data": {"selected": [25, 25], "assigned": [0, 0], "preselecStu": [25, 25], "stuGender": [{"male": 17, "Female": 8}, {"male": 17, "Female": 8}]}}