{"timestamp": [1707541905.954108, 1707545143.289139], "data": {"selected": [25, 25], "assigned": [0, 0], "preselecStu": [25, 25], "stuGender": [{"male": 17, "Female": 8}, {"male": 17, "Female": 8}]}}