{"timestamp": [1707542284.425964, 1707545552.723069], "data": {"selected": [34, 34], "assigned": [0, 0], "preselecStu": [34, 34], "stuGender": [{"male": 17, "Female": 17}, {"male": 17, "Female": 17}]}}