{"timestamp": [1716069070.396881, 1716500156.377499, 1725443725.705892], "data": {"selected": [0, 0, 14], "assigned": [0, 0, 10], "preselecStu": [0, 0, 14], "stuGender": [{"male": 0, "Female": 0}, {"male": 0, "Female": 0}, {"male": 9, "Female": 5}]}}