{"timestamp": [1716066952.882881, 1716498198.639349, 1725441143.378843, 1725513711.244706], "data": {"selected": [0, 0, 9, 8], "assigned": [0, 0, 19, 21], "preselecStu": [0, 0, 9, 8], "stuGender": [{"male": 0, "Female": 0}, {"male": 0, "Female": 0}, {"male": 8, "Female": 1}, {"male": 7, "Female": 1}]}}