{"timestamp": [1716066952.882881, 1716498198.639349, 1725441143.378843], "data": {"selected": [0, 0, 9], "assigned": [0, 0, 19], "preselecStu": [0, 0, 9], "stuGender": [{"male": 0, "Female": 0}, {"male": 0, "Female": 0}, {"male": 8, "Female": 1}]}}