{"timestamp": [1707576237.723482, 1707587737.195343, 1707659217.400901], "data": {"selected": [6, 6, 6], "assigned": [0, 0, 0], "preselecStu": [6, 6, 6], "stuGender": [{"male": 3, "Female": 3}, {"male": 3, "Female": 3}, {"male": 3, "Female": 3}]}}