{"timestamp": [1716066822.722346, 1716498066.483926, 1725440977.967159], "data": {"selected": [0, 0, 5], "assigned": [0, 0, 15], "preselecStu": [0, 0, 5], "stuGender": [{"male": 0, "Female": 0}, {"male": 0, "Female": 0}, {"male": 5, "Female": 0}]}}