{"timestamp": [1707541529.308088, 1707544734.067731], "data": {"selected": [41, 41], "assigned": [0, 0], "preselecStu": [41, 41], "stuGender": [{"male": 32, "Female": 9}, {"male": 32, "Female": 9}]}}