{"timestamp": [1707577237.443993, 1707588939.689484, 1707659775.830435, 1707662383.263707], "data": {"selected": [70, 70, 70, 70], "assigned": [0, 0, 0, 0], "preselecStu": [70, 70, 70, 70], "stuGender": [{"male": 32, "Female": 38}, {"male": 32, "Female": 38}, {"male": 32, "Female": 38}, {"male": 32, "Female": 38}]}}