{"timestamp": [1707578438.909239, 1707590474.56071, 1707660421.879287, 1707663039.666453], "data": {"selected": [5, 5, 5, 5], "assigned": [0, 0, 0, 0], "preselecStu": [5, 5, 5, 5], "stuGender": [{"male": 3, "Female": 2}, {"male": 3, "Female": 2}, {"male": 3, "Female": 2}, {"male": 3, "Female": 2}]}}