{"timestamp": [1716067936.411653, 1716499129.774154, 1725442420.81477, 1725514821.454086], "data": {"selected": [0, 0, 10, 8], "assigned": [0, 0, 15, 18], "preselecStu": [0, 0, 10, 8], "stuGender": [{"male": 0, "Female": 0}, {"male": 0, "Female": 0}, {"male": 8, "Female": 2}, {"male": 7, "Female": 1}]}}