{"timestamp": [1716067936.411653, 1716499129.774154, 1725442420.81477], "data": {"selected": [0, 0, 10], "assigned": [0, 0, 15], "preselecStu": [0, 0, 10], "stuGender": [{"male": 0, "Female": 0}, {"male": 0, "Female": 0}, {"male": 8, "Female": 2}]}}