{"timestamp": [1716067036.696204, 1716498273.784492, 1725441252.909271], "data": {"selected": [0, 0, 9], "assigned": [0, 0, 3], "preselecStu": [0, 0, 9], "stuGender": [{"male": 0, "Female": 0}, {"male": 0, "Female": 0}, {"male": 3, "Female": 6}]}}