{"timestamp": [1716067036.696204, 1716498273.784492, 1725441252.909271, 1725513791.240045], "data": {"selected": [0, 0, 9, 8], "assigned": [0, 0, 3, 3], "preselecStu": [0, 0, 9, 8], "stuGender": [{"male": 0, "Female": 0}, {"male": 0, "Female": 0}, {"male": 3, "Female": 6}, {"male": 3, "Female": 5}]}}