{"timestamp": [1716068746.475862, 1716499866.7719, 1725443375.77567], "data": {"selected": [0, 0, 1], "assigned": [0, 0, 2], "preselecStu": [0, 0, 1], "stuGender": [{"male": 0, "Female": 0}, {"male": 0, "Female": 0}, {"male": 1, "Female": 0}]}}