{"timestamp": [1734408837.33245, 1734471469.553188, 1734558297.174658, 1734643980.140408], "data": {"selected": [0, 0, 0, 0], "assigned": [53, 58, 64, 70], "preselecStu": [0, 0, 0, 0], "stuGender": [{"male": 0, "Female": 0}, {"male": 0, "Female": 0}, {"male": 0, "Female": 0}, {"male": 0, "Female": 0}]}}