{"timestamp": [1707540675.904775, 1707543853.199429], "data": {"selected": [46, 46], "assigned": [0, 0], "preselecStu": [46, 46], "stuGender": [{"male": 20, "Female": 26}, {"male": 20, "Female": 26}]}}