{"timestamp": [1707541116.699066, 1707544297.105395], "data": {"selected": [66, 66], "assigned": [0, 0], "preselecStu": [66, 66], "stuGender": [{"male": 43, "Female": 23}, {"male": 43, "Female": 23}]}}