{"timestamp": [1707540744.507484, 1707543922.617237], "data": {"selected": [40, 40], "assigned": [0, 0], "preselecStu": [0, 0], "stuGender": [{"male": 29, "Female": 11}, {"male": 29, "Female": 11}]}}