{"timestamp": [1734408368.469728, 1734471016.358109, 1734557773.280538, 1734643559.218989], "data": {"selected": [0, 0, 0, 0], "assigned": [68, 71, 81, 89], "preselecStu": [0, 0, 0, 0], "stuGender": [{"male": 0, "Female": 0}, {"male": 0, "Female": 0}, {"male": 0, "Female": 0}, {"male": 0, "Female": 0}]}}