{"timestamp": [1716065613.070167, 1716496929.81697, 1725439136.871027], "data": {"selected": [0, 0, 47], "assigned": [0, 0, 14], "preselecStu": [0, 0, 47], "stuGender": [{"male": 0, "Female": 0}, {"male": 0, "Female": 0}, {"male": 36, "Female": 11}]}}