{"timestamp": [1716067702.915492, 1716498927.365648, 1725442139.544, 1725514551.937986], "data": {"selected": [0, 0, 28, 28], "assigned": [0, 0, 2, 3], "preselecStu": [0, 0, 0, 0], "stuGender": [{"male": 0, "Female": 0}, {"male": 0, "Female": 0}, {"male": 8, "Female": 20}, {"male": 8, "Female": 20}]}}