{"timestamp": [1716068678.531211, 1716499798.183591, 1725443293.986422], "data": {"selected": [0, 0, 22], "assigned": [0, 0, 1], "preselecStu": [0, 0, 0], "stuGender": [{"male": 0, "Female": 0}, {"male": 0, "Female": 0}, {"male": 17, "Female": 5}]}}