{"timestamp": [1734409675.916251, 1734472262.759331], "data": {"selected": [0, 0], "assigned": [150, 150], "preselecStu": [0, 0], "stuGender": [{"male": 0, "Female": 0}, {"male": 0, "Female": 0}]}}