{"timestamp": [1716069395.872532, 1716500442.85773, 1725444039.871248], "data": {"selected": [0, 0, 1], "assigned": [0, 0, 7], "preselecStu": [0, 0, 1], "stuGender": [{"male": 0, "Female": 0}, {"male": 0, "Female": 0}, {"male": 1, "Female": 0}]}}