{"timestamp": [1707541852.208612, 1707545083.659741], "data": {"selected": [70, 70], "assigned": [0, 0], "preselecStu": [70, 70], "stuGender": [{"male": 32, "Female": 38}, {"male": 32, "Female": 38}]}}