{"timestamp": [1707575106.240382, 1707586381.434079, 1707658584.56538], "data": {"selected": [50, 50, 50], "assigned": [0, 0, 0], "preselecStu": [50, 50, 50], "stuGender": [{"male": 24, "Female": 26}, {"male": 24, "Female": 26}, {"male": 24, "Female": 26}]}}