{"timestamp": [1707575546.778543, 1707586904.429185, 1707658842.132496, 1707661438.242252], "data": {"selected": [30, 30, 30, 30], "assigned": [0, 0, 0, 0], "preselecStu": [30, 30, 30, 30], "stuGender": [{"male": 7, "Female": 23}, {"male": 7, "Female": 23}, {"male": 7, "Female": 23}, {"male": 7, "Female": 23}]}}