{"timestamp": [1734410904.896936, 1734473404.735135, 1734560385.964228], "data": {"selected": [0, 0, 0], "assigned": [14, 16, 17], "preselecStu": [0, 0, 0], "stuGender": [{"male": 0, "Female": 0}, {"male": 0, "Female": 0}, {"male": 0, "Female": 0}]}}