{"timestamp": [1734410801.715803, 1734473305.702849], "data": {"selected": [0, 0], "assigned": [19, 19], "preselecStu": [0, 0], "stuGender": [{"male": 0, "Female": 0}, {"male": 0, "Female": 0}]}}