{"timestamp": [1734410801.715803, 1734473305.702849, 1734560288.059115, 1734645697.895999], "data": {"selected": [0, 0, 0, 0], "assigned": [19, 19, 19, 19], "preselecStu": [0, 0, 0, 0], "stuGender": [{"male": 0, "Female": 0}, {"male": 0, "Female": 0}, {"male": 0, "Female": 0}, {"male": 0, "Female": 0}]}}