{"timestamp": [1734408117.235044, 1734470794.005123, 1734557527.863506, 1734643341.021584], "data": {"selected": [0, 0, 0, 0], "assigned": [14, 16, 17, 18], "preselecStu": [0, 0, 0, 0], "stuGender": [{"male": 0, "Female": 0}, {"male": 0, "Female": 0}, {"male": 0, "Female": 0}, {"male": 0, "Female": 0}]}}