{"timestamp": [1734405261.720699, 1734467929.288803, 1734554465.453303, 1734640706.619832], "data": {"selected": [0, 0, 0, 0], "assigned": [56, 63, 80, 89], "preselecStu": [0, 0, 0, 0], "stuGender": [{"male": 0, "Female": 0}, {"male": 0, "Female": 0}, {"male": 0, "Female": 0}, {"male": 0, "Female": 0}]}}