{"timestamp": [1734405261.720699, 1734467929.288803], "data": {"selected": [0, 0], "assigned": [56, 63], "preselecStu": [0, 0], "stuGender": [{"male": 0, "Female": 0}, {"male": 0, "Female": 0}]}}