{"timestamp": [1734408065.893886, 1734470744.730078, 1734557476.881676], "data": {"selected": [0, 0, 0], "assigned": [104, 114, 128], "preselecStu": [0, 0, 0], "stuGender": [{"male": 0, "Female": 0}, {"male": 0, "Female": 0}, {"male": 0, "Female": 0}]}}