{"timestamp": [1716064786.592777, 1716496166.549985, 1725437904.465982, 1725511096.868582], "data": {"selected": [0, 0, 0, 0], "assigned": [0, 0, 171, 311], "preselecStu": [0, 0, 0, 0], "stuGender": [{"male": 0, "Female": 0}, {"male": 0, "Female": 0}, {"male": 0, "Female": 0}, {"male": 0, "Female": 0}]}}