{"timestamp": [1716067008.866671, 1716498245.120676, 1725441216.64625, 1725513760.639233], "data": {"selected": [0, 0, 68, 68], "assigned": [0, 0, 17, 27], "preselecStu": [0, 0, 0, 0], "stuGender": [{"male": 0, "Female": 0}, {"male": 0, "Female": 0}, {"male": 36, "Female": 32}, {"male": 36, "Female": 32}]}}