{"timestamp": [1734408871.955715, 1734471496.697613], "data": {"selected": [0, 0], "assigned": [30, 33], "preselecStu": [0, 0], "stuGender": [{"male": 0, "Female": 0}, {"male": 0, "Female": 0}]}}