{"timestamp": [1734406782.101039, 1734469544.80357, 1734556085.818141], "data": {"selected": [0, 0, 0], "assigned": [4, 5, 6], "preselecStu": [0, 0, 0], "stuGender": [{"male": 0, "Female": 0}, {"male": 0, "Female": 0}, {"male": 0, "Female": 0}]}}