{"timestamp": [1734408564.860436, 1734471213.784579, 1734558001.914408], "data": {"selected": [0, 0, 0], "assigned": [12, 14, 15], "preselecStu": [0, 0, 0], "stuGender": [{"male": 0, "Female": 0}, {"male": 0, "Female": 0}, {"male": 0, "Female": 0}]}}