{"timestamp": [1734408564.860436, 1734471213.784579], "data": {"selected": [0, 0], "assigned": [12, 14], "preselecStu": [0, 0], "stuGender": [{"male": 0, "Female": 0}, {"male": 0, "Female": 0}]}}