{"timestamp": [1716064450.742972, 1716495874.551162, 1725437440.281264], "data": {"selected": [0, 0, 47], "assigned": [0, 0, 50], "preselecStu": [0, 0, 47], "stuGender": [{"male": 0, "Female": 0}, {"male": 0, "Female": 0}, {"male": 30, "Female": 17}]}}