{"timestamp": [1716064450.742972, 1716495874.551162, 1725437440.281264, 1725510721.617754], "data": {"selected": [0, 0, 47, 46], "assigned": [0, 0, 50, 91], "preselecStu": [0, 0, 47, 46], "stuGender": [{"male": 0, "Female": 0}, {"male": 0, "Female": 0}, {"male": 30, "Female": 17}, {"male": 29, "Female": 17}]}}