{"timestamp": [1734406424.126375, 1734469155.717801, 1734555683.52945], "data": {"selected": [0, 0, 0], "assigned": [3, 3, 8], "preselecStu": [0, 0, 0], "stuGender": [{"male": 0, "Female": 0}, {"male": 0, "Female": 0}, {"male": 0, "Female": 0}]}}