{"timestamp": [1716064888.807122, 1716496269.493911, 1725438077.365625, 1725511260.776852], "data": {"selected": [0, 0, 3, 3], "assigned": [0, 0, 15, 28], "preselecStu": [0, 0, 3, 3], "stuGender": [{"male": 0, "Female": 0}, {"male": 0, "Female": 0}, {"male": 1, "Female": 2}, {"male": 1, "Female": 2}]}}