{"timestamp": [1734407205.552856, 1734469945.40919, 1734556581.30131], "data": {"selected": [0, 0, 0], "assigned": [9, 9, 11], "preselecStu": [0, 0, 0], "stuGender": [{"male": 0, "Female": 0}, {"male": 0, "Female": 0}, {"male": 0, "Female": 0}]}}