{"timestamp": [1707574524.810469, 1707585673.99595, 1707658236.937357], "data": {"selected": [40, 40, 40], "assigned": [0, 0, 0], "preselecStu": [40, 40, 40], "stuGender": [{"male": 29, "Female": 11}, {"male": 29, "Female": 11}, {"male": 29, "Female": 11}]}}