{"timestamp": [1707541727.227315, 1707544954.908982], "data": {"selected": [23, 23], "assigned": [0, 0], "preselecStu": [23, 23], "stuGender": [{"male": 17, "Female": 6}, {"male": 17, "Female": 6}]}}