{"timestamp": [1707542112.856188, 1707545361.427703], "data": {"selected": [40, 40], "assigned": [0, 0], "preselecStu": [40, 40], "stuGender": [{"male": 24, "Female": 16}, {"male": 24, "Female": 16}]}}