{"timestamp": [1716064727.698332, 1716496119.76656, 1725437836.469617], "data": {"selected": [0, 0, 10], "assigned": [0, 0, 8], "preselecStu": [0, 0, 10], "stuGender": [{"male": 0, "Female": 0}, {"male": 0, "Female": 0}, {"male": 5, "Female": 5}]}}