{"timestamp": [1707577072.971547, 1707588743.524479], "data": {"selected": [85, 85], "assigned": [0, 0], "preselecStu": [85, 85], "stuGender": [{"male": 33, "Female": 52}, {"male": 33, "Female": 52}]}}