{"timestamp": [1707575298.758182, 1707586610.241583], "data": {"selected": [37, 37], "assigned": [0, 0], "preselecStu": [37, 37], "stuGender": [{"male": 18, "Female": 19}, {"male": 18, "Female": 19}]}}