{"timestamp": [1716068783.163644, 1716499899.537993, 1725443411.593819], "data": {"selected": [0, 0, 1], "assigned": [0, 0, 9], "preselecStu": [0, 0, 1], "stuGender": [{"male": 0, "Female": 0}, {"male": 0, "Female": 0}, {"male": 1, "Female": 0}]}}