{"timestamp": [1707578087.050988, 1707590019.101155, 1707660232.108949], "data": {"selected": [7, 7, 7], "assigned": [0, 0, 0], "preselecStu": [7, 7, 7], "stuGender": [{"male": 4, "Female": 3}, {"male": 4, "Female": 3}, {"male": 4, "Female": 3}]}}