{"timestamp": [1707577420.328615, 1707589141.766252, 1707659874.627216, 1707662485.895267], "data": {"selected": [31, 31, 31, 31], "assigned": [0, 0, 0, 0], "preselecStu": [30, 30, 30, 30], "stuGender": [{"male": 15, "Female": 16}, {"male": 15, "Female": 16}, {"male": 15, "Female": 16}, {"male": 15, "Female": 16}]}}