{"timestamp": [1716064342.854673, 1716495776.601702, 1725437282.191376], "data": {"selected": [0, 0, 47], "assigned": [0, 0, 28], "preselecStu": [0, 0, 47], "stuGender": [{"male": 0, "Female": 0}, {"male": 0, "Female": 0}, {"male": 33, "Female": 14}]}}