{"timestamp": [1716064342.854673, 1716495776.601702, 1725437282.191376, 1725510577.370826], "data": {"selected": [0, 0, 47, 42], "assigned": [0, 0, 28, 43], "preselecStu": [0, 0, 47, 42], "stuGender": [{"male": 0, "Female": 0}, {"male": 0, "Female": 0}, {"male": 33, "Female": 14}, {"male": 29, "Female": 13}]}}