{"timestamp": [1707542662.525996, 1707545939.939742], "data": {"selected": [44, 44], "assigned": [0, 0], "preselecStu": [44, 44], "stuGender": [{"male": 18, "Female": 26}, {"male": 18, "Female": 26}]}}