{"timestamp": [1734409400.805118, 1734471995.370012, 1734558941.63966, 1734644434.711604], "data": {"selected": [0, 0, 0, 0], "assigned": [71, 82, 98, 113], "preselecStu": [0, 0, 0, 0], "stuGender": [{"male": 0, "Female": 0}, {"male": 0, "Female": 0}, {"male": 0, "Female": 0}, {"male": 0, "Female": 0}]}}