{"timestamp": [1734409400.805118, 1734471995.370012], "data": {"selected": [0, 0], "assigned": [71, 82], "preselecStu": [0, 0], "stuGender": [{"male": 0, "Female": 0}, {"male": 0, "Female": 0}]}}