{"timestamp": [1707574904.065938, 1707586107.47148], "data": {"selected": [49, 49], "assigned": [0, 0], "preselecStu": [49, 49], "stuGender": [{"male": 8, "Female": 41}, {"male": 8, "Female": 41}]}}