{"timestamp": [1707542209.165104, 1707545475.468026], "data": {"selected": [50, 50], "assigned": [1, 1], "preselecStu": [50, 50], "stuGender": [{"male": 36, "Female": 15}, {"male": 36, "Female": 15}]}}