{"timestamp": [1716065487.089418, 1716496808.376447, 1725438919.995734], "data": {"selected": [0, 0, 8], "assigned": [0, 2, 2], "preselecStu": [0, 0, 2], "stuGender": [{"male": 0, "Female": 0}, {"male": 0, "Female": 0}, {"male": 0, "Female": 8}]}}