{"timestamp": [1734410367.504804, 1734472903.0607, 1734559881.949113], "data": {"selected": [0, 0, 0], "assigned": [11, 13, 15], "preselecStu": [0, 0, 0], "stuGender": [{"male": 0, "Female": 0}, {"male": 0, "Female": 0}, {"male": 0, "Female": 0}]}}