{"timestamp": [1707577358.556176, 1707589076.141665, 1707659843.423999], "data": {"selected": [30, 30, 30], "assigned": [0, 0, 0], "preselecStu": [30, 30, 30], "stuGender": [{"male": 11, "Female": 19}, {"male": 11, "Female": 19}, {"male": 11, "Female": 19}]}}