{"timestamp": [1707540610.729073, 1707543785.00391], "data": {"selected": [19, 19], "assigned": [0, 0], "preselecStu": [19, 19], "stuGender": [{"male": 11, "Female": 8}, {"male": 11, "Female": 8}]}}