{"timestamp": [1707576563.073499, 1707588153.303918, 1707659397.929881], "data": {"selected": [29, 29, 29], "assigned": [0, 0, 0], "preselecStu": [29, 29, 29], "stuGender": [{"male": 25, "Female": 4}, {"male": 25, "Female": 4}, {"male": 25, "Female": 4}]}}