{"timestamp": [1707541490.144795, 1707544694.96676], "data": {"selected": [29, 29], "assigned": [0, 0], "preselecStu": [29, 29], "stuGender": [{"male": 25, "Female": 4}, {"male": 25, "Female": 4}]}}