{"timestamp": [1734407521.495944, 1734470251.73019, 1734556907.439174], "data": {"selected": [0, 0, 0], "assigned": [20, 24, 26], "preselecStu": [0, 0, 0], "stuGender": [{"male": 0, "Female": 0}, {"male": 0, "Female": 0}, {"male": 0, "Female": 0}]}}