{"timestamp": [1734408277.276275, 1734470943.686716, 1734557695.842025], "data": {"selected": [0, 0, 0], "assigned": [1, 1, 1], "preselecStu": [0, 0, 0], "stuGender": [{"male": 0, "Female": 0}, {"male": 0, "Female": 0}, {"male": 0, "Female": 0}]}}