{"timestamp": [1734406377.40297, 1734469112.250077, 1734555626.680988], "data": {"selected": [0, 0, 0], "assigned": [45, 45, 46], "preselecStu": [0, 0, 0], "stuGender": [{"male": 0, "Female": 0}, {"male": 0, "Female": 0}, {"male": 0, "Female": 0}]}}