{"timestamp": [1716067232.589642, 1716498464.782097, 1725441481.320858, 1725514010.583893], "data": {"selected": [0, 0, 120, 120], "assigned": [0, 98, 10, 21], "preselecStu": [0, 0, 119, 119], "stuGender": [{"male": 0, "Female": 0}, {"male": 0, "Female": 0}, {"male": 77, "Female": 43}, {"male": 77, "Female": 43}]}}