{"timestamp": [1734410819.824008, 1734473322.117746, 1734560304.916168, 1734645715.092428], "data": {"selected": [0, 0, 0, 0], "assigned": [83, 102, 123, 141], "preselecStu": [0, 0, 0, 0], "stuGender": [{"male": 0, "Female": 0}, {"male": 0, "Female": 0}, {"male": 0, "Female": 0}, {"male": 0, "Female": 0}]}}