{"timestamp": [1716068766.55333, 1716499888.916211, 1725443398.519846], "data": {"selected": [0, 0, 1], "assigned": [0, 0, 0], "preselecStu": [0, 0, 1], "stuGender": [{"male": 0, "Female": 0}, {"male": 0, "Female": 0}, {"male": 0, "Female": 1}]}}