{"timestamp": [1716067263.253372, 1716498496.378744, 1725441520.119214, 1725514053.641164], "data": {"selected": [0, 0, 37, 37], "assigned": [0, 38, 2, 2], "preselecStu": [0, 0, 37, 37], "stuGender": [{"male": 0, "Female": 0}, {"male": 0, "Female": 0}, {"male": 20, "Female": 17}, {"male": 20, "Female": 17}]}}