{"timestamp": [1707542228.629164, 1707545505.031153], "data": {"selected": [52, 52], "assigned": [0, 0], "preselecStu": [52, 52], "stuGender": [{"male": 34, "Female": 18}, {"male": 34, "Female": 18}]}}