{"timestamp": [1707541345.304859, 1707544533.882657], "data": {"selected": [25, 25], "assigned": [0, 0], "preselecStu": [25, 25], "stuGender": [{"male": 15, "Female": 10}, {"male": 15, "Female": 10}]}}