{"timestamp": [1707541017.495421, 1707544197.87955], "data": {"selected": [19, 19], "assigned": [0, 0], "preselecStu": [19, 19], "stuGender": [{"male": 4, "Female": 15}, {"male": 4, "Female": 15}]}}