{"timestamp": [1734404838.869102, 1734467465.453726], "data": {"selected": [0, 0], "assigned": [46, 46], "preselecStu": [0, 0], "stuGender": [{"male": 0, "Female": 0}, {"male": 0, "Female": 0}]}}