{"timestamp": [1716063861.507641, 1716495326.430551, 1725436565.391161], "data": {"selected": [0, 0, 39], "assigned": [0, 0, 27], "preselecStu": [0, 0, 39], "stuGender": [{"male": 0, "Female": 0}, {"male": 0, "Female": 0}, {"male": 23, "Female": 16}]}}