{"timestamp": [1716066801.318019, 1716498045.23272, 1725440948.1841], "data": {"selected": [0, 0, 49], "assigned": [0, 0, 2], "preselecStu": [0, 0, 49], "stuGender": [{"male": 0, "Female": 0}, {"male": 0, "Female": 0}, {"male": 32, "Female": 17}]}}