{"timestamp": [1707541014.305831, 1707544194.690773], "data": {"selected": [20, 20], "assigned": [0, 0], "preselecStu": [20, 20], "stuGender": [{"male": 3, "Female": 17}, {"male": 3, "Female": 17}]}}