{"timestamp": [1707541876.00197, 1707545111.595459], "data": {"selected": [39, 39], "assigned": [0, 0], "preselecStu": [39, 39], "stuGender": [{"male": 22, "Female": 17}, {"male": 22, "Female": 17}]}}