{"timestamp": [1707577281.564956, 1707588988.406197], "data": {"selected": [39, 39], "assigned": [0, 0], "preselecStu": [39, 39], "stuGender": [{"male": 22, "Female": 17}, {"male": 22, "Female": 17}]}}