{"timestamp": [1734410057.873337, 1734472610.73287, 1734559576.929923], "data": {"selected": [0, 0, 0], "assigned": [12, 12, 21], "preselecStu": [0, 0, 0], "stuGender": [{"male": 0, "Female": 0}, {"male": 0, "Female": 0}, {"male": 0, "Female": 0}]}}