{"timestamp": [1707574652.293716, 1707585817.51633, 1707658320.187948], "data": {"selected": [3, 3, 3], "assigned": [0, 0, 0], "preselecStu": [3, 3, 3], "stuGender": [{"male": 0, "Female": 3}, {"male": 0, "Female": 3}, {"male": 0, "Female": 3}]}}