{"timestamp": [1716065933.545904, 1716497231.432728, 1725439611.05977], "data": {"selected": [0, 0, 27], "assigned": [0, 0, 0], "preselecStu": [0, 0, 0], "stuGender": [{"male": 0, "Female": 0}, {"male": 0, "Female": 0}, {"male": 15, "Female": 12}]}}