{"timestamp": [1734405878.377497, 1734468607.113088], "data": {"selected": [32, 32], "assigned": [0, 0], "preselecStu": [0, 0], "stuGender": [{"male": 27, "Female": 5}, {"male": 27, "Female": 5}]}}