{"timestamp": [1734409005.691749, 1734471629.560577, 1734558494.807005, 1734644109.999523], "data": {"selected": [0, 0, 0, 0], "assigned": [18, 18, 18, 18], "preselecStu": [0, 0, 0, 0], "stuGender": [{"male": 0, "Female": 0}, {"male": 0, "Female": 0}, {"male": 0, "Female": 0}, {"male": 0, "Female": 0}]}}