{"timestamp": [1734405459.107883, 1734468122.050581, 1734554642.818831], "data": {"selected": [0, 0, 0], "assigned": [51, 51, 51], "preselecStu": [0, 0, 0], "stuGender": [{"male": 0, "Female": 0}, {"male": 0, "Female": 0}, {"male": 0, "Female": 0}]}}