{"timestamp": [1707578131.318021, 1707590070.862868], "data": {"selected": [56, 56], "assigned": [0, 0], "preselecStu": [56, 56], "stuGender": [{"male": 36, "Female": 20}, {"male": 36, "Female": 20}]}}