{"timestamp": [1716066643.029129, 1716497892.541764, 1725440677.087076], "data": {"selected": [0, 0, 15], "assigned": [0, 0, 15], "preselecStu": [0, 0, 15], "stuGender": [{"male": 0, "Female": 0}, {"male": 0, "Female": 0}, {"male": 10, "Female": 5}]}}