{"timestamp": [1716066643.029129, 1716497892.541764, 1725440677.087076, 1725513298.855334], "data": {"selected": [0, 0, 15, 15], "assigned": [0, 0, 15, 19], "preselecStu": [0, 0, 15, 15], "stuGender": [{"male": 0, "Female": 0}, {"male": 0, "Female": 0}, {"male": 10, "Female": 5}, {"male": 10, "Female": 5}]}}