{"timestamp": [1716067185.846663, 1716498423.748952, 1725441431.804136], "data": {"selected": [0, 0, 28], "assigned": [0, 0, 0], "preselecStu": [0, 0, 0], "stuGender": [{"male": 0, "Female": 0}, {"male": 0, "Female": 0}, {"male": 11, "Female": 17}]}}