{"timestamp": [1734409949.981215, 1734472493.388471, 1734559459.088809, 1734644865.134663], "data": {"selected": [0, 0, 0, 0], "assigned": [15, 15, 15, 15], "preselecStu": [0, 0, 0, 0], "stuGender": [{"male": 0, "Female": 0}, {"male": 0, "Female": 0}, {"male": 0, "Female": 0}, {"male": 0, "Female": 0}]}}