{"timestamp": [1734410043.789604, 1734472596.575717, 1734559562.318141], "data": {"selected": [0, 0, 0], "assigned": [10, 10, 12], "preselecStu": [0, 0, 0], "stuGender": [{"male": 0, "Female": 0}, {"male": 0, "Female": 0}, {"male": 0, "Female": 0}]}}