{"timestamp": [1734408726.320508, 1734471339.740853], "data": {"selected": [0, 0], "assigned": [85, 86], "preselecStu": [0, 0], "stuGender": [{"male": 0, "Female": 0}, {"male": 0, "Female": 0}]}}