{"timestamp": [1707540316.334388, 1707543492.081008], "data": {"selected": [46, 46], "assigned": [0, 0], "preselecStu": [46, 46], "stuGender": [{"male": 37, "Female": 9}, {"male": 37, "Female": 9}]}}