{"timestamp": [1707574477.018932, 1707585619.398563, 1707658205.155329, 1707660800.281852], "data": {"selected": [46, 46, 46, 46], "assigned": [0, 0, 0, 0], "preselecStu": [46, 46, 46, 46], "stuGender": [{"male": 37, "Female": 9}, {"male": 37, "Female": 9}, {"male": 37, "Female": 9}, {"male": 37, "Female": 9}]}}