{"timestamp": [1716064630.877998, 1716496029.513852, 1725437689.008802, 1725510916.922976], "data": {"selected": [0, 0, 0, 34], "assigned": [0, 0, 0, 0], "preselecStu": [0, 0, 0, 0], "stuGender": [{"male": 0, "Female": 0}, {"male": 0, "Female": 0}, {"male": 0, "Female": 0}, {"male": 26, "Female": 8}]}}