{"timestamp": [1734409372.60726, 1734471978.116079, 1734558905.958723, 1734644416.34217], "data": {"selected": [0, 0, 0, 0], "assigned": [96, 102, 110, 117], "preselecStu": [0, 0, 0, 0], "stuGender": [{"male": 0, "Female": 0}, {"male": 0, "Female": 0}, {"male": 0, "Female": 0}, {"male": 0, "Female": 0}]}}