{"timestamp": [1716065218.768566, 1716496547.565276, 1725438532.461208, 1725511601.792727], "data": {"selected": [0, 0, 16, 16], "assigned": [0, 0, 8, 11], "preselecStu": [0, 0, 16, 16], "stuGender": [{"male": 0, "Female": 0}, {"male": 0, "Female": 0}, {"male": 7, "Female": 9}, {"male": 7, "Female": 9}]}}