{"timestamp": [1707578825.851399, 1707590983.318222, 1707660630.930667, 1707663248.468385], "data": {"selected": [33, 33, 33, 33], "assigned": [0, 0, 0, 0], "preselecStu": [33, 33, 33, 33], "stuGender": [{"male": 22, "Female": 11}, {"male": 22, "Female": 11}, {"male": 22, "Female": 11}, {"male": 22, "Female": 11}]}}