{"timestamp": [1716066724.672366, 1716497969.466021, 1725440812.501909, 1725513415.067801], "data": {"selected": [0, 0, 31, 31], "assigned": [0, 31, 0, 0], "preselecStu": [0, 0, 31, 31], "stuGender": [{"male": 0, "Female": 0}, {"male": 0, "Female": 0}, {"male": 26, "Female": 5}, {"male": 26, "Female": 5}]}}