{"timestamp": [1734405384.97875, 1734468046.853694, 1734554569.71541], "data": {"selected": [0, 0, 0], "assigned": [1, 1, 2], "preselecStu": [0, 0, 0], "stuGender": [{"male": 0, "Female": 0}, {"male": 0, "Female": 0}, {"male": 0, "Female": 0}]}}