{"timestamp": [1716066093.758404, 1716497370.076173, 1725439871.060104, 1725512674.434583], "data": {"selected": [0, 0, 38, 38], "assigned": [0, 0, 18, 27], "preselecStu": [0, 0, 38, 38], "stuGender": [{"male": 0, "Female": 0}, {"male": 0, "Female": 0}, {"male": 21, "Female": 17}, {"male": 21, "Female": 17}]}}