{"timestamp": [1716066857.833083, 1716498100.650445, 1725441026.700314], "data": {"selected": [0, 0, 12], "assigned": [0, 0, 1], "preselecStu": [0, 0, 0], "stuGender": [{"male": 0, "Female": 0}, {"male": 0, "Female": 0}, {"male": 10, "Female": 2}]}}