{"timestamp": [1716069033.711671, 1716500121.983767, 1725443686.95185, 1725516080.669747], "data": {"selected": [0, 0, 14, 14], "assigned": [0, 0, 8, 10], "preselecStu": [0, 0, 14, 14], "stuGender": [{"male": 0, "Female": 0}, {"male": 0, "Female": 0}, {"male": 1, "Female": 13}, {"male": 1, "Female": 13}]}}