{"timestamp": [1734408298.795455, 1734470958.89433, 1734557711.446327], "data": {"selected": [0, 0, 0], "assigned": [22, 22, 22], "preselecStu": [0, 0, 0], "stuGender": [{"male": 0, "Female": 0}, {"male": 0, "Female": 0}, {"male": 0, "Female": 0}]}}