{"timestamp": [1716069103.219941, 1716500190.283419, 1725443761.268115, 1725516160.004408], "data": {"selected": [0, 0, 3, 6], "assigned": [0, 0, 0, 0], "preselecStu": [0, 0, 0, 0], "stuGender": [{"male": 0, "Female": 0}, {"male": 0, "Female": 0}, {"male": 0, "Female": 3}, {"male": 0, "Female": 6}]}}