{"timestamp": [1734406098.128278, 1734468819.917014, 1734555353.076452], "data": {"selected": [0, 0, 0], "assigned": [92, 108, 129], "preselecStu": [0, 0, 0], "stuGender": [{"male": 0, "Female": 0}, {"male": 0, "Female": 0}, {"male": 0, "Female": 0}]}}