{"timestamp": [1734406098.128278, 1734468819.917014], "data": {"selected": [0, 0], "assigned": [92, 108], "preselecStu": [0, 0], "stuGender": [{"male": 0, "Female": 0}, {"male": 0, "Female": 0}]}}