{"timestamp": [1716064232.134487, 1716495673.130763, 1725437092.957922], "data": {"selected": [0, 0, 1], "assigned": [0, 0, 0], "preselecStu": [0, 0, 1], "stuGender": [{"male": 0, "Female": 0}, {"male": 0, "Female": 0}, {"male": 0, "Female": 1}]}}