{"timestamp": [1707576348.641532, 1707587891.209321, 1707659278.177605, 1707661879.545492], "data": {"selected": [4, 4, 4, 4], "assigned": [0, 0, 0, 0], "preselecStu": [4, 4, 4, 4], "stuGender": [{"male": 3, "Female": 1}, {"male": 3, "Female": 1}, {"male": 3, "Female": 1}, {"male": 3, "Female": 1}]}}