{"timestamp": [1707540694.722751, 1707543873.101363], "data": {"selected": [50, 50], "assigned": [0, 0], "preselecStu": [50, 50], "stuGender": [{"male": 24, "Female": 26}, {"male": 24, "Female": 26}]}}