{"timestamp": [1716069398.061886, 1716500444.982409, 1725444043.080128], "data": {"selected": [0, 0, 1], "assigned": [0, 0, 5], "preselecStu": [0, 0, 1], "stuGender": [{"male": 0, "Female": 0}, {"male": 0, "Female": 0}, {"male": 1, "Female": 0}]}}