{"timestamp": [1716067464.166589, 1716498699.774215, 1725441850.809363, 1725514292.346083], "data": {"selected": [0, 0, 39, 38], "assigned": [0, 0, 3, 8], "preselecStu": [0, 0, 39, 38], "stuGender": [{"male": 0, "Female": 0}, {"male": 0, "Female": 0}, {"male": 13, "Female": 26}, {"male": 13, "Female": 25}]}}