{"timestamp": [1716067464.166589, 1716498699.774215, 1725441850.809363], "data": {"selected": [0, 0, 39], "assigned": [0, 0, 3], "preselecStu": [0, 0, 39], "stuGender": [{"male": 0, "Female": 0}, {"male": 0, "Female": 0}, {"male": 13, "Female": 26}]}}