{"timestamp": [1707576811.85456, 1707588443.43064, 1707659533.837377], "data": {"selected": [32, 32, 32], "assigned": [0, 0, 0], "preselecStu": [0, 0, 0], "stuGender": [{"male": 27, "Female": 5}, {"male": 27, "Female": 5}, {"male": 27, "Female": 5}]}}