{"timestamp": [1707541601.347928, 1707544807.941542], "data": {"selected": [36, 36], "assigned": [0, 0], "preselecStu": [36, 36], "stuGender": [{"male": 34, "Female": 2}, {"male": 34, "Female": 2}]}}