{"timestamp": [1716067601.20529, 1716498837.748722, 1725442030.788864, 1725514446.060058], "data": {"selected": [0, 0, 24, 23], "assigned": [0, 0, 0, 0], "preselecStu": [0, 0, 0, 0], "stuGender": [{"male": 0, "Female": 0}, {"male": 0, "Female": 0}, {"male": 7, "Female": 17}, {"male": 7, "Female": 16}]}}