{"timestamp": [1734411077.375904, 1734473550.856046], "data": {"selected": [0, 0], "assigned": [13, 14], "preselecStu": [0, 0], "stuGender": [{"male": 0, "Female": 0}, {"male": 0, "Female": 0}]}}