{"timestamp": [1716066456.580593, 1716497693.137703], "data": {"selected": [0, 0], "assigned": [0, 212], "preselecStu": [0, 0], "stuGender": [{"male": 0, "Female": 0}, {"male": 0, "Female": 0}]}}