{"timestamp": [1716066456.580593, 1716497693.137703, 1725440387.569051], "data": {"selected": [0, 0, 209], "assigned": [0, 212, 3], "preselecStu": [0, 0, 209], "stuGender": [{"male": 0, "Female": 0}, {"male": 0, "Female": 0}, {"male": 85, "Female": 124}]}}