{"timestamp": [1716068968.993881, 1716500071.25324, 1725443608.555188, 1725516006.580703], "data": {"selected": [0, 0, 6, 3], "assigned": [0, 0, 7, 7], "preselecStu": [0, 0, 6, 3], "stuGender": [{"male": 0, "Female": 0}, {"male": 0, "Female": 0}, {"male": 3, "Female": 3}, {"male": 1, "Female": 2}]}}