{"timestamp": [1707576358.35701, 1707587902.974368], "data": {"selected": [15, 15], "assigned": [0, 0], "preselecStu": [15, 15], "stuGender": [{"male": 14, "Female": 1}, {"male": 14, "Female": 1}]}}