{"timestamp": [1707541948.681404, 1707545189.354572], "data": {"selected": [28, 28], "assigned": [0, 0], "preselecStu": [28, 28], "stuGender": [{"male": 9, "Female": 19}, {"male": 9, "Female": 19}]}}