{"timestamp": [1707540877.549805, 1707544057.749968], "data": {"selected": [22, 22], "assigned": [0, 0], "preselecStu": [22, 22], "stuGender": [{"male": 18, "Female": 4}, {"male": 18, "Female": 4}]}}