{"timestamp": [1707575436.639786, 1707586775.777136], "data": {"selected": [22, 22], "assigned": [0, 0], "preselecStu": [22, 22], "stuGender": [{"male": 18, "Female": 4}, {"male": 18, "Female": 4}]}}