{"timestamp": [1707576763.300396, 1707588385.626567], "data": {"selected": [50, 50], "assigned": [0, 0], "preselecStu": [50, 50], "stuGender": [{"male": 46, "Female": 4}, {"male": 46, "Female": 4}]}}