{"timestamp": [1734406817.95379, 1734469569.155126, 1734556134.070899], "data": {"selected": [0, 0, 0], "assigned": [18, 19, 22], "preselecStu": [0, 0, 0], "stuGender": [{"male": 0, "Female": 0}, {"male": 0, "Female": 0}, {"male": 0, "Female": 0}]}}