{"timestamp": [1707577658.844516, 1707589439.301875], "data": {"selected": [75, 75], "assigned": [0, 0], "preselecStu": [75, 75], "stuGender": [{"male": 65, "Female": 10}, {"male": 65, "Female": 10}]}}