{"timestamp": [1716068497.036267, 1716499638.091842, 1725443101.9847, 1725515510.626037], "data": {"selected": [0, 0, 14, 14], "assigned": [0, 0, 3, 3], "preselecStu": [0, 0, 14, 14], "stuGender": [{"male": 0, "Female": 0}, {"male": 0, "Female": 0}, {"male": 9, "Female": 5}, {"male": 9, "Female": 5}]}}