{"timestamp": [1716066121.989697, 1716497400.399601, 1725439921.570901, 1725512714.931318], "data": {"selected": [0, 0, 21, 21], "assigned": [0, 0, 19, 21], "preselecStu": [0, 0, 21, 21], "stuGender": [{"male": 0, "Female": 0}, {"male": 0, "Female": 0}, {"male": 17, "Female": 4}, {"male": 17, "Female": 4}]}}