{"timestamp": [1734410643.09741, 1734473170.995362, 1734560150.197811], "data": {"selected": [0, 0, 0], "assigned": [15, 15, 16], "preselecStu": [0, 0, 0], "stuGender": [{"male": 0, "Female": 0}, {"male": 0, "Female": 0}, {"male": 0, "Female": 0}]}}