{"timestamp": [1707576282.461215, 1707587798.880008, 1707659241.250716], "data": {"selected": [70, 70, 70], "assigned": [0, 0, 0], "preselecStu": [70, 70, 70], "stuGender": [{"male": 51, "Female": 19}, {"male": 51, "Female": 19}, {"male": 51, "Female": 19}]}}