{"timestamp": [1707541712.091315, 1707544939.608775], "data": {"selected": [11, 11], "assigned": [0, 0], "preselecStu": [11, 11], "stuGender": [{"male": 6, "Female": 5}, {"male": 6, "Female": 5}]}}