{"timestamp": [1707541728.277516, 1707544955.955555], "data": {"selected": [18, 18], "assigned": [0, 0], "preselecStu": [18, 18], "stuGender": [{"male": 14, "Female": 4}, {"male": 14, "Female": 4}]}}