{"timestamp": [1716064335.785201, 1716495770.091952, 1725437272.066477], "data": {"selected": [0, 0, 116], "assigned": [0, 0, 217], "preselecStu": [0, 0, 116], "stuGender": [{"male": 0, "Female": 0}, {"male": 0, "Female": 0}, {"male": 57, "Female": 59}]}}