{"timestamp": [1716063735.913619, 1716495207.120789, 1725436391.300411], "data": {"selected": [0, 0, 41], "assigned": [0, 0, 46], "preselecStu": [0, 0, 41], "stuGender": [{"male": 0, "Female": 0}, {"male": 0, "Female": 0}, {"male": 24, "Female": 17}]}}