{"timestamp": [1734406039.525629, 1734468745.03051, 1734555295.883365, 1734641504.11809], "data": {"selected": [0, 0, 0, 0], "assigned": [76, 85, 108, 136], "preselecStu": [0, 0, 0, 0], "stuGender": [{"male": 0, "Female": 0}, {"male": 0, "Female": 0}, {"male": 0, "Female": 0}, {"male": 0, "Female": 0}]}}