{"timestamp": [1707576416.093535, 1707587986.579399, 1707659317.126681], "data": {"selected": [5, 5, 5], "assigned": [0, 0, 0], "preselecStu": [5, 5, 5], "stuGender": [{"male": 2, "Female": 3}, {"male": 2, "Female": 3}, {"male": 2, "Female": 3}]}}