{"timestamp": [1734409853.527159, 1734472382.520068], "data": {"selected": [0, 0], "assigned": [25, 31], "preselecStu": [0, 0], "stuGender": [{"male": 0, "Female": 0}, {"male": 0, "Female": 0}]}}