{"timestamp": [1707575495.744604, 1707586846.144659, 1707658812.502869, 1707661410.052034], "data": {"selected": [49, 49, 49, 49], "assigned": [0, 0, 0, 0], "preselecStu": [49, 49, 49, 49], "stuGender": [{"male": 13, "Female": 36}, {"male": 13, "Female": 36}, {"male": 13, "Female": 36}, {"male": 13, "Female": 36}]}}