{"timestamp": [1707540911.428644, 1707544090.179145], "data": {"selected": [49, 49], "assigned": [0, 0], "preselecStu": [49, 49], "stuGender": [{"male": 13, "Female": 36}, {"male": 13, "Female": 36}]}}