{"timestamp": [1707541544.388595, 1707544748.561649], "data": {"selected": [43, 43], "assigned": [0, 0], "preselecStu": [43, 43], "stuGender": [{"male": 37, "Female": 6}, {"male": 37, "Female": 6}]}}