{"timestamp": [1725442935.184599, 1725515343.951017, 1725601737.598386, 1725687260.731954], "data": {"selected": [0, 0, 8, 10], "assigned": [5, 7, 0, 0], "preselecStu": [0, 0, 0, 0], "stuGender": [{"male": 0, "Female": 0}, {"male": 0, "Female": 0}, {"male": 5, "Female": 3}, {"male": 6, "Female": 4}]}}