{"timestamp": [1716067491.98249, 1716498725.680575, 1725441883.91911, 1725514325.222641], "data": {"selected": [0, 0, 0, 0], "assigned": [0, 0, 7, 10], "preselecStu": [0, 0, 0, 0], "stuGender": [{"male": 0, "Female": 0}, {"male": 0, "Female": 0}, {"male": 0, "Female": 0}, {"male": 0, "Female": 0}]}}