{"timestamp": [1716063710.697279, 1716495181.913825, 1725436353.87571], "data": {"selected": [0, 0, 39], "assigned": [0, 0, 0], "preselecStu": [0, 0, 0], "stuGender": [{"male": 0, "Female": 0}, {"male": 0, "Female": 0}, {"male": 9, "Female": 30}]}}