{"timestamp": [1734408402.062263, 1734471047.665099, 1734557806.463322, 1734643588.786232], "data": {"selected": [0, 0, 0, 0], "assigned": [87, 90, 92, 96], "preselecStu": [0, 0, 0, 0], "stuGender": [{"male": 0, "Female": 0}, {"male": 0, "Female": 0}, {"male": 0, "Female": 0}, {"male": 0, "Female": 0}]}}