{"timestamp": [1707541511.506171, 1707544716.735718], "data": {"selected": [10, 10], "assigned": [0, 0], "preselecStu": [10, 10], "stuGender": [{"male": 4, "Female": 6}, {"male": 4, "Female": 6}]}}