{"timestamp": [1716068034.739502, 1716499221.028246, 1725442557.807114], "data": {"selected": [0, 0, 18], "assigned": [0, 0, 70], "preselecStu": [0, 0, 18], "stuGender": [{"male": 0, "Female": 0}, {"male": 0, "Female": 0}, {"male": 11, "Female": 7}]}}