{"timestamp": [1716068034.739502, 1716499221.028246, 1725442557.807114, 1725514972.299843], "data": {"selected": [0, 0, 18, 17], "assigned": [0, 0, 70, 102], "preselecStu": [0, 0, 18, 17], "stuGender": [{"male": 0, "Female": 0}, {"male": 0, "Female": 0}, {"male": 11, "Female": 7}, {"male": 10, "Female": 7}]}}