{"timestamp": [1734405836.222197, 1734468568.769208, 1734555071.836991], "data": {"selected": [0, 0, 0], "assigned": [4, 4, 5], "preselecStu": [0, 0, 0], "stuGender": [{"male": 0, "Female": 0}, {"male": 0, "Female": 0}, {"male": 0, "Female": 0}]}}