{"timestamp": [1707578744.009298, 1707590890.934734, 1707660589.831385], "data": {"selected": [12, 12, 12], "assigned": [0, 0, 0], "preselecStu": [12, 12, 12], "stuGender": [{"male": 8, "Female": 4}, {"male": 8, "Female": 4}, {"male": 8, "Female": 4}]}}