{"timestamp": [1734410067.24643, 1734472620.155198, 1734559586.952066], "data": {"selected": [0, 0, 0], "assigned": [6, 7, 9], "preselecStu": [0, 0, 0], "stuGender": [{"male": 0, "Female": 0}, {"male": 0, "Female": 0}, {"male": 0, "Female": 0}]}}