{"timestamp": [1734406306.950895, 1734469036.988369], "data": {"selected": [0, 0], "assigned": [65, 67], "preselecStu": [0, 0], "stuGender": [{"male": 0, "Female": 0}, {"male": 0, "Female": 0}]}}