{"timestamp": [1707577034.090385, 1707588697.648278], "data": {"selected": [32, 32], "assigned": [0, 0], "preselecStu": [32, 32], "stuGender": [{"male": 26, "Female": 6}, {"male": 26, "Female": 6}]}}