{"timestamp": [1707540893.838207, 1707544073.927282], "data": {"selected": [29, 29], "assigned": [0, 0], "preselecStu": [29, 29], "stuGender": [{"male": 23, "Female": 6}, {"male": 23, "Female": 6}]}}