{"timestamp": [1707575466.012398, 1707586810.37578], "data": {"selected": [29, 29], "assigned": [0, 0], "preselecStu": [29, 29], "stuGender": [{"male": 23, "Female": 6}, {"male": 23, "Female": 6}]}}