{"timestamp": [1716063811.028144, 1716495269.897006, 1725436484.246915], "data": {"selected": [0, 0, 39], "assigned": [0, 0, 64], "preselecStu": [0, 0, 39], "stuGender": [{"male": 0, "Female": 0}, {"male": 0, "Female": 0}, {"male": 4, "Female": 35}]}}