{"timestamp": [1707541115.522848, 1707544296.011035], "data": {"selected": [42, 42], "assigned": [0, 0], "preselecStu": [42, 42], "stuGender": [{"male": 33, "Female": 9}, {"male": 33, "Female": 9}]}}