{"timestamp": [1734406232.815172, 1734468972.450475], "data": {"selected": [0, 0], "assigned": [115, 123], "preselecStu": [0, 0], "stuGender": [{"male": 0, "Female": 0}, {"male": 0, "Female": 0}]}}