{"timestamp": [1734406232.815172, 1734468972.450475, 1734555481.432898, 1734641665.386204], "data": {"selected": [0, 0, 0, 0], "assigned": [115, 123, 136, 147], "preselecStu": [0, 0, 0, 0], "stuGender": [{"male": 0, "Female": 0}, {"male": 0, "Female": 0}, {"male": 0, "Female": 0}, {"male": 0, "Female": 0}]}}