{"timestamp": [1707577752.688591, 1707589568.019678], "data": {"selected": [80, 80], "assigned": [2, 2], "preselecStu": [80, 80], "stuGender": [{"male": 66, "Female": 16}, {"male": 66, "Female": 16}]}}