{"timestamp": [1716068340.048569, 1716499492.08756, 1725442928.023068], "data": {"selected": [0, 0, 1], "assigned": [0, 1, 0], "preselecStu": [0, 0, 1], "stuGender": [{"male": 0, "Female": 0}, {"male": 0, "Female": 0}, {"male": 1, "Female": 0}]}}