{"timestamp": [1734407493.767651, 1734470225.103435, 1734556883.793973, 1734642785.80177], "data": {"selected": [0, 0, 0, 0], "assigned": [30, 37, 38, 40], "preselecStu": [0, 0, 0, 0], "stuGender": [{"male": 0, "Female": 0}, {"male": 0, "Female": 0}, {"male": 0, "Female": 0}, {"male": 0, "Female": 0}]}}