{"timestamp": [1734409397.08914, 1734471992.942128, 1734558938.400227], "data": {"selected": [0, 0, 0], "assigned": [55, 73, 91], "preselecStu": [0, 0, 0], "stuGender": [{"male": 0, "Female": 0}, {"male": 0, "Female": 0}, {"male": 0, "Female": 0}]}}