{"timestamp": [1707541528.204973, 1707544732.608144], "data": {"selected": [37, 37], "assigned": [0, 0], "preselecStu": [37, 37], "stuGender": [{"male": 32, "Female": 5}, {"male": 32, "Female": 5}]}}