{"timestamp": [1734411023.425174, 1734473511.091442, 1734560493.395197, 1734645901.617255], "data": {"selected": [0, 0, 0, 0], "assigned": [1, 1, 2, 2], "preselecStu": [0, 0, 0, 0], "stuGender": [{"male": 0, "Female": 0}, {"male": 0, "Female": 0}, {"male": 0, "Female": 0}, {"male": 0, "Female": 0}]}}