{"timestamp": [1734406276.218403, 1734469000.817267, 1734555507.478225, 1734641700.345588], "data": {"selected": [0, 0, 0, 0], "assigned": [45, 48, 50, 71], "preselecStu": [0, 0, 0, 0], "stuGender": [{"male": 0, "Female": 0}, {"male": 0, "Female": 0}, {"male": 0, "Female": 0}, {"male": 0, "Female": 0}]}}