{"timestamp": [1734406276.218403, 1734469000.817267], "data": {"selected": [0, 0], "assigned": [45, 48], "preselecStu": [0, 0], "stuGender": [{"male": 0, "Female": 0}, {"male": 0, "Female": 0}]}}