{"timestamp": [1707540998.920945, 1707544178.663343], "data": {"selected": [21, 21], "assigned": [0, 0], "preselecStu": [21, 21], "stuGender": [{"male": 2, "Female": 19}, {"male": 2, "Female": 19}]}}