{"timestamp": [1734407794.714821, 1734470492.431174, 1734557168.867809, 1734643043.438089], "data": {"selected": [0, 0, 0, 0], "assigned": [3, 7, 8, 10], "preselecStu": [0, 0, 0, 0], "stuGender": [{"male": 0, "Female": 0}, {"male": 0, "Female": 0}, {"male": 0, "Female": 0}, {"male": 0, "Female": 0}]}}