{"timestamp": [1716065410.898948, 1716496736.354032, 1725438821.3932, 1725511866.221631], "data": {"selected": [0, 0, 5, 4], "assigned": [0, 0, 2, 4], "preselecStu": [0, 0, 5, 4], "stuGender": [{"male": 0, "Female": 0}, {"male": 0, "Female": 0}, {"male": 3, "Female": 2}, {"male": 3, "Female": 1}]}}