{"timestamp": [1707578593.644906, 1707590689.42199, 1707660506.72754], "data": {"selected": [40, 40, 40], "assigned": [0, 0, 0], "preselecStu": [40, 40, 40], "stuGender": [{"male": 11, "Female": 29}, {"male": 11, "Female": 29}, {"male": 11, "Female": 29}]}}