{"timestamp": [1716066665.820444, 1716497912.23414, 1725440730.016015], "data": {"selected": [0, 0, 25], "assigned": [0, 0, 22], "preselecStu": [0, 0, 25], "stuGender": [{"male": 0, "Female": 0}, {"male": 0, "Female": 0}, {"male": 19, "Female": 6}]}}