{"timestamp": [1734408180.519645, 1734470855.819919, 1734557591.898398, 1734643408.31259], "data": {"selected": [0, 0, 0, 0], "assigned": [39, 46, 54, 57], "preselecStu": [0, 0, 0, 0], "stuGender": [{"male": 0, "Female": 0}, {"male": 0, "Female": 0}, {"male": 0, "Female": 0}, {"male": 0, "Female": 0}]}}