{"timestamp": [1707541884.510449, 1707545121.55939], "data": {"selected": [70, 70], "assigned": [0, 0], "preselecStu": [70, 70], "stuGender": [{"male": 33, "Female": 37}, {"male": 33, "Female": 37}]}}