{"timestamp": [1716068724.302841, 1716499845.181511, 1725443350.579962, 1725515747.676169], "data": {"selected": [0, 0, 3, 2], "assigned": [0, 0, 2, 2], "preselecStu": [0, 0, 3, 2], "stuGender": [{"male": 0, "Female": 0}, {"male": 0, "Female": 0}, {"male": 2, "Female": 1}, {"male": 1, "Female": 1}]}}