{"timestamp": [1734407881.397756, 1734470573.77059, 1734557266.079194, 1734643124.632959], "data": {"selected": [0, 0, 0, 0], "assigned": [37, 38, 39, 40], "preselecStu": [0, 0, 0, 0], "stuGender": [{"male": 0, "Female": 0}, {"male": 0, "Female": 0}, {"male": 0, "Female": 0}, {"male": 0, "Female": 0}]}}