{"timestamp": [1734406570.767167, 1734469317.347559], "data": {"selected": [0, 0], "assigned": [22, 22], "preselecStu": [0, 0], "stuGender": [{"male": 0, "Female": 0}, {"male": 0, "Female": 0}]}}