{"timestamp": [1707575523.058739, 1707586877.741729], "data": {"selected": [46, 46], "assigned": [0, 0], "preselecStu": [46, 46], "stuGender": [{"male": 11, "Female": 35}, {"male": 11, "Female": 35}]}}