{"timestamp": [1716064303.735119, 1716495740.430836, 1725437217.604166, 1725510534.62903], "data": {"selected": [0, 0, 68, 68], "assigned": [0, 0, 1, 3], "preselecStu": [0, 0, 0, 0], "stuGender": [{"male": 0, "Female": 0}, {"male": 0, "Female": 0}, {"male": 36, "Female": 32}, {"male": 36, "Female": 32}]}}