{"timestamp": [1716064303.735119, 1716495740.430836, 1725437217.604166], "data": {"selected": [0, 0, 68], "assigned": [0, 0, 1], "preselecStu": [0, 0, 0], "stuGender": [{"male": 0, "Female": 0}, {"male": 0, "Female": 0}, {"male": 36, "Female": 32}]}}