{"timestamp": [1707576759.49511, 1707588381.142853], "data": {"selected": [10, 10], "assigned": [0, 0], "preselecStu": [10, 10], "stuGender": [{"male": 9, "Female": 1}, {"male": 9, "Female": 1}]}}