{"timestamp": [1734407050.120458, 1734469807.530135, 1734556389.675097, 1734642425.417009], "data": {"selected": [0, 0, 0, 0], "assigned": [33, 40, 48, 55], "preselecStu": [0, 0, 0, 0], "stuGender": [{"male": 0, "Female": 0}, {"male": 0, "Female": 0}, {"male": 0, "Female": 0}, {"male": 0, "Female": 0}]}}