{"timestamp": [1734405982.36207, 1734468697.868328, 1734555209.195996, 1734641459.769323], "data": {"selected": [0, 0, 0, 0], "assigned": [8, 7, 8, 10], "preselecStu": [0, 0, 0, 0], "stuGender": [{"male": 0, "Female": 0}, {"male": 0, "Female": 0}, {"male": 0, "Female": 0}, {"male": 0, "Female": 0}]}}