{"timestamp": [1707575336.277912, 1707586656.159295], "data": {"selected": [39, 39], "assigned": [0, 0], "preselecStu": [39, 39], "stuGender": [{"male": 29, "Female": 10}, {"male": 29, "Female": 10}]}}