{"timestamp": [1707540820.621595, 1707544000.722984], "data": {"selected": [39, 39], "assigned": [0, 0], "preselecStu": [39, 39], "stuGender": [{"male": 29, "Female": 10}, {"male": 29, "Female": 10}]}}