{"timestamp": [1734407742.290202, 1734470443.644087, 1734557117.169934], "data": {"selected": [0, 0, 0], "assigned": [10, 12, 17], "preselecStu": [0, 0, 0], "stuGender": [{"male": 0, "Female": 0}, {"male": 0, "Female": 0}, {"male": 0, "Female": 0}]}}