{"timestamp": [1716068099.347933, 1716499272.716407, 1725442645.205694], "data": {"selected": [0, 0, 4], "assigned": [0, 0, 15], "preselecStu": [0, 0, 4], "stuGender": [{"male": 0, "Female": 0}, {"male": 0, "Female": 0}, {"male": 3, "Female": 1}]}}