{"timestamp": [1716064795.258789, 1716496175.255551, 1725437919.006748, 1725511112.765756], "data": {"selected": [0, 0, 0, 0], "assigned": [0, 0, 106, 235], "preselecStu": [0, 0, 0, 0], "stuGender": [{"male": 0, "Female": 0}, {"male": 0, "Female": 0}, {"male": 0, "Female": 0}, {"male": 0, "Female": 0}]}}