{"timestamp": [1707540637.245497, 1707543812.842909], "data": {"selected": [120, 120], "assigned": [0, 0], "preselecStu": [120, 120], "stuGender": [{"male": 49, "Female": 71}, {"male": 49, "Female": 71}]}}