{"timestamp": [1707575007.347543, 1707586255.567185], "data": {"selected": [120, 120], "assigned": [0, 0], "preselecStu": [120, 120], "stuGender": [{"male": 49, "Female": 71}, {"male": 49, "Female": 71}]}}