{"timestamp": [1716064541.206025, 1716495948.365317, 1725437564.104117], "data": {"selected": [0, 0, 47], "assigned": [0, 0, 58], "preselecStu": [0, 0, 47], "stuGender": [{"male": 0, "Female": 0}, {"male": 0, "Female": 0}, {"male": 19, "Female": 28}]}}