{"timestamp": [1716067368.089393, 1716498610.783398, 1725441742.322531], "data": {"selected": [0, 0, 32], "assigned": [0, 1, 2], "preselecStu": [0, 0, 0], "stuGender": [{"male": 0, "Female": 0}, {"male": 0, "Female": 0}, {"male": 20, "Female": 12}]}}