{"timestamp": [1707577049.514761, 1707588715.7114, 1707659666.884235], "data": {"selected": [72, 72, 72], "assigned": [0, 0, 0], "preselecStu": [72, 72, 72], "stuGender": [{"male": 33, "Female": 39}, {"male": 33, "Female": 39}, {"male": 33, "Female": 39}]}}