{"timestamp": [1734405759.203426, 1734468482.792422, 1734554968.892631], "data": {"selected": [0, 0, 0], "assigned": [133, 146, 169], "preselecStu": [0, 0, 0], "stuGender": [{"male": 0, "Female": 0}, {"male": 0, "Female": 0}, {"male": 0, "Female": 0}]}}