{"timestamp": [1734405759.203426, 1734468482.792422], "data": {"selected": [0, 0], "assigned": [133, 146], "preselecStu": [0, 0], "stuGender": [{"male": 0, "Female": 0}, {"male": 0, "Female": 0}]}}