{"timestamp": [1734409467.112397, 1734472072.027561, 1734559023.80597], "data": {"selected": [0, 0, 0], "assigned": [56, 70, 80], "preselecStu": [0, 0, 0], "stuGender": [{"male": 0, "Female": 0}, {"male": 0, "Female": 0}, {"male": 0, "Female": 0}]}}