{"timestamp": [1716065787.275293, 1716497087.044492, 1725439385.32454], "data": {"selected": [0, 0, 0], "assigned": [0, 0, 19], "preselecStu": [0, 0, 0], "stuGender": [{"male": 0, "Female": 0}, {"male": 0, "Female": 0}, {"male": 0, "Female": 0}]}}