{"timestamp": [1716067068.741752, 1716498305.936463, 1725441291.689081, 1725513825.683607], "data": {"selected": [0, 0, 60, 60], "assigned": [0, 0, 0, 0], "preselecStu": [0, 0, 12, 12], "stuGender": [{"male": 0, "Female": 0}, {"male": 0, "Female": 0}, {"male": 23, "Female": 37}, {"male": 23, "Female": 37}]}}