{"timestamp": [1707577119.653657, 1707588799.743847, 1707659707.206628], "data": {"selected": [41, 41, 41], "assigned": [0, 0, 0], "preselecStu": [41, 41, 41], "stuGender": [{"male": 20, "Female": 21}, {"male": 20, "Female": 21}, {"male": 20, "Female": 21}]}}