{"timestamp": [1707541628.037353, 1707544838.733207], "data": {"selected": [25, 25], "assigned": [0, 0], "preselecStu": [25, 25], "stuGender": [{"male": 19, "Female": 6}, {"male": 19, "Female": 6}]}}