{"timestamp": [1734409178.477947, 1734471796.510446, 1734558690.167836, 1734644263.66598], "data": {"selected": [0, 0, 0, 0], "assigned": [3, 4, 7, 7], "preselecStu": [0, 0, 0, 0], "stuGender": [{"male": 0, "Female": 0}, {"male": 0, "Female": 0}, {"male": 0, "Female": 0}, {"male": 0, "Female": 0}]}}