{"timestamp": [1716065773.294453, 1716497073.31154, 1725439362.638094], "data": {"selected": [0, 0, 50], "assigned": [0, 0, 4], "preselecStu": [0, 0, 0], "stuGender": [{"male": 0, "Female": 0}, {"male": 0, "Female": 0}, {"male": 40, "Female": 10}]}}