{"timestamp": [1716064418.948455, 1716495849.257239, 1725437401.373208], "data": {"selected": [0, 0, 49], "assigned": [0, 0, 147], "preselecStu": [0, 0, 49], "stuGender": [{"male": 0, "Female": 0}, {"male": 0, "Female": 0}, {"male": 29, "Female": 20}]}}