{"timestamp": [1734409520.223873, 1734472140.351702], "data": {"selected": [0, 0], "assigned": [85, 97], "preselecStu": [0, 0], "stuGender": [{"male": 0, "Female": 0}, {"male": 0, "Female": 0}]}}