{"timestamp": [1707541025.047312, 1707544206.355737], "data": {"selected": [38, 38], "assigned": [0, 0], "preselecStu": [38, 38], "stuGender": [{"male": 4, "Female": 34}, {"male": 4, "Female": 34}]}}