{"timestamp": [1707575703.719885, 1707587082.329918, 1707658927.59095, 1707661524.573531], "data": {"selected": [38, 38, 38, 38], "assigned": [0, 0, 0, 0], "preselecStu": [38, 38, 38, 38], "stuGender": [{"male": 4, "Female": 34}, {"male": 4, "Female": 34}, {"male": 4, "Female": 34}, {"male": 4, "Female": 34}]}}