{"timestamp": [1707577039.853754, 1707588704.324151, 1707659659.786063, 1707662266.880681], "data": {"selected": [30, 30, 30, 30], "assigned": [0, 0, 0, 0], "preselecStu": [30, 30, 30, 30], "stuGender": [{"male": 23, "Female": 7}, {"male": 23, "Female": 7}, {"male": 23, "Female": 7}, {"male": 23, "Female": 7}]}}