{"timestamp": [1707575663.521854, 1707587034.848548], "data": {"selected": [31, 31], "assigned": [0, 0], "preselecStu": [31, 31], "stuGender": [{"male": 3, "Female": 28}, {"male": 3, "Female": 28}]}}