{"timestamp": [1734407504.169214, 1734470236.601103, 1734556891.790433, 1734642793.526562], "data": {"selected": [0, 0, 0, 0], "assigned": [40, 58, 70, 74], "preselecStu": [0, 0, 0, 0], "stuGender": [{"male": 0, "Female": 0}, {"male": 0, "Female": 0}, {"male": 0, "Female": 0}, {"male": 0, "Female": 0}]}}