{"timestamp": [1734406508.496312, 1734469249.752243], "data": {"selected": [0, 0], "assigned": [38, 44], "preselecStu": [0, 0], "stuGender": [{"male": 0, "Female": 0}, {"male": 0, "Female": 0}]}}