{"timestamp": [1716067299.53401, 1716498532.536759, 1725441606.773553, 1725514094.273786], "data": {"selected": [0, 0, 43, 43], "assigned": [0, 0, 0, 0], "preselecStu": [0, 0, 0, 0], "stuGender": [{"male": 0, "Female": 0}, {"male": 0, "Female": 0}, {"male": 27, "Female": 16}, {"male": 27, "Female": 16}]}}