{"timestamp": [1716068155.847678, 1716499327.118828, 1725442732.345869], "data": {"selected": [0, 0, 0], "assigned": [0, 0, 13], "preselecStu": [0, 0, 0], "stuGender": [{"male": 0, "Female": 0}, {"male": 0, "Female": 0}, {"male": 0, "Female": 0}]}}