{"timestamp": [1707576834.050413, 1707588467.95447], "data": {"selected": [16, 16], "assigned": [0, 0], "preselecStu": [16, 16], "stuGender": [{"male": 16, "Female": 0}, {"male": 16, "Female": 0}]}}