{"timestamp": [1734409486.076413, 1734472096.385359, 1734559049.428969], "data": {"selected": [0, 0, 0], "assigned": [7, 7, 7], "preselecStu": [0, 0, 0], "stuGender": [{"male": 0, "Female": 0}, {"male": 0, "Female": 0}, {"male": 0, "Female": 0}]}}