{"timestamp": [1716066760.71407, 1716498005.005996, 1725440877.538771], "data": {"selected": [0, 0, 69], "assigned": [0, 49, 4], "preselecStu": [0, 0, 69], "stuGender": [{"male": 0, "Female": 0}, {"male": 0, "Female": 0}, {"male": 44, "Female": 25}]}}