{"timestamp": [1734406603.85929, 1734469352.515474, 1734555897.947512], "data": {"selected": [0, 0, 0], "assigned": [24, 24, 25], "preselecStu": [0, 0, 0], "stuGender": [{"male": 0, "Female": 0}, {"male": 0, "Female": 0}, {"male": 0, "Female": 0}]}}