{"timestamp": [1707575161.883899, 1707586445.445393, 1707658615.569635], "data": {"selected": [50, 50, 50], "assigned": [0, 0, 0], "preselecStu": [50, 50, 50], "stuGender": [{"male": 17, "Female": 33}, {"male": 17, "Female": 33}, {"male": 17, "Female": 33}]}}