{"timestamp": [1707575407.065662, 1707586739.855908, 1707658761.565278, 1707661360.661696], "data": {"selected": [9, 9, 9, 9], "assigned": [0, 0, 0, 0], "preselecStu": [9, 9, 9, 9], "stuGender": [{"male": 4, "Female": 5}, {"male": 4, "Female": 5}, {"male": 4, "Female": 5}, {"male": 4, "Female": 5}]}}