{"timestamp": [1707576761.370741, 1707588383.365952], "data": {"selected": [24, 24], "assigned": [0, 0], "preselecStu": [24, 24], "stuGender": [{"male": 18, "Female": 6}, {"male": 18, "Female": 6}]}}