{"timestamp": [1716066255.160721, 1716497518.04764, 1725440103.923176, 1725512873.085879], "data": {"selected": [0, 0, 50, 48], "assigned": [0, 0, 10, 19], "preselecStu": [0, 0, 50, 48], "stuGender": [{"male": 0, "Female": 0}, {"male": 0, "Female": 0}, {"male": 34, "Female": 16}, {"male": 32, "Female": 16}]}}