{"timestamp": [1716066255.160721, 1716497518.04764, 1725440103.923176], "data": {"selected": [0, 0, 50], "assigned": [0, 0, 10], "preselecStu": [0, 0, 50], "stuGender": [{"male": 0, "Female": 0}, {"male": 0, "Female": 0}, {"male": 34, "Female": 16}]}}