{"timestamp": [1734410809.696777, 1734473312.676698, 1734560295.215409], "data": {"selected": [0, 0, 0], "assigned": [5, 5, 6], "preselecStu": [0, 0, 0], "stuGender": [{"male": 0, "Female": 0}, {"male": 0, "Female": 0}, {"male": 0, "Female": 0}]}}