{"timestamp": [1707540643.79259, 1707543819.755113], "data": {"selected": [50, 50], "assigned": [0, 0], "preselecStu": [50, 50], "stuGender": [{"male": 29, "Female": 21}, {"male": 29, "Female": 21}]}}