{"timestamp": [1716063682.993899, 1716495153.239315, 1725436315.160842, 1725509779.156324], "data": {"selected": [0, 0, 52, 52], "assigned": [0, 0, 3, 4], "preselecStu": [0, 0, 0, 0], "stuGender": [{"male": 0, "Female": 0}, {"male": 0, "Female": 0}, {"male": 41, "Female": 11}, {"male": 41, "Female": 11}]}}