{"timestamp": [1734407790.046237, 1734470486.702107, 1734557162.758906], "data": {"selected": [0, 0, 0], "assigned": [12, 13, 15], "preselecStu": [0, 0, 0], "stuGender": [{"male": 0, "Female": 0}, {"male": 0, "Female": 0}, {"male": 0, "Female": 0}]}}