{"timestamp": [1734410177.653356, 1734472722.30363, 1734559689.363686, 1734645087.085313], "data": {"selected": [0, 0, 0, 0], "assigned": [0, 2, 4, 3], "preselecStu": [0, 0, 0, 0], "stuGender": [{"male": 0, "Female": 0}, {"male": 0, "Female": 0}, {"male": 0, "Female": 0}, {"male": 0, "Female": 0}]}}