{"timestamp": [1734409931.988916, 1734472479.761745, 1734559446.064347], "data": {"selected": [0, 0, 0], "assigned": [15, 17, 18], "preselecStu": [0, 0, 0], "stuGender": [{"male": 0, "Female": 0}, {"male": 0, "Female": 0}, {"male": 0, "Female": 0}]}}