{"timestamp": [1734410479.282069, 1734473019.731144, 1734559996.200816], "data": {"selected": [0, 0, 0], "assigned": [9, 9, 9], "preselecStu": [0, 0, 0], "stuGender": [{"male": 0, "Female": 0}, {"male": 0, "Female": 0}, {"male": 0, "Female": 0}]}}