{"timestamp": [1707576702.098577, 1707588309.874114], "data": {"selected": [54, 54], "assigned": [0, 0], "preselecStu": [54, 54], "stuGender": [{"male": 43, "Female": 11}, {"male": 43, "Female": 11}]}}