{"timestamp": [1716065533.391891, 1716496853.336573, 1725439031.404055], "data": {"selected": [0, 0, 66], "assigned": [0, 1, 87], "preselecStu": [0, 0, 26], "stuGender": [{"male": 0, "Female": 0}, {"male": 0, "Female": 0}, {"male": 35, "Female": 31}]}}