{"timestamp": [1716065533.391891, 1716496853.336573, 1725439031.404055, 1725512004.869978], "data": {"selected": [0, 0, 66, 64], "assigned": [0, 1, 87, 156], "preselecStu": [0, 0, 26, 24], "stuGender": [{"male": 0, "Female": 0}, {"male": 0, "Female": 0}, {"male": 35, "Female": 31}, {"male": 34, "Female": 30}]}}