{"timestamp": [1734407457.632925, 1734470196.604444], "data": {"selected": [0, 0], "assigned": [66, 65], "preselecStu": [0, 0], "stuGender": [{"male": 0, "Female": 0}, {"male": 0, "Female": 0}]}}