{"timestamp": [1734404813.249867, 1734467442.562663, 1734553940.965081], "data": {"selected": [0, 0, 0], "assigned": [49, 49, 49], "preselecStu": [0, 0, 0], "stuGender": [{"male": 0, "Female": 0}, {"male": 0, "Female": 0}, {"male": 0, "Female": 0}]}}