{"timestamp": [1707577487.575372, 1707589230.098488, 1707659912.509484, 1707662522.399154], "data": {"selected": [31, 31, 31, 31], "assigned": [0, 0, 0, 0], "preselecStu": [31, 31, 31, 31], "stuGender": [{"male": 7, "Female": 24}, {"male": 7, "Female": 24}, {"male": 7, "Female": 24}, {"male": 7, "Female": 24}]}}