{"timestamp": [1734410670.954427, 1734473199.011911, 1734560179.598629, 1734645572.183748], "data": {"selected": [0, 0, 0, 0], "assigned": [10, 11, 13, 13], "preselecStu": [0, 0, 0, 0], "stuGender": [{"male": 0, "Female": 0}, {"male": 0, "Female": 0}, {"male": 0, "Female": 0}, {"male": 0, "Female": 0}]}}