{"timestamp": [1734410670.954427, 1734473199.011911], "data": {"selected": [0, 0], "assigned": [10, 11], "preselecStu": [0, 0], "stuGender": [{"male": 0, "Female": 0}, {"male": 0, "Female": 0}]}}