{"timestamp": [1734410299.734898, 1734472838.587993, 1734559810.718466, 1734645215.110739], "data": {"selected": [0, 0, 0, 0], "assigned": [0, 0, 0, 0], "preselecStu": [0, 0, 0, 0], "stuGender": [{"male": 0, "Female": 0}, {"male": 0, "Female": 0}, {"male": 0, "Female": 0}, {"male": 0, "Female": 0}]}}