{"timestamp": [1734409236.341547, 1734471859.287154], "data": {"selected": [0, 0], "assigned": [25, 24], "preselecStu": [0, 0], "stuGender": [{"male": 0, "Female": 0}, {"male": 0, "Female": 0}]}}