{"timestamp": [1734409236.341547, 1734471859.287154, 1734558768.71974, 1734644317.835052], "data": {"selected": [0, 0, 0, 0], "assigned": [25, 24, 25, 25], "preselecStu": [0, 0, 0, 0], "stuGender": [{"male": 0, "Female": 0}, {"male": 0, "Female": 0}, {"male": 0, "Female": 0}, {"male": 0, "Female": 0}]}}