{"timestamp": [1716066006.703591, 1716497285.948021, 1725439691.382044], "data": {"selected": [0, 0, 0], "assigned": [0, 0, 26], "preselecStu": [0, 0, 0], "stuGender": [{"male": 0, "Female": 0}, {"male": 0, "Female": 0}, {"male": 0, "Female": 0}]}}