{"timestamp": [1707576933.844874, 1707588576.692589], "data": {"selected": [17, 17], "assigned": [0, 0], "preselecStu": [17, 17], "stuGender": [{"male": 11, "Female": 6}, {"male": 11, "Female": 6}]}}