{"timestamp": [1734410793.297249, 1734473298.695282], "data": {"selected": [0, 0], "assigned": [43, 44], "preselecStu": [0, 0], "stuGender": [{"male": 0, "Female": 0}, {"male": 0, "Female": 0}]}}