{"timestamp": [1707575049.286868, 1707586316.418911, 1707658553.609947, 1707661152.987243], "data": {"selected": [120, 120, 120, 120], "assigned": [0, 0, 0, 0], "preselecStu": [120, 120, 120, 120], "stuGender": [{"male": 69, "Female": 51}, {"male": 69, "Female": 51}, {"male": 69, "Female": 51}, {"male": 69, "Female": 51}]}}