{"timestamp": [1734406555.79406, 1734469303.079715, 1734555849.904286], "data": {"selected": [0, 0, 0], "assigned": [45, 45, 47], "preselecStu": [0, 0, 0], "stuGender": [{"male": 0, "Female": 0}, {"male": 0, "Female": 0}, {"male": 0, "Female": 0}]}}