{"timestamp": [1707575302.620318, 1707586614.820177, 1707658700.11925], "data": {"selected": [94, 94, 94], "assigned": [0, 0, 0], "preselecStu": [94, 94, 94], "stuGender": [{"male": 63, "Female": 31}, {"male": 63, "Female": 31}, {"male": 63, "Female": 31}]}}