{"timestamp": [1707540801.429553, 1707543979.813248], "data": {"selected": [94, 94], "assigned": [0, 0], "preselecStu": [94, 94], "stuGender": [{"male": 63, "Female": 31}, {"male": 63, "Female": 31}]}}