{"timestamp": [1734408052.964845, 1734470732.586771], "data": {"selected": [0, 0], "assigned": [57, 63], "preselecStu": [0, 0], "stuGender": [{"male": 0, "Female": 0}, {"male": 0, "Female": 0}]}}