{"timestamp": [1734408052.964845, 1734470732.586771, 1734557456.310019, 1734643283.60943], "data": {"selected": [0, 0, 0, 0], "assigned": [57, 63, 72, 76], "preselecStu": [0, 0, 0, 0], "stuGender": [{"male": 0, "Female": 0}, {"male": 0, "Female": 0}, {"male": 0, "Female": 0}, {"male": 0, "Female": 0}]}}