{"timestamp": [1707574993.88431, 1707586235.30331], "data": {"selected": [50, 50], "assigned": [0, 0], "preselecStu": [50, 50], "stuGender": [{"male": 29, "Female": 21}, {"male": 29, "Female": 21}]}}