{"timestamp": [1716064969.01984, 1716496330.364954, 1725438187.137496, 1725511332.038204], "data": {"selected": [0, 0, 0, 0], "assigned": [0, 0, 73, 150], "preselecStu": [0, 0, 0, 0], "stuGender": [{"male": 0, "Female": 0}, {"male": 0, "Female": 0}, {"male": 0, "Female": 0}, {"male": 0, "Female": 0}]}}