{"timestamp": [1734405282.471327, 1734467953.680119], "data": {"selected": [0, 0], "assigned": [25, 28], "preselecStu": [0, 0], "stuGender": [{"male": 0, "Female": 0}, {"male": 0, "Female": 0}]}}