{"timestamp": [1707540326.619949, 1707543502.737227], "data": {"selected": [42, 42], "assigned": [0, 0], "preselecStu": [42, 42], "stuGender": [{"male": 25, "Female": 17}, {"male": 25, "Female": 17}]}}