{"timestamp": [1707574493.98766, 1707585639.775802, 1707658215.484578, 1707660810.799621], "data": {"selected": [42, 42, 42, 42], "assigned": [0, 0, 0, 0], "preselecStu": [42, 42, 42, 42], "stuGender": [{"male": 25, "Female": 17}, {"male": 25, "Female": 17}, {"male": 25, "Female": 17}, {"male": 25, "Female": 17}]}}