{"timestamp": [1707575108.215337, 1707586383.693946, 1707658585.637138], "data": {"selected": [50, 50, 50], "assigned": [0, 0, 0], "preselecStu": [50, 50, 50], "stuGender": [{"male": 30, "Female": 20}, {"male": 30, "Female": 20}, {"male": 30, "Female": 20}]}}