{"timestamp": [1734407778.340934, 1734470477.256298, 1734557151.908854, 1734643029.772916], "data": {"selected": [0, 0, 0, 0], "assigned": [22, 23, 26, 28], "preselecStu": [0, 0, 0, 0], "stuGender": [{"male": 0, "Female": 0}, {"male": 0, "Female": 0}, {"male": 0, "Female": 0}, {"male": 0, "Female": 0}]}}