{"timestamp": [1734407778.340934, 1734470477.256298], "data": {"selected": [0, 0], "assigned": [22, 23], "preselecStu": [0, 0], "stuGender": [{"male": 0, "Female": 0}, {"male": 0, "Female": 0}]}}