{"timestamp": [1734409570.32094, 1734472187.743205], "data": {"selected": [0, 0], "assigned": [117, 121], "preselecStu": [0, 0], "stuGender": [{"male": 0, "Female": 0}, {"male": 0, "Female": 0}]}}