{"timestamp": [1734409570.32094, 1734472187.743205, 1734559146.555738, 1734644594.585469], "data": {"selected": [0, 0, 0, 0], "assigned": [117, 121, 132, 143], "preselecStu": [0, 0, 0, 0], "stuGender": [{"male": 0, "Female": 0}, {"male": 0, "Female": 0}, {"male": 0, "Female": 0}, {"male": 0, "Female": 0}]}}