{"timestamp": [1734410509.258704, 1734473051.712789, 1734560028.093912], "data": {"selected": [0, 0, 0], "assigned": [1, 2, 3], "preselecStu": [0, 0, 0], "stuGender": [{"male": 0, "Female": 0}, {"male": 0, "Female": 0}, {"male": 0, "Female": 0}]}}