{"timestamp": [1707577983.865627, 1707589860.199532, 1707660175.056539, 1707662785.311923], "data": {"selected": [30, 30, 30, 30], "assigned": [0, 0, 0, 0], "preselecStu": [30, 30, 30, 30], "stuGender": [{"male": 22, "Female": 8}, {"male": 22, "Female": 8}, {"male": 22, "Female": 8}, {"male": 22, "Female": 8}]}}