{"timestamp": [1716063768.378653, 1716495229.281401, 1725436426.36062], "data": {"selected": [0, 0, 42], "assigned": [0, 0, 113], "preselecStu": [0, 0, 39], "stuGender": [{"male": 0, "Female": 0}, {"male": 0, "Female": 0}, {"male": 22, "Female": 20}]}}