{"timestamp": [1734408134.70296, 1734470811.03519, 1734557546.117892, 1734643356.924242], "data": {"selected": [0, 0, 0, 0], "assigned": [47, 48, 48, 48], "preselecStu": [0, 0, 0, 0], "stuGender": [{"male": 0, "Female": 0}, {"male": 0, "Female": 0}, {"male": 0, "Female": 0}, {"male": 0, "Female": 0}]}}