{"timestamp": [1707577717.923809, 1707589531.316443], "data": {"selected": [80, 80], "assigned": [0, 0], "preselecStu": [80, 80], "stuGender": [{"male": 66, "Female": 14}, {"male": 66, "Female": 14}]}}