{"timestamp": [1707576542.000024, 1707588128.495935, 1707659385.97702], "data": {"selected": [8, 8, 8], "assigned": [0, 0, 0], "preselecStu": [8, 8, 8], "stuGender": [{"male": 4, "Female": 4}, {"male": 4, "Female": 4}, {"male": 4, "Female": 4}]}}