{"timestamp": [1716068218.11846, 1716499370.846535, 1725442784.324048, 1725515177.174078], "data": {"selected": [0, 0, 17, 17], "assigned": [0, 0, 17, 23], "preselecStu": [0, 0, 17, 17], "stuGender": [{"male": 0, "Female": 0}, {"male": 0, "Female": 0}, {"male": 11, "Female": 6}, {"male": 11, "Female": 6}]}}