{"timestamp": [1707542666.665136, 1707545944.586335], "data": {"selected": [15, 15], "assigned": [0, 0], "preselecStu": [15, 15], "stuGender": [{"male": 8, "Female": 7}, {"male": 8, "Female": 7}]}}