{"timestamp": [1707578720.122819, 1707590862.729314, 1707660575.332519, 1707663196.547433], "data": {"selected": [15, 15, 15, 15], "assigned": [0, 0, 0, 0], "preselecStu": [15, 15, 15, 15], "stuGender": [{"male": 8, "Female": 7}, {"male": 8, "Female": 7}, {"male": 8, "Female": 7}, {"male": 8, "Female": 7}]}}