{"timestamp": [1707576532.365235, 1707588116.948801, 1707659379.98888], "data": {"selected": [13, 13, 13], "assigned": [0, 0, 0], "preselecStu": [13, 13, 13], "stuGender": [{"male": 10, "Female": 3}, {"male": 10, "Female": 3}, {"male": 10, "Female": 3}]}}