{"timestamp": [1707574510.753612, 1707585658.2058, 1707658226.80869], "data": {"selected": [42, 42, 42], "assigned": [0, 0, 0], "preselecStu": [42, 42, 42], "stuGender": [{"male": 30, "Female": 12}, {"male": 30, "Female": 12}, {"male": 30, "Female": 12}]}}