{"timestamp": [1716064347.73512, 1716495781.307661, 1725437288.844715, 1725510582.818852], "data": {"selected": [0, 0, 48, 46], "assigned": [0, 0, 62, 116], "preselecStu": [0, 0, 48, 46], "stuGender": [{"male": 0, "Female": 0}, {"male": 0, "Female": 0}, {"male": 25, "Female": 23}, {"male": 25, "Female": 21}]}}