{"timestamp": [1716064347.73512, 1716495781.307661, 1725437288.844715], "data": {"selected": [0, 0, 48], "assigned": [0, 0, 62], "preselecStu": [0, 0, 48], "stuGender": [{"male": 0, "Female": 0}, {"male": 0, "Female": 0}, {"male": 25, "Female": 23}]}}