{"timestamp": [1734406594.823508, 1734469345.405711, 1734555890.502034, 1734642029.868406], "data": {"selected": [0, 0, 0, 0], "assigned": [24, 25, 25, 25], "preselecStu": [0, 0, 0, 0], "stuGender": [{"male": 0, "Female": 0}, {"male": 0, "Female": 0}, {"male": 0, "Female": 0}, {"male": 0, "Female": 0}]}}