{"timestamp": [1734406594.823508, 1734469345.405711], "data": {"selected": [0, 0], "assigned": [24, 25], "preselecStu": [0, 0], "stuGender": [{"male": 0, "Female": 0}, {"male": 0, "Female": 0}]}}