{"timestamp": [1707576914.377839, 1707588553.716201, 1707659586.997113, 1707662195.279991], "data": {"selected": [77, 77, 77, 77], "assigned": [0, 0, 0, 0], "preselecStu": [77, 77, 77, 77], "stuGender": [{"male": 39, "Female": 38}, {"male": 39, "Female": 38}, {"male": 39, "Female": 38}, {"male": 39, "Female": 38}]}}