{"timestamp": [1716067957.260649, 1716499147.248977, 1725442448.137091], "data": {"selected": [0, 0, 53], "assigned": [0, 0, 46], "preselecStu": [0, 0, 0], "stuGender": [{"male": 0, "Female": 0}, {"male": 0, "Female": 0}, {"male": 43, "Female": 10}]}}