{"timestamp": [1716067957.260649, 1716499147.248977, 1725442448.137091, 1725514861.925507], "data": {"selected": [0, 0, 53, 53], "assigned": [0, 0, 46, 61], "preselecStu": [0, 0, 0, 0], "stuGender": [{"male": 0, "Female": 0}, {"male": 0, "Female": 0}, {"male": 43, "Female": 10}, {"male": 43, "Female": 10}]}}