{"timestamp": [1734405881.221512, 1734468609.514055, 1734555113.360161, 1734641348.396539], "data": {"selected": [32, 32, 32, 32], "assigned": [0, 0, 0, 0], "preselecStu": [0, 0, 0, 0], "stuGender": [{"male": 25, "Female": 7}, {"male": 25, "Female": 7}, {"male": 25, "Female": 7}, {"male": 25, "Female": 7}]}}