{"timestamp": [1707542035.96767, 1707545276.515709], "data": {"selected": [13, 13], "assigned": [0, 0], "preselecStu": [13, 13], "stuGender": [{"male": 3, "Female": 10}, {"male": 3, "Female": 10}]}}