{"timestamp": [1716067794.178279, 1716499008.310133, 1725442259.675218], "data": {"selected": [0, 0, 60], "assigned": [0, 47, 9], "preselecStu": [0, 0, 60], "stuGender": [{"male": 0, "Female": 0}, {"male": 0, "Female": 0}, {"male": 46, "Female": 14}]}}