{"timestamp": [1716067794.178279, 1716499008.310133, 1725442259.675218, 1725514663.460061], "data": {"selected": [0, 0, 60, 59], "assigned": [0, 47, 9, 11], "preselecStu": [0, 0, 60, 59], "stuGender": [{"male": 0, "Female": 0}, {"male": 0, "Female": 0}, {"male": 46, "Female": 14}, {"male": 46, "Female": 13}]}}