{"timestamp": [1716065644.706098, 1716496961.891275, 1725439179.776775], "data": {"selected": [0, 0, 0], "assigned": [0, 0, 1], "preselecStu": [0, 0, 0], "stuGender": [{"male": 0, "Female": 0}, {"male": 0, "Female": 0}, {"male": 0, "Female": 0}]}}