{"timestamp": [1734406835.311488, 1734469583.801511, 1734556148.693806, 1734642238.990448], "data": {"selected": [0, 0, 0, 0], "assigned": [4, 4, 5, 5], "preselecStu": [0, 0, 0, 0], "stuGender": [{"male": 0, "Female": 0}, {"male": 0, "Female": 0}, {"male": 0, "Female": 0}, {"male": 0, "Female": 0}]}}