{"timestamp": [1707576794.951158, 1707588422.138956], "data": {"selected": [36, 36], "assigned": [0, 0], "preselecStu": [36, 36], "stuGender": [{"male": 30, "Female": 6}, {"male": 30, "Female": 6}]}}