{"timestamp": [1716066226.0486, 1716497497.58966, 1725440070.980081, 1725512839.91951], "data": {"selected": [0, 0, 73, 73], "assigned": [0, 0, 4, 5], "preselecStu": [0, 0, 0, 0], "stuGender": [{"male": 0, "Female": 0}, {"male": 0, "Female": 0}, {"male": 58, "Female": 15}, {"male": 58, "Female": 15}]}}