{"timestamp": [1716066226.0486, 1716497497.58966, 1725440070.980081], "data": {"selected": [0, 0, 73], "assigned": [0, 0, 4], "preselecStu": [0, 0, 0], "stuGender": [{"male": 0, "Female": 0}, {"male": 0, "Female": 0}, {"male": 58, "Female": 15}]}}