{"timestamp": [1734408045.359331, 1734470725.431702, 1734557436.947872], "data": {"selected": [0, 0, 0], "assigned": [29, 34, 35], "preselecStu": [0, 0, 0], "stuGender": [{"male": 0, "Female": 0}, {"male": 0, "Female": 0}, {"male": 0, "Female": 0}]}}