{"timestamp": [1707577247.652285, 1707588951.224558, 1707659781.447844, 1707662388.96947], "data": {"selected": [50, 50, 50, 50], "assigned": [0, 0, 0, 0], "preselecStu": [50, 50, 50, 50], "stuGender": [{"male": 35, "Female": 15}, {"male": 35, "Female": 15}, {"male": 35, "Female": 15}, {"male": 35, "Female": 15}]}}