{"timestamp": [1707541858.891338, 1707545089.289444], "data": {"selected": [50, 50], "assigned": [0, 0], "preselecStu": [50, 50], "stuGender": [{"male": 35, "Female": 15}, {"male": 35, "Female": 15}]}}