{"timestamp": [1707575454.159131, 1707586796.31242, 1707658788.699793, 1707661387.234041], "data": {"selected": [25, 25, 25, 25], "assigned": [0, 0, 0, 0], "preselecStu": [25, 25, 25, 25], "stuGender": [{"male": 14, "Female": 11}, {"male": 14, "Female": 11}, {"male": 14, "Female": 11}, {"male": 14, "Female": 11}]}}