{"timestamp": [1707578546.790422, 1707590623.630563, 1707660480.013244], "data": {"selected": [6, 6, 6], "assigned": [0, 0, 0], "preselecStu": [6, 6, 6], "stuGender": [{"male": 2, "Female": 4}, {"male": 2, "Female": 4}, {"male": 2, "Female": 4}]}}