{"timestamp": [1707578841.212026, 1707591005.032653, 1707660639.090057, 1707663256.806196], "data": {"selected": [9, 9, 9, 9], "assigned": [0, 0, 0, 0], "preselecStu": [9, 9, 9, 9], "stuGender": [{"male": 4, "Female": 5}, {"male": 4, "Female": 5}, {"male": 4, "Female": 5}, {"male": 4, "Female": 5}]}}