{"timestamp": [1707577617.002764, 1707589385.544024, 1707659986.041519, 1707662594.915213], "data": {"selected": [5, 5, 5, 5], "assigned": [0, 0, 0, 0], "preselecStu": [5, 5, 5, 5], "stuGender": [{"male": 2, "Female": 3}, {"male": 2, "Female": 3}, {"male": 2, "Female": 3}, {"male": 2, "Female": 3}]}}