{"timestamp": [1707541632.305345, 1707544842.971222], "data": {"selected": [50, 50], "assigned": [0, 0], "preselecStu": [50, 50], "stuGender": [{"male": 41, "Female": 9}, {"male": 41, "Female": 9}]}}