{"timestamp": [1707577668.430398, 1707589455.098177, 1707660017.385948, 1707662624.952355], "data": {"selected": [105, 105, 105, 105], "assigned": [0, 0, 0, 0], "preselecStu": [105, 105, 105, 105], "stuGender": [{"male": 88, "Female": 17}, {"male": 88, "Female": 17}, {"male": 88, "Female": 17}, {"male": 88, "Female": 17}]}}