{"timestamp": [1734408779.042235, 1734471408.681002, 1734558225.196782], "data": {"selected": [0, 0, 0], "assigned": [52, 59, 66], "preselecStu": [0, 0, 0], "stuGender": [{"male": 0, "Female": 0}, {"male": 0, "Female": 0}, {"male": 0, "Female": 0}]}}