{"timestamp": [1707541944.701382, 1707545185.204072], "data": {"selected": [22, 22], "assigned": [0, 0], "preselecStu": [22, 22], "stuGender": [{"male": 11, "Female": 11}, {"male": 11, "Female": 11}]}}