{"timestamp": [1716069167.781265, 1716500238.49626, 1725443813.984811], "data": {"selected": [0, 0, 5], "assigned": [0, 0, 9], "preselecStu": [0, 0, 5], "stuGender": [{"male": 0, "Female": 0}, {"male": 0, "Female": 0}, {"male": 4, "Female": 1}]}}