{"timestamp": [1716069167.781265, 1716500238.49626, 1725443813.984811, 1725516210.434961], "data": {"selected": [0, 0, 5, 4], "assigned": [0, 0, 9, 10], "preselecStu": [0, 0, 5, 4], "stuGender": [{"male": 0, "Female": 0}, {"male": 0, "Female": 0}, {"male": 4, "Female": 1}, {"male": 3, "Female": 1}]}}