{"timestamp": [1707540693.588695, 1707543871.964268], "data": {"selected": [21, 21], "assigned": [0, 0], "preselecStu": [21, 21], "stuGender": [{"male": 15, "Female": 6}, {"male": 15, "Female": 6}]}}