{"timestamp": [1716068837.607912, 1716499951.433655, 1725443467.509442, 1725515862.196769], "data": {"selected": [0, 0, 1, 1], "assigned": [0, 0, 0, 2], "preselecStu": [0, 0, 1, 1], "stuGender": [{"male": 0, "Female": 0}, {"male": 0, "Female": 0}, {"male": 0, "Female": 1}, {"male": 0, "Female": 1}]}}