{"timestamp": [1734409199.283035, 1734471819.817608, 1734558722.981976], "data": {"selected": [0, 0, 0], "assigned": [23, 23, 23], "preselecStu": [0, 0, 0], "stuGender": [{"male": 0, "Female": 0}, {"male": 0, "Female": 0}, {"male": 0, "Female": 0}]}}