{"timestamp": [1707542090.178022, 1707545338.144303], "data": {"selected": [66, 66], "assigned": [0, 0], "preselecStu": [66, 66], "stuGender": [{"male": 58, "Female": 8}, {"male": 58, "Female": 8}]}}