{"timestamp": [1707577679.198062, 1707589477.005367, 1707660022.993869], "data": {"selected": [66, 66, 66], "assigned": [0, 0, 0], "preselecStu": [66, 66, 66], "stuGender": [{"male": 58, "Female": 8}, {"male": 58, "Female": 8}, {"male": 58, "Female": 8}]}}