{"timestamp": [1734406888.716338, 1734469648.588675, 1734556210.448192, 1734642286.658875], "data": {"selected": [0, 0, 0, 0], "assigned": [69, 70, 72, 76], "preselecStu": [0, 0, 0, 0], "stuGender": [{"male": 0, "Female": 0}, {"male": 0, "Female": 0}, {"male": 0, "Female": 0}, {"male": 0, "Female": 0}]}}