{"timestamp": [1707541433.390413, 1707544631.610206], "data": {"selected": [55, 55], "assigned": [0, 0], "preselecStu": [55, 55], "stuGender": [{"male": 42, "Female": 13}, {"male": 42, "Female": 13}]}}