{"timestamp": [1716068555.824225, 1716499695.271887, 1725443169.934084], "data": {"selected": [0, 0, 8], "assigned": [0, 0, 1], "preselecStu": [0, 0, 8], "stuGender": [{"male": 0, "Female": 0}, {"male": 0, "Female": 0}, {"male": 4, "Female": 4}]}}