{"timestamp": [1707542562.808115, 1707545850.442829], "data": {"selected": [27, 27], "assigned": [0, 0], "preselecStu": [27, 27], "stuGender": [{"male": 8, "Female": 19}, {"male": 8, "Female": 19}]}}