{"timestamp": [1734406672.092786, 1734469420.632794], "data": {"selected": [0, 0], "assigned": [15, 17], "preselecStu": [0, 0], "stuGender": [{"male": 0, "Female": 0}, {"male": 0, "Female": 0}]}}