{"timestamp": [1707577189.600041, 1707588883.059586, 1707659746.560926, 1707662356.405317], "data": {"selected": [1, 1, 1, 1], "assigned": [0, 0, 0, 0], "preselecStu": [1, 1, 1, 1], "stuGender": [{"male": 0, "Female": 1}, {"male": 0, "Female": 1}, {"male": 0, "Female": 1}, {"male": 0, "Female": 1}]}}