{"timestamp": [1707576774.718221, 1707588399.137959, 1707659512.713493], "data": {"selected": [36, 36, 36], "assigned": [0, 0, 0], "preselecStu": [36, 36, 36], "stuGender": [{"male": 34, "Female": 2}, {"male": 34, "Female": 2}, {"male": 34, "Female": 2}]}}