{"timestamp": [1734406944.878548, 1734469692.350687, 1734556268.19696, 1734642329.614401], "data": {"selected": [0, 0, 0, 0], "assigned": [30, 30, 27, 26], "preselecStu": [0, 0, 0, 0], "stuGender": [{"male": 0, "Female": 0}, {"male": 0, "Female": 0}, {"male": 0, "Female": 0}, {"male": 0, "Female": 0}]}}