{"timestamp": [1707541146.964234, 1707544327.770056], "data": {"selected": [16, 16], "assigned": [0, 0], "preselecStu": [16, 16], "stuGender": [{"male": 10, "Female": 6}, {"male": 10, "Female": 6}]}}