{"timestamp": [1707575925.04346, 1707587337.825317, 1707659050.899316], "data": {"selected": [16, 16, 16], "assigned": [0, 0, 0], "preselecStu": [16, 16, 16], "stuGender": [{"male": 10, "Female": 6}, {"male": 10, "Female": 6}, {"male": 10, "Female": 6}]}}