{"timestamp": [1716066033.891256, 1716497312.872227, 1725439742.159167, 1725512587.949043], "data": {"selected": [0, 0, 74, 75], "assigned": [0, 74, 1, 0], "preselecStu": [0, 0, 74, 74], "stuGender": [{"male": 0, "Female": 0}, {"male": 0, "Female": 0}, {"male": 40, "Female": 34}, {"male": 40, "Female": 35}]}}