{"timestamp": [1734406316.681073, 1734469050.219532], "data": {"selected": [0, 0], "assigned": [69, 81], "preselecStu": [0, 0], "stuGender": [{"male": 0, "Female": 0}, {"male": 0, "Female": 0}]}}