{"timestamp": [1734409929.486772, 1734472477.423011], "data": {"selected": [0, 0], "assigned": [23, 24], "preselecStu": [0, 0], "stuGender": [{"male": 0, "Female": 0}, {"male": 0, "Female": 0}]}}