{"timestamp": [1734409929.486772, 1734472477.423011, 1734559442.964141, 1734644850.870481], "data": {"selected": [0, 0, 0, 0], "assigned": [23, 24, 25, 26], "preselecStu": [0, 0, 0, 0], "stuGender": [{"male": 0, "Female": 0}, {"male": 0, "Female": 0}, {"male": 0, "Female": 0}, {"male": 0, "Female": 0}]}}