{"timestamp": [1716068293.431892, 1716499445.770744, 1725442873.084016, 1725515281.854178], "data": {"selected": [0, 0, 46, 46], "assigned": [0, 0, 3, 4], "preselecStu": [0, 0, 46, 46], "stuGender": [{"male": 0, "Female": 0}, {"male": 0, "Female": 0}, {"male": 25, "Female": 21}, {"male": 25, "Female": 21}]}}