{"timestamp": [1716068293.431892, 1716499445.770744, 1725442873.084016], "data": {"selected": [0, 0, 46], "assigned": [0, 0, 3], "preselecStu": [0, 0, 46], "stuGender": [{"male": 0, "Female": 0}, {"male": 0, "Female": 0}, {"male": 25, "Female": 21}]}}