{"timestamp": [1716069291.601165, 1716500344.624881, 1725443922.129581, 1725516318.613552], "data": {"selected": [0, 0, 1, 1], "assigned": [0, 0, 9, 16], "preselecStu": [0, 0, 1, 1], "stuGender": [{"male": 0, "Female": 0}, {"male": 0, "Female": 0}, {"male": 0, "Female": 1}, {"male": 0, "Female": 1}]}}