{"timestamp": [1716069291.601165, 1716500344.624881, 1725443922.129581], "data": {"selected": [0, 0, 1], "assigned": [0, 0, 9], "preselecStu": [0, 0, 1], "stuGender": [{"male": 0, "Female": 0}, {"male": 0, "Female": 0}, {"male": 0, "Female": 1}]}}