{"timestamp": [1707577172.91398, 1707588862.761176], "data": {"selected": [29, 29], "assigned": [0, 0], "preselecStu": [29, 29], "stuGender": [{"male": 20, "Female": 9}, {"male": 20, "Female": 9}]}}