{"timestamp": [1707576572.394715, 1707588164.290686, 1707659403.289258], "data": {"selected": [16, 16, 16], "assigned": [0, 0, 0], "preselecStu": [16, 16, 16], "stuGender": [{"male": 10, "Female": 6}, {"male": 10, "Female": 6}, {"male": 10, "Female": 6}]}}