{"timestamp": [1707575273.408389, 1707586579.763467], "data": {"selected": [50, 50], "assigned": [0, 0], "preselecStu": [50, 50], "stuGender": [{"male": 35, "Female": 15}, {"male": 35, "Female": 15}]}}