{"timestamp": [1707540785.035174, 1707543963.853489], "data": {"selected": [50, 50], "assigned": [0, 0], "preselecStu": [50, 50], "stuGender": [{"male": 35, "Female": 15}, {"male": 35, "Female": 15}]}}