{"timestamp": [1734410342.519808, 1734472880.517835], "data": {"selected": [0, 0], "assigned": [20, 22], "preselecStu": [0, 0], "stuGender": [{"male": 0, "Female": 0}, {"male": 0, "Female": 0}]}}