{"timestamp": [1734410342.519808, 1734472880.517835, 1734559855.073695, 1734645256.607033], "data": {"selected": [0, 0, 0, 0], "assigned": [20, 22, 22, 25], "preselecStu": [0, 0, 0, 0], "stuGender": [{"male": 0, "Female": 0}, {"male": 0, "Female": 0}, {"male": 0, "Female": 0}, {"male": 0, "Female": 0}]}}