{"timestamp": [1707578499.756133, 1707590552.538415, 1707660454.156863], "data": {"selected": [60, 60, 60], "assigned": [0, 0, 0], "preselecStu": [60, 60, 60], "stuGender": [{"male": 32, "Female": 28}, {"male": 32, "Female": 28}, {"male": 32, "Female": 28}]}}