{"timestamp": [1707540315.243594, 1707543491.011765], "data": {"selected": [35, 35], "assigned": [0, 0], "preselecStu": [35, 35], "stuGender": [{"male": 25, "Female": 10}, {"male": 25, "Female": 10}]}}