{"timestamp": [1734406560.797439, 1734469307.883948, 1734555855.281324, 1734641995.3598], "data": {"selected": [0, 0, 0, 0], "assigned": [30, 30, 31, 33], "preselecStu": [0, 0, 0, 0], "stuGender": [{"male": 0, "Female": 0}, {"male": 0, "Female": 0}, {"male": 0, "Female": 0}, {"male": 0, "Female": 0}]}}