{"timestamp": [1707578893.186126, 1707591065.301254], "data": {"selected": [27, 27], "assigned": [0, 0], "preselecStu": [27, 27], "stuGender": [{"male": 18, "Female": 9}, {"male": 18, "Female": 9}]}}