{"timestamp": [1707542753.256539, 1707546041.529017], "data": {"selected": [27, 27], "assigned": [0, 0], "preselecStu": [27, 27], "stuGender": [{"male": 18, "Female": 9}, {"male": 18, "Female": 9}]}}