{"timestamp": [1716065671.783757, 1716496988.253718, 1725439218.027629, 1725512188.871083], "data": {"selected": [0, 0, 3, 3], "assigned": [0, 0, 0, 1], "preselecStu": [0, 0, 3, 3], "stuGender": [{"male": 0, "Female": 0}, {"male": 0, "Female": 0}, {"male": 3, "Female": 0}, {"male": 3, "Female": 0}]}}