{"timestamp": [1707578587.993048, 1707590682.707471, 1707660503.14368], "data": {"selected": [32, 32, 32], "assigned": [0, 0, 0], "preselecStu": [32, 32, 32], "stuGender": [{"male": 11, "Female": 21}, {"male": 11, "Female": 21}, {"male": 11, "Female": 21}]}}