{"timestamp": [1716064122.654934, 1716495562.751214, 1725436927.309778], "data": {"selected": [0, 0, 0], "assigned": [0, 0, 3], "preselecStu": [0, 0, 0], "stuGender": [{"male": 0, "Female": 0}, {"male": 0, "Female": 0}, {"male": 0, "Female": 0}]}}