{"timestamp": [1734408365.605955, 1734471013.970649, 1734557770.788484], "data": {"selected": [0, 0, 0], "assigned": [9, 10, 13], "preselecStu": [0, 0, 0], "stuGender": [{"male": 0, "Female": 0}, {"male": 0, "Female": 0}, {"male": 0, "Female": 0}]}}