{"timestamp": [1716068780.031143, 1716499897.403381, 1725443409.047914, 1725515803.863996], "data": {"selected": [0, 0, 1, 1], "assigned": [0, 0, 1, 1], "preselecStu": [0, 0, 1, 1], "stuGender": [{"male": 0, "Female": 0}, {"male": 0, "Female": 0}, {"male": 0, "Female": 1}, {"male": 0, "Female": 1}]}}