{"timestamp": [1716066198.777958, 1716497471.002402, 1725440020.997082], "data": {"selected": [0, 0, 3], "assigned": [0, 0, 6], "preselecStu": [0, 0, 3], "stuGender": [{"male": 0, "Female": 0}, {"male": 0, "Female": 0}, {"male": 1, "Female": 2}]}}