{"timestamp": [1716066198.777958, 1716497471.002402, 1725440020.997082, 1725512803.59971], "data": {"selected": [0, 0, 3, 3], "assigned": [0, 0, 6, 8], "preselecStu": [0, 0, 3, 3], "stuGender": [{"male": 0, "Female": 0}, {"male": 0, "Female": 0}, {"male": 1, "Female": 2}, {"male": 1, "Female": 2}]}}