{"timestamp": [1716064435.917488, 1716495859.998625, 1725437418.934242], "data": {"selected": [0, 0, 46], "assigned": [0, 0, 79], "preselecStu": [0, 0, 46], "stuGender": [{"male": 0, "Female": 0}, {"male": 0, "Female": 0}, {"male": 30, "Female": 16}]}}