{"timestamp": [1716064435.917488, 1716495859.998625, 1725437418.934242, 1725510706.546744], "data": {"selected": [0, 0, 46, 45], "assigned": [0, 0, 79, 154], "preselecStu": [0, 0, 46, 45], "stuGender": [{"male": 0, "Female": 0}, {"male": 0, "Female": 0}, {"male": 30, "Female": 16}, {"male": 30, "Female": 15}]}}