{"timestamp": [1707541942.558688, 1707545183.088899], "data": {"selected": [60, 60], "assigned": [0, 0], "preselecStu": [60, 60], "stuGender": [{"male": 28, "Female": 32}, {"male": 28, "Female": 32}]}}