{"timestamp": [1716064352.406844, 1716495785.727666, 1725437297.351648, 1725510587.845629], "data": {"selected": [0, 0, 46, 44], "assigned": [0, 0, 64, 114], "preselecStu": [0, 0, 46, 44], "stuGender": [{"male": 0, "Female": 0}, {"male": 0, "Female": 0}, {"male": 36, "Female": 10}, {"male": 35, "Female": 9}]}}