{"timestamp": [1707574906.661318, 1707586111.743909], "data": {"selected": [37, 37], "assigned": [0, 0], "preselecStu": [37, 37], "stuGender": [{"male": 27, "Female": 10}, {"male": 27, "Female": 10}]}}