{"timestamp": [1707540583.253394, 1707543756.825485], "data": {"selected": [37, 37], "assigned": [0, 0], "preselecStu": [37, 37], "stuGender": [{"male": 27, "Female": 10}, {"male": 27, "Female": 10}]}}