{"timestamp": [1707541803.772335, 1707545033.422631], "data": {"selected": [12, 12], "assigned": [0, 0], "preselecStu": [12, 12], "stuGender": [{"male": 4, "Female": 8}, {"male": 4, "Female": 8}]}}