{"timestamp": [1707577148.34069, 1707588834.88192, 1707659724.159914], "data": {"selected": [12, 12, 12], "assigned": [0, 0, 0], "preselecStu": [12, 12, 12], "stuGender": [{"male": 4, "Female": 8}, {"male": 4, "Female": 8}, {"male": 4, "Female": 8}]}}