{"timestamp": [1734411097.318964, 1734473569.383231], "data": {"selected": [0, 0], "assigned": [22, 22], "preselecStu": [0, 0], "stuGender": [{"male": 0, "Female": 0}, {"male": 0, "Female": 0}]}}