{"timestamp": [1707540625.250358, 1707543800.011297], "data": {"selected": [50, 50], "assigned": [0, 0], "preselecStu": [50, 50], "stuGender": [{"male": 41, "Female": 9}, {"male": 41, "Female": 9}]}}