{"timestamp": [1716069270.416405, 1716500326.99928, 1725443902.289344], "data": {"selected": [0, 0, 25], "assigned": [0, 0, 4], "preselecStu": [0, 0, 25], "stuGender": [{"male": 0, "Female": 0}, {"male": 0, "Female": 0}, {"male": 18, "Female": 7}]}}