{"timestamp": [1716065264.839935, 1716496588.371305, 1725438603.7113], "data": {"selected": [0, 0, 11], "assigned": [0, 0, 4], "preselecStu": [0, 0, 11], "stuGender": [{"male": 0, "Female": 0}, {"male": 0, "Female": 0}, {"male": 3, "Female": 8}]}}