{"timestamp": [1707575261.710142, 1707586565.940729, 1707658675.868038, 1707661276.136918], "data": {"selected": [30, 30, 30, 30], "assigned": [0, 0, 0, 0], "preselecStu": [30, 30, 30, 30], "stuGender": [{"male": 16, "Female": 14}, {"male": 16, "Female": 14}, {"male": 16, "Female": 14}, {"male": 16, "Female": 14}]}}