{"timestamp": [1734410106.156308, 1734472659.401221, 1734559626.012289], "data": {"selected": [0, 0, 0], "assigned": [7, 12, 17], "preselecStu": [0, 0, 0], "stuGender": [{"male": 0, "Female": 0}, {"male": 0, "Female": 0}, {"male": 0, "Female": 0}]}}