{"timestamp": [1716067682.470973, 1716498907.76253, 1725442116.063024, 1725514530.481554], "data": {"selected": [0, 0, 0, 0], "assigned": [0, 0, 10, 11], "preselecStu": [0, 0, 0, 0], "stuGender": [{"male": 0, "Female": 0}, {"male": 0, "Female": 0}, {"male": 0, "Female": 0}, {"male": 0, "Female": 0}]}}