{"timestamp": [1716066602.115131, 1716497847.678022, 1725440624.843991, 1725513249.13023], "data": {"selected": [0, 0, 75, 75], "assigned": [0, 61, 5, 6], "preselecStu": [0, 0, 75, 75], "stuGender": [{"male": 0, "Female": 0}, {"male": 0, "Female": 0}, {"male": 60, "Female": 15}, {"male": 60, "Female": 15}]}}