{"timestamp": [1716064904.609816, 1716496285.424785, 1725438097.575475], "data": {"selected": [0, 0, 3], "assigned": [0, 0, 8], "preselecStu": [0, 0, 3], "stuGender": [{"male": 0, "Female": 0}, {"male": 0, "Female": 0}, {"male": 1, "Female": 2}]}}