{"timestamp": [1716064400.030459, 1716495831.718576, 1725437372.846012], "data": {"selected": [0, 0, 118], "assigned": [0, 0, 257], "preselecStu": [0, 0, 118], "stuGender": [{"male": 0, "Female": 0}, {"male": 0, "Female": 0}, {"male": 83, "Female": 35}]}}