{"timestamp": [1707578788.37338, 1707590939.958121, 1707660613.039045], "data": {"selected": [7, 7, 7], "assigned": [0, 0, 0], "preselecStu": [7, 7, 7], "stuGender": [{"male": 5, "Female": 2}, {"male": 5, "Female": 2}, {"male": 5, "Female": 2}]}}