{"timestamp": [1716064447.960401, 1716495871.738907, 1725437437.373726], "data": {"selected": [0, 0, 46], "assigned": [0, 0, 16], "preselecStu": [0, 0, 46], "stuGender": [{"male": 0, "Female": 0}, {"male": 0, "Female": 0}, {"male": 33, "Female": 13}]}}