{"timestamp": [1734408047.7297, 1734470727.801403, 1734557444.229603, 1734643278.552595], "data": {"selected": [0, 0, 0, 0], "assigned": [28, 35, 43, 48], "preselecStu": [0, 0, 0, 0], "stuGender": [{"male": 0, "Female": 0}, {"male": 0, "Female": 0}, {"male": 0, "Female": 0}, {"male": 0, "Female": 0}]}}