{"timestamp": [1707541785.411729, 1707545015.503623], "data": {"selected": [42, 42], "assigned": [0, 0], "preselecStu": [42, 42], "stuGender": [{"male": 17, "Female": 25}, {"male": 17, "Female": 25}]}}