{"timestamp": [1707541560.07381, 1707544765.605233], "data": {"selected": [70, 70], "assigned": [0, 0], "preselecStu": [70, 70], "stuGender": [{"male": 60, "Female": 10}, {"male": 60, "Female": 10}]}}