{"timestamp": [1716067949.593073, 1716499140.413987, 1725442440.372841], "data": {"selected": [0, 0, 71], "assigned": [0, 0, 17], "preselecStu": [0, 0, 0], "stuGender": [{"male": 0, "Female": 0}, {"male": 0, "Female": 0}, {"male": 55, "Female": 16}]}}