{"timestamp": [1716064098.055707, 1716495536.560193, 1725436890.869805], "data": {"selected": [0, 0, 0], "assigned": [0, 0, 12], "preselecStu": [0, 0, 0], "stuGender": [{"male": 0, "Female": 0}, {"male": 0, "Female": 0}, {"male": 0, "Female": 0}]}}