{"timestamp": [1716065694.136781, 1716497011.620325, 1725439250.660509, 1725512212.644224], "data": {"selected": [0, 0, 2, 2], "assigned": [0, 0, 0, 1], "preselecStu": [0, 0, 2, 2], "stuGender": [{"male": 0, "Female": 0}, {"male": 0, "Female": 0}, {"male": 2, "Female": 0}, {"male": 2, "Female": 0}]}}