{"timestamp": [1734410091.554967, 1734472644.320659], "data": {"selected": [0, 0], "assigned": [12, 14], "preselecStu": [0, 0], "stuGender": [{"male": 0, "Female": 0}, {"male": 0, "Female": 0}]}}