{"timestamp": [1734405240.487293, 1734467900.727979, 1734554440.653984, 1734640683.894044], "data": {"selected": [0, 0, 0, 0], "assigned": [75, 83, 108, 120], "preselecStu": [0, 0, 0, 0], "stuGender": [{"male": 0, "Female": 0}, {"male": 0, "Female": 0}, {"male": 0, "Female": 0}, {"male": 0, "Female": 0}]}}