{"timestamp": [1734410996.168014, 1734473484.551196, 1734560466.64303], "data": {"selected": [0, 0, 0], "assigned": [0, 1, 2], "preselecStu": [0, 0, 0], "stuGender": [{"male": 0, "Female": 0}, {"male": 0, "Female": 0}, {"male": 0, "Female": 0}]}}