{"timestamp": [1716066368.687615, 1716497604.584927, 1725440247.324982], "data": {"selected": [0, 0, 8], "assigned": [0, 0, 3], "preselecStu": [0, 0, 8], "stuGender": [{"male": 0, "Female": 0}, {"male": 0, "Female": 0}, {"male": 5, "Female": 3}]}}