{"timestamp": [1734406042.491027, 1734468747.559825, 1734555300.158766, 1734641506.94696], "data": {"selected": [0, 0, 0, 0], "assigned": [178, 193, 218, 236], "preselecStu": [0, 0, 0, 0], "stuGender": [{"male": 0, "Female": 0}, {"male": 0, "Female": 0}, {"male": 0, "Female": 0}, {"male": 0, "Female": 0}]}}