{"timestamp": [1707577217.926423, 1707588915.698213, 1707659763.386653], "data": {"selected": [120, 120, 120], "assigned": [0, 0, 0], "preselecStu": [120, 120, 120], "stuGender": [{"male": 75, "Female": 45}, {"male": 75, "Female": 45}, {"male": 75, "Female": 45}]}}