{"timestamp": [1725444121.044238, 1725516512.184929, 1725603065.168702], "data": {"selected": [0, 0, 7], "assigned": [7, 8, 1], "preselecStu": [0, 0, 0], "stuGender": [{"male": 0, "Female": 0}, {"male": 0, "Female": 0}, {"male": 6, "Female": 1}]}}