{"timestamp": [1707576881.134092, 1707588513.756989, 1707659568.108916, 1707662176.203511], "data": {"selected": [48, 48, 48, 48], "assigned": [0, 0, 0, 0], "preselecStu": [48, 48, 48, 48], "stuGender": [{"male": 35, "Female": 13}, {"male": 35, "Female": 13}, {"male": 35, "Female": 13}, {"male": 35, "Female": 13}]}}