{"timestamp": [1707575509.080854, 1707586861.693564], "data": {"selected": [43, 43], "assigned": [0, 0], "preselecStu": [43, 43], "stuGender": [{"male": 14, "Female": 29}, {"male": 14, "Female": 29}]}}