{"timestamp": [1707540919.012814, 1707544097.811529], "data": {"selected": [43, 43], "assigned": [0, 0], "preselecStu": [43, 43], "stuGender": [{"male": 14, "Female": 29}, {"male": 14, "Female": 29}]}}