{"timestamp": [1716067339.91102, 1716498580.49497, 1725441697.994415, 1725514140.7728], "data": {"selected": [0, 0, 73, 71], "assigned": [0, 58, 8, 9], "preselecStu": [0, 0, 70, 68], "stuGender": [{"male": 0, "Female": 0}, {"male": 0, "Female": 0}, {"male": 34, "Female": 39}, {"male": 33, "Female": 38}]}}