{"timestamp": [1716067339.91102, 1716498580.49497, 1725441697.994415], "data": {"selected": [0, 0, 73], "assigned": [0, 58, 8], "preselecStu": [0, 0, 70], "stuGender": [{"male": 0, "Female": 0}, {"male": 0, "Female": 0}, {"male": 34, "Female": 39}]}}