{"timestamp": [1734408715.417124, 1734471332.644312, 1734558166.657632, 1734643872.978272], "data": {"selected": [0, 0, 0, 0], "assigned": [9, 9, 12, 14], "preselecStu": [0, 0, 0, 0], "stuGender": [{"male": 0, "Female": 0}, {"male": 0, "Female": 0}, {"male": 0, "Female": 0}, {"male": 0, "Female": 0}]}}