{"timestamp": [1707541986.355534, 1707545225.641909], "data": {"selected": [22, 22], "assigned": [0, 0], "preselecStu": [22, 22], "stuGender": [{"male": 5, "Female": 17}, {"male": 5, "Female": 17}]}}