{"timestamp": [1716067399.46131, 1716498632.406653, 1725441769.160777, 1725514201.969098], "data": {"selected": [0, 0, 7, 7], "assigned": [0, 0, 0, 0], "preselecStu": [0, 0, 0, 0], "stuGender": [{"male": 0, "Female": 0}, {"male": 0, "Female": 0}, {"male": 6, "Female": 1}, {"male": 6, "Female": 1}]}}