{"timestamp": [1734408088.31943, 1734470767.032197, 1734557500.377386], "data": {"selected": [0, 0, 0], "assigned": [2, 6, 6], "preselecStu": [0, 0, 0], "stuGender": [{"male": 0, "Female": 0}, {"male": 0, "Female": 0}, {"male": 0, "Female": 0}]}}