{"timestamp": [1734409364.299926, 1734471973.268765, 1734558896.739971, 1734644410.77901], "data": {"selected": [0, 0, 0, 0], "assigned": [83, 89, 96, 101], "preselecStu": [0, 0, 0, 0], "stuGender": [{"male": 0, "Female": 0}, {"male": 0, "Female": 0}, {"male": 0, "Female": 0}, {"male": 0, "Female": 0}]}}