{"timestamp": [1734409364.299926, 1734471973.268765], "data": {"selected": [0, 0], "assigned": [83, 89], "preselecStu": [0, 0], "stuGender": [{"male": 0, "Female": 0}, {"male": 0, "Female": 0}]}}