{"timestamp": [1716067279.489785, 1716498511.711247, 1725441562.019666], "data": {"selected": [0, 0, 15], "assigned": [0, 0, 8], "preselecStu": [0, 0, 15], "stuGender": [{"male": 0, "Female": 0}, {"male": 0, "Female": 0}, {"male": 6, "Female": 9}]}}