{"timestamp": [1734405652.217233, 1734468372.94985, 1734554878.7495, 1734641112.204603], "data": {"selected": [0, 0, 0, 0], "assigned": [46, 59, 65, 76], "preselecStu": [0, 0, 0, 0], "stuGender": [{"male": 0, "Female": 0}, {"male": 0, "Female": 0}, {"male": 0, "Female": 0}, {"male": 0, "Female": 0}]}}