{"timestamp": [1734409087.561162, 1734471704.489856, 1734558584.509389], "data": {"selected": [0, 0, 0], "assigned": [22, 21, 21], "preselecStu": [0, 0, 0], "stuGender": [{"male": 0, "Female": 0}, {"male": 0, "Female": 0}, {"male": 0, "Female": 0}]}}