{"timestamp": [1707574586.462699, 1707585741.95582], "data": {"selected": [42, 42], "assigned": [0, 0], "preselecStu": [42, 42], "stuGender": [{"male": 29, "Female": 13}, {"male": 29, "Female": 13}]}}