{"timestamp": [1707577007.058244, 1707588665.769147, 1707659640.961185], "data": {"selected": [23, 23, 23], "assigned": [0, 0, 0], "preselecStu": [23, 23, 23], "stuGender": [{"male": 18, "Female": 5}, {"male": 18, "Female": 5}, {"male": 18, "Female": 5}]}}