{"timestamp": [1716065629.515277, 1716496945.14179, 1725439157.89597, 1725512142.070621], "data": {"selected": [0, 0, 13, 12], "assigned": [0, 0, 1, 1], "preselecStu": [0, 0, 13, 12], "stuGender": [{"male": 0, "Female": 0}, {"male": 0, "Female": 0}, {"male": 13, "Female": 0}, {"male": 12, "Female": 0}]}}