{"timestamp": [1716065629.515277, 1716496945.14179, 1725439157.89597], "data": {"selected": [0, 0, 13], "assigned": [0, 0, 1], "preselecStu": [0, 0, 13], "stuGender": [{"male": 0, "Female": 0}, {"male": 0, "Female": 0}, {"male": 13, "Female": 0}]}}