{"timestamp": [1734405771.199676, 1734468493.206095, 1734554984.757273, 1734641245.438005], "data": {"selected": [0, 0, 0, 0], "assigned": [78, 92, 110, 134], "preselecStu": [0, 0, 0, 0], "stuGender": [{"male": 0, "Female": 0}, {"male": 0, "Female": 0}, {"male": 0, "Female": 0}, {"male": 0, "Female": 0}]}}