{"timestamp": [1734405771.199676, 1734468493.206095], "data": {"selected": [0, 0], "assigned": [78, 92], "preselecStu": [0, 0], "stuGender": [{"male": 0, "Female": 0}, {"male": 0, "Female": 0}]}}