{"timestamp": [1716066744.796111, 1716497991.291159, 1725440852.344358], "data": {"selected": [0, 0, 11], "assigned": [0, 0, 8], "preselecStu": [0, 0, 11], "stuGender": [{"male": 0, "Female": 0}, {"male": 0, "Female": 0}, {"male": 10, "Female": 1}]}}