{"timestamp": [1707574594.61392, 1707585751.495092], "data": {"selected": [42, 42], "assigned": [0, 0], "preselecStu": [42, 42], "stuGender": [{"male": 30, "Female": 12}, {"male": 30, "Female": 12}]}}