{"timestamp": [1734411063.222027, 1734473537.005857, 1734560521.390304], "data": {"selected": [0, 0, 0], "assigned": [8, 9, 10], "preselecStu": [0, 0, 0], "stuGender": [{"male": 0, "Female": 0}, {"male": 0, "Female": 0}, {"male": 0, "Female": 0}]}}