{"timestamp": [1716068702.978821, 1716499824.053519, 1725443323.727016], "data": {"selected": [0, 0, 7], "assigned": [0, 0, 0], "preselecStu": [0, 0, 7], "stuGender": [{"male": 0, "Female": 0}, {"male": 0, "Female": 0}, {"male": 7, "Female": 0}]}}