{"timestamp": [1734405988.768964, 1734468700.207749], "data": {"selected": [0, 0], "assigned": [17, 16], "preselecStu": [0, 0], "stuGender": [{"male": 0, "Female": 0}, {"male": 0, "Female": 0}]}}