{"timestamp": [1734405988.768964, 1734468700.207749, 1734555211.621179, 1734641462.003969], "data": {"selected": [0, 0, 0, 0], "assigned": [17, 16, 20, 21], "preselecStu": [0, 0, 0, 0], "stuGender": [{"male": 0, "Female": 0}, {"male": 0, "Female": 0}, {"male": 0, "Female": 0}, {"male": 0, "Female": 0}]}}