{"timestamp": [1734408217.829105, 1734470882.757716], "data": {"selected": [0, 0], "assigned": [165, 165], "preselecStu": [0, 0], "stuGender": [{"male": 0, "Female": 0}, {"male": 0, "Female": 0}]}}