{"timestamp": [1716064094.320171, 1716495533.560738, 1725436886.571432], "data": {"selected": [0, 0, 0], "assigned": [0, 0, 11], "preselecStu": [0, 0, 0], "stuGender": [{"male": 0, "Female": 0}, {"male": 0, "Female": 0}, {"male": 0, "Female": 0}]}}