{"timestamp": [1716065574.538472, 1716496896.641369, 1725439098.343642], "data": {"selected": [0, 0, 42], "assigned": [0, 0, 0], "preselecStu": [0, 0, 0], "stuGender": [{"male": 0, "Female": 0}, {"male": 0, "Female": 0}, {"male": 26, "Female": 16}]}}