{"timestamp": [1716067401.610563, 1716498634.605406, 1725441771.491918], "data": {"selected": [0, 0, 7], "assigned": [0, 0, 0], "preselecStu": [0, 0, 0], "stuGender": [{"male": 0, "Female": 0}, {"male": 0, "Female": 0}, {"male": 6, "Female": 1}]}}