{"timestamp": [1707576918.182472, 1707588558.234874, 1707659589.551443, 1707662197.880773], "data": {"selected": [14, 14, 14, 14], "assigned": [0, 0, 0, 0], "preselecStu": [14, 14, 14, 14], "stuGender": [{"male": 6, "Female": 8}, {"male": 6, "Female": 8}, {"male": 6, "Female": 8}, {"male": 6, "Female": 8}]}}