{"timestamp": [1707541741.614862, 1707544970.290777], "data": {"selected": [61, 61], "assigned": [0, 0], "preselecStu": [61, 61], "stuGender": [{"male": 47, "Female": 14}, {"male": 47, "Female": 14}]}}