{"timestamp": [1707575035.070901, 1707586296.706884], "data": {"selected": [50, 50], "assigned": [0, 0], "preselecStu": [50, 50], "stuGender": [{"male": 36, "Female": 14}, {"male": 36, "Female": 14}]}}