{"timestamp": [1716066166.6414, 1716497441.784045, 1725439980.53111], "data": {"selected": [0, 0, 18], "assigned": [0, 0, 5], "preselecStu": [0, 0, 18], "stuGender": [{"male": 0, "Female": 0}, {"male": 0, "Female": 0}, {"male": 12, "Female": 6}]}}