{"timestamp": [1716067783.338541, 1716498996.455388, 1725442245.464949], "data": {"selected": [0, 0, 48], "assigned": [0, 49, 0], "preselecStu": [0, 0, 0], "stuGender": [{"male": 0, "Female": 0}, {"male": 0, "Female": 0}, {"male": 42, "Female": 6}]}}