{"timestamp": [1734408735.817465, 1734471348.572755], "data": {"selected": [0, 0], "assigned": [87, 92], "preselecStu": [0, 0], "stuGender": [{"male": 0, "Female": 0}, {"male": 0, "Female": 0}]}}