{"timestamp": [1707576292.751702, 1707587814.392219, 1707659246.688007], "data": {"selected": [43, 43, 43], "assigned": [0, 0, 0], "preselecStu": [43, 43, 43], "stuGender": [{"male": 32, "Female": 11}, {"male": 32, "Female": 11}, {"male": 32, "Female": 11}]}}