{"timestamp": [1716068645.029898, 1716499765.726373, 1725443257.883417, 1725515655.945842], "data": {"selected": [0, 0, 33, 33], "assigned": [0, 0, 1, 1], "preselecStu": [0, 0, 33, 33], "stuGender": [{"male": 0, "Female": 0}, {"male": 0, "Female": 0}, {"male": 19, "Female": 14}, {"male": 19, "Female": 14}]}}