{"timestamp": [1734405649.847613, 1734468370.050996], "data": {"selected": [0, 0], "assigned": [184, 214], "preselecStu": [0, 0], "stuGender": [{"male": 0, "Female": 0}, {"male": 0, "Female": 0}]}}