{"timestamp": [1734404849.055364, 1734467478.739662, 1734553971.582568], "data": {"selected": [0, 0, 0], "assigned": [49, 49, 49], "preselecStu": [0, 0, 0], "stuGender": [{"male": 0, "Female": 0}, {"male": 0, "Female": 0}, {"male": 0, "Female": 0}]}}