{"timestamp": [1716068402.052978, 1716499555.690982, 1725443005.270823], "data": {"selected": [0, 0, 26], "assigned": [0, 0, 1], "preselecStu": [0, 0, 26], "stuGender": [{"male": 0, "Female": 0}, {"male": 0, "Female": 0}, {"male": 22, "Female": 4}]}}