{"timestamp": [1707575903.879359, 1707587317.419152], "data": {"selected": [47, 47], "assigned": [0, 0], "preselecStu": [47, 47], "stuGender": [{"male": 38, "Female": 9}, {"male": 38, "Female": 9}]}}