{"timestamp": [1707576798.696882, 1707588426.558174], "data": {"selected": [11, 11], "assigned": [0, 0], "preselecStu": [11, 11], "stuGender": [{"male": 10, "Female": 1}, {"male": 10, "Female": 1}]}}