{"timestamp": [1707541614.433365, 1707544822.533622], "data": {"selected": [11, 11], "assigned": [0, 0], "preselecStu": [11, 11], "stuGender": [{"male": 10, "Female": 1}, {"male": 10, "Female": 1}]}}