{"timestamp": [1707576798.696882, 1707588426.558174, 1707659526.169345, 1707662132.787063], "data": {"selected": [11, 11, 11, 11], "assigned": [0, 0, 0, 0], "preselecStu": [11, 11, 11, 11], "stuGender": [{"male": 10, "Female": 1}, {"male": 10, "Female": 1}, {"male": 10, "Female": 1}, {"male": 10, "Female": 1}]}}