{"timestamp": [1707578515.21887, 1707590570.616205, 1707660462.289248, 1707663081.706111], "data": {"selected": [6, 6, 6, 6], "assigned": [0, 0, 0, 0], "preselecStu": [6, 6, 6, 6], "stuGender": [{"male": 4, "Female": 2}, {"male": 4, "Female": 2}, {"male": 4, "Female": 2}, {"male": 4, "Female": 2}]}}