{"timestamp": [1707578673.835416, 1707590804.285108], "data": {"selected": [20, 20], "assigned": [0, 0], "preselecStu": [20, 20], "stuGender": [{"male": 4, "Female": 16}, {"male": 4, "Female": 16}]}}