{"timestamp": [1707542641.326885, 1707545918.753808], "data": {"selected": [20, 20], "assigned": [0, 0], "preselecStu": [20, 20], "stuGender": [{"male": 4, "Female": 16}, {"male": 4, "Female": 16}]}}