{"timestamp": [1734409834.370105, 1734472368.995522, 1734559358.604475, 1734644781.787443], "data": {"selected": [0, 0, 0, 0], "assigned": [54, 65, 70, 69], "preselecStu": [0, 0, 0, 0], "stuGender": [{"male": 0, "Female": 0}, {"male": 0, "Female": 0}, {"male": 0, "Female": 0}, {"male": 0, "Female": 0}]}}