{"timestamp": [1707577581.1205, 1707589341.982201, 1707659965.913636], "data": {"selected": [23, 23, 23], "assigned": [0, 0, 0], "preselecStu": [23, 23, 23], "stuGender": [{"male": 9, "Female": 14}, {"male": 9, "Female": 14}, {"male": 9, "Female": 14}]}}