{"timestamp": [1707577195.172093, 1707588889.701619], "data": {"selected": [24, 24], "assigned": [0, 0], "preselecStu": [24, 24], "stuGender": [{"male": 8, "Female": 16}, {"male": 8, "Female": 16}]}}