{"timestamp": [1734408413.780919, 1734471057.561267, 1734557816.954244, 1734643597.981251], "data": {"selected": [0, 0, 0, 0], "assigned": [149, 153, 155, 160], "preselecStu": [0, 0, 0, 0], "stuGender": [{"male": 0, "Female": 0}, {"male": 0, "Female": 0}, {"male": 0, "Female": 0}, {"male": 0, "Female": 0}]}}