{"timestamp": [1716066176.765404, 1716497451.122019, 1725439991.926656, 1725512779.991485], "data": {"selected": [0, 0, 0, 0], "assigned": [0, 0, 6, 6], "preselecStu": [0, 0, 0, 0], "stuGender": [{"male": 0, "Female": 0}, {"male": 0, "Female": 0}, {"male": 0, "Female": 0}, {"male": 0, "Female": 0}]}}