{"timestamp": [1716064316.048546, 1716495751.197811, 1725437238.449735, 1725510546.57298], "data": {"selected": [0, 0, 39, 39], "assigned": [0, 0, 0, 0], "preselecStu": [0, 0, 1, 1], "stuGender": [{"male": 0, "Female": 0}, {"male": 0, "Female": 0}, {"male": 9, "Female": 30}, {"male": 9, "Female": 30}]}}