{"timestamp": [1707541936.103277, 1707545176.489119], "data": {"selected": [100, 100], "assigned": [0, 0], "preselecStu": [100, 100], "stuGender": [{"male": 50, "Female": 50}, {"male": 50, "Female": 50}]}}