{"timestamp": [1716064380.845422, 1716495814.398985, 1725437345.625025], "data": {"selected": [0, 0, 17], "assigned": [0, 28, 0], "preselecStu": [0, 0, 17], "stuGender": [{"male": 0, "Female": 0}, {"male": 0, "Female": 0}, {"male": 11, "Female": 6}]}}