{"timestamp": [1716067348.5723, 1716498589.936049, 1725441710.09184, 1725514155.784491], "data": {"selected": [0, 0, 66, 61], "assigned": [0, 0, 5, 10], "preselecStu": [0, 0, 66, 61], "stuGender": [{"male": 0, "Female": 0}, {"male": 0, "Female": 0}, {"male": 21, "Female": 45}, {"male": 20, "Female": 41}]}}