{"timestamp": [1716067348.5723, 1716498589.936049, 1725441710.09184], "data": {"selected": [0, 0, 66], "assigned": [0, 0, 5], "preselecStu": [0, 0, 66], "stuGender": [{"male": 0, "Female": 0}, {"male": 0, "Female": 0}, {"male": 21, "Female": 45}]}}