{"timestamp": [1707578096.210068, 1707590030.034468, 1707660237.165332, 1707662845.578705], "data": {"selected": [10, 10, 10, 10], "assigned": [0, 0, 0, 0], "preselecStu": [10, 10, 10, 10], "stuGender": [{"male": 6, "Female": 4}, {"male": 6, "Female": 4}, {"male": 6, "Female": 4}, {"male": 6, "Female": 4}]}}