{"timestamp": [1707541819.282707, 1707545048.957609], "data": {"selected": [24, 24], "assigned": [0, 0], "preselecStu": [24, 24], "stuGender": [{"male": 4, "Female": 20}, {"male": 4, "Female": 20}]}}