{"timestamp": [1716065107.581029, 1716496466.990245, 1725438421.850446], "data": {"selected": [0, 0, 44], "assigned": [0, 0, 21], "preselecStu": [0, 0, 44], "stuGender": [{"male": 0, "Female": 0}, {"male": 0, "Female": 0}, {"male": 11, "Female": 33}]}}