{"timestamp": [1734407954.494588, 1734470636.633942, 1734557338.156194], "data": {"selected": [0, 0, 0], "assigned": [41, 44, 47], "preselecStu": [0, 0, 0], "stuGender": [{"male": 0, "Female": 0}, {"male": 0, "Female": 0}, {"male": 0, "Female": 0}]}}