{"timestamp": [1707575148.581188, 1707586429.286503], "data": {"selected": [20, 20], "assigned": [0, 0], "preselecStu": [20, 20], "stuGender": [{"male": 9, "Female": 11}, {"male": 9, "Female": 11}]}}