{"timestamp": [1716067344.234135, 1716498585.514668, 1725441703.602096, 1725514148.687677], "data": {"selected": [0, 0, 47, 47], "assigned": [0, 36, 1, 1], "preselecStu": [0, 0, 38, 38], "stuGender": [{"male": 0, "Female": 0}, {"male": 0, "Female": 0}, {"male": 20, "Female": 27}, {"male": 20, "Female": 27}]}}