{"timestamp": [1716068522.662944, 1716499661.821259, 1725443129.979311, 1725515536.860096], "data": {"selected": [0, 0, 0, 0], "assigned": [0, 0, 1, 2], "preselecStu": [0, 0, 0, 0], "stuGender": [{"male": 0, "Female": 0}, {"male": 0, "Female": 0}, {"male": 0, "Female": 0}, {"male": 0, "Female": 0}]}}