{"timestamp": [1716064935.790224, 1716496300.564986, 1725438123.289096, 1725511295.032104], "data": {"selected": [0, 0, 4, 4], "assigned": [0, 0, 2, 2], "preselecStu": [0, 0, 4, 4], "stuGender": [{"male": 0, "Female": 0}, {"male": 0, "Female": 0}, {"male": 1, "Female": 3}, {"male": 1, "Female": 3}]}}