{"timestamp": [1716067596.844644, 1716498833.480021, 1725442025.927093, 1725514440.417941], "data": {"selected": [0, 0, 24, 24], "assigned": [0, 0, 2, 3], "preselecStu": [0, 0, 1, 1], "stuGender": [{"male": 0, "Female": 0}, {"male": 0, "Female": 0}, {"male": 7, "Female": 17}, {"male": 7, "Female": 17}]}}