{"timestamp": [1707541688.823588, 1707544915.276205], "data": {"selected": [27, 27], "assigned": [0, 0], "preselecStu": [27, 27], "stuGender": [{"male": 16, "Female": 11}, {"male": 16, "Female": 11}]}}