{"timestamp": [1707576943.32127, 1707588588.981821, 1707659605.694295], "data": {"selected": [27, 27, 27], "assigned": [0, 0, 0], "preselecStu": [27, 27, 27], "stuGender": [{"male": 16, "Female": 11}, {"male": 16, "Female": 11}, {"male": 16, "Female": 11}]}}