{"timestamp": [1734407653.695359, 1734470369.159828, 1734557036.133824, 1734642922.005638], "data": {"selected": [0, 0, 0, 0], "assigned": [45, 48, 50, 51], "preselecStu": [0, 0, 0, 0], "stuGender": [{"male": 0, "Female": 0}, {"male": 0, "Female": 0}, {"male": 0, "Female": 0}, {"male": 0, "Female": 0}]}}