{"timestamp": [1734407653.695359, 1734470369.159828], "data": {"selected": [0, 0], "assigned": [45, 48], "preselecStu": [0, 0], "stuGender": [{"male": 0, "Female": 0}, {"male": 0, "Female": 0}]}}