{"timestamp": [1707577829.403067, 1707589660.932708], "data": {"selected": [70, 70], "assigned": [0, 0], "preselecStu": [70, 70], "stuGender": [{"male": 60, "Female": 10}, {"male": 60, "Female": 10}]}}