{"timestamp": [1707542165.719075, 1707545424.783234], "data": {"selected": [70, 70], "assigned": [0, 0], "preselecStu": [70, 70], "stuGender": [{"male": 60, "Female": 10}, {"male": 60, "Female": 10}]}}