{"timestamp": [1716067446.790253, 1716498682.117034, 1725441828.790485], "data": {"selected": [0, 0, 39], "assigned": [0, 0, 48], "preselecStu": [0, 0, 39], "stuGender": [{"male": 0, "Female": 0}, {"male": 0, "Female": 0}, {"male": 15, "Female": 24}]}}