{"timestamp": [1734405522.97442, 1734468171.211694, 1734554707.12483, 1734640919.089079], "data": {"selected": [0, 0, 0, 0], "assigned": [35, 35, 37, 37], "preselecStu": [0, 0, 0, 0], "stuGender": [{"male": 0, "Female": 0}, {"male": 0, "Female": 0}, {"male": 0, "Female": 0}, {"male": 0, "Female": 0}]}}