{"timestamp": [1707542622.636442, 1707545898.430914], "data": {"selected": [24, 24], "assigned": [0, 0], "preselecStu": [24, 24], "stuGender": [{"male": 11, "Female": 13}, {"male": 11, "Female": 13}]}}