{"timestamp": [1734405776.832707, 1734468498.004416, 1734554993.325203], "data": {"selected": [0, 0, 0], "assigned": [57, 60, 72], "preselecStu": [0, 0, 0], "stuGender": [{"male": 0, "Female": 0}, {"male": 0, "Female": 0}, {"male": 0, "Female": 0}]}}