{"timestamp": [1734410162.715933, 1734472708.526202, 1734559674.55088], "data": {"selected": [0, 0, 0], "assigned": [0, 1, 1], "preselecStu": [0, 0, 0], "stuGender": [{"male": 0, "Female": 0}, {"male": 0, "Female": 0}, {"male": 0, "Female": 0}]}}