{"timestamp": [1725438953.725144, 1725511965.927254, 1725598310.587653], "data": {"selected": [8, 7, 11], "assigned": [1, 6, 1], "preselecStu": [8, 7, 7], "stuGender": [{"male": 3, "Female": 5}, {"male": 3, "Female": 4}, {"male": 3, "Female": 8}]}}