{"timestamp": [1707540673.749837, 1707543851.001394], "data": {"selected": [120, 120], "assigned": [0, 0], "preselecStu": [120, 120], "stuGender": [{"male": 68, "Female": 52}, {"male": 68, "Female": 52}]}}