{"timestamp": [1707542710.106802, 1707545996.377181], "data": {"selected": [35, 35], "assigned": [0, 0], "preselecStu": [35, 35], "stuGender": [{"male": 25, "Female": 10}, {"male": 25, "Female": 10}]}}