{"timestamp": [1734410854.581957, 1734473353.054646, 1734560336.933089, 1734645745.338274], "data": {"selected": [0, 0, 0, 0], "assigned": [4, 5, 5, 5], "preselecStu": [0, 0, 0, 0], "stuGender": [{"male": 0, "Female": 0}, {"male": 0, "Female": 0}, {"male": 0, "Female": 0}, {"male": 0, "Female": 0}]}}