{"timestamp": [1707541509.458723, 1707544714.595995], "data": {"selected": [13, 13], "assigned": [0, 0], "preselecStu": [13, 13], "stuGender": [{"male": 5, "Female": 8}, {"male": 5, "Female": 8}]}}