{"timestamp": [1707540790.334908, 1707543969.109095], "data": {"selected": [40, 40], "assigned": [0, 0], "preselecStu": [40, 40], "stuGender": [{"male": 19, "Female": 21}, {"male": 19, "Female": 21}]}}