{"timestamp": [1716067858.455942, 1716499068.061677, 1725442331.086326], "data": {"selected": [0, 0, 41], "assigned": [0, 0, 40], "preselecStu": [0, 0, 41], "stuGender": [{"male": 0, "Female": 0}, {"male": 0, "Female": 0}, {"male": 29, "Female": 12}]}}