{"timestamp": [1707577940.92416, 1707589823.577754, 1707660157.217227], "data": {"selected": [70, 70, 70], "assigned": [0, 0, 0], "preselecStu": [70, 70, 70], "stuGender": [{"male": 52, "Female": 18}, {"male": 52, "Female": 18}, {"male": 52, "Female": 18}]}}