{"timestamp": [1716065360.339849, 1716496681.896225, 1725438743.54963], "data": {"selected": [0, 0, 22], "assigned": [0, 0, 5], "preselecStu": [0, 0, 22], "stuGender": [{"male": 0, "Female": 0}, {"male": 0, "Female": 0}, {"male": 4, "Female": 18}]}}