{"timestamp": [1716068630.918575, 1716499752.95599, 1725443242.220159, 1725515639.9573], "data": {"selected": [0, 0, 31, 31], "assigned": [0, 0, 3, 3], "preselecStu": [0, 0, 0, 0], "stuGender": [{"male": 0, "Female": 0}, {"male": 0, "Female": 0}, {"male": 24, "Female": 7}, {"male": 24, "Female": 7}]}}