{"timestamp": [1716068642.206373, 1716499763.632591, 1725443254.974002], "data": {"selected": [0, 0, 33], "assigned": [0, 32, 1], "preselecStu": [0, 0, 33], "stuGender": [{"male": 0, "Female": 0}, {"male": 0, "Female": 0}, {"male": 22, "Female": 11}]}}