{"timestamp": [1734410380.335091, 1734472927.683704, 1734559894.378202], "data": {"selected": [0, 0, 0], "assigned": [1, 1, 2], "preselecStu": [0, 0, 0], "stuGender": [{"male": 0, "Female": 0}, {"male": 0, "Female": 0}, {"male": 0, "Female": 0}]}}