{"timestamp": [1734409292.17787, 1734471916.58937, 1734558831.145817, 1734644360.92958], "data": {"selected": [0, 0, 0, 0], "assigned": [0, 0, 1, 1], "preselecStu": [0, 0, 0, 0], "stuGender": [{"male": 0, "Female": 0}, {"male": 0, "Female": 0}, {"male": 0, "Female": 0}, {"male": 0, "Female": 0}]}}