{"timestamp": [1707577946.595556, 1707589828.154542, 1707660159.424023, 1707662769.478131], "data": {"selected": [45, 45, 45, 45], "assigned": [0, 0, 0, 0], "preselecStu": [45, 45, 45, 45], "stuGender": [{"male": 32, "Female": 13}, {"male": 32, "Female": 13}, {"male": 32, "Female": 13}, {"male": 32, "Female": 13}]}}