{"timestamp": [1734405487.584365, 1734468142.730996, 1734554662.603687, 1734640887.77013], "data": {"selected": [0, 0, 0, 0], "assigned": [53, 52, 52, 54], "preselecStu": [0, 0, 0, 0], "stuGender": [{"male": 0, "Female": 0}, {"male": 0, "Female": 0}, {"male": 0, "Female": 0}, {"male": 0, "Female": 0}]}}