{"timestamp": [1707577819.341223, 1707589649.388702], "data": {"selected": [70, 70], "assigned": [0, 0], "preselecStu": [70, 70], "stuGender": [{"male": 57, "Female": 13}, {"male": 57, "Female": 13}]}}