{"timestamp": [1707577127.169108, 1707588808.993878, 1707659711.532974, 1707662321.565549], "data": {"selected": [40, 40, 40, 40], "assigned": [0, 0, 0, 0], "preselecStu": [40, 40, 40, 40], "stuGender": [{"male": 18, "Female": 22}, {"male": 18, "Female": 22}, {"male": 18, "Female": 22}, {"male": 18, "Female": 22}]}}