{"timestamp": [1707577607.731292, 1707589373.781832], "data": {"selected": [11, 11], "assigned": [0, 0], "preselecStu": [11, 11], "stuGender": [{"male": 2, "Female": 9}, {"male": 2, "Female": 9}]}}