{"timestamp": [1734406698.472644, 1734469448.290197, 1734556016.556123, 1734642130.193584], "data": {"selected": [0, 0, 0, 0], "assigned": [3, 3, 4, 3], "preselecStu": [0, 0, 0, 0], "stuGender": [{"male": 0, "Female": 0}, {"male": 0, "Female": 0}, {"male": 0, "Female": 0}, {"male": 0, "Female": 0}]}}