{"timestamp": [1734408356.290447, 1734471003.988365, 1734557758.061372], "data": {"selected": [0, 0, 0], "assigned": [21, 21, 21], "preselecStu": [0, 0, 0], "stuGender": [{"male": 0, "Female": 0}, {"male": 0, "Female": 0}, {"male": 0, "Female": 0}]}}