{"timestamp": [1734405678.83914, 1734468406.656411, 1734554910.412279, 1734641153.74443], "data": {"selected": [0, 0, 3, 3], "assigned": [124, 144, 154, 184], "preselecStu": [0, 0, 0, 0], "stuGender": [{"male": 0, "Female": 0}, {"male": 0, "Female": 0}, {"male": 3, "Female": 0}, {"male": 3, "Female": 0}]}}