{"timestamp": [1734405678.83914, 1734468406.656411], "data": {"selected": [0, 0], "assigned": [124, 144], "preselecStu": [0, 0], "stuGender": [{"male": 0, "Female": 0}, {"male": 0, "Female": 0}]}}