{"timestamp": [1716068508.462765, 1716499649.205422, 1725443115.428792, 1725515522.40232], "data": {"selected": [0, 0, 5, 4], "assigned": [0, 0, 2, 2], "preselecStu": [0, 0, 5, 4], "stuGender": [{"male": 0, "Female": 0}, {"male": 0, "Female": 0}, {"male": 5, "Female": 0}, {"male": 4, "Female": 0}]}}