{"timestamp": [1716068508.462765, 1716499649.205422, 1725443115.428792], "data": {"selected": [0, 0, 5], "assigned": [0, 0, 2], "preselecStu": [0, 0, 5], "stuGender": [{"male": 0, "Female": 0}, {"male": 0, "Female": 0}, {"male": 5, "Female": 0}]}}