{"timestamp": [1716065408.638192, 1716496734.169715, 1725438817.486853], "data": {"selected": [0, 0, 2], "assigned": [0, 0, 1], "preselecStu": [0, 0, 2], "stuGender": [{"male": 0, "Female": 0}, {"male": 0, "Female": 0}, {"male": 1, "Female": 1}]}}