{"timestamp": [1716065759.683304, 1716497064.122778, 1725439349.726817], "data": {"selected": [0, 0, 66], "assigned": [0, 0, 6], "preselecStu": [0, 0, 0], "stuGender": [{"male": 0, "Female": 0}, {"male": 0, "Female": 0}, {"male": 55, "Female": 11}]}}