{"timestamp": [1716067823.767335, 1716499037.958764, 1725442296.883011, 1725514697.747562], "data": {"selected": [0, 0, 64, 64], "assigned": [0, 55, 1, 1], "preselecStu": [0, 0, 64, 64], "stuGender": [{"male": 0, "Female": 0}, {"male": 0, "Female": 0}, {"male": 54, "Female": 10}, {"male": 54, "Female": 10}]}}