{"timestamp": [1707540876.484055, 1707544056.687596], "data": {"selected": [58, 58], "assigned": [0, 0], "preselecStu": [58, 58], "stuGender": [{"male": 32, "Female": 26}, {"male": 32, "Female": 26}]}}