{"timestamp": [1707577863.194031, 1707589718.124697, 1707660117.959406, 1707662728.413313], "data": {"selected": [3, 3, 3, 3], "assigned": [0, 0, 0, 0], "preselecStu": [3, 3, 3, 3], "stuGender": [{"male": 3, "Female": 0}, {"male": 3, "Female": 0}, {"male": 3, "Female": 0}, {"male": 3, "Female": 0}]}}