{"timestamp": [1716064949.82339, 1716496314.24553, 1725438151.207768], "data": {"selected": [0, 0, 0], "assigned": [0, 0, 85], "preselecStu": [0, 0, 0], "stuGender": [{"male": 0, "Female": 0}, {"male": 0, "Female": 0}, {"male": 0, "Female": 0}]}}