{"timestamp": [1734409157.180124, 1734471774.049662, 1734558661.333694], "data": {"selected": [0, 0, 0], "assigned": [2, 2, 3], "preselecStu": [0, 0, 0], "stuGender": [{"male": 0, "Female": 0}, {"male": 0, "Female": 0}, {"male": 0, "Female": 0}]}}