{"timestamp": [1716065436.488761, 1716496757.244512, 1725438851.53163], "data": {"selected": [0, 0, 5], "assigned": [0, 0, 7], "preselecStu": [0, 0, 5], "stuGender": [{"male": 0, "Female": 0}, {"male": 0, "Female": 0}, {"male": 1, "Female": 4}]}}