{"timestamp": [1734406481.200377, 1734469222.150329, 1734555769.131859, 1734641916.78081], "data": {"selected": [0, 0, 0, 0], "assigned": [22, 23, 24, 23], "preselecStu": [0, 0, 0, 0], "stuGender": [{"male": 0, "Female": 0}, {"male": 0, "Female": 0}, {"male": 0, "Female": 0}, {"male": 0, "Female": 0}]}}