{"timestamp": [1734406885.146532, 1734469645.960145, 1734556207.967561, 1734642284.406588], "data": {"selected": [0, 0, 0, 0], "assigned": [65, 65, 68, 69], "preselecStu": [0, 0, 0, 0], "stuGender": [{"male": 0, "Female": 0}, {"male": 0, "Female": 0}, {"male": 0, "Female": 0}, {"male": 0, "Female": 0}]}}