{"timestamp": [1734410621.293882, 1734473151.463671], "data": {"selected": [0, 0], "assigned": [20, 27], "preselecStu": [0, 0], "stuGender": [{"male": 0, "Female": 0}, {"male": 0, "Female": 0}]}}