{"timestamp": [1716066698.356695, 1716497946.062075, 1725440787.682063], "data": {"selected": [0, 0, 52], "assigned": [0, 0, 38], "preselecStu": [0, 0, 46], "stuGender": [{"male": 0, "Female": 0}, {"male": 0, "Female": 0}, {"male": 47, "Female": 5}]}}