{"timestamp": [1734405755.709506, 1734468479.791387, 1734554966.203917], "data": {"selected": [0, 0, 0], "assigned": [60, 69, 86], "preselecStu": [0, 0, 0], "stuGender": [{"male": 0, "Female": 0}, {"male": 0, "Female": 0}, {"male": 0, "Female": 0}]}}