{"timestamp": [1707541587.50256, 1707544793.956161], "data": {"selected": [17, 17], "assigned": [0, 0], "preselecStu": [17, 17], "stuGender": [{"male": 13, "Female": 4}, {"male": 13, "Female": 4}]}}