{"timestamp": [1707576750.033786, 1707588369.342133], "data": {"selected": [17, 17], "assigned": [0, 0], "preselecStu": [17, 17], "stuGender": [{"male": 13, "Female": 4}, {"male": 13, "Female": 4}]}}