{"timestamp": [1707541207.053287, 1707544386.290484], "data": {"selected": [65, 65], "assigned": [0, 0], "preselecStu": [65, 65], "stuGender": [{"male": 42, "Female": 23}, {"male": 42, "Female": 23}]}}