{"timestamp": [1707542707.993022, 1707545994.311623], "data": {"selected": [17, 17], "assigned": [0, 0], "preselecStu": [17, 17], "stuGender": [{"male": 12, "Female": 5}, {"male": 12, "Female": 5}]}}