{"timestamp": [1707578006.006826, 1707589892.439273], "data": {"selected": [20, 20], "assigned": [0, 0], "preselecStu": [20, 20], "stuGender": [{"male": 17, "Female": 3}, {"male": 17, "Female": 3}]}}