{"timestamp": [1707540818.442739, 1707543998.549066], "data": {"selected": [120, 120], "assigned": [0, 0], "preselecStu": [120, 120], "stuGender": [{"male": 48, "Female": 72}, {"male": 48, "Female": 72}]}}