{"timestamp": [1734406056.35019, 1734468760.59798], "data": {"selected": [0, 0], "assigned": [285, 340], "preselecStu": [0, 0], "stuGender": [{"male": 0, "Female": 0}, {"male": 0, "Female": 0}]}}