{"timestamp": [1707577784.151448, 1707589603.688432, 1707660080.513509], "data": {"selected": [49, 49, 49], "assigned": [0, 0, 0], "preselecStu": [1, 1, 1], "stuGender": [{"male": 44, "Female": 5}, {"male": 44, "Female": 5}, {"male": 44, "Female": 5}]}}