{"timestamp": [1707540973.346259, 1707544153.917813], "data": {"selected": [35, 35], "assigned": [0, 0], "preselecStu": [35, 35], "stuGender": [{"male": 8, "Female": 27}, {"male": 8, "Female": 27}]}}