{"timestamp": [1707575209.694356, 1707586503.845485, 1707658646.2217], "data": {"selected": [37, 37, 37], "assigned": [0, 0, 0], "preselecStu": [0, 0, 0], "stuGender": [{"male": 32, "Female": 5}, {"male": 32, "Female": 5}, {"male": 32, "Female": 5}]}}