{"timestamp": [1716067038.903471, 1716498275.953561, 1725441255.276062], "data": {"selected": [0, 0, 8], "assigned": [0, 0, 0], "preselecStu": [0, 0, 8], "stuGender": [{"male": 0, "Female": 0}, {"male": 0, "Female": 0}, {"male": 6, "Female": 2}]}}