{"timestamp": [1707541845.803839, 1707545076.763938], "data": {"selected": [16, 16], "assigned": [0, 0], "preselecStu": [16, 16], "stuGender": [{"male": 12, "Female": 4}, {"male": 12, "Female": 4}]}}