{"timestamp": [1707577293.997438, 1707589003.040309, 1707659805.070455, 1707662411.358723], "data": {"selected": [13, 13, 13, 13], "assigned": [0, 0, 0, 0], "preselecStu": [13, 13, 13, 13], "stuGender": [{"male": 12, "Female": 1}, {"male": 12, "Female": 1}, {"male": 12, "Female": 1}, {"male": 12, "Female": 1}]}}