{"timestamp": [1716065232.850776, 1716496561.179607, 1725438552.639282], "data": {"selected": [0, 0, 47], "assigned": [0, 0, 13], "preselecStu": [0, 0, 47], "stuGender": [{"male": 0, "Female": 0}, {"male": 0, "Female": 0}, {"male": 22, "Female": 25}]}}