{"timestamp": [1716065232.850776, 1716496561.179607, 1725438552.639282, 1725511622.753186], "data": {"selected": [0, 0, 47, 45], "assigned": [0, 0, 13, 23], "preselecStu": [0, 0, 47, 45], "stuGender": [{"male": 0, "Female": 0}, {"male": 0, "Female": 0}, {"male": 22, "Female": 25}, {"male": 21, "Female": 24}]}}