{"timestamp": [1734404785.025484, 1734467413.9889, 1734553917.203392], "data": {"selected": [0, 0, 0], "assigned": [62, 62, 63], "preselecStu": [0, 0, 0], "stuGender": [{"male": 0, "Female": 0}, {"male": 0, "Female": 0}, {"male": 0, "Female": 0}]}}