{"timestamp": [1716068036.900367, 1716499223.172904, 1725442567.417371, 1725514975.144364], "data": {"selected": [0, 0, 46, 43], "assigned": [0, 0, 71, 116], "preselecStu": [0, 0, 46, 43], "stuGender": [{"male": 0, "Female": 0}, {"male": 0, "Female": 0}, {"male": 36, "Female": 10}, {"male": 33, "Female": 10}]}}