{"timestamp": [1716068036.900367, 1716499223.172904, 1725442567.417371], "data": {"selected": [0, 0, 46], "assigned": [0, 0, 71], "preselecStu": [0, 0, 46], "stuGender": [{"male": 0, "Female": 0}, {"male": 0, "Female": 0}, {"male": 36, "Female": 10}]}}