{"timestamp": [1734409870.158996, 1734472390.098834, 1734559378.962992], "data": {"selected": [0, 0, 0], "assigned": [43, 48, 50], "preselecStu": [0, 0, 0], "stuGender": [{"male": 0, "Female": 0}, {"male": 0, "Female": 0}, {"male": 0, "Female": 0}]}}