{"timestamp": [1734406693.814014, 1734469443.518121, 1734556011.713364, 1734642123.304051], "data": {"selected": [0, 0, 0, 0], "assigned": [9, 10, 11, 12], "preselecStu": [0, 0, 0, 0], "stuGender": [{"male": 0, "Female": 0}, {"male": 0, "Female": 0}, {"male": 0, "Female": 0}, {"male": 0, "Female": 0}]}}