{"timestamp": [1734408531.005176, 1734471168.304538, 1734557938.948556, 1734643720.538364], "data": {"selected": [0, 0, 0, 0], "assigned": [16, 17, 17, 18], "preselecStu": [0, 0, 0, 0], "stuGender": [{"male": 0, "Female": 0}, {"male": 0, "Female": 0}, {"male": 0, "Female": 0}, {"male": 0, "Female": 0}]}}