{"timestamp": [1707574469.237178, 1707585609.797894, 1707658200.509211, 1707660795.631132], "data": {"selected": [47, 47, 47, 47], "assigned": [0, 0, 0, 0], "preselecStu": [47, 47, 47, 47], "stuGender": [{"male": 29, "Female": 18}, {"male": 29, "Female": 18}, {"male": 29, "Female": 18}, {"male": 29, "Female": 18}]}}