{"timestamp": [1716066115.462378, 1716497392.916439, 1725439909.191037], "data": {"selected": [0, 0, 2], "assigned": [0, 0, 5], "preselecStu": [0, 0, 2], "stuGender": [{"male": 0, "Female": 0}, {"male": 0, "Female": 0}, {"male": 0, "Female": 2}]}}