{"timestamp": [1716068286.954223, 1716499439.046819, 1725442865.018226], "data": {"selected": [0, 0, 14], "assigned": [0, 0, 5], "preselecStu": [0, 0, 14], "stuGender": [{"male": 0, "Female": 0}, {"male": 0, "Female": 0}, {"male": 7, "Female": 7}]}}