{"timestamp": [1734405779.395288, 1734468500.334842, 1734554996.285034], "data": {"selected": [0, 0, 0], "assigned": [7, 7, 11], "preselecStu": [0, 0, 0], "stuGender": [{"male": 0, "Female": 0}, {"male": 0, "Female": 0}, {"male": 0, "Female": 0}]}}