{"timestamp": [1734410736.023051, 1734473249.944072, 1734560230.961489], "data": {"selected": [0, 0, 0], "assigned": [5, 7, 15], "preselecStu": [0, 0, 0], "stuGender": [{"male": 0, "Female": 0}, {"male": 0, "Female": 0}, {"male": 0, "Female": 0}]}}