{"timestamp": [1716066113.3118, 1716497390.728952, 1725439901.80719, 1725512699.557634], "data": {"selected": [0, 0, 11, 11], "assigned": [0, 0, 64, 78], "preselecStu": [0, 0, 11, 11], "stuGender": [{"male": 0, "Female": 0}, {"male": 0, "Female": 0}, {"male": 8, "Female": 3}, {"male": 8, "Female": 3}]}}