{"timestamp": [1707574902.032334, 1707586105.20929, 1707658471.991639], "data": {"selected": [50, 50, 50], "assigned": [0, 0, 0], "preselecStu": [50, 50, 50], "stuGender": [{"male": 20, "Female": 30}, {"male": 20, "Female": 30}, {"male": 20, "Female": 30}]}}