{"timestamp": [1707541392.858695, 1707544588.460441], "data": {"selected": [13, 13], "assigned": [0, 0], "preselecStu": [13, 13], "stuGender": [{"male": 9, "Female": 4}, {"male": 9, "Female": 4}]}}