{"timestamp": [1716069375.78071, 1716500421.657342, 1725444017.891511], "data": {"selected": [0, 0, 1], "assigned": [0, 0, 1], "preselecStu": [0, 0, 1], "stuGender": [{"male": 0, "Female": 0}, {"male": 0, "Female": 0}, {"male": 1, "Female": 0}]}}