{"timestamp": [1716067973.783826, 1716499162.452792, 1725442471.340598, 1725514903.197946], "data": {"selected": [0, 0, 55, 52], "assigned": [0, 0, 22, 42], "preselecStu": [0, 0, 55, 52], "stuGender": [{"male": 0, "Female": 0}, {"male": 0, "Female": 0}, {"male": 43, "Female": 12}, {"male": 41, "Female": 11}]}}