{"timestamp": [1716067973.783826, 1716499162.452792, 1725442471.340598], "data": {"selected": [0, 0, 55], "assigned": [0, 0, 22], "preselecStu": [0, 0, 55], "stuGender": [{"male": 0, "Female": 0}, {"male": 0, "Female": 0}, {"male": 43, "Female": 12}]}}