{"timestamp": [1707577322.477268, 1707589035.204991, 1707659822.230864], "data": {"selected": [80, 80, 80], "assigned": [0, 0, 0], "preselecStu": [80, 80, 80], "stuGender": [{"male": 36, "Female": 44}, {"male": 36, "Female": 44}, {"male": 36, "Female": 44}]}}