{"timestamp": [1734409567.285509, 1734472185.305569], "data": {"selected": [0, 0], "assigned": [172, 185], "preselecStu": [0, 0], "stuGender": [{"male": 0, "Female": 0}, {"male": 0, "Female": 0}]}}