{"timestamp": [1734407712.895973, 1734470415.228664], "data": {"selected": [0, 0], "assigned": [22, 23], "preselecStu": [0, 0], "stuGender": [{"male": 0, "Female": 0}, {"male": 0, "Female": 0}]}}