{"timestamp": [1716068232.647315, 1716499384.226529, 1725442799.803173], "data": {"selected": [0, 0, 6], "assigned": [0, 0, 4], "preselecStu": [0, 0, 6], "stuGender": [{"male": 0, "Female": 0}, {"male": 0, "Female": 0}, {"male": 5, "Female": 1}]}}