{"timestamp": [1707575975.999489, 1707587393.227573, 1707659077.774906, 1707661675.847678], "data": {"selected": [14, 14, 14, 14], "assigned": [0, 0, 0, 0], "preselecStu": [14, 14, 14, 14], "stuGender": [{"male": 7, "Female": 7}, {"male": 7, "Female": 7}, {"male": 7, "Female": 7}, {"male": 7, "Female": 7}]}}