{"timestamp": [1707541173.808857, 1707544353.405737], "data": {"selected": [14, 14], "assigned": [0, 0], "preselecStu": [14, 14], "stuGender": [{"male": 7, "Female": 7}, {"male": 7, "Female": 7}]}}