{"timestamp": [1734404926.664832, 1734467582.558789], "data": {"selected": [0, 0], "assigned": [302, 346], "preselecStu": [0, 0], "stuGender": [{"male": 0, "Female": 0}, {"male": 0, "Female": 0}]}}