{"timestamp": [1716066926.658623, 1716498170.428777, 1725441111.269089], "data": {"selected": [0, 0, 0], "assigned": [0, 0, 5], "preselecStu": [0, 0, 0], "stuGender": [{"male": 0, "Female": 0}, {"male": 0, "Female": 0}, {"male": 0, "Female": 0}]}}