{"timestamp": [1734410050.791444, 1734472603.62096, 1734559569.674813], "data": {"selected": [0, 0, 0], "assigned": [52, 52, 54], "preselecStu": [0, 0, 0], "stuGender": [{"male": 0, "Female": 0}, {"male": 0, "Female": 0}, {"male": 0, "Female": 0}]}}