{"timestamp": [1734409556.985419, 1734472175.219596, 1734559132.777367], "data": {"selected": [0, 0, 0], "assigned": [77, 92, 107], "preselecStu": [0, 0, 0], "stuGender": [{"male": 0, "Female": 0}, {"male": 0, "Female": 0}, {"male": 0, "Female": 0}]}}