{"timestamp": [1716064337.950091, 1716495772.253617, 1725437275.973741], "data": {"selected": [0, 0, 50], "assigned": [0, 0, 149], "preselecStu": [0, 0, 50], "stuGender": [{"male": 0, "Female": 0}, {"male": 0, "Female": 0}, {"male": 29, "Female": 21}]}}