{"timestamp": [1734408399.677931, 1734471045.222532, 1734557803.946765], "data": {"selected": [0, 0, 0], "assigned": [89, 95, 98], "preselecStu": [0, 0, 0], "stuGender": [{"male": 0, "Female": 0}, {"male": 0, "Female": 0}, {"male": 0, "Female": 0}]}}