{"timestamp": [1707541952.175419, 1707545192.720329], "data": {"selected": [30, 30], "assigned": [0, 0], "preselecStu": [30, 30], "stuGender": [{"male": 10, "Female": 20}, {"male": 10, "Female": 20}]}}