{"timestamp": [1734405926.966034, 1734468652.744905, 1734555160.465543], "data": {"selected": [36, 36, 36], "assigned": [0, 0, 0], "preselecStu": [0, 0, 0], "stuGender": [{"male": 9, "Female": 27}, {"male": 9, "Female": 27}, {"male": 9, "Female": 27}]}}