{"timestamp": [1734409261.053116, 1734471894.771515, 1734558807.891055], "data": {"selected": [0, 0, 0], "assigned": [3, 4, 6], "preselecStu": [0, 0, 0], "stuGender": [{"male": 0, "Female": 0}, {"male": 0, "Female": 0}, {"male": 0, "Female": 0}]}}