{"timestamp": [1734405335.727024, 1734467999.987862], "data": {"selected": [0, 0], "assigned": [20, 23], "preselecStu": [0, 0], "stuGender": [{"male": 0, "Female": 0}, {"male": 0, "Female": 0}]}}