{"timestamp": [1734408289.469606, 1734470956.559452], "data": {"selected": [0, 0], "assigned": [12, 14], "preselecStu": [0, 0], "stuGender": [{"male": 0, "Female": 0}, {"male": 0, "Female": 0}]}}