{"timestamp": [1716069049.581558, 1716500137.502517, 1725443704.20405], "data": {"selected": [0, 0, 7], "assigned": [0, 0, 1], "preselecStu": [0, 0, 0], "stuGender": [{"male": 0, "Female": 0}, {"male": 0, "Female": 0}, {"male": 6, "Female": 1}]}}