{"timestamp": [1734409238.667725, 1734471868.864511, 1734558771.156231], "data": {"selected": [0, 0, 0], "assigned": [23, 23, 23], "preselecStu": [0, 0, 0], "stuGender": [{"male": 0, "Female": 0}, {"male": 0, "Female": 0}, {"male": 0, "Female": 0}]}}