{"timestamp": [1734406013.36705, 1734468719.300211, 1734555233.861618], "data": {"selected": [0, 0, 0], "assigned": [10, 9, 10], "preselecStu": [0, 0, 0], "stuGender": [{"male": 0, "Female": 0}, {"male": 0, "Female": 0}, {"male": 0, "Female": 0}]}}