{"timestamp": [1707541390.752309, 1707544586.424337], "data": {"selected": [19, 19], "assigned": [1, 1], "preselecStu": [19, 19], "stuGender": [{"male": 10, "Female": 10}, {"male": 10, "Female": 10}]}}