{"timestamp": [1707576381.368714, 1707587944.626067, 1707659296.795319, 1707661897.555664], "data": {"selected": [19, 19, 19, 19], "assigned": [1, 1, 1, 1], "preselecStu": [19, 19, 19, 19], "stuGender": [{"male": 10, "Female": 10}, {"male": 10, "Female": 10}, {"male": 10, "Female": 10}, {"male": 10, "Female": 10}]}}