{"timestamp": [1716068718.980842, 1716499840.549148, 1725443340.365192, 1725515737.87997], "data": {"selected": [0, 0, 0, 0], "assigned": [0, 0, 1, 1], "preselecStu": [0, 0, 0, 0], "stuGender": [{"male": 0, "Female": 0}, {"male": 0, "Female": 0}, {"male": 0, "Female": 0}, {"male": 0, "Female": 0}]}}