{"timestamp": [1716068876.626822, 1716499981.150604, 1725443502.241738, 1725515897.607631], "data": {"selected": [0, 0, 15, 14], "assigned": [0, 0, 8, 10], "preselecStu": [0, 0, 1, 1], "stuGender": [{"male": 0, "Female": 0}, {"male": 0, "Female": 0}, {"male": 3, "Female": 12}, {"male": 2, "Female": 12}]}}