{"timestamp": [1734410072.435638, 1734472624.967543], "data": {"selected": [0, 0], "assigned": [13, 15], "preselecStu": [0, 0], "stuGender": [{"male": 0, "Female": 0}, {"male": 0, "Female": 0}]}}