{"timestamp": [1734410072.435638, 1734472624.967543, 1734559591.756195, 1734644986.284185], "data": {"selected": [0, 0, 0, 0], "assigned": [13, 15, 16, 17], "preselecStu": [0, 0, 0, 0], "stuGender": [{"male": 0, "Female": 0}, {"male": 0, "Female": 0}, {"male": 0, "Female": 0}, {"male": 0, "Female": 0}]}}