{"timestamp": [1734406115.487435, 1734468841.593453, 1734555369.462782, 1734641566.875222], "data": {"selected": [0, 0, 0, 0], "assigned": [1, 1, 2, 2], "preselecStu": [0, 0, 0, 0], "stuGender": [{"male": 0, "Female": 0}, {"male": 0, "Female": 0}, {"male": 0, "Female": 0}, {"male": 0, "Female": 0}]}}