{"timestamp": [1725438134.165004, 1725511301.962996, 1725597654.916081], "data": {"selected": [0, 0, 10], "assigned": [7, 13, 4], "preselecStu": [0, 0, 0], "stuGender": [{"male": 0, "Female": 0}, {"male": 0, "Female": 0}, {"male": 2, "Female": 8}]}}