{"timestamp": [1725438134.165004, 1725511301.962996, 1725597654.916081, 1725683784.097345], "data": {"selected": [0, 0, 10, 18], "assigned": [7, 13, 4, 1], "preselecStu": [0, 0, 0, 0], "stuGender": [{"male": 0, "Female": 0}, {"male": 0, "Female": 0}, {"male": 2, "Female": 8}, {"male": 5, "Female": 13}]}}