{"timestamp": [1707575003.436123, 1707586249.747992, 1707658527.480705], "data": {"selected": [50, 50, 50], "assigned": [0, 0, 0], "preselecStu": [50, 50, 50], "stuGender": [{"male": 26, "Female": 24}, {"male": 26, "Female": 24}, {"male": 26, "Female": 24}]}}