{"timestamp": [1707540635.012383, 1707543810.249384], "data": {"selected": [50, 50], "assigned": [0, 0], "preselecStu": [50, 50], "stuGender": [{"male": 26, "Female": 24}, {"male": 26, "Female": 24}]}}