{"timestamp": [1734409952.436503, 1734472495.722093], "data": {"selected": [0, 0], "assigned": [17, 17], "preselecStu": [0, 0], "stuGender": [{"male": 0, "Female": 0}, {"male": 0, "Female": 0}]}}