{"timestamp": [1716066626.885728, 1716497876.256222, 1725440657.267168, 1725513276.764807], "data": {"selected": [0, 0, 11, 9], "assigned": [0, 0, 4, 7], "preselecStu": [0, 0, 11, 9], "stuGender": [{"male": 0, "Female": 0}, {"male": 0, "Female": 0}, {"male": 5, "Female": 6}, {"male": 4, "Female": 5}]}}