{"timestamp": [1716066538.375955, 1716497779.836769, 1725440538.519058], "data": {"selected": [0, 0, 72], "assigned": [0, 0, 8], "preselecStu": [0, 0, 0], "stuGender": [{"male": 0, "Female": 0}, {"male": 0, "Female": 0}, {"male": 60, "Female": 12}]}}