{"timestamp": [1734410750.553185, 1734473264.608671, 1734560245.41356, 1734645643.124906], "data": {"selected": [0, 0, 0, 0], "assigned": [34, 39, 41, 42], "preselecStu": [0, 0, 0, 0], "stuGender": [{"male": 0, "Female": 0}, {"male": 0, "Female": 0}, {"male": 0, "Female": 0}, {"male": 0, "Female": 0}]}}