{"timestamp": [1734410750.553185, 1734473264.608671], "data": {"selected": [0, 0], "assigned": [34, 39], "preselecStu": [0, 0], "stuGender": [{"male": 0, "Female": 0}, {"male": 0, "Female": 0}]}}