{"timestamp": [1707575082.82836, 1707586354.608031, 1707658570.728303], "data": {"selected": [40, 40, 40], "assigned": [0, 0, 0], "preselecStu": [40, 40, 40], "stuGender": [{"male": 19, "Female": 21}, {"male": 19, "Female": 21}, {"male": 19, "Female": 21}]}}