{"timestamp": [1716066901.131998, 1716498144.738073, 1725441082.00923], "data": {"selected": [0, 0, 4], "assigned": [0, 0, 18], "preselecStu": [0, 0, 4], "stuGender": [{"male": 0, "Female": 0}, {"male": 0, "Female": 0}, {"male": 2, "Female": 2}]}}