{"timestamp": [1707542652.726676, 1707545929.634766], "data": {"selected": [50, 50], "assigned": [0, 0], "preselecStu": [50, 50], "stuGender": [{"male": 33, "Female": 17}, {"male": 33, "Female": 17}]}}