{"timestamp": [1707578694.152156, 1707590830.349334], "data": {"selected": [50, 50], "assigned": [0, 0], "preselecStu": [50, 50], "stuGender": [{"male": 33, "Female": 17}, {"male": 33, "Female": 17}]}}