{"timestamp": [1716068357.621878, 1716499509.522742, 1725442955.007138, 1725515363.153226], "data": {"selected": [0, 0, 63, 62], "assigned": [0, 51, 0, 0], "preselecStu": [0, 0, 63, 62], "stuGender": [{"male": 0, "Female": 0}, {"male": 0, "Female": 0}, {"male": 40, "Female": 23}, {"male": 39, "Female": 23}]}}