{"timestamp": [1716068357.621878, 1716499509.522742, 1725442955.007138], "data": {"selected": [0, 0, 63], "assigned": [0, 51, 0], "preselecStu": [0, 0, 63], "stuGender": [{"male": 0, "Female": 0}, {"male": 0, "Female": 0}, {"male": 40, "Female": 23}]}}