{"timestamp": [1716068174.783036, 1716499342.57152, 1725442749.611329, 1725515141.165636], "data": {"selected": [0, 0, 27, 27], "assigned": [0, 0, 29, 36], "preselecStu": [0, 0, 27, 27], "stuGender": [{"male": 0, "Female": 0}, {"male": 0, "Female": 0}, {"male": 23, "Female": 4}, {"male": 23, "Female": 4}]}}