{"timestamp": [1734407896.180752, 1734470588.545643, 1734557283.566389, 1734643138.597302], "data": {"selected": [0, 0, 0, 0], "assigned": [104, 106, 106, 108], "preselecStu": [0, 0, 0, 0], "stuGender": [{"male": 0, "Female": 0}, {"male": 0, "Female": 0}, {"male": 0, "Female": 0}, {"male": 0, "Female": 0}]}}