{"timestamp": [1734407896.180752, 1734470588.545643], "data": {"selected": [0, 0], "assigned": [104, 106], "preselecStu": [0, 0], "stuGender": [{"male": 0, "Female": 0}, {"male": 0, "Female": 0}]}}