{"timestamp": [1707575125.710742, 1707586402.191917], "data": {"selected": [50, 50], "assigned": [0, 0], "preselecStu": [50, 50], "stuGender": [{"male": 32, "Female": 18}, {"male": 32, "Female": 18}]}}