{"timestamp": [1734407968.481101, 1734470648.573748, 1734557351.167096, 1734643204.757835], "data": {"selected": [0, 0, 0, 0], "assigned": [63, 64, 63, 63], "preselecStu": [0, 0, 0, 0], "stuGender": [{"male": 0, "Female": 0}, {"male": 0, "Female": 0}, {"male": 0, "Female": 0}, {"male": 0, "Female": 0}]}}