{"timestamp": [1734406235.842599, 1734468975.427795], "data": {"selected": [0, 0], "assigned": [110, 123], "preselecStu": [0, 0], "stuGender": [{"male": 0, "Female": 0}, {"male": 0, "Female": 0}]}}