{"timestamp": [1734406235.842599, 1734468975.427795, 1734555484.483593, 1734641667.728696], "data": {"selected": [0, 0, 0, 0], "assigned": [110, 123, 134, 146], "preselecStu": [0, 0, 0, 0], "stuGender": [{"male": 0, "Female": 0}, {"male": 0, "Female": 0}, {"male": 0, "Female": 0}, {"male": 0, "Female": 0}]}}