{"timestamp": [1707578143.757753, 1707590086.531274, 1707660264.462996, 1707662873.526526], "data": {"selected": [8, 8, 8, 8], "assigned": [0, 0, 0, 0], "preselecStu": [8, 8, 8, 8], "stuGender": [{"male": 4, "Female": 4}, {"male": 4, "Female": 4}, {"male": 4, "Female": 4}, {"male": 4, "Female": 4}]}}