{"timestamp": [1734408127.28372, 1734470803.53582, 1734557538.713382], "data": {"selected": [0, 0, 0], "assigned": [18, 18, 18], "preselecStu": [0, 0, 0], "stuGender": [{"male": 0, "Female": 0}, {"male": 0, "Female": 0}, {"male": 0, "Female": 0}]}}