{"timestamp": [1716067537.458598, 1716498773.682361, 1725441952.06691], "data": {"selected": [0, 0, 23], "assigned": [0, 0, 0], "preselecStu": [0, 0, 0], "stuGender": [{"male": 0, "Female": 0}, {"male": 0, "Female": 0}, {"male": 10, "Female": 13}]}}