{"timestamp": [1716067202.383189, 1716498439.127262, 1725441450.267309, 1725513971.860563], "data": {"selected": [0, 0, 110, 110], "assigned": [0, 0, 21, 31], "preselecStu": [0, 0, 0, 0], "stuGender": [{"male": 0, "Female": 0}, {"male": 0, "Female": 0}, {"male": 55, "Female": 55}, {"male": 55, "Female": 55}]}}