{"timestamp": [1707578604.905277, 1707590702.823372, 1707660513.389231, 1707663133.40902], "data": {"selected": [39, 39, 39, 39], "assigned": [0, 0, 0, 0], "preselecStu": [39, 39, 39, 39], "stuGender": [{"male": 13, "Female": 26}, {"male": 13, "Female": 26}, {"male": 13, "Female": 26}, {"male": 13, "Female": 26}]}}