{"timestamp": [1707540626.408583, 1707543801.150413], "data": {"selected": [120, 120], "assigned": [0, 0], "preselecStu": [120, 120], "stuGender": [{"male": 59, "Female": 61}, {"male": 59, "Female": 61}]}}