{"timestamp": [1716067868.144993, 1716499076.647004, 1725442341.260309], "data": {"selected": [0, 0, 38], "assigned": [0, 0, 55], "preselecStu": [0, 0, 38], "stuGender": [{"male": 0, "Female": 0}, {"male": 0, "Female": 0}, {"male": 28, "Female": 10}]}}