{"timestamp": [1716067868.144993, 1716499076.647004, 1725442341.260309, 1725514741.065225], "data": {"selected": [0, 0, 38, 37], "assigned": [0, 0, 55, 71], "preselecStu": [0, 0, 38, 37], "stuGender": [{"male": 0, "Female": 0}, {"male": 0, "Female": 0}, {"male": 28, "Female": 10}, {"male": 27, "Female": 10}]}}