{"timestamp": [1716064975.903955, 1716496337.550185, 1725438200.340685], "data": {"selected": [0, 0, 0], "assigned": [0, 0, 67], "preselecStu": [0, 0, 0], "stuGender": [{"male": 0, "Female": 0}, {"male": 0, "Female": 0}, {"male": 0, "Female": 0}]}}