{"timestamp": [1707540598.346689, 1707543772.44019], "data": {"selected": [13, 13], "assigned": [0, 0], "preselecStu": [13, 13], "stuGender": [{"male": 11, "Female": 2}, {"male": 11, "Female": 2}]}}