{"timestamp": [1707541834.945879, 1707545064.925829], "data": {"selected": [24, 24], "assigned": [0, 0], "preselecStu": [24, 24], "stuGender": [{"male": 8, "Female": 16}, {"male": 8, "Female": 16}]}}