{"timestamp": [1707575808.132889, 1707587203.581991], "data": {"selected": [44, 44], "assigned": [0, 0], "preselecStu": [44, 44], "stuGender": [{"male": 5, "Female": 39}, {"male": 5, "Female": 39}]}}