{"timestamp": [1734408586.810348, 1734471232.469675], "data": {"selected": [0, 0], "assigned": [25, 27], "preselecStu": [0, 0], "stuGender": [{"male": 0, "Female": 0}, {"male": 0, "Female": 0}]}}