{"timestamp": [1716064411.445806, 1716495842.496862, 1725437391.03711], "data": {"selected": [0, 0, 24], "assigned": [0, 0, 32], "preselecStu": [0, 0, 24], "stuGender": [{"male": 0, "Female": 0}, {"male": 0, "Female": 0}, {"male": 12, "Female": 12}]}}