{"timestamp": [1707577030.225845, 1707588693.207177, 1707659654.556645], "data": {"selected": [50, 50, 50], "assigned": [0, 0, 0], "preselecStu": [50, 50, 50], "stuGender": [{"male": 36, "Female": 14}, {"male": 36, "Female": 14}, {"male": 36, "Female": 14}]}}