{"timestamp": [1734405608.357959, 1734468302.894428], "data": {"selected": [0, 0], "assigned": [160, 184], "preselecStu": [0, 0], "stuGender": [{"male": 0, "Female": 0}, {"male": 0, "Female": 0}]}}