{"timestamp": [1734405608.357959, 1734468302.894428, 1734554814.717478], "data": {"selected": [0, 0, 0], "assigned": [160, 184, 204], "preselecStu": [0, 0, 0], "stuGender": [{"male": 0, "Female": 0}, {"male": 0, "Female": 0}, {"male": 0, "Female": 0}]}}