{"timestamp": [1716066117.665614, 1716497395.682533, 1725439914.176688], "data": {"selected": [0, 0, 22], "assigned": [0, 0, 20], "preselecStu": [0, 0, 22], "stuGender": [{"male": 0, "Female": 0}, {"male": 0, "Female": 0}, {"male": 15, "Female": 7}]}}