{"timestamp": [1707541689.762548, 1707544916.323826], "data": {"selected": [21, 21], "assigned": [0, 0], "preselecStu": [21, 21], "stuGender": [{"male": 19, "Female": 2}, {"male": 19, "Female": 2}]}}