{"timestamp": [1734410405.295008, 1734472946.186056, 1734559917.924335], "data": {"selected": [0, 0, 0], "assigned": [2, 2, 2], "preselecStu": [0, 0, 0], "stuGender": [{"male": 0, "Female": 0}, {"male": 0, "Female": 0}, {"male": 0, "Female": 0}]}}