{"timestamp": [1734407373.267941, 1734470113.557153, 1734556779.908404], "data": {"selected": [0, 0, 0], "assigned": [146, 146, 146], "preselecStu": [0, 0, 0], "stuGender": [{"male": 0, "Female": 0}, {"male": 0, "Female": 0}, {"male": 0, "Female": 0}]}}