{"timestamp": [1716068241.315029, 1716499392.728261, 1725442810.512971], "data": {"selected": [0, 0, 0], "assigned": [0, 0, 11], "preselecStu": [0, 0, 0], "stuGender": [{"male": 0, "Female": 0}, {"male": 0, "Female": 0}, {"male": 0, "Female": 0}]}}