{"timestamp": [1716067648.908707, 1716498885.050172, 1725442085.600866, 1725514500.563996], "data": {"selected": [0, 0, 23, 23], "assigned": [0, 23, 1, 1], "preselecStu": [0, 0, 23, 23], "stuGender": [{"male": 0, "Female": 0}, {"male": 0, "Female": 0}, {"male": 7, "Female": 16}, {"male": 7, "Female": 16}]}}