{"timestamp": [1716068070.424206, 1716499243.059824, 1725442601.183013], "data": {"selected": [0, 0, 162], "assigned": [0, 4, 1], "preselecStu": [0, 0, 4], "stuGender": [{"male": 0, "Female": 0}, {"male": 0, "Female": 0}, {"male": 115, "Female": 47}]}}