{"timestamp": [1716067267.663812, 1716498500.788126, 1725441536.156224], "data": {"selected": [0, 0, 26], "assigned": [0, 0, 12], "preselecStu": [0, 0, 26], "stuGender": [{"male": 0, "Female": 0}, {"male": 0, "Female": 0}, {"male": 14, "Female": 12}]}}