{"timestamp": [1716067267.663812, 1716498500.788126, 1725441536.156224, 1725514058.36505], "data": {"selected": [0, 0, 26, 24], "assigned": [0, 0, 12, 22], "preselecStu": [0, 0, 26, 24], "stuGender": [{"male": 0, "Female": 0}, {"male": 0, "Female": 0}, {"male": 14, "Female": 12}, {"male": 13, "Female": 11}]}}