{"timestamp": [1716066431.677251, 1716497666.233354, 1725440355.246495, 1725513051.971145], "data": {"selected": [0, 0, 1, 1], "assigned": [0, 0, 5, 6], "preselecStu": [0, 0, 1, 1], "stuGender": [{"male": 0, "Female": 0}, {"male": 0, "Female": 0}, {"male": 1, "Female": 0}, {"male": 1, "Female": 0}]}}