{"timestamp": [1725442432.361338, 1725514839.004198, 1725601226.637758], "data": {"selected": [0, 0, 33], "assigned": [14, 23, 1], "preselecStu": [0, 0, 0], "stuGender": [{"male": 0, "Female": 0}, {"male": 0, "Female": 0}, {"male": 29, "Female": 4}]}}