{"timestamp": [1734404861.954404, 1734467496.598264], "data": {"selected": [0, 0], "assigned": [131, 147], "preselecStu": [0, 0], "stuGender": [{"male": 0, "Female": 0}, {"male": 0, "Female": 0}]}}