{"timestamp": [1734408280.174629, 1734470947.233936, 1734557698.336985, 1734643495.110101], "data": {"selected": [0, 0, 0, 0], "assigned": [1, 1, 1, 2], "preselecStu": [0, 0, 0, 0], "stuGender": [{"male": 0, "Female": 0}, {"male": 0, "Female": 0}, {"male": 0, "Female": 0}, {"male": 0, "Female": 0}]}}