{"timestamp": [1734407197.921702, 1734469938.452036, 1734556573.804555], "data": {"selected": [0, 0, 0], "assigned": [10, 10, 14], "preselecStu": [0, 0, 0], "stuGender": [{"male": 0, "Female": 0}, {"male": 0, "Female": 0}, {"male": 0, "Female": 0}]}}