{"timestamp": [1734407197.921702, 1734469938.452036], "data": {"selected": [0, 0], "assigned": [10, 10], "preselecStu": [0, 0], "stuGender": [{"male": 0, "Female": 0}, {"male": 0, "Female": 0}]}}