{"timestamp": [1707577491.333523, 1707589235.126887], "data": {"selected": [22, 22], "assigned": [0, 0], "preselecStu": [22, 22], "stuGender": [{"male": 5, "Female": 17}, {"male": 5, "Female": 17}]}}