{"timestamp": [1707541831.699344, 1707545061.707809], "data": {"selected": [21, 21], "assigned": [0, 0], "preselecStu": [21, 21], "stuGender": [{"male": 5, "Female": 16}, {"male": 5, "Female": 16}]}}