{"timestamp": [1734406440.254439, 1734469172.430845, 1734555706.160938], "data": {"selected": [0, 0, 0], "assigned": [5, 5, 6], "preselecStu": [0, 0, 0], "stuGender": [{"male": 0, "Female": 0}, {"male": 0, "Female": 0}, {"male": 0, "Female": 0}]}}