{"timestamp": [1707578554.328986, 1707590641.301492], "data": {"selected": [47, 47], "assigned": [0, 0], "preselecStu": [47, 47], "stuGender": [{"male": 14, "Female": 33}, {"male": 14, "Female": 33}]}}