{"timestamp": [1707540968.638097, 1707544148.218285], "data": {"selected": [15, 15], "assigned": [0, 0], "preselecStu": [15, 15], "stuGender": [{"male": 3, "Female": 12}, {"male": 3, "Female": 12}]}}