{"timestamp": [1734408832.635101, 1734471464.765342, 1734558284.199373], "data": {"selected": [0, 0, 0], "assigned": [24, 26, 30], "preselecStu": [0, 0, 0], "stuGender": [{"male": 0, "Female": 0}, {"male": 0, "Female": 0}, {"male": 0, "Female": 0}]}}