{"timestamp": [1734408599.280349, 1734471244.675641, 1734558035.95271], "data": {"selected": [0, 0, 0], "assigned": [7, 8, 11], "preselecStu": [0, 0, 0], "stuGender": [{"male": 0, "Female": 0}, {"male": 0, "Female": 0}, {"male": 0, "Female": 0}]}}