{"timestamp": [1707542750.208999, 1707546038.425119], "data": {"selected": [24, 24], "assigned": [0, 0], "preselecStu": [24, 24], "stuGender": [{"male": 16, "Female": 8}, {"male": 16, "Female": 8}]}}