{"timestamp": [1707578886.773132, 1707591057.961141], "data": {"selected": [24, 24], "assigned": [0, 0], "preselecStu": [24, 24], "stuGender": [{"male": 16, "Female": 8}, {"male": 16, "Female": 8}]}}