{"timestamp": [1734406969.475067, 1734469721.849369, 1734556298.486897], "data": {"selected": [0, 0, 0], "assigned": [13, 14, 15], "preselecStu": [0, 0, 0], "stuGender": [{"male": 0, "Female": 0}, {"male": 0, "Female": 0}, {"male": 0, "Female": 0}]}}