{"timestamp": [1734406969.475067, 1734469721.849369], "data": {"selected": [0, 0], "assigned": [13, 14], "preselecStu": [0, 0], "stuGender": [{"male": 0, "Female": 0}, {"male": 0, "Female": 0}]}}