{"timestamp": [1707542346.385905, 1707545619.438744], "data": {"selected": [41, 41], "assigned": [0, 0], "preselecStu": [41, 41], "stuGender": [{"male": 29, "Female": 12}, {"male": 29, "Female": 12}]}}