{"timestamp": [1734409171.528264, 1734471788.500648], "data": {"selected": [0, 0], "assigned": [23, 23], "preselecStu": [0, 0], "stuGender": [{"male": 0, "Female": 0}, {"male": 0, "Female": 0}]}}