{"timestamp": [1734409171.528264, 1734471788.500648, 1734558682.377557, 1734644256.55683], "data": {"selected": [0, 0, 0, 0], "assigned": [23, 23, 23, 23], "preselecStu": [0, 0, 0, 0], "stuGender": [{"male": 0, "Female": 0}, {"male": 0, "Female": 0}, {"male": 0, "Female": 0}, {"male": 0, "Female": 0}]}}