{"timestamp": [1734405467.909195, 1734468127.101762], "data": {"selected": [0, 0], "assigned": [48, 48], "preselecStu": [0, 0], "stuGender": [{"male": 0, "Female": 0}, {"male": 0, "Female": 0}]}}