{"timestamp": [1716063640.708191, 1716495118.203801, 1725436260.79931], "data": {"selected": [0, 0, 68], "assigned": [0, 0, 0], "preselecStu": [0, 0, 0], "stuGender": [{"male": 0, "Female": 0}, {"male": 0, "Female": 0}, {"male": 36, "Female": 32}]}}