{"timestamp": [1716063640.708191, 1716495118.203801, 1725436260.79931, 1725509741.270333], "data": {"selected": [0, 0, 68, 68], "assigned": [0, 0, 0, 2], "preselecStu": [0, 0, 0, 0], "stuGender": [{"male": 0, "Female": 0}, {"male": 0, "Female": 0}, {"male": 36, "Female": 32}, {"male": 36, "Female": 32}]}}