{"timestamp": [1734404826.929902, 1734467454.143237, 1734553950.924721, 1734640261.962773], "data": {"selected": [0, 0, 0, 0], "assigned": [54, 53, 53, 53], "preselecStu": [0, 0, 0, 0], "stuGender": [{"male": 0, "Female": 0}, {"male": 0, "Female": 0}, {"male": 0, "Female": 0}, {"male": 0, "Female": 0}]}}