{"timestamp": [1734404826.929902, 1734467454.143237], "data": {"selected": [0, 0], "assigned": [54, 53], "preselecStu": [0, 0], "stuGender": [{"male": 0, "Female": 0}, {"male": 0, "Female": 0}]}}