{"timestamp": [1707576809.972132, 1707588441.206514, 1707659532.780738, 1707662139.470719], "data": {"selected": [32, 32, 32, 32], "assigned": [0, 0, 0, 0], "preselecStu": [31, 31, 31, 31], "stuGender": [{"male": 27, "Female": 5}, {"male": 27, "Female": 5}, {"male": 27, "Female": 5}, {"male": 27, "Female": 5}]}}