{"timestamp": [1716066937.600111, 1716498183.414349, 1725441125.093667, 1725513694.406917], "data": {"selected": [0, 0, 14, 14], "assigned": [0, 0, 10, 12], "preselecStu": [0, 0, 14, 14], "stuGender": [{"male": 0, "Female": 0}, {"male": 0, "Female": 0}, {"male": 11, "Female": 3}, {"male": 11, "Female": 3}]}}