{"timestamp": [1707542223.136401, 1707545492.809279], "data": {"selected": [45, 45], "assigned": [0, 0], "preselecStu": [45, 45], "stuGender": [{"male": 32, "Female": 13}, {"male": 32, "Female": 13}]}}