{"timestamp": [1707576733.087587, 1707588351.006099, 1707659490.209717], "data": {"selected": [11, 11, 11], "assigned": [0, 0, 0], "preselecStu": [11, 11, 11], "stuGender": [{"male": 10, "Female": 1}, {"male": 10, "Female": 1}, {"male": 10, "Female": 1}]}}