{"timestamp": [1707575552.359297, 1707586911.008424, 1707658845.260851], "data": {"selected": [9, 9, 9], "assigned": [0, 0, 0], "preselecStu": [9, 9, 9], "stuGender": [{"male": 8, "Female": 1}, {"male": 8, "Female": 1}, {"male": 8, "Female": 1}]}}