{"timestamp": [1707542578.076136, 1707545865.266118], "data": {"selected": [27, 27], "assigned": [0, 0], "preselecStu": [27, 27], "stuGender": [{"male": 7, "Female": 20}, {"male": 7, "Female": 20}]}}