{"timestamp": [1707542176.221607, 1707545435.00805], "data": {"selected": [40, 40], "assigned": [1, 1], "preselecStu": [40, 40], "stuGender": [{"male": 29, "Female": 12}, {"male": 29, "Female": 12}]}}