{"timestamp": [1707577849.817181, 1707589696.701378], "data": {"selected": [40, 40], "assigned": [1, 1], "preselecStu": [40, 40], "stuGender": [{"male": 29, "Female": 12}, {"male": 29, "Female": 12}]}}