{"timestamp": [1707541008.936813, 1707544188.314918], "data": {"selected": [20, 20], "assigned": [0, 0], "preselecStu": [20, 20], "stuGender": [{"male": 3, "Female": 17}, {"male": 3, "Female": 17}]}}