{"timestamp": [1716068487.056333, 1716499633.876544, 1725443096.17337], "data": {"selected": [0, 0, 8], "assigned": [0, 0, 4], "preselecStu": [0, 0, 8], "stuGender": [{"male": 0, "Female": 0}, {"male": 0, "Female": 0}, {"male": 7, "Female": 1}]}}