{"timestamp": [1716068487.056333, 1716499633.876544, 1725443096.17337, 1725515502.849909], "data": {"selected": [0, 0, 8, 6], "assigned": [0, 0, 4, 6], "preselecStu": [0, 0, 8, 6], "stuGender": [{"male": 0, "Female": 0}, {"male": 0, "Female": 0}, {"male": 7, "Female": 1}, {"male": 6, "Female": 0}]}}