{"timestamp": [1716066264.649396, 1716497527.709468, 1725440116.989695], "data": {"selected": [0, 0, 53], "assigned": [0, 0, 2], "preselecStu": [0, 0, 0], "stuGender": [{"male": 0, "Female": 0}, {"male": 0, "Female": 0}, {"male": 42, "Female": 11}]}}