{"timestamp": [1734405849.866545, 1734468581.58221, 1734555085.512372, 1734641322.234709], "data": {"selected": [31, 31, 31, 31], "assigned": [0, 0, 0, 0], "preselecStu": [0, 0, 0, 0], "stuGender": [{"male": 24, "Female": 7}, {"male": 24, "Female": 7}, {"male": 24, "Female": 7}, {"male": 24, "Female": 7}]}}