{"timestamp": [1716064895.918833, 1716496275.97151, 1725438086.13912, 1725511268.564338], "data": {"selected": [0, 0, 7, 7], "assigned": [0, 0, 9, 12], "preselecStu": [0, 0, 7, 7], "stuGender": [{"male": 0, "Female": 0}, {"male": 0, "Female": 0}, {"male": 2, "Female": 5}, {"male": 2, "Female": 5}]}}