{"timestamp": [1707575667.327875, 1707587039.248183, 1707658906.142654, 1707661503.808546], "data": {"selected": [16, 16, 16, 16], "assigned": [0, 0, 0, 0], "preselecStu": [16, 16, 16, 16], "stuGender": [{"male": 2, "Female": 14}, {"male": 2, "Female": 14}, {"male": 2, "Female": 14}, {"male": 2, "Female": 14}]}}