{"timestamp": [1707541004.320775, 1707544184.059206], "data": {"selected": [16, 16], "assigned": [0, 0], "preselecStu": [16, 16], "stuGender": [{"male": 2, "Female": 14}, {"male": 2, "Female": 14}]}}