{"timestamp": [1716069006.272862, 1716500094.720379, 1725443656.095875, 1725516051.135329], "data": {"selected": [0, 0, 0, 0], "assigned": [0, 0, 2, 2], "preselecStu": [0, 0, 0, 0], "stuGender": [{"male": 0, "Female": 0}, {"male": 0, "Female": 0}, {"male": 0, "Female": 0}, {"male": 0, "Female": 0}]}}