{"timestamp": [1734407151.626023, 1734469898.033833, 1734556528.196326, 1734642499.773779], "data": {"selected": [0, 0, 0, 0], "assigned": [43, 43, 45, 45], "preselecStu": [0, 0, 0, 0], "stuGender": [{"male": 0, "Female": 0}, {"male": 0, "Female": 0}, {"male": 0, "Female": 0}, {"male": 0, "Female": 0}]}}