{"timestamp": [1707576872.560294, 1707588504.128443, 1707659563.194926], "data": {"selected": [55, 55, 55], "assigned": [0, 0, 0], "preselecStu": [55, 55, 55], "stuGender": [{"male": 38, "Female": 17}, {"male": 38, "Female": 17}, {"male": 38, "Female": 17}]}}