{"timestamp": [1716065790.03985, 1716497089.241898, 1725439389.102708], "data": {"selected": [0, 0, 0], "assigned": [0, 0, 35], "preselecStu": [0, 0, 0], "stuGender": [{"male": 0, "Female": 0}, {"male": 0, "Female": 0}, {"male": 0, "Female": 0}]}}