{"timestamp": [1716066242.110673, 1716497513.724842, 1725440092.284886], "data": {"selected": [0, 0, 6], "assigned": [0, 0, 0], "preselecStu": [0, 0, 0], "stuGender": [{"male": 0, "Female": 0}, {"male": 0, "Female": 0}, {"male": 4, "Female": 2}]}}