{"timestamp": [1716068524.917146, 1716499663.918396, 1725443132.240598], "data": {"selected": [0, 0, 3], "assigned": [0, 0, 0], "preselecStu": [0, 0, 0], "stuGender": [{"male": 0, "Female": 0}, {"male": 0, "Female": 0}, {"male": 1, "Female": 2}]}}