{"timestamp": [1734409154.871693, 1734471771.103564, 1734558658.936269, 1734644240.971986], "data": {"selected": [0, 0, 0, 0], "assigned": [11, 12, 12, 12], "preselecStu": [0, 0, 0, 0], "stuGender": [{"male": 0, "Female": 0}, {"male": 0, "Female": 0}, {"male": 0, "Female": 0}, {"male": 0, "Female": 0}]}}