{"timestamp": [1716068529.250592, 1716499668.12206, 1725443139.41064], "data": {"selected": [0, 0, 7], "assigned": [0, 0, 1], "preselecStu": [0, 0, 7], "stuGender": [{"male": 0, "Female": 0}, {"male": 0, "Female": 0}, {"male": 7, "Female": 0}]}}