{"timestamp": [1707577758.955437, 1707589574.796223], "data": {"selected": [50, 50], "assigned": [0, 0], "preselecStu": [50, 50], "stuGender": [{"male": 40, "Female": 10}, {"male": 40, "Female": 10}]}}