{"timestamp": [1716067483.372653, 1716498716.934779, 1725441873.223208, 1725514315.705443], "data": {"selected": [0, 0, 5, 3], "assigned": [0, 0, 4, 4], "preselecStu": [0, 0, 5, 3], "stuGender": [{"male": 0, "Female": 0}, {"male": 0, "Female": 0}, {"male": 4, "Female": 1}, {"male": 3, "Female": 0}]}}