{"timestamp": [1707541237.33667, 1707544417.862848], "data": {"selected": [17, 17], "assigned": [0, 0], "preselecStu": [17, 17], "stuGender": [{"male": 12, "Female": 5}, {"male": 12, "Female": 5}]}}