{"timestamp": [1734405343.167047, 1734468006.44647, 1734554529.975677], "data": {"selected": [0, 0, 0], "assigned": [69, 69, 77], "preselecStu": [0, 0, 0], "stuGender": [{"male": 0, "Female": 0}, {"male": 0, "Female": 0}, {"male": 0, "Female": 0}]}}