{"timestamp": [1707541642.09185, 1707544852.626341], "data": {"selected": [67, 67], "assigned": [0, 0], "preselecStu": [67, 67], "stuGender": [{"male": 45, "Female": 22}, {"male": 45, "Female": 22}]}}