{"timestamp": [1734406010.976935, 1734468716.981793, 1734555231.472288], "data": {"selected": [0, 0, 0], "assigned": [18, 19, 22], "preselecStu": [0, 0, 0], "stuGender": [{"male": 0, "Female": 0}, {"male": 0, "Female": 0}, {"male": 0, "Female": 0}]}}