{"timestamp": [1707542478.501101, 1707545757.654156], "data": {"selected": [22, 22], "assigned": [0, 0], "preselecStu": [22, 22], "stuGender": [{"male": 15, "Female": 7}, {"male": 15, "Female": 7}]}}