{"timestamp": [1716066022.925371, 1716497301.233231, 1725439715.801234, 1725512575.979338], "data": {"selected": [0, 0, 0, 0], "assigned": [0, 0, 15, 19], "preselecStu": [0, 0, 0, 0], "stuGender": [{"male": 0, "Female": 0}, {"male": 0, "Female": 0}, {"male": 0, "Female": 0}, {"male": 0, "Female": 0}]}}