{"timestamp": [1716066495.522037, 1716497732.006439, 1725440435.963864, 1725513122.027825], "data": {"selected": [0, 0, 15, 15], "assigned": [0, 0, 15, 22], "preselecStu": [0, 0, 15, 15], "stuGender": [{"male": 0, "Female": 0}, {"male": 0, "Female": 0}, {"male": 10, "Female": 5}, {"male": 10, "Female": 5}]}}