{"timestamp": [1716066495.522037, 1716497732.006439, 1725440435.963864], "data": {"selected": [0, 0, 15], "assigned": [0, 0, 15], "preselecStu": [0, 0, 15], "stuGender": [{"male": 0, "Female": 0}, {"male": 0, "Female": 0}, {"male": 10, "Female": 5}]}}