{"timestamp": [1707542607.515067, 1707545882.81595], "data": {"selected": [40, 40], "assigned": [0, 0], "preselecStu": [40, 40], "stuGender": [{"male": 18, "Female": 22}, {"male": 18, "Female": 22}]}}