{"timestamp": [1716067910.027056, 1716499109.618511, 1725442393.192211, 1725514799.257458], "data": {"selected": [0, 0, 14, 13], "assigned": [0, 0, 2, 2], "preselecStu": [0, 0, 14, 13], "stuGender": [{"male": 0, "Female": 0}, {"male": 0, "Female": 0}, {"male": 10, "Female": 4}, {"male": 10, "Female": 3}]}}