{"timestamp": [1734409510.266432, 1734472129.972826], "data": {"selected": [0, 0], "assigned": [18, 24], "preselecStu": [0, 0], "stuGender": [{"male": 0, "Female": 0}, {"male": 0, "Female": 0}]}}