{"timestamp": [1716064902.459176, 1716496282.910469, 1725438095.153947, 1725511276.258325], "data": {"selected": [0, 0, 5, 5], "assigned": [0, 0, 4, 8], "preselecStu": [0, 0, 5, 5], "stuGender": [{"male": 0, "Female": 0}, {"male": 0, "Female": 0}, {"male": 3, "Female": 2}, {"male": 3, "Female": 2}]}}