{"timestamp": [1716064902.459176, 1716496282.910469, 1725438095.153947], "data": {"selected": [0, 0, 5], "assigned": [0, 0, 4], "preselecStu": [0, 0, 5], "stuGender": [{"male": 0, "Female": 0}, {"male": 0, "Female": 0}, {"male": 3, "Female": 2}]}}