{"timestamp": [1734409545.858099, 1734472165.500191, 1734559120.503185, 1734644572.816809], "data": {"selected": [0, 0, 0, 0], "assigned": [59, 61, 63, 67], "preselecStu": [0, 0, 0, 0], "stuGender": [{"male": 0, "Female": 0}, {"male": 0, "Female": 0}, {"male": 0, "Female": 0}, {"male": 0, "Female": 0}]}}