{"timestamp": [1716065334.674022, 1716496657.102155, 1725438709.213677, 1725511749.835687], "data": {"selected": [0, 0, 25, 25], "assigned": [0, 22, 1, 1], "preselecStu": [0, 0, 25, 25], "stuGender": [{"male": 0, "Female": 0}, {"male": 0, "Female": 0}, {"male": 3, "Female": 22}, {"male": 3, "Female": 22}]}}