{"timestamp": [1716066955.075656, 1716498200.794327, 1725441146.322037, 1725513713.530926], "data": {"selected": [0, 0, 2, 2], "assigned": [0, 0, 8, 9], "preselecStu": [0, 0, 2, 2], "stuGender": [{"male": 0, "Female": 0}, {"male": 0, "Female": 0}, {"male": 1, "Female": 1}, {"male": 1, "Female": 1}]}}