{"timestamp": [1716064993.865606, 1716496355.563429, 1725438240.030686, 1725511362.156017], "data": {"selected": [0, 0, 0, 0], "assigned": [0, 0, 50, 104], "preselecStu": [0, 0, 0, 0], "stuGender": [{"male": 0, "Female": 0}, {"male": 0, "Female": 0}, {"male": 0, "Female": 0}, {"male": 0, "Female": 0}]}}