{"timestamp": [1716066717.916086, 1716497959.099476, 1725440803.309219, 1725513406.39297], "data": {"selected": [0, 0, 0, 0], "assigned": [0, 0, 6, 11], "preselecStu": [0, 0, 0, 0], "stuGender": [{"male": 0, "Female": 0}, {"male": 0, "Female": 0}, {"male": 0, "Female": 0}, {"male": 0, "Female": 0}]}}