{"timestamp": [1707541179.111805, 1707544358.776483], "data": {"selected": [14, 14], "assigned": [0, 0], "preselecStu": [14, 14], "stuGender": [{"male": 10, "Female": 4}, {"male": 10, "Female": 4}]}}