{"timestamp": [1707577454.90627, 1707589180.521812, 1707659893.839763, 1707662504.597526], "data": {"selected": [11, 11, 11, 11], "assigned": [0, 0, 0, 0], "preselecStu": [11, 11, 11, 11], "stuGender": [{"male": 7, "Female": 4}, {"male": 7, "Female": 4}, {"male": 7, "Female": 4}, {"male": 7, "Female": 4}]}}