{"timestamp": [1707541965.674606, 1707545205.426632], "data": {"selected": [11, 11], "assigned": [0, 0], "preselecStu": [11, 11], "stuGender": [{"male": 7, "Female": 4}, {"male": 7, "Female": 4}]}}