{"timestamp": [1707577796.303459, 1707589618.571741], "data": {"selected": [60, 60], "assigned": [0, 0], "preselecStu": [60, 60], "stuGender": [{"male": 47, "Female": 13}, {"male": 47, "Female": 13}]}}