{"timestamp": [1707541970.790106, 1707545210.623251], "data": {"selected": [17, 17], "assigned": [0, 0], "preselecStu": [15, 15], "stuGender": [{"male": 8, "Female": 9}, {"male": 8, "Female": 9}]}}