{"timestamp": [1707540963.322795, 1707544142.910584], "data": {"selected": [45, 45], "assigned": [0, 0], "preselecStu": [45, 45], "stuGender": [{"male": 13, "Female": 32}, {"male": 13, "Female": 32}]}}