{"timestamp": [1734405994.582097, 1734468704.868748, 1734555216.448133], "data": {"selected": [0, 0, 0], "assigned": [18, 19, 23], "preselecStu": [0, 0, 0], "stuGender": [{"male": 0, "Female": 0}, {"male": 0, "Female": 0}, {"male": 0, "Female": 0}]}}