{"timestamp": [1734410079.997803, 1734472632.088441], "data": {"selected": [0, 0], "assigned": [38, 38], "preselecStu": [0, 0], "stuGender": [{"male": 0, "Female": 0}, {"male": 0, "Female": 0}]}}