{"timestamp": [1716066266.813699, 1716497529.904124, 1725440119.288578], "data": {"selected": [0, 0, 51], "assigned": [0, 0, 1], "preselecStu": [0, 0, 0], "stuGender": [{"male": 0, "Female": 0}, {"male": 0, "Female": 0}, {"male": 41, "Female": 10}]}}