{"timestamp": [1707540363.083579, 1707543538.915781], "data": {"selected": [42, 42], "assigned": [0, 0], "preselecStu": [42, 42], "stuGender": [{"male": 34, "Female": 8}, {"male": 34, "Female": 8}]}}