{"timestamp": [1707578334.076401, 1707590341.722129, 1707660366.625842], "data": {"selected": [34, 34, 34], "assigned": [0, 0, 0], "preselecStu": [34, 34, 34], "stuGender": [{"male": 27, "Female": 7}, {"male": 27, "Female": 7}, {"male": 27, "Female": 7}]}}