{"timestamp": [1707542448.546156, 1707545724.855584], "data": {"selected": [34, 34], "assigned": [0, 0], "preselecStu": [34, 34], "stuGender": [{"male": 27, "Female": 7}, {"male": 27, "Female": 7}]}}