{"timestamp": [1716067614.266893, 1716498851.383344, 1725442046.45782], "data": {"selected": [0, 0, 20], "assigned": [0, 0, 6], "preselecStu": [0, 0, 13], "stuGender": [{"male": 0, "Female": 0}, {"male": 0, "Female": 0}, {"male": 5, "Female": 15}]}}