{"timestamp": [1707574995.7577, 1707586238.126225, 1707658522.864517, 1707661117.808188], "data": {"selected": [48, 48, 48, 48], "assigned": [0, 0, 0, 0], "preselecStu": [48, 48, 48, 48], "stuGender": [{"male": 27, "Female": 21}, {"male": 27, "Female": 21}, {"male": 27, "Female": 21}, {"male": 27, "Female": 21}]}}