{"timestamp": [1734410937.216948, 1734473428.623439], "data": {"selected": [0, 0], "assigned": [42, 40], "preselecStu": [0, 0], "stuGender": [{"male": 0, "Female": 0}, {"male": 0, "Female": 0}]}}