{"timestamp": [1734410555.783443, 1734473097.667851], "data": {"selected": [0, 0], "assigned": [20, 20], "preselecStu": [0, 0], "stuGender": [{"male": 0, "Female": 0}, {"male": 0, "Female": 0}]}}