{"timestamp": [1707575152.438382, 1707586434.13037], "data": {"selected": [50, 50], "assigned": [0, 0], "preselecStu": [50, 50], "stuGender": [{"male": 27, "Female": 23}, {"male": 27, "Female": 23}]}}