{"timestamp": [1707577478.269175, 1707589217.76688], "data": {"selected": [15, 15], "assigned": [0, 0], "preselecStu": [15, 15], "stuGender": [{"male": 7, "Female": 8}, {"male": 7, "Female": 8}]}}