{"timestamp": [1707541977.967236, 1707545217.834028], "data": {"selected": [15, 15], "assigned": [0, 0], "preselecStu": [15, 15], "stuGender": [{"male": 7, "Female": 8}, {"male": 7, "Female": 8}]}}