{"timestamp": [1707541796.947084, 1707545028.110822], "data": {"selected": [55, 55], "assigned": [0, 0], "preselecStu": [55, 55], "stuGender": [{"male": 27, "Female": 28}, {"male": 27, "Female": 28}]}}