{"timestamp": [1707577138.816372, 1707588823.204624, 1707659718.852952], "data": {"selected": [55, 55, 55], "assigned": [0, 0, 0], "preselecStu": [55, 55, 55], "stuGender": [{"male": 27, "Female": 28}, {"male": 27, "Female": 28}, {"male": 27, "Female": 28}]}}