{"timestamp": [1734409243.283708, 1734471874.897474, 1734558788.411769], "data": {"selected": [0, 0, 0], "assigned": [22, 21, 22], "preselecStu": [0, 0, 0], "stuGender": [{"male": 0, "Female": 0}, {"male": 0, "Female": 0}, {"male": 0, "Female": 0}]}}