{"timestamp": [1707575676.712047, 1707587050.290447, 1707658911.80488], "data": {"selected": [22, 22, 22], "assigned": [0, 0, 0], "preselecStu": [22, 22, 22], "stuGender": [{"male": 3, "Female": 19}, {"male": 3, "Female": 19}, {"male": 3, "Female": 19}]}}