{"timestamp": [1707578830.039323, 1707590989.836752], "data": {"selected": [31, 31], "assigned": [0, 0], "preselecStu": [31, 31], "stuGender": [{"male": 19, "Female": 12}, {"male": 19, "Female": 12}]}}