{"timestamp": [1707542720.613548, 1707546007.408204], "data": {"selected": [31, 31], "assigned": [0, 0], "preselecStu": [31, 31], "stuGender": [{"male": 19, "Female": 12}, {"male": 19, "Female": 12}]}}