{"timestamp": [1734408642.955762, 1734471281.176171, 1734558092.257518], "data": {"selected": [0, 0, 0], "assigned": [20, 20, 20], "preselecStu": [0, 0, 0], "stuGender": [{"male": 0, "Female": 0}, {"male": 0, "Female": 0}, {"male": 0, "Female": 0}]}}