{"timestamp": [1707541077.732244, 1707544259.104087], "data": {"selected": [10, 10], "assigned": [0, 0], "preselecStu": [10, 10], "stuGender": [{"male": 6, "Female": 4}, {"male": 6, "Female": 4}]}}