{"timestamp": [1707576584.24017, 1707588178.243799, 1707659409.609893], "data": {"selected": [5, 5, 5], "assigned": [0, 0, 0], "preselecStu": [5, 5, 5], "stuGender": [{"male": 3, "Female": 2}, {"male": 3, "Female": 2}, {"male": 3, "Female": 2}]}}