{"timestamp": [1716063774.355474, 1716495235.508518, 1725436435.211058], "data": {"selected": [0, 0, 44], "assigned": [0, 0, 95], "preselecStu": [0, 0, 40], "stuGender": [{"male": 0, "Female": 0}, {"male": 0, "Female": 0}, {"male": 27, "Female": 17}]}}