{"timestamp": [1734405094.534912, 1734467747.171212, 1734554281.403946], "data": {"selected": [0, 0, 0], "assigned": [0, 0, 0], "preselecStu": [0, 0, 0], "stuGender": [{"male": 0, "Female": 0}, {"male": 0, "Female": 0}, {"male": 0, "Female": 0}]}}