{"timestamp": [1734405560.00043, 1734468231.588406], "data": {"selected": [0, 0], "assigned": [151, 177], "preselecStu": [0, 0], "stuGender": [{"male": 0, "Female": 0}, {"male": 0, "Female": 0}]}}