{"timestamp": [1707575669.193172, 1707587041.43585, 1707658907.198644, 1707661504.898498], "data": {"selected": [13, 13, 13, 13], "assigned": [0, 0, 0, 0], "preselecStu": [13, 13, 13, 13], "stuGender": [{"male": 2, "Female": 11}, {"male": 2, "Female": 11}, {"male": 2, "Female": 11}, {"male": 2, "Female": 11}]}}