{"timestamp": [1707574961.123307, 1707586185.887541, 1707658504.302742, 1707661097.963095], "data": {"selected": [42, 42, 42, 42], "assigned": [0, 0, 0, 0], "preselecStu": [42, 42, 42, 42], "stuGender": [{"male": 34, "Female": 8}, {"male": 34, "Female": 8}, {"male": 34, "Female": 8}, {"male": 34, "Female": 8}]}}