{"timestamp": [1716066211.741637, 1716497484.618573, 1725440047.02054], "data": {"selected": [0, 0, 54], "assigned": [0, 0, 0], "preselecStu": [0, 0, 0], "stuGender": [{"male": 0, "Female": 0}, {"male": 0, "Female": 0}, {"male": 41, "Female": 13}]}}