{"timestamp": [1707576043.180638, 1707587464.805363, 1707659111.296198], "data": {"selected": [65, 65, 65], "assigned": [0, 0, 0], "preselecStu": [65, 65, 65], "stuGender": [{"male": 42, "Female": 23}, {"male": 42, "Female": 23}, {"male": 42, "Female": 23}]}}