{"timestamp": [1734410082.282332, 1734472634.404941, 1734559601.345708], "data": {"selected": [0, 0, 0], "assigned": [2, 3, 5], "preselecStu": [0, 0, 0], "stuGender": [{"male": 0, "Female": 0}, {"male": 0, "Female": 0}, {"male": 0, "Female": 0}]}}