{"timestamp": [1734406575.430407, 1734469324.985752], "data": {"selected": [0, 0], "assigned": [26, 26], "preselecStu": [0, 0], "stuGender": [{"male": 0, "Female": 0}, {"male": 0, "Female": 0}]}}