{"timestamp": [1707576089.900851, 1707587525.626727, 1707659136.549691], "data": {"selected": [20, 20, 20], "assigned": [0, 0, 0], "preselecStu": [20, 20, 20], "stuGender": [{"male": 18, "Female": 2}, {"male": 18, "Female": 2}, {"male": 18, "Female": 2}]}}