{"timestamp": [1707574538.378886, 1707585689.260084, 1707658246.332956], "data": {"selected": [42, 42, 42], "assigned": [0, 0, 0], "preselecStu": [42, 42, 42], "stuGender": [{"male": 32, "Female": 10}, {"male": 32, "Female": 10}, {"male": 32, "Female": 10}]}}