{"timestamp": [1707578828.130563, 1707590986.813119], "data": {"selected": [31, 31], "assigned": [0, 0], "preselecStu": [31, 31], "stuGender": [{"male": 17, "Female": 14}, {"male": 17, "Female": 14}]}}