{"timestamp": [1707540290.525503, 1707543466.461174], "data": {"selected": [48, 48], "assigned": [0, 0], "preselecStu": [48, 48], "stuGender": [{"male": 38, "Female": 10}, {"male": 38, "Female": 10}]}}