{"timestamp": [1707575234.785378, 1707586533.884163], "data": {"selected": [45, 45], "assigned": [0, 0], "preselecStu": [0, 0], "stuGender": [{"male": 21, "Female": 24}, {"male": 21, "Female": 24}]}}