{"timestamp": [1707540763.28745, 1707543941.451319], "data": {"selected": [45, 45], "assigned": [0, 0], "preselecStu": [0, 0], "stuGender": [{"male": 21, "Female": 24}, {"male": 21, "Female": 24}]}}