{"timestamp": [1707541299.159089, 1707544484.714143], "data": {"selected": [33, 33], "assigned": [0, 0], "preselecStu": [33, 33], "stuGender": [{"male": 12, "Female": 21}, {"male": 12, "Female": 21}]}}