{"timestamp": [1734409080.326546, 1734471697.466977], "data": {"selected": [0, 0], "assigned": [13, 13], "preselecStu": [0, 0], "stuGender": [{"male": 0, "Female": 0}, {"male": 0, "Female": 0}]}}