{"timestamp": [1716066108.960597, 1716497386.367765, 1725439895.719848, 1725512694.636685], "data": {"selected": [0, 0, 11, 10], "assigned": [0, 0, 22, 25], "preselecStu": [0, 0, 11, 10], "stuGender": [{"male": 0, "Female": 0}, {"male": 0, "Female": 0}, {"male": 11, "Female": 0}, {"male": 10, "Female": 0}]}}