{"timestamp": [1716066108.960597, 1716497386.367765, 1725439895.719848], "data": {"selected": [0, 0, 11], "assigned": [0, 0, 22], "preselecStu": [0, 0, 11], "stuGender": [{"male": 0, "Female": 0}, {"male": 0, "Female": 0}, {"male": 11, "Female": 0}]}}