{"timestamp": [1716068394.957811, 1716499549.266774, 1725442997.38976], "data": {"selected": [0, 0, 61], "assigned": [0, 51, 0], "preselecStu": [0, 0, 61], "stuGender": [{"male": 0, "Female": 0}, {"male": 0, "Female": 0}, {"male": 41, "Female": 20}]}}