{"timestamp": [1716063929.25769, 1716495394.75065, 1725436665.801926, 1725510120.255384], "data": {"selected": [0, 0, 3, 3], "assigned": [0, 0, 0, 1], "preselecStu": [0, 0, 3, 3], "stuGender": [{"male": 0, "Female": 0}, {"male": 0, "Female": 0}, {"male": 0, "Female": 3}, {"male": 0, "Female": 3}]}}