{"timestamp": [1734410553.482244, 1734473095.309728, 1734560072.520353], "data": {"selected": [0, 0, 0], "assigned": [1, 2, 3], "preselecStu": [0, 0, 0], "stuGender": [{"male": 0, "Female": 0}, {"male": 0, "Female": 0}, {"male": 0, "Female": 0}]}}