{"timestamp": [1716068789.880242, 1716499905.97205, 1725443419.012471], "data": {"selected": [0, 0, 6], "assigned": [0, 6, 0], "preselecStu": [0, 0, 6], "stuGender": [{"male": 0, "Female": 0}, {"male": 0, "Female": 0}, {"male": 2, "Female": 4}]}}