{"timestamp": [1707575473.965555, 1707586821.29606], "data": {"selected": [29, 29], "assigned": [0, 0], "preselecStu": [29, 29], "stuGender": [{"male": 21, "Female": 8}, {"male": 21, "Female": 8}]}}