{"timestamp": [1707540898.080809, 1707544078.179082], "data": {"selected": [29, 29], "assigned": [0, 0], "preselecStu": [29, 29], "stuGender": [{"male": 21, "Female": 8}, {"male": 21, "Female": 8}]}}