{"timestamp": [1734408096.196837, 1734470775.168427], "data": {"selected": [31, 31], "assigned": [0, 0], "preselecStu": [0, 0], "stuGender": [{"male": 27, "Female": 4}, {"male": 27, "Female": 4}]}}