{"timestamp": [1707541080.824863, 1707544262.570746], "data": {"selected": [34, 34], "assigned": [0, 0], "preselecStu": [34, 34], "stuGender": [{"male": 6, "Female": 28}, {"male": 6, "Female": 28}]}}