{"timestamp": [1716065771.155857, 1716497070.750721, 1725439359.427685, 1725512281.122364], "data": {"selected": [0, 0, 42, 42], "assigned": [0, 1, 2, 5], "preselecStu": [0, 0, 0, 0], "stuGender": [{"male": 0, "Female": 0}, {"male": 0, "Female": 0}, {"male": 27, "Female": 15}, {"male": 27, "Female": 15}]}}