{"timestamp": [1734410493.170392, 1734473034.617532, 1734560011.425439], "data": {"selected": [0, 0, 0], "assigned": [5, 6, 7], "preselecStu": [0, 0, 0], "stuGender": [{"male": 0, "Female": 0}, {"male": 0, "Female": 0}, {"male": 0, "Female": 0}]}}