{"timestamp": [1707540607.179062, 1707543781.453033], "data": {"selected": [65, 65], "assigned": [0, 0], "preselecStu": [65, 65], "stuGender": [{"male": 31, "Female": 34}, {"male": 31, "Female": 34}]}}