{"timestamp": [1716066397.548077, 1716497634.978846, 1725440291.935046], "data": {"selected": [0, 0, 6], "assigned": [0, 0, 8], "preselecStu": [0, 0, 6], "stuGender": [{"male": 0, "Female": 0}, {"male": 0, "Female": 0}, {"male": 5, "Female": 1}]}}