{"timestamp": [1716066397.548077, 1716497634.978846, 1725440291.935046, 1725513012.40872], "data": {"selected": [0, 0, 6, 5], "assigned": [0, 0, 8, 11], "preselecStu": [0, 0, 6, 5], "stuGender": [{"male": 0, "Female": 0}, {"male": 0, "Female": 0}, {"male": 5, "Female": 1}, {"male": 4, "Female": 1}]}}