{"timestamp": [1716064519.594988, 1716495925.46009, 1725437530.421014], "data": {"selected": [0, 0, 46], "assigned": [0, 0, 23], "preselecStu": [0, 0, 46], "stuGender": [{"male": 0, "Female": 0}, {"male": 0, "Female": 0}, {"male": 23, "Female": 23}]}}