{"timestamp": [1716064519.594988, 1716495925.46009, 1725437530.421014, 1725510794.58548], "data": {"selected": [0, 0, 46, 41], "assigned": [0, 0, 23, 43], "preselecStu": [0, 0, 46, 41], "stuGender": [{"male": 0, "Female": 0}, {"male": 0, "Female": 0}, {"male": 23, "Female": 23}, {"male": 19, "Female": 22}]}}