{"timestamp": [1716064549.778785, 1716495957.453021, 1725437577.520751, 1725510828.936723], "data": {"selected": [0, 0, 46, 46], "assigned": [0, 0, 22, 33], "preselecStu": [0, 0, 46, 46], "stuGender": [{"male": 0, "Female": 0}, {"male": 0, "Female": 0}, {"male": 17, "Female": 29}, {"male": 17, "Female": 29}]}}