{"timestamp": [1707575686.175151, 1707587061.283907], "data": {"selected": [13, 13], "assigned": [0, 0], "preselecStu": [13, 13], "stuGender": [{"male": 1, "Female": 12}, {"male": 1, "Female": 12}]}}