{"timestamp": [1707577951.253733, 1707589832.697249], "data": {"selected": [46, 46], "assigned": [0, 0], "preselecStu": [46, 46], "stuGender": [{"male": 35, "Female": 11}, {"male": 35, "Female": 11}]}}