{"timestamp": [1734408827.029763, 1734471459.533135, 1734558277.997762], "data": {"selected": [0, 0, 0], "assigned": [49, 52, 56], "preselecStu": [0, 0, 0], "stuGender": [{"male": 0, "Female": 0}, {"male": 0, "Female": 0}, {"male": 0, "Female": 0}]}}