{"timestamp": [1716067961.57969, 1716499151.539391, 1725442453.063406], "data": {"selected": [0, 0, 59], "assigned": [0, 48, 12], "preselecStu": [0, 0, 59], "stuGender": [{"male": 0, "Female": 0}, {"male": 0, "Female": 0}, {"male": 46, "Female": 13}]}}