{"timestamp": [1716067961.57969, 1716499151.539391, 1725442453.063406, 1725514887.213421], "data": {"selected": [0, 0, 59, 59], "assigned": [0, 48, 12, 19], "preselecStu": [0, 0, 59, 59], "stuGender": [{"male": 0, "Female": 0}, {"male": 0, "Female": 0}, {"male": 46, "Female": 13}, {"male": 46, "Female": 13}]}}