{"timestamp": [1707541786.489689, 1707545016.602024], "data": {"selected": [41, 41], "assigned": [0, 0], "preselecStu": [41, 41], "stuGender": [{"male": 20, "Female": 21}, {"male": 20, "Female": 21}]}}