{"timestamp": [1716065846.652262, 1716497145.80263, 1725439483.388931, 1725512376.659994], "data": {"selected": [0, 0, 39, 39], "assigned": [0, 2, 1, 2], "preselecStu": [0, 0, 3, 3], "stuGender": [{"male": 0, "Female": 0}, {"male": 0, "Female": 0}, {"male": 29, "Female": 10}, {"male": 29, "Female": 10}]}}