{"timestamp": [1716065846.652262, 1716497145.80263, 1725439483.388931], "data": {"selected": [0, 0, 39], "assigned": [0, 2, 1], "preselecStu": [0, 0, 3], "stuGender": [{"male": 0, "Female": 0}, {"male": 0, "Female": 0}, {"male": 29, "Female": 10}]}}