{"timestamp": [1707574484.701626, 1707585629.14154], "data": {"selected": [44, 44], "assigned": [0, 0], "preselecStu": [44, 44], "stuGender": [{"male": 35, "Female": 9}, {"male": 35, "Female": 9}]}}