{"timestamp": [1707540320.682615, 1707543496.809299], "data": {"selected": [44, 44], "assigned": [0, 0], "preselecStu": [44, 44], "stuGender": [{"male": 35, "Female": 9}, {"male": 35, "Female": 9}]}}