{"timestamp": [1716068097.169151, 1716499270.563676, 1725442642.93479, 1725515034.767031], "data": {"selected": [0, 0, 3, 3], "assigned": [0, 0, 23, 33], "preselecStu": [0, 0, 3, 3], "stuGender": [{"male": 0, "Female": 0}, {"male": 0, "Female": 0}, {"male": 2, "Female": 1}, {"male": 2, "Female": 1}]}}