{"timestamp": [1716066933.232061, 1716498178.571835, 1725441118.811213], "data": {"selected": [0, 0, 22], "assigned": [0, 22, 0], "preselecStu": [0, 0, 22], "stuGender": [{"male": 0, "Female": 0}, {"male": 0, "Female": 0}, {"male": 16, "Female": 6}]}}