{"timestamp": [1707541646.576469, 1707544857.126884], "data": {"selected": [63, 63], "assigned": [0, 0], "preselecStu": [63, 63], "stuGender": [{"male": 43, "Female": 20}, {"male": 43, "Female": 20}]}}