{"timestamp": [1734409720.667378, 1734472301.922609, 1734559287.706182], "data": {"selected": [0, 0, 0], "assigned": [48, 59, 73], "preselecStu": [0, 0, 0], "stuGender": [{"male": 0, "Female": 0}, {"male": 0, "Female": 0}, {"male": 0, "Female": 0}]}}