{"timestamp": [1707576207.465961, 1707587693.857446, 1707659201.499372], "data": {"selected": [54, 54, 54], "assigned": [0, 0, 0], "preselecStu": [54, 54, 54], "stuGender": [{"male": 25, "Female": 29}, {"male": 25, "Female": 29}, {"male": 25, "Female": 29}]}}