{"timestamp": [1716064017.979874, 1716495464.019113, 1725436778.029101, 1725510199.621996], "data": {"selected": [0, 0, 0, 0], "assigned": [0, 0, 5, 10], "preselecStu": [0, 0, 0, 0], "stuGender": [{"male": 0, "Female": 0}, {"male": 0, "Female": 0}, {"male": 0, "Female": 0}, {"male": 0, "Female": 0}]}}