{"timestamp": [1707540743.394562, 1707543921.554653], "data": {"selected": [34, 34], "assigned": [0, 0], "preselecStu": [0, 0], "stuGender": [{"male": 26, "Female": 8}, {"male": 26, "Female": 8}]}}