{"timestamp": [1716065660.543646, 1716496977.133327, 1725439202.589335], "data": {"selected": [0, 0, 8], "assigned": [0, 0, 1], "preselecStu": [0, 0, 8], "stuGender": [{"male": 0, "Female": 0}, {"male": 0, "Female": 0}, {"male": 8, "Female": 0}]}}