{"timestamp": [1734410117.628407, 1734472672.00289, 1734559638.496699, 1734645031.536756], "data": {"selected": [0, 0, 0, 0], "assigned": [0, 1, 1, 3], "preselecStu": [0, 0, 0, 0], "stuGender": [{"male": 0, "Female": 0}, {"male": 0, "Female": 0}, {"male": 0, "Female": 0}, {"male": 0, "Female": 0}]}}