{"timestamp": [1707541144.811237, 1707544325.63434], "data": {"selected": [18, 18], "assigned": [0, 0], "preselecStu": [18, 18], "stuGender": [{"male": 11, "Female": 7}, {"male": 11, "Female": 7}]}}