{"timestamp": [1707578271.523272, 1707590254.727203, 1707660333.337182], "data": {"selected": [3, 3, 3], "assigned": [0, 0, 0], "preselecStu": [3, 3, 3], "stuGender": [{"male": 0, "Female": 3}, {"male": 0, "Female": 3}, {"male": 0, "Female": 3}]}}