{"timestamp": [1707541784.347357, 1707545014.45336], "data": {"selected": [60, 60], "assigned": [0, 0], "preselecStu": [60, 60], "stuGender": [{"male": 36, "Female": 24}, {"male": 36, "Female": 24}]}}