{"timestamp": [1707577115.166546, 1707588795.262318, 1707659705.026992], "data": {"selected": [60, 60, 60], "assigned": [0, 0, 0], "preselecStu": [60, 60, 60], "stuGender": [{"male": 36, "Female": 24}, {"male": 36, "Female": 24}, {"male": 36, "Female": 24}]}}