{"timestamp": [1716065467.290091, 1716496786.458762, 1725438891.322729, 1725511916.808302], "data": {"selected": [0, 0, 0, 0], "assigned": [0, 0, 2, 2], "preselecStu": [0, 0, 0, 0], "stuGender": [{"male": 0, "Female": 0}, {"male": 0, "Female": 0}, {"male": 0, "Female": 0}, {"male": 0, "Female": 0}]}}