{"timestamp": [1734408801.662153, 1734471430.71311, 1734558247.952968, 1734643948.229798], "data": {"selected": [0, 0, 0, 0], "assigned": [18, 21, 21, 21], "preselecStu": [0, 0, 0, 0], "stuGender": [{"male": 0, "Female": 0}, {"male": 0, "Female": 0}, {"male": 0, "Female": 0}, {"male": 0, "Female": 0}]}}