{"timestamp": [1734406333.876296, 1734469070.069251], "data": {"selected": [0, 0], "assigned": [54, 68], "preselecStu": [0, 0], "stuGender": [{"male": 0, "Female": 0}, {"male": 0, "Female": 0}]}}