{"timestamp": [1707577605.875694, 1707589371.534868, 1707659979.877941], "data": {"selected": [12, 12, 12], "assigned": [0, 0, 0], "preselecStu": [12, 12, 12], "stuGender": [{"male": 3, "Female": 9}, {"male": 3, "Female": 9}, {"male": 3, "Female": 9}]}}