{"timestamp": [1707542048.916618, 1707545295.829109], "data": {"selected": [12, 12], "assigned": [0, 0], "preselecStu": [12, 12], "stuGender": [{"male": 3, "Female": 9}, {"male": 3, "Female": 9}]}}