{"timestamp": [1707575363.175614, 1707586687.28942, 1707658736.991579, 1707661335.598579], "data": {"selected": [10, 10, 10, 10], "assigned": [0, 0, 0, 0], "preselecStu": [10, 10, 10, 10], "stuGender": [{"male": 4, "Female": 6}, {"male": 4, "Female": 6}, {"male": 4, "Female": 6}, {"male": 4, "Female": 6}]}}