{"timestamp": [1716065005.070568, 1716496366.891837, 1725438257.996194], "data": {"selected": [0, 0, 0], "assigned": [0, 0, 55], "preselecStu": [0, 0, 0], "stuGender": [{"male": 0, "Female": 0}, {"male": 0, "Female": 0}, {"male": 0, "Female": 0}]}}