{"timestamp": [1716068910.69403, 1716500014.706353, 1725443540.6957], "data": {"selected": [0, 0, 15], "assigned": [0, 0, 4], "preselecStu": [0, 0, 15], "stuGender": [{"male": 0, "Female": 0}, {"male": 0, "Female": 0}, {"male": 7, "Female": 8}]}}