{"timestamp": [1716064386.204757, 1716495818.734139, 1725437352.026826, 1725510645.605243], "data": {"selected": [0, 0, 45, 45], "assigned": [0, 0, 23, 49], "preselecStu": [0, 0, 45, 45], "stuGender": [{"male": 0, "Female": 0}, {"male": 0, "Female": 0}, {"male": 31, "Female": 14}, {"male": 31, "Female": 14}]}}