{"timestamp": [1716065511.418611, 1716496830.620028, 1725438951.132047, 1725511963.556831], "data": {"selected": [0, 0, 6, 6], "assigned": [0, 0, 6, 10], "preselecStu": [0, 0, 6, 6], "stuGender": [{"male": 0, "Female": 0}, {"male": 0, "Female": 0}, {"male": 4, "Female": 2}, {"male": 4, "Female": 2}]}}