{"timestamp": [1716067166.008889, 1716498403.918281, 1725441404.884252], "data": {"selected": [0, 0, 12], "assigned": [0, 13, 0], "preselecStu": [0, 0, 12], "stuGender": [{"male": 0, "Female": 0}, {"male": 0, "Female": 0}, {"male": 7, "Female": 5}]}}