{"timestamp": [1707578397.478508, 1707590427.177858, 1707660400.894131], "data": {"selected": [13, 13, 13], "assigned": [0, 0, 0], "preselecStu": [13, 13, 13], "stuGender": [{"male": 10, "Female": 3}, {"male": 10, "Female": 3}, {"male": 10, "Female": 3}]}}