{"timestamp": [1734407701.627985, 1734470405.401896], "data": {"selected": [0, 0], "assigned": [22, 22], "preselecStu": [0, 0], "stuGender": [{"male": 0, "Female": 0}, {"male": 0, "Female": 0}]}}