{"timestamp": [1707577451.077793, 1707589176.058165, 1707659891.713579], "data": {"selected": [4, 4, 4], "assigned": [0, 0, 0], "preselecStu": [4, 4, 4], "stuGender": [{"male": 1, "Female": 3}, {"male": 1, "Female": 3}, {"male": 1, "Female": 3}]}}