{"timestamp": [1707576945.185739, 1707588591.240862, 1707659606.766192, 1707662212.94395], "data": {"selected": [21, 21, 21, 21], "assigned": [0, 0, 0, 0], "preselecStu": [21, 21, 21, 21], "stuGender": [{"male": 19, "Female": 2}, {"male": 19, "Female": 2}, {"male": 19, "Female": 2}, {"male": 19, "Female": 2}]}}