{"timestamp": [1734406382.378994, 1734469116.987382], "data": {"selected": [0, 0], "assigned": [45, 46], "preselecStu": [0, 0], "stuGender": [{"male": 0, "Female": 0}, {"male": 0, "Female": 0}]}}