{"timestamp": [1716065077.35389, 1716496439.977885, 1725438381.029887], "data": {"selected": [0, 0, 44], "assigned": [0, 0, 24], "preselecStu": [0, 0, 44], "stuGender": [{"male": 0, "Female": 0}, {"male": 0, "Female": 0}, {"male": 12, "Female": 32}]}}