{"timestamp": [1716065077.35389, 1716496439.977885, 1725438381.029887, 1725511473.160219], "data": {"selected": [0, 0, 44, 43], "assigned": [0, 0, 24, 43], "preselecStu": [0, 0, 44, 43], "stuGender": [{"male": 0, "Female": 0}, {"male": 0, "Female": 0}, {"male": 12, "Female": 32}, {"male": 11, "Female": 32}]}}