{"timestamp": [1716068768.706879, 1716499891.05431, 1725443400.899404, 1725515796.714354], "data": {"selected": [0, 0, 6, 5], "assigned": [0, 0, 7, 7], "preselecStu": [0, 0, 6, 5], "stuGender": [{"male": 0, "Female": 0}, {"male": 0, "Female": 0}, {"male": 3, "Female": 3}, {"male": 3, "Female": 2}]}}