{"timestamp": [1716068768.706879, 1716499891.05431, 1725443400.899404], "data": {"selected": [0, 0, 6], "assigned": [0, 0, 7], "preselecStu": [0, 0, 6], "stuGender": [{"male": 0, "Female": 0}, {"male": 0, "Female": 0}, {"male": 3, "Female": 3}]}}