{"timestamp": [1707540317.427961, 1707543493.587516], "data": {"selected": [63, 63], "assigned": [0, 0], "preselecStu": [63, 63], "stuGender": [{"male": 11, "Female": 52}, {"male": 11, "Female": 52}]}}