{"timestamp": [1707575203.610181, 1707586497.105102, 1707658642.975065], "data": {"selected": [37, 37, 37], "assigned": [0, 0, 0], "preselecStu": [0, 0, 0], "stuGender": [{"male": 27, "Female": 10}, {"male": 27, "Female": 10}, {"male": 27, "Female": 10}]}}