{"timestamp": [1734405533.043647, 1734468189.285916, 1734554723.592008], "data": {"selected": [0, 0, 0], "assigned": [195, 237, 287], "preselecStu": [0, 0, 0], "stuGender": [{"male": 0, "Female": 0}, {"male": 0, "Female": 0}, {"male": 0, "Female": 0}]}}