{"timestamp": [1707542564.986728, 1707545852.630055], "data": {"selected": [47, 47], "assigned": [0, 0], "preselecStu": [47, 47], "stuGender": [{"male": 14, "Female": 33}, {"male": 14, "Female": 33}]}}