{"timestamp": [1716066504.218605, 1716497742.999195, 1725440450.161248, 1725513132.674486], "data": {"selected": [0, 0, 2, 2], "assigned": [0, 0, 3, 8], "preselecStu": [0, 0, 2, 2], "stuGender": [{"male": 0, "Female": 0}, {"male": 0, "Female": 0}, {"male": 1, "Female": 1}, {"male": 1, "Female": 1}]}}