{"timestamp": [1716066504.218605, 1716497742.999195, 1725440450.161248], "data": {"selected": [0, 0, 2], "assigned": [0, 0, 3], "preselecStu": [0, 0, 2], "stuGender": [{"male": 0, "Female": 0}, {"male": 0, "Female": 0}, {"male": 1, "Female": 1}]}}