{"timestamp": [1716065642.465004, 1716496959.666442, 1725439175.63645, 1725512157.060069], "data": {"selected": [0, 0, 9, 9], "assigned": [0, 0, 5, 9], "preselecStu": [0, 0, 9, 9], "stuGender": [{"male": 0, "Female": 0}, {"male": 0, "Female": 0}, {"male": 9, "Female": 0}, {"male": 9, "Female": 0}]}}