{"timestamp": [1707541685.924398, 1707544899.758723], "data": {"selected": [40, 40], "assigned": [0, 0], "preselecStu": [40, 40], "stuGender": [{"male": 21, "Female": 19}, {"male": 21, "Female": 19}]}}