{"timestamp": [1716064594.073723, 1716495998.942242, 1725437639.430693, 1725510876.234547], "data": {"selected": [0, 0, 0, 44], "assigned": [0, 0, 0, 0], "preselecStu": [0, 0, 0, 0], "stuGender": [{"male": 0, "Female": 0}, {"male": 0, "Female": 0}, {"male": 0, "Female": 0}, {"male": 32, "Female": 12}]}}