{"timestamp": [1707575823.162443, 1707587221.203395, 1707658994.114417], "data": {"selected": [3, 3, 3], "assigned": [0, 0, 0], "preselecStu": [3, 3, 3], "stuGender": [{"male": 0, "Female": 3}, {"male": 0, "Female": 3}, {"male": 0, "Female": 3}]}}