{"timestamp": [1734405605.639394, 1734468299.873771, 1734554812.110441], "data": {"selected": [0, 0, 0], "assigned": [199, 223, 262], "preselecStu": [0, 0, 0], "stuGender": [{"male": 0, "Female": 0}, {"male": 0, "Female": 0}, {"male": 0, "Female": 0}]}}