{"timestamp": [1716063995.773784, 1716495442.436693, 1725436743.246512, 1725510175.210242], "data": {"selected": [0, 0, 2, 2], "assigned": [0, 0, 1, 2], "preselecStu": [0, 0, 2, 2], "stuGender": [{"male": 0, "Female": 0}, {"male": 0, "Female": 0}, {"male": 0, "Female": 2}, {"male": 0, "Female": 2}]}}