{"timestamp": [1716064528.200161, 1716495933.972655, 1725437543.129463, 1725510804.28122], "data": {"selected": [0, 0, 47, 46], "assigned": [0, 0, 20, 29], "preselecStu": [0, 0, 46, 45], "stuGender": [{"male": 0, "Female": 0}, {"male": 0, "Female": 0}, {"male": 22, "Female": 25}, {"male": 21, "Female": 25}]}}