{"timestamp": [1716064528.200161, 1716495933.972655, 1725437543.129463], "data": {"selected": [0, 0, 47], "assigned": [0, 0, 20], "preselecStu": [0, 0, 46], "stuGender": [{"male": 0, "Female": 0}, {"male": 0, "Female": 0}, {"male": 22, "Female": 25}]}}