{"timestamp": [1716068127.671347, 1716499298.833438, 1725442695.049857], "data": {"selected": [0, 0, 65], "assigned": [0, 0, 15], "preselecStu": [0, 0, 65], "stuGender": [{"male": 0, "Female": 0}, {"male": 0, "Female": 0}, {"male": 48, "Female": 17}]}}