{"timestamp": [1716068127.671347, 1716499298.833438, 1725442695.049857, 1725515083.404141], "data": {"selected": [0, 0, 65, 62], "assigned": [0, 0, 15, 20], "preselecStu": [0, 0, 65, 62], "stuGender": [{"male": 0, "Female": 0}, {"male": 0, "Female": 0}, {"male": 48, "Female": 17}, {"male": 45, "Female": 17}]}}