{"timestamp": [1716065458.190523, 1716496777.49334, 1725438880.455595], "data": {"selected": [0, 0, 14], "assigned": [0, 1, 1], "preselecStu": [0, 0, 1], "stuGender": [{"male": 0, "Female": 0}, {"male": 0, "Female": 0}, {"male": 10, "Female": 4}]}}