{"timestamp": [1716066653.926176, 1716497901.292802, 1725440689.32142, 1725513315.684745], "data": {"selected": [0, 0, 8, 8], "assigned": [0, 0, 43, 55], "preselecStu": [0, 0, 8, 8], "stuGender": [{"male": 0, "Female": 0}, {"male": 0, "Female": 0}, {"male": 7, "Female": 1}, {"male": 7, "Female": 1}]}}