{"timestamp": [1716068322.289105, 1716499474.489461, 1725442906.956952, 1725515316.004816], "data": {"selected": [0, 0, 0, 0], "assigned": [0, 0, 5, 8], "preselecStu": [0, 0, 0, 0], "stuGender": [{"male": 0, "Female": 0}, {"male": 0, "Female": 0}, {"male": 0, "Female": 0}, {"male": 0, "Female": 0}]}}