{"timestamp": [1716067930.113013, 1716499125.468956, 1725442414.194309], "data": {"selected": [0, 0, 22], "assigned": [0, 0, 0], "preselecStu": [0, 0, 22], "stuGender": [{"male": 0, "Female": 0}, {"male": 0, "Female": 0}, {"male": 18, "Female": 4}]}}