{"timestamp": [1707574547.081926, 1707585698.491089, 1707658252.002064], "data": {"selected": [42, 42, 42], "assigned": [0, 0, 0], "preselecStu": [42, 42, 42], "stuGender": [{"male": 34, "Female": 8}, {"male": 34, "Female": 8}, {"male": 34, "Female": 8}]}}