{"timestamp": [1707577800.133099, 1707589623.142965, 1707660089.244435], "data": {"selected": [60, 60, 60], "assigned": [1, 1, 1], "preselecStu": [60, 60, 60], "stuGender": [{"male": 48, "Female": 13}, {"male": 48, "Female": 13}, {"male": 48, "Female": 13}]}}