{"timestamp": [1716064395.843153, 1716495827.386417, 1725437363.820674], "data": {"selected": [0, 0, 50], "assigned": [0, 0, 78], "preselecStu": [0, 0, 50], "stuGender": [{"male": 0, "Female": 0}, {"male": 0, "Female": 0}, {"male": 30, "Female": 20}]}}