{"timestamp": [1716069203.028613, 1716500279.597587, 1725443854.379751, 1725516249.94167], "data": {"selected": [0, 0, 27, 27], "assigned": [0, 0, 6, 8], "preselecStu": [0, 0, 0, 0], "stuGender": [{"male": 0, "Female": 0}, {"male": 0, "Female": 0}, {"male": 15, "Female": 12}, {"male": 15, "Female": 12}]}}