{"timestamp": [1716066209.601169, 1716497482.447206, 1725440042.985849], "data": {"selected": [0, 0, 3], "assigned": [0, 0, 2], "preselecStu": [0, 0, 3], "stuGender": [{"male": 0, "Female": 0}, {"male": 0, "Female": 0}, {"male": 3, "Female": 0}]}}