{"timestamp": [1716065113.065682, 1716496471.354365, 1725438427.450953], "data": {"selected": [0, 0, 13], "assigned": [0, 0, 10], "preselecStu": [0, 0, 13], "stuGender": [{"male": 0, "Female": 0}, {"male": 0, "Female": 0}, {"male": 8, "Female": 5}]}}