{"timestamp": [1716065113.065682, 1716496471.354365, 1725438427.450953, 1725511508.496769], "data": {"selected": [0, 0, 13, 12], "assigned": [0, 0, 10, 12], "preselecStu": [0, 0, 13, 12], "stuGender": [{"male": 0, "Female": 0}, {"male": 0, "Female": 0}, {"male": 8, "Female": 5}, {"male": 7, "Female": 5}]}}