{"timestamp": [1734406406.380441, 1734469138.966423, 1734555664.691214], "data": {"selected": [0, 0, 0], "assigned": [18, 20, 18], "preselecStu": [0, 0, 0], "stuGender": [{"male": 0, "Female": 0}, {"male": 0, "Female": 0}, {"male": 0, "Female": 0}]}}