{"timestamp": [1716064586.598421, 1716495992.506642, 1725437629.852126, 1725510868.870961], "data": {"selected": [0, 0, 0, 0], "assigned": [0, 0, 5, 7], "preselecStu": [0, 0, 0, 0], "stuGender": [{"male": 0, "Female": 0}, {"male": 0, "Female": 0}, {"male": 0, "Female": 0}, {"male": 0, "Female": 0}]}}