{"timestamp": [1707578603.058658, 1707590700.577915], "data": {"selected": [15, 15], "assigned": [0, 0], "preselecStu": [15, 15], "stuGender": [{"male": 6, "Female": 9}, {"male": 6, "Female": 9}]}}