{"timestamp": [1734406451.804251, 1734469183.807964, 1734555716.603752], "data": {"selected": [0, 0, 0], "assigned": [8, 8, 11], "preselecStu": [0, 0, 0], "stuGender": [{"male": 0, "Female": 0}, {"male": 0, "Female": 0}, {"male": 0, "Female": 0}]}}