{"timestamp": [1707541870.653911, 1707545106.169287], "data": {"selected": [30, 30], "assigned": [0, 0], "preselecStu": [30, 30], "stuGender": [{"male": 15, "Female": 15}, {"male": 15, "Female": 15}]}}