{"timestamp": [1734408456.971491, 1734471099.20739, 1734557865.352974], "data": {"selected": [0, 0, 0], "assigned": [67, 68, 68], "preselecStu": [0, 0, 0], "stuGender": [{"male": 0, "Female": 0}, {"male": 0, "Female": 0}, {"male": 0, "Female": 0}]}}