{"timestamp": [1707574448.990954, 1707585586.190801], "data": {"selected": [58, 58], "assigned": [0, 0], "preselecStu": [58, 58], "stuGender": [{"male": 20, "Female": 38}, {"male": 20, "Female": 38}]}}