{"timestamp": [1734410824.644417, 1734473327.402373, 1734560309.866376, 1734645719.553672], "data": {"selected": [0, 0, 0, 0], "assigned": [7, 9, 11, 11], "preselecStu": [0, 0, 0, 0], "stuGender": [{"male": 0, "Female": 0}, {"male": 0, "Female": 0}, {"male": 0, "Female": 0}, {"male": 0, "Female": 0}]}}