{"timestamp": [1734405218.159526, 1734467862.378304, 1734554414.545137], "data": {"selected": [0, 0, 0], "assigned": [41, 44, 48], "preselecStu": [0, 0, 0], "stuGender": [{"male": 0, "Female": 0}, {"male": 0, "Female": 0}, {"male": 0, "Female": 0}]}}