{"timestamp": [1716066025.124194, 1716497304.053296, 1725439719.500127, 1725512578.427521], "data": {"selected": [0, 0, 0, 0], "assigned": [0, 0, 40, 44], "preselecStu": [0, 0, 0, 0], "stuGender": [{"male": 0, "Female": 0}, {"male": 0, "Female": 0}, {"male": 0, "Female": 0}, {"male": 0, "Female": 0}]}}