{"timestamp": [1734406034.684625, 1734468739.689509], "data": {"selected": [0, 0], "assigned": [10, 10], "preselecStu": [0, 0], "stuGender": [{"male": 0, "Female": 0}, {"male": 0, "Female": 0}]}}