{"timestamp": [1734406034.684625, 1734468739.689509, 1734555284.592459, 1734641498.933953], "data": {"selected": [0, 0, 0, 0], "assigned": [10, 10, 12, 15], "preselecStu": [0, 0, 0, 0], "stuGender": [{"male": 0, "Female": 0}, {"male": 0, "Female": 0}, {"male": 0, "Female": 0}, {"male": 0, "Female": 0}]}}