{"timestamp": [1716066126.638838, 1716497404.973479, 1725439927.00153, 1725512720.979194], "data": {"selected": [0, 0, 2, 2], "assigned": [0, 0, 7, 7], "preselecStu": [0, 0, 2, 2], "stuGender": [{"male": 0, "Female": 0}, {"male": 0, "Female": 0}, {"male": 1, "Female": 1}, {"male": 1, "Female": 1}]}}