{"timestamp": [1734410814.532702, 1734473317.365059, 1734560300.012872, 1734645710.1611], "data": {"selected": [0, 0, 0, 0], "assigned": [5, 5, 7, 7], "preselecStu": [0, 0, 0, 0], "stuGender": [{"male": 0, "Female": 0}, {"male": 0, "Female": 0}, {"male": 0, "Female": 0}, {"male": 0, "Female": 0}]}}