{"timestamp": [1716069054.493527, 1716500141.788948, 1725443709.705603, 1725516103.668777], "data": {"selected": [0, 0, 7, 7], "assigned": [0, 0, 1, 1], "preselecStu": [0, 0, 0, 0], "stuGender": [{"male": 0, "Female": 0}, {"male": 0, "Female": 0}, {"male": 6, "Female": 1}, {"male": 6, "Female": 1}]}}