{"timestamp": [1716065427.827026, 1716496748.500263, 1725438838.599671, 1725511878.464892], "data": {"selected": [0, 0, 9, 7], "assigned": [0, 0, 4, 7], "preselecStu": [0, 0, 9, 7], "stuGender": [{"male": 0, "Female": 0}, {"male": 0, "Female": 0}, {"male": 4, "Female": 5}, {"male": 4, "Female": 3}]}}