{"timestamp": [1707578119.453307, 1707590056.568739, 1707660250.976765, 1707662860.231165], "data": {"selected": [4, 4, 4, 4], "assigned": [0, 0, 0, 0], "preselecStu": [4, 4, 4, 4], "stuGender": [{"male": 3, "Female": 1}, {"male": 3, "Female": 1}, {"male": 3, "Female": 1}, {"male": 3, "Female": 1}]}}