{"timestamp": [1716068351.126259, 1716499502.74487, 1725442947.239777], "data": {"selected": [0, 0, 55], "assigned": [0, 0, 0], "preselecStu": [0, 0, 1], "stuGender": [{"male": 0, "Female": 0}, {"male": 0, "Female": 0}, {"male": 41, "Female": 14}]}}