{"timestamp": [1716068569.243741, 1716499703.659179, 1725443179.845265, 1725515584.751707], "data": {"selected": [0, 0, 2, 2], "assigned": [0, 0, 0, 0], "preselecStu": [0, 0, 0, 0], "stuGender": [{"male": 0, "Female": 0}, {"male": 0, "Female": 0}, {"male": 2, "Female": 0}, {"male": 2, "Female": 0}]}}