{"timestamp": [1707577144.518655, 1707588830.312138], "data": {"selected": [55, 55], "assigned": [0, 0], "preselecStu": [55, 55], "stuGender": [{"male": 27, "Female": 28}, {"male": 27, "Female": 28}]}}