{"timestamp": [1707577144.518655, 1707588830.312138, 1707659722.023095, 1707662331.676338], "data": {"selected": [55, 55, 55, 55], "assigned": [0, 0, 0, 0], "preselecStu": [55, 55, 55, 55], "stuGender": [{"male": 27, "Female": 28}, {"male": 27, "Female": 28}, {"male": 27, "Female": 28}, {"male": 27, "Female": 28}]}}