{"timestamp": [1734411044.320796, 1734473520.495664, 1734560503.554092, 1734645911.701586], "data": {"selected": [0, 0, 0, 0], "assigned": [0, 1, 2, 2], "preselecStu": [0, 0, 0, 0], "stuGender": [{"male": 0, "Female": 0}, {"male": 0, "Female": 0}, {"male": 0, "Female": 0}, {"male": 0, "Female": 0}]}}