{"timestamp": [1716064564.191378, 1716495970.670357, 1725437597.402222], "data": {"selected": [0, 0, 5], "assigned": [0, 0, 2], "preselecStu": [0, 0, 5], "stuGender": [{"male": 0, "Female": 0}, {"male": 0, "Female": 0}, {"male": 1, "Female": 4}]}}