{"timestamp": [1716068329.145994, 1716499480.852918, 1725442913.990272], "data": {"selected": [0, 0, 14], "assigned": [0, 0, 6], "preselecStu": [0, 0, 14], "stuGender": [{"male": 0, "Female": 0}, {"male": 0, "Female": 0}, {"male": 7, "Female": 7}]}}