{"timestamp": [1734410902.584453, 1734473401.893484, 1734560383.182825, 1734645789.772945], "data": {"selected": [0, 0, 0, 0], "assigned": [41, 44, 47, 47], "preselecStu": [0, 0, 0, 0], "stuGender": [{"male": 0, "Female": 0}, {"male": 0, "Female": 0}, {"male": 0, "Female": 0}, {"male": 0, "Female": 0}]}}