{"timestamp": [1707540668.335984, 1707543845.551047], "data": {"selected": [50, 50], "assigned": [0, 0], "preselecStu": [50, 50], "stuGender": [{"male": 32, "Female": 18}, {"male": 32, "Female": 18}]}}