{"timestamp": [1734406720.820128, 1734469463.189684, 1734556031.456214, 1734642143.283155], "data": {"selected": [0, 0, 0, 0], "assigned": [5, 5, 6, 7], "preselecStu": [0, 0, 0, 0], "stuGender": [{"male": 0, "Female": 0}, {"male": 0, "Female": 0}, {"male": 0, "Female": 0}, {"male": 0, "Female": 0}]}}