{"timestamp": [1734406720.820128, 1734469463.189684, 1734556031.456214], "data": {"selected": [0, 0, 0], "assigned": [5, 5, 6], "preselecStu": [0, 0, 0], "stuGender": [{"male": 0, "Female": 0}, {"male": 0, "Female": 0}, {"male": 0, "Female": 0}]}}