{"timestamp": [1734407089.20812, 1734469839.316058, 1734556423.616336], "data": {"selected": [0, 0, 0], "assigned": [37, 38, 38], "preselecStu": [0, 0, 0], "stuGender": [{"male": 0, "Female": 0}, {"male": 0, "Female": 0}, {"male": 0, "Female": 0}]}}