{"timestamp": [1716064556.907653, 1716495964.261644, 1725437588.234692], "data": {"selected": [0, 0, 23], "assigned": [0, 0, 3], "preselecStu": [0, 0, 23], "stuGender": [{"male": 0, "Female": 0}, {"male": 0, "Female": 0}, {"male": 4, "Female": 19}]}}