{"timestamp": [1734405439.723884, 1734468107.288216], "data": {"selected": [0, 0], "assigned": [42, 43], "preselecStu": [0, 0], "stuGender": [{"male": 0, "Female": 0}, {"male": 0, "Female": 0}]}}