{"timestamp": [1734405439.723884, 1734468107.288216, 1734554627.451038], "data": {"selected": [0, 0, 0], "assigned": [42, 43, 45], "preselecStu": [0, 0, 0], "stuGender": [{"male": 0, "Female": 0}, {"male": 0, "Female": 0}, {"male": 0, "Female": 0}]}}