{"timestamp": [1716068068.285728, 1716499240.903092, 1725442594.701444], "data": {"selected": [0, 0, 20], "assigned": [0, 0, 27], "preselecStu": [0, 0, 20], "stuGender": [{"male": 0, "Female": 0}, {"male": 0, "Female": 0}, {"male": 15, "Female": 5}]}}