{"timestamp": [1716068001.940313, 1716499189.435581, 1725442505.675961], "data": {"selected": [0, 0, 45], "assigned": [0, 0, 11], "preselecStu": [0, 0, 45], "stuGender": [{"male": 0, "Female": 0}, {"male": 0, "Female": 0}, {"male": 37, "Female": 8}]}}