{"timestamp": [1716068001.940313, 1716499189.435581, 1725442505.675961, 1725514936.195873], "data": {"selected": [0, 0, 45, 42], "assigned": [0, 0, 11, 24], "preselecStu": [0, 0, 45, 42], "stuGender": [{"male": 0, "Female": 0}, {"male": 0, "Female": 0}, {"male": 37, "Female": 8}, {"male": 34, "Female": 8}]}}