{"timestamp": [1707541747.18952, 1707544976.708466], "data": {"selected": [90, 90], "assigned": [0, 0], "preselecStu": [90, 90], "stuGender": [{"male": 29, "Female": 61}, {"male": 29, "Female": 61}]}}