{"timestamp": [1707577051.589421, 1707588718.033564], "data": {"selected": [90, 90], "assigned": [0, 0], "preselecStu": [90, 90], "stuGender": [{"male": 29, "Female": 61}, {"male": 29, "Female": 61}]}}