{"timestamp": [1716065200.777439, 1716496534.460201, 1725438515.16997], "data": {"selected": [0, 0, 0], "assigned": [0, 0, 25], "preselecStu": [0, 0, 0], "stuGender": [{"male": 0, "Female": 0}, {"male": 0, "Female": 0}, {"male": 0, "Female": 0}]}}