{"timestamp": [1707542563.903797, 1707545851.564199], "data": {"selected": [50, 50], "assigned": [0, 0], "preselecStu": [50, 50], "stuGender": [{"male": 17, "Female": 33}, {"male": 17, "Female": 33}]}}