{"timestamp": [1734406996.6787, 1734469749.21742, 1734556332.474622, 1734642378.533147], "data": {"selected": [0, 0, 0, 0], "assigned": [9, 12, 12, 14], "preselecStu": [0, 0, 0, 0], "stuGender": [{"male": 0, "Female": 0}, {"male": 0, "Female": 0}, {"male": 0, "Female": 0}, {"male": 0, "Female": 0}]}}