{"timestamp": [1707575622.553652, 1707586988.416073, 1707658882.297949], "data": {"selected": [50, 50, 50], "assigned": [0, 0, 0], "preselecStu": [50, 50, 50], "stuGender": [{"male": 12, "Female": 38}, {"male": 12, "Female": 38}, {"male": 12, "Female": 38}]}}