{"timestamp": [1707540980.183834, 1707544160.412107], "data": {"selected": [50, 50], "assigned": [0, 0], "preselecStu": [50, 50], "stuGender": [{"male": 12, "Female": 38}, {"male": 12, "Female": 38}]}}