{"timestamp": [1716065241.530378, 1716496570.354275, 1725438566.644475, 1725511643.068837], "data": {"selected": [0, 0, 49, 49], "assigned": [0, 0, 9, 14], "preselecStu": [0, 0, 49, 49], "stuGender": [{"male": 0, "Female": 0}, {"male": 0, "Female": 0}, {"male": 17, "Female": 32}, {"male": 17, "Female": 32}]}}