{"timestamp": [1716065241.530378, 1716496570.354275, 1725438566.644475], "data": {"selected": [0, 0, 49], "assigned": [0, 0, 9], "preselecStu": [0, 0, 49], "stuGender": [{"male": 0, "Female": 0}, {"male": 0, "Female": 0}, {"male": 17, "Female": 32}]}}