{"timestamp": [1707540318.502016, 1707543494.666847], "data": {"selected": [36, 36], "assigned": [0, 0], "preselecStu": [36, 36], "stuGender": [{"male": 28, "Female": 8}, {"male": 28, "Female": 8}]}}