{"timestamp": [1716068750.799248, 1716499872.454417, 1725443380.839501], "data": {"selected": [0, 0, 0], "assigned": [0, 0, 0], "preselecStu": [0, 0, 0], "stuGender": [{"male": 0, "Female": 0}, {"male": 0, "Female": 0}, {"male": 0, "Female": 0}]}}