{"timestamp": [1707578048.769911, 1707589961.618867], "data": {"selected": [36, 36], "assigned": [0, 0], "preselecStu": [36, 36], "stuGender": [{"male": 14, "Female": 22}, {"male": 14, "Female": 22}]}}