{"timestamp": [1707541117.802043, 1707544298.205923], "data": {"selected": [80, 80], "assigned": [0, 0], "preselecStu": [80, 80], "stuGender": [{"male": 55, "Female": 25}, {"male": 55, "Female": 25}]}}