{"timestamp": [1707542717.478901, 1707546003.826662], "data": {"selected": [39, 39], "assigned": [0, 0], "preselecStu": [39, 39], "stuGender": [{"male": 23, "Female": 16}, {"male": 23, "Female": 16}]}}