{"timestamp": [1707578823.829999, 1707590976.941612, 1707660629.859706, 1707663247.42319], "data": {"selected": [39, 39, 39, 39], "assigned": [0, 0, 0, 0], "preselecStu": [39, 39, 39, 39], "stuGender": [{"male": 23, "Female": 16}, {"male": 23, "Female": 16}, {"male": 23, "Female": 16}, {"male": 23, "Female": 16}]}}