{"timestamp": [1716068049.020977, 1716499232.330667, 1725442581.500664], "data": {"selected": [0, 0, 57], "assigned": [0, 0, 80], "preselecStu": [0, 0, 57], "stuGender": [{"male": 0, "Female": 0}, {"male": 0, "Female": 0}, {"male": 48, "Female": 9}]}}