{"timestamp": [1716068049.020977, 1716499232.330667, 1725442581.500664, 1725514986.268017], "data": {"selected": [0, 0, 57, 55], "assigned": [0, 0, 80, 115], "preselecStu": [0, 0, 57, 55], "stuGender": [{"male": 0, "Female": 0}, {"male": 0, "Female": 0}, {"male": 48, "Female": 9}, {"male": 46, "Female": 9}]}}