{"timestamp": [1734409716.050193, 1734472299.200222], "data": {"selected": [0, 0], "assigned": [43, 49], "preselecStu": [0, 0], "stuGender": [{"male": 0, "Female": 0}, {"male": 0, "Female": 0}]}}