{"timestamp": [1734409716.050193, 1734472299.200222, 1734559285.219682, 1734644716.385712], "data": {"selected": [0, 0, 0, 0], "assigned": [43, 49, 64, 68], "preselecStu": [0, 0, 0, 0], "stuGender": [{"male": 0, "Female": 0}, {"male": 0, "Female": 0}, {"male": 0, "Female": 0}, {"male": 0, "Female": 0}]}}