{"timestamp": [1734408997.990049, 1734471619.797546], "data": {"selected": [0, 0], "assigned": [23, 29], "preselecStu": [0, 0], "stuGender": [{"male": 0, "Female": 0}, {"male": 0, "Female": 0}]}}