{"timestamp": [1716068742.16551, 1716499862.370985, 1725443371.042343, 1725515767.52925], "data": {"selected": [0, 0, 1, 1], "assigned": [0, 0, 2, 3], "preselecStu": [0, 0, 1, 1], "stuGender": [{"male": 0, "Female": 0}, {"male": 0, "Female": 0}, {"male": 0, "Female": 1}, {"male": 0, "Female": 1}]}}