{"timestamp": [1707576832.181455, 1707588465.760675], "data": {"selected": [50, 50], "assigned": [0, 0], "preselecStu": [50, 50], "stuGender": [{"male": 41, "Female": 9}, {"male": 41, "Female": 9}]}}