{"timestamp": [1716068090.591399, 1716499264.138921, 1725442633.64006, 1725515026.140968], "data": {"selected": [0, 0, 36, 35], "assigned": [0, 0, 29, 59], "preselecStu": [0, 0, 36, 35], "stuGender": [{"male": 0, "Female": 0}, {"male": 0, "Female": 0}, {"male": 28, "Female": 8}, {"male": 27, "Female": 8}]}}