{"timestamp": [1716068090.591399, 1716499264.138921, 1725442633.64006], "data": {"selected": [0, 0, 36], "assigned": [0, 0, 29], "preselecStu": [0, 0, 36], "stuGender": [{"male": 0, "Female": 0}, {"male": 0, "Female": 0}, {"male": 28, "Female": 8}]}}