{"timestamp": [1734408601.570324, 1734471247.036044, 1734558038.350962, 1734643782.905198], "data": {"selected": [0, 0, 0, 0], "assigned": [8, 8, 8, 8], "preselecStu": [0, 0, 0, 0], "stuGender": [{"male": 0, "Female": 0}, {"male": 0, "Female": 0}, {"male": 0, "Female": 0}, {"male": 0, "Female": 0}]}}