{"timestamp": [1725442172.541024, 1725514584.567308, 1725600982.820928, 1725686594.191715], "data": {"selected": [0, 0, 3, 9], "assigned": [2, 4, 2, 2], "preselecStu": [0, 0, 0, 0], "stuGender": [{"male": 0, "Female": 0}, {"male": 0, "Female": 0}, {"male": 2, "Female": 1}, {"male": 3, "Female": 6}]}}