{"timestamp": [1707577534.935781, 1707589286.249766, 1707659940.254806], "data": {"selected": [25, 25, 25], "assigned": [0, 0, 0], "preselecStu": [24, 24, 24], "stuGender": [{"male": 13, "Female": 12}, {"male": 13, "Female": 12}, {"male": 13, "Female": 12}]}}