{"timestamp": [1734408804.017207, 1734471433.082457], "data": {"selected": [0, 0], "assigned": [35, 35], "preselecStu": [0, 0], "stuGender": [{"male": 0, "Female": 0}, {"male": 0, "Female": 0}]}}