{"timestamp": [1707575694.157265, 1707587071.207925, 1707658921.397828], "data": {"selected": [21, 21, 21], "assigned": [0, 0, 0], "preselecStu": [21, 21, 21], "stuGender": [{"male": 4, "Female": 17}, {"male": 4, "Female": 17}, {"male": 4, "Female": 17}]}}