{"timestamp": [1734405505.378325, 1734468157.003726], "data": {"selected": [0, 0], "assigned": [54, 54], "preselecStu": [0, 0], "stuGender": [{"male": 0, "Female": 0}, {"male": 0, "Female": 0}]}}