{"timestamp": [1734406106.23198, 1734468827.138284], "data": {"selected": [0, 0], "assigned": [143, 163], "preselecStu": [0, 0], "stuGender": [{"male": 0, "Female": 0}, {"male": 0, "Female": 0}]}}