{"timestamp": [1734406106.23198, 1734468827.138284, 1734555359.631606], "data": {"selected": [0, 0, 0], "assigned": [143, 163, 194], "preselecStu": [0, 0, 0], "stuGender": [{"male": 0, "Female": 0}, {"male": 0, "Female": 0}, {"male": 0, "Female": 0}]}}