{"timestamp": [1716067234.709829, 1716498467.039046, 1725441484.277728, 1725514019.840323], "data": {"selected": [0, 0, 107, 107], "assigned": [0, 98, 7, 16], "preselecStu": [0, 0, 106, 106], "stuGender": [{"male": 0, "Female": 0}, {"male": 0, "Female": 0}, {"male": 67, "Female": 40}, {"male": 67, "Female": 40}]}}