{"timestamp": [1707542291.900193, 1707545561.524255], "data": {"selected": [27, 27], "assigned": [0, 0], "preselecStu": [27, 27], "stuGender": [{"male": 19, "Female": 8}, {"male": 19, "Female": 8}]}}