{"timestamp": [1734407583.188653, 1734470311.609183, 1734556972.010526], "data": {"selected": [0, 0, 0], "assigned": [4, 4, 4], "preselecStu": [0, 0, 0], "stuGender": [{"male": 0, "Female": 0}, {"male": 0, "Female": 0}, {"male": 0, "Female": 0}]}}