{"timestamp": [1734407045.180445, 1734469794.580431, 1734556382.841535], "data": {"selected": [0, 0, 0], "assigned": [10, 12, 13], "preselecStu": [0, 0, 0], "stuGender": [{"male": 0, "Female": 0}, {"male": 0, "Female": 0}, {"male": 0, "Female": 0}]}}