{"timestamp": [1734407707.440063, 1734470410.309834], "data": {"selected": [0, 0], "assigned": [20, 20], "preselecStu": [0, 0], "stuGender": [{"male": 0, "Female": 0}, {"male": 0, "Female": 0}]}}