{"timestamp": [1734409969.328732, 1734472511.357305, 1734559486.645312], "data": {"selected": [0, 0, 0], "assigned": [41, 41, 42], "preselecStu": [0, 0, 0], "stuGender": [{"male": 0, "Female": 0}, {"male": 0, "Female": 0}, {"male": 0, "Female": 0}]}}