{"timestamp": [1707541761.948739, 1707544991.648905], "data": {"selected": [56, 56], "assigned": [0, 0], "preselecStu": [56, 56], "stuGender": [{"male": 26, "Female": 30}, {"male": 26, "Female": 30}]}}