{"timestamp": [1707577076.749745, 1707588747.998093, 1707659683.169817], "data": {"selected": [56, 56, 56], "assigned": [0, 0, 0], "preselecStu": [56, 56, 56], "stuGender": [{"male": 26, "Female": 30}, {"male": 26, "Female": 30}, {"male": 26, "Female": 30}]}}