{"timestamp": [1707574937.067906, 1707586158.943091], "data": {"selected": [64, 64], "assigned": [0, 0], "preselecStu": [64, 64], "stuGender": [{"male": 48, "Female": 16}, {"male": 48, "Female": 16}]}}