{"timestamp": [1716068446.920024, 1716499595.27144, 1725443049.592168], "data": {"selected": [0, 0, 4], "assigned": [0, 0, 0], "preselecStu": [0, 0, 0], "stuGender": [{"male": 0, "Female": 0}, {"male": 0, "Female": 0}, {"male": 3, "Female": 1}]}}