{"timestamp": [1716065248.014329, 1716496577.476729, 1725438577.943882, 1725511657.597651], "data": {"selected": [0, 0, 49, 49], "assigned": [0, 0, 7, 11], "preselecStu": [0, 0, 49, 49], "stuGender": [{"male": 0, "Female": 0}, {"male": 0, "Female": 0}, {"male": 17, "Female": 32}, {"male": 17, "Female": 32}]}}