{"timestamp": [1716063789.792272, 1716495248.114466, 1725436451.359007], "data": {"selected": [0, 0, 43], "assigned": [0, 0, 56], "preselecStu": [0, 0, 41], "stuGender": [{"male": 0, "Female": 0}, {"male": 0, "Female": 0}, {"male": 35, "Female": 8}]}}