{"timestamp": [1707541655.280071, 1707544867.815348], "data": {"selected": [48, 48], "assigned": [0, 0], "preselecStu": [48, 48], "stuGender": [{"male": 35, "Female": 13}, {"male": 35, "Female": 13}]}}