{"timestamp": [1707577410.469755, 1707589132.803512], "data": {"selected": [60, 60], "assigned": [0, 0], "preselecStu": [60, 60], "stuGender": [{"male": 28, "Female": 32}, {"male": 28, "Female": 32}]}}