{"timestamp": [1707577410.469755, 1707589132.803512, 1707659870.396572], "data": {"selected": [60, 60, 60], "assigned": [0, 0, 0], "preselecStu": [60, 60, 60], "stuGender": [{"male": 28, "Female": 32}, {"male": 28, "Female": 32}, {"male": 28, "Female": 32}]}}