{"timestamp": [1707575349.227257, 1707586671.78638, 1707658729.78402], "data": {"selected": [14, 14, 14], "assigned": [0, 0, 0], "preselecStu": [14, 14, 14], "stuGender": [{"male": 7, "Female": 7}, {"male": 7, "Female": 7}, {"male": 7, "Female": 7}]}}