{"timestamp": [1707575671.070992, 1707587043.631079, 1707658908.264288], "data": {"selected": [22, 22, 22], "assigned": [0, 0, 0], "preselecStu": [22, 22, 22], "stuGender": [{"male": 3, "Female": 19}, {"male": 3, "Female": 19}, {"male": 3, "Female": 19}]}}