{"timestamp": [1707541006.439602, 1707544186.168418], "data": {"selected": [22, 22], "assigned": [0, 0], "preselecStu": [22, 22], "stuGender": [{"male": 3, "Female": 19}, {"male": 3, "Female": 19}]}}