{"timestamp": [1734404960.836968, 1734467618.747202], "data": {"selected": [0, 0], "assigned": [135, 153], "preselecStu": [0, 0], "stuGender": [{"male": 0, "Female": 0}, {"male": 0, "Female": 0}]}}