{"timestamp": [1734404960.836968, 1734467618.747202, 1734554135.378506, 1734640430.51682], "data": {"selected": [0, 0, 0, 0], "assigned": [135, 153, 167, 188], "preselecStu": [0, 0, 0, 0], "stuGender": [{"male": 0, "Female": 0}, {"male": 0, "Female": 0}, {"male": 0, "Female": 0}, {"male": 0, "Female": 0}]}}