{"timestamp": [1707540399.07048, 1707543575.02047], "data": {"selected": [42, 42], "assigned": [0, 0], "preselecStu": [42, 42], "stuGender": [{"male": 31, "Female": 11}, {"male": 31, "Female": 11}]}}