{"timestamp": [1707574600.644782, 1707585757.6514, 1707658287.620633, 1707660883.338484], "data": {"selected": [42, 42, 42, 42], "assigned": [0, 0, 0, 0], "preselecStu": [42, 42, 42, 42], "stuGender": [{"male": 31, "Female": 11}, {"male": 31, "Female": 11}, {"male": 31, "Female": 11}, {"male": 31, "Female": 11}]}}