{"timestamp": [1734408907.980643, 1734471529.006097, 1734558394.986624], "data": {"selected": [0, 0, 0], "assigned": [16, 17, 19], "preselecStu": [0, 0, 0], "stuGender": [{"male": 0, "Female": 0}, {"male": 0, "Female": 0}, {"male": 0, "Female": 0}]}}