{"timestamp": [1707541608.185276, 1707544815.912149], "data": {"selected": [25, 25], "assigned": [0, 0], "preselecStu": [25, 25], "stuGender": [{"male": 22, "Female": 3}, {"male": 22, "Female": 3}]}}