{"timestamp": [1734404900.343725, 1734467552.54426], "data": {"selected": [0, 0], "assigned": [469, 532], "preselecStu": [0, 0], "stuGender": [{"male": 0, "Female": 0}, {"male": 0, "Female": 0}]}}