{"timestamp": [1716063992.634286, 1716495440.267821, 1725436739.032145, 1725510172.93489], "data": {"selected": [0, 0, 3, 3], "assigned": [0, 0, 0, 1], "preselecStu": [0, 0, 3, 3], "stuGender": [{"male": 0, "Female": 0}, {"male": 0, "Female": 0}, {"male": 0, "Female": 3}, {"male": 0, "Female": 3}]}}