{"timestamp": [1734407630.263479, 1734470349.754758, 1734557016.1623, 1734642903.137206], "data": {"selected": [0, 0, 0, 0], "assigned": [123, 127, 132, 134], "preselecStu": [0, 0, 0, 0], "stuGender": [{"male": 0, "Female": 0}, {"male": 0, "Female": 0}, {"male": 0, "Female": 0}, {"male": 0, "Female": 0}]}}