{"timestamp": [1716067064.338141, 1716498301.327351, 1725441286.671293, 1725513820.486062], "data": {"selected": [0, 0, 55, 55], "assigned": [0, 56, 0, 0], "preselecStu": [0, 0, 55, 55], "stuGender": [{"male": 0, "Female": 0}, {"male": 0, "Female": 0}, {"male": 23, "Female": 32}, {"male": 23, "Female": 32}]}}