{"timestamp": [1734409840.793709, 1734472374.36726, 1734559363.568275], "data": {"selected": [0, 0, 0], "assigned": [23, 28, 32], "preselecStu": [0, 0, 0], "stuGender": [{"male": 0, "Female": 0}, {"male": 0, "Female": 0}, {"male": 0, "Female": 0}]}}