{"timestamp": [1707541888.882207, 1707545125.961316], "data": {"selected": [48, 48], "assigned": [0, 0], "preselecStu": [48, 48], "stuGender": [{"male": 21, "Female": 27}, {"male": 21, "Female": 27}]}}