{"timestamp": [1707576709.764106, 1707588322.225986], "data": {"selected": [55, 55], "assigned": [0, 0], "preselecStu": [55, 55], "stuGender": [{"male": 37, "Female": 18}, {"male": 37, "Female": 18}]}}