{"timestamp": [1734410089.267032, 1734472642.005338], "data": {"selected": [0, 0], "assigned": [16, 21], "preselecStu": [0, 0], "stuGender": [{"male": 0, "Female": 0}, {"male": 0, "Female": 0}]}}