{"timestamp": [1734410089.267032, 1734472642.005338, 1734559609.138805], "data": {"selected": [0, 0, 0], "assigned": [16, 21, 37], "preselecStu": [0, 0, 0], "stuGender": [{"male": 0, "Female": 0}, {"male": 0, "Female": 0}, {"male": 0, "Female": 0}]}}