{"timestamp": [1707541650.920784, 1707544861.484541], "data": {"selected": [55, 55], "assigned": [0, 0], "preselecStu": [55, 55], "stuGender": [{"male": 38, "Female": 17}, {"male": 38, "Female": 17}]}}