{"timestamp": [1734406546.380394, 1734469292.499771, 1734555839.405981, 1734641982.156362], "data": {"selected": [0, 0, 0, 0], "assigned": [23, 23, 24, 23], "preselecStu": [0, 0, 0, 0], "stuGender": [{"male": 0, "Female": 0}, {"male": 0, "Female": 0}, {"male": 0, "Female": 0}, {"male": 0, "Female": 0}]}}