{"timestamp": [1716068923.805238, 1716500027.55386, 1725443555.839808], "data": {"selected": [0, 0, 49], "assigned": [0, 0, 2], "preselecStu": [0, 0, 49], "stuGender": [{"male": 0, "Female": 0}, {"male": 0, "Female": 0}, {"male": 33, "Female": 16}]}}