{"timestamp": [1716068923.805238, 1716500027.55386, 1725443555.839808, 1725515950.560402], "data": {"selected": [0, 0, 49, 48], "assigned": [0, 0, 2, 4], "preselecStu": [0, 0, 49, 48], "stuGender": [{"male": 0, "Female": 0}, {"male": 0, "Female": 0}, {"male": 33, "Female": 16}, {"male": 33, "Female": 15}]}}