{"timestamp": [1734405024.866633, 1734467691.148887], "data": {"selected": [0, 0], "assigned": [294, 329], "preselecStu": [0, 0], "stuGender": [{"male": 0, "Female": 0}, {"male": 0, "Female": 0}]}}