{"timestamp": [1734409206.976449, 1734471826.84081, 1734558731.633494, 1734644290.907038], "data": {"selected": [0, 0, 0, 0], "assigned": [21, 21, 21, 21], "preselecStu": [0, 0, 0, 0], "stuGender": [{"male": 0, "Female": 0}, {"male": 0, "Female": 0}, {"male": 0, "Female": 0}, {"male": 0, "Female": 0}]}}