{"timestamp": [1716067658.249517, 1716498894.012329, 1725442101.518002, 1725514515.615142], "data": {"selected": [0, 0, 16, 16], "assigned": [0, 0, 0, 0], "preselecStu": [0, 0, 0, 0], "stuGender": [{"male": 0, "Female": 0}, {"male": 0, "Female": 0}, {"male": 7, "Female": 9}, {"male": 7, "Female": 9}]}}