{"timestamp": [1716067677.509094, 1716498902.625429, 1725442111.134404], "data": {"selected": [0, 0, 16], "assigned": [0, 0, 0], "preselecStu": [0, 0, 0], "stuGender": [{"male": 0, "Female": 0}, {"male": 0, "Female": 0}, {"male": 7, "Female": 9}]}}