{"timestamp": [1716066670.129729, 1716497916.588771, 1725440738.754799, 1725513339.119365], "data": {"selected": [0, 0, 15, 14], "assigned": [0, 0, 16, 20], "preselecStu": [0, 0, 15, 14], "stuGender": [{"male": 0, "Female": 0}, {"male": 0, "Female": 0}, {"male": 11, "Female": 4}, {"male": 10, "Female": 4}]}}