{"timestamp": [1716066670.129729, 1716497916.588771, 1725440738.754799], "data": {"selected": [0, 0, 15], "assigned": [0, 0, 16], "preselecStu": [0, 0, 15], "stuGender": [{"male": 0, "Female": 0}, {"male": 0, "Female": 0}, {"male": 11, "Female": 4}]}}