{"timestamp": [1707540409.553372, 1707543585.677464], "data": {"selected": [22, 22], "assigned": [0, 0], "preselecStu": [22, 22], "stuGender": [{"male": 13, "Female": 9}, {"male": 13, "Female": 9}]}}