{"timestamp": [1734407370.313121, 1734470111.060266, 1734556776.80233], "data": {"selected": [0, 0, 0], "assigned": [3, 4, 5], "preselecStu": [0, 0, 0], "stuGender": [{"male": 0, "Female": 0}, {"male": 0, "Female": 0}, {"male": 0, "Female": 0}]}}