{"timestamp": [1716069123.027068, 1716500214.452809, 1725443786.156573], "data": {"selected": [0, 0, 4], "assigned": [0, 0, 0], "preselecStu": [0, 0, 4], "stuGender": [{"male": 0, "Female": 0}, {"male": 0, "Female": 0}, {"male": 3, "Female": 1}]}}