{"timestamp": [1707541706.155527, 1707544933.126668], "data": {"selected": [17, 17], "assigned": [0, 0], "preselecStu": [17, 17], "stuGender": [{"male": 10, "Female": 7}, {"male": 10, "Female": 7}]}}