{"timestamp": [1734408773.703344, 1734471403.039435], "data": {"selected": [0, 0], "assigned": [21, 22], "preselecStu": [0, 0], "stuGender": [{"male": 0, "Female": 0}, {"male": 0, "Female": 0}]}}