{"timestamp": [1734408773.703344, 1734471403.039435, 1734558220.223568, 1734643922.406328], "data": {"selected": [0, 0, 0, 0], "assigned": [21, 22, 24, 25], "preselecStu": [0, 0, 0, 0], "stuGender": [{"male": 0, "Female": 0}, {"male": 0, "Female": 0}, {"male": 0, "Female": 0}, {"male": 0, "Female": 0}]}}