{"timestamp": [1716067642.419872, 1716498877.94713, 1725442076.044039, 1725514492.232505], "data": {"selected": [0, 0, 2, 2], "assigned": [0, 0, 14, 14], "preselecStu": [0, 0, 2, 2], "stuGender": [{"male": 0, "Female": 0}, {"male": 0, "Female": 0}, {"male": 1, "Female": 1}, {"male": 1, "Female": 1}]}}