{"timestamp": [1734408178.168645, 1734470853.420197, 1734557589.423429], "data": {"selected": [0, 0, 0], "assigned": [8, 12, 13], "preselecStu": [0, 0, 0], "stuGender": [{"male": 0, "Female": 0}, {"male": 0, "Female": 0}, {"male": 0, "Female": 0}]}}