{"timestamp": [1734405296.71996, 1734467967.458564, 1734554502.030681], "data": {"selected": [0, 0, 0], "assigned": [41, 45, 48], "preselecStu": [0, 0, 0], "stuGender": [{"male": 0, "Female": 0}, {"male": 0, "Female": 0}, {"male": 0, "Female": 0}]}}