{"timestamp": [1716065060.06888, 1716496421.672244, 1725438344.694033, 1725511453.689909], "data": {"selected": [0, 0, 44, 43], "assigned": [0, 44, 2, 5], "preselecStu": [0, 0, 44, 43], "stuGender": [{"male": 0, "Female": 0}, {"male": 0, "Female": 0}, {"male": 12, "Female": 32}, {"male": 11, "Female": 32}]}}