{"timestamp": [1707578387.840069, 1707590416.059571], "data": {"selected": [16, 16], "assigned": [0, 0], "preselecStu": [16, 16], "stuGender": [{"male": 13, "Female": 3}, {"male": 13, "Female": 3}]}}