{"timestamp": [1707576901.07717, 1707588536.225502, 1707659579.514158, 1707662187.79219], "data": {"selected": [5, 5, 5, 5], "assigned": [0, 0, 0, 0], "preselecStu": [5, 5, 5, 5], "stuGender": [{"male": 4, "Female": 1}, {"male": 4, "Female": 1}, {"male": 4, "Female": 1}, {"male": 4, "Female": 1}]}}