{"timestamp": [1707542118.371939, 1707545367.490799], "data": {"selected": [196, 196], "assigned": [0, 0], "preselecStu": [1, 1], "stuGender": [{"male": 156, "Female": 40}, {"male": 156, "Female": 40}]}}