{"timestamp": [1716064101.409568, 1716495539.552332, 1725436894.60665, 1725510284.599475], "data": {"selected": [0, 0, 0, 0], "assigned": [0, 0, 5, 8], "preselecStu": [0, 0, 0, 0], "stuGender": [{"male": 0, "Female": 0}, {"male": 0, "Female": 0}, {"male": 0, "Female": 0}, {"male": 0, "Female": 0}]}}