{"timestamp": [1716065082.737406, 1716496444.444149, 1725438388.526662, 1725511477.941363], "data": {"selected": [0, 0, 46, 45], "assigned": [0, 42, 1, 2], "preselecStu": [0, 0, 46, 45], "stuGender": [{"male": 0, "Female": 0}, {"male": 0, "Female": 0}, {"male": 16, "Female": 30}, {"male": 15, "Female": 30}]}}