{"timestamp": [1716065082.737406, 1716496444.444149, 1725438388.526662], "data": {"selected": [0, 0, 46], "assigned": [0, 42, 1], "preselecStu": [0, 0, 46], "stuGender": [{"male": 0, "Female": 0}, {"male": 0, "Female": 0}, {"male": 16, "Female": 30}]}}