{"timestamp": [1716068142.839098, 1716499314.168461, 1725442714.992463, 1725515103.054603], "data": {"selected": [0, 0, 50, 49], "assigned": [0, 0, 15, 22], "preselecStu": [0, 0, 50, 49], "stuGender": [{"male": 0, "Female": 0}, {"male": 0, "Female": 0}, {"male": 33, "Female": 17}, {"male": 32, "Female": 17}]}}