{"timestamp": [1716068142.839098, 1716499314.168461, 1725442714.992463], "data": {"selected": [0, 0, 50], "assigned": [0, 0, 15], "preselecStu": [0, 0, 50], "stuGender": [{"male": 0, "Female": 0}, {"male": 0, "Female": 0}, {"male": 33, "Female": 17}]}}