{"timestamp": [1707577431.441159, 1707589153.703186, 1707659880.061887, 1707662491.676063], "data": {"selected": [30, 30, 30, 30], "assigned": [0, 0, 0, 0], "preselecStu": [30, 30, 30, 30], "stuGender": [{"male": 10, "Female": 20}, {"male": 10, "Female": 20}, {"male": 10, "Female": 20}, {"male": 10, "Female": 20}]}}