{"timestamp": [1734408333.319276, 1734470984.26509, 1734557738.249879, 1734643529.967959], "data": {"selected": [0, 0, 0, 0], "assigned": [10, 10, 10, 10], "preselecStu": [0, 0, 0, 0], "stuGender": [{"male": 0, "Female": 0}, {"male": 0, "Female": 0}, {"male": 0, "Female": 0}, {"male": 0, "Female": 0}]}}