{"timestamp": [1707541454.048211, 1707544651.938342], "data": {"selected": [22, 22], "assigned": [0, 0], "preselecStu": [22, 22], "stuGender": [{"male": 17, "Female": 5}, {"male": 17, "Female": 5}]}}