{"timestamp": [1707576500.18786, 1707588078.96226, 1707659361.196091], "data": {"selected": [22, 22, 22], "assigned": [0, 0, 0], "preselecStu": [22, 22, 22], "stuGender": [{"male": 17, "Female": 5}, {"male": 17, "Female": 5}, {"male": 17, "Female": 5}]}}