{"timestamp": [1707577053.48157, 1707588720.442385, 1707659669.124386], "data": {"selected": [58, 58, 58], "assigned": [0, 0, 0], "preselecStu": [58, 58, 58], "stuGender": [{"male": 18, "Female": 40}, {"male": 18, "Female": 40}, {"male": 18, "Female": 40}]}}