{"timestamp": [1707577590.40646, 1707589353.67764, 1707659971.090663], "data": {"selected": [13, 13, 13], "assigned": [0, 0, 0], "preselecStu": [13, 13, 13], "stuGender": [{"male": 3, "Female": 10}, {"male": 3, "Female": 10}, {"male": 3, "Female": 10}]}}