{"timestamp": [1707540933.075929, 1707544112.05062], "data": {"selected": [30, 30], "assigned": [0, 0], "preselecStu": [30, 30], "stuGender": [{"male": 10, "Female": 20}, {"male": 10, "Female": 20}]}}