{"timestamp": [1707575452.285651, 1707586794.095176, 1707658787.63112], "data": {"selected": [28, 28, 28], "assigned": [1, 1, 1], "preselecStu": [28, 28, 28], "stuGender": [{"male": 12, "Female": 17}, {"male": 12, "Female": 17}, {"male": 12, "Female": 17}]}}