{"timestamp": [1734408910.355773, 1734471531.38675, 1734558397.46586, 1734644036.704498], "data": {"selected": [0, 0, 0, 0], "assigned": [20, 21, 23, 26], "preselecStu": [0, 0, 0, 0], "stuGender": [{"male": 0, "Female": 0}, {"male": 0, "Female": 0}, {"male": 0, "Female": 0}, {"male": 0, "Female": 0}]}}