{"timestamp": [1707576420.253141, 1707587990.96934, 1707659319.498036], "data": {"selected": [4, 4, 4], "assigned": [0, 0, 0], "preselecStu": [4, 4, 4], "stuGender": [{"male": 4, "Female": 0}, {"male": 4, "Female": 0}, {"male": 4, "Female": 0}]}}