{"timestamp": [1734409710.226534, 1734472292.796284, 1734559280.261844, 1734644711.895723], "data": {"selected": [0, 0, 0, 0], "assigned": [65, 79, 93, 106], "preselecStu": [0, 0, 0, 0], "stuGender": [{"male": 0, "Female": 0}, {"male": 0, "Female": 0}, {"male": 0, "Female": 0}, {"male": 0, "Female": 0}]}}