{"timestamp": [1707578127.503271, 1707590066.423767], "data": {"selected": [52, 52], "assigned": [0, 0], "preselecStu": [52, 52], "stuGender": [{"male": 35, "Female": 17}, {"male": 35, "Female": 17}]}}