{"timestamp": [1734409212.299405, 1734471831.499843], "data": {"selected": [0, 0], "assigned": [16, 16], "preselecStu": [0, 0], "stuGender": [{"male": 0, "Female": 0}, {"male": 0, "Female": 0}]}}