{"timestamp": [1734405303.625828, 1734467984.132273], "data": {"selected": [0, 0], "assigned": [37, 38], "preselecStu": [0, 0], "stuGender": [{"male": 0, "Female": 0}, {"male": 0, "Female": 0}]}}