{"timestamp": [1734405303.625828, 1734467984.132273, 1734554509.107795], "data": {"selected": [0, 0, 0], "assigned": [37, 38, 44], "preselecStu": [0, 0, 0], "stuGender": [{"male": 0, "Female": 0}, {"male": 0, "Female": 0}, {"male": 0, "Female": 0}]}}