{"timestamp": [1716067100.08913, 1716498344.311883, 1725441331.070801, 1725513860.62905], "data": {"selected": [0, 0, 128, 128], "assigned": [0, 0, 0, 0], "preselecStu": [0, 0, 128, 128], "stuGender": [{"male": 0, "Female": 0}, {"male": 0, "Female": 0}, {"male": 58, "Female": 70}, {"male": 58, "Female": 70}]}}