{"timestamp": [1734409285.271303, 1734471909.319129, 1734558823.008429, 1734644353.8961], "data": {"selected": [0, 0, 0, 0], "assigned": [7, 7, 10, 10], "preselecStu": [0, 0, 0, 0], "stuGender": [{"male": 0, "Female": 0}, {"male": 0, "Female": 0}, {"male": 0, "Female": 0}, {"male": 0, "Female": 0}]}}