{"timestamp": [1716067247.793772, 1716498480.795893, 1725441500.67145], "data": {"selected": [0, 0, 12], "assigned": [0, 0, 1], "preselecStu": [0, 0, 12], "stuGender": [{"male": 0, "Female": 0}, {"male": 0, "Female": 0}, {"male": 4, "Female": 8}]}}