{"timestamp": [1707541132.421923, 1707544313.260717], "data": {"selected": [50, 50], "assigned": [0, 0], "preselecStu": [50, 50], "stuGender": [{"male": 36, "Female": 14}, {"male": 36, "Female": 14}]}}