{"timestamp": [1707575926.932678, 1707587340.065564], "data": {"selected": [12, 12], "assigned": [0, 0], "preselecStu": [12, 12], "stuGender": [{"male": 9, "Female": 3}, {"male": 9, "Female": 3}]}}