{"timestamp": [1716066767.267564, 1716498012.148612, 1725440899.714015], "data": {"selected": [0, 0, 68], "assigned": [0, 49, 4], "preselecStu": [0, 0, 68], "stuGender": [{"male": 0, "Female": 0}, {"male": 0, "Female": 0}, {"male": 43, "Female": 25}]}}