{"timestamp": [1707575412.805051, 1707586746.592779, 1707658764.749988, 1707661364.213478], "data": {"selected": [58, 58, 58, 58], "assigned": [0, 0, 0, 0], "preselecStu": [58, 58, 58, 58], "stuGender": [{"male": 41, "Female": 17}, {"male": 41, "Female": 17}, {"male": 41, "Female": 17}, {"male": 41, "Female": 17}]}}