{"timestamp": [1707540864.026391, 1707544043.057926], "data": {"selected": [58, 58], "assigned": [0, 0], "preselecStu": [58, 58], "stuGender": [{"male": 41, "Female": 17}, {"male": 41, "Female": 17}]}}