{"timestamp": [1716066106.806004, 1716497384.18603, 1725439891.410502, 1725512692.302737], "data": {"selected": [0, 0, 8, 8], "assigned": [0, 0, 9, 10], "preselecStu": [0, 0, 8, 8], "stuGender": [{"male": 0, "Female": 0}, {"male": 0, "Female": 0}, {"male": 2, "Female": 6}, {"male": 2, "Female": 6}]}}