{"timestamp": [1707578401.813645, 1707590431.627165, 1707660403.337727, 1707663019.198199], "data": {"selected": [17, 17, 17, 17], "assigned": [0, 0, 0, 0], "preselecStu": [17, 17, 17, 17], "stuGender": [{"male": 14, "Female": 3}, {"male": 14, "Female": 3}, {"male": 14, "Female": 3}, {"male": 14, "Female": 3}]}}