{"timestamp": [1707542484.687409, 1707545763.769039], "data": {"selected": [17, 17], "assigned": [0, 0], "preselecStu": [17, 17], "stuGender": [{"male": 14, "Female": 3}, {"male": 14, "Female": 3}]}}