{"timestamp": [1734410046.1437, 1734472598.949202, 1734559564.895444], "data": {"selected": [0, 0, 0], "assigned": [41, 47, 59], "preselecStu": [0, 0, 0], "stuGender": [{"male": 0, "Female": 0}, {"male": 0, "Female": 0}, {"male": 0, "Female": 0}]}}