{"timestamp": [1716068291.301727, 1716499443.48467, 1725442870.590477], "data": {"selected": [0, 0, 28], "assigned": [0, 0, 2], "preselecStu": [0, 0, 28], "stuGender": [{"male": 0, "Female": 0}, {"male": 0, "Female": 0}, {"male": 17, "Female": 11}]}}