{"timestamp": [1716068291.301727, 1716499443.48467, 1725442870.590477, 1725515279.115039], "data": {"selected": [0, 0, 28, 26], "assigned": [0, 0, 2, 4], "preselecStu": [0, 0, 28, 26], "stuGender": [{"male": 0, "Female": 0}, {"male": 0, "Female": 0}, {"male": 17, "Female": 11}, {"male": 16, "Female": 10}]}}