{"timestamp": [1716068518.109227, 1716499657.612029, 1725443125.214808], "data": {"selected": [0, 0, 10], "assigned": [0, 0, 0], "preselecStu": [0, 0, 0], "stuGender": [{"male": 0, "Female": 0}, {"male": 0, "Female": 0}, {"male": 5, "Female": 5}]}}