{"timestamp": [1707575211.578948, 1707586505.982542, 1707658647.311929, 1707661247.322295], "data": {"selected": [42, 42, 42, 42], "assigned": [0, 0, 0, 0], "preselecStu": [0, 0, 0, 0], "stuGender": [{"male": 34, "Female": 8}, {"male": 34, "Female": 8}, {"male": 34, "Female": 8}, {"male": 34, "Female": 8}]}}