{"timestamp": [1734409767.50328, 1734472323.376897, 1734559311.441936], "data": {"selected": [0, 0, 0], "assigned": [72, 72, 74], "preselecStu": [0, 0, 0], "stuGender": [{"male": 0, "Female": 0}, {"male": 0, "Female": 0}, {"male": 0, "Female": 0}]}}