{"timestamp": [1734408284.835345, 1734470951.869907, 1734557703.573465, 1734643499.445142], "data": {"selected": [0, 0, 0, 0], "assigned": [1, 1, 1, 1], "preselecStu": [0, 0, 0, 0], "stuGender": [{"male": 0, "Female": 0}, {"male": 0, "Female": 0}, {"male": 0, "Female": 0}, {"male": 0, "Female": 0}]}}