{"timestamp": [1734409615.495489, 1734472233.036121], "data": {"selected": [0, 0], "assigned": [25, 30], "preselecStu": [0, 0], "stuGender": [{"male": 0, "Female": 0}, {"male": 0, "Female": 0}]}}