{"timestamp": [1734409615.495489, 1734472233.036121, 1734559200.864457, 1734644644.818468], "data": {"selected": [0, 0, 0, 0], "assigned": [25, 30, 34, 37], "preselecStu": [0, 0, 0, 0], "stuGender": [{"male": 0, "Female": 0}, {"male": 0, "Female": 0}, {"male": 0, "Female": 0}, {"male": 0, "Female": 0}]}}