{"timestamp": [1734410650.185672, 1734473178.043527, 1734560157.728837, 1734645551.595944], "data": {"selected": [0, 0, 0, 0], "assigned": [6, 6, 8, 8], "preselecStu": [0, 0, 0, 0], "stuGender": [{"male": 0, "Female": 0}, {"male": 0, "Female": 0}, {"male": 0, "Female": 0}, {"male": 0, "Female": 0}]}}