{"timestamp": [1707542611.650307, 1707545886.936491], "data": {"selected": [22, 22], "assigned": [0, 0], "preselecStu": [22, 22], "stuGender": [{"male": 10, "Female": 12}, {"male": 10, "Female": 12}]}}