{"timestamp": [1716068501.970115, 1716499642.317515, 1725443106.963862, 1725515515.262638], "data": {"selected": [0, 0, 2, 1], "assigned": [0, 0, 2, 1], "preselecStu": [0, 0, 2, 1], "stuGender": [{"male": 0, "Female": 0}, {"male": 0, "Female": 0}, {"male": 2, "Female": 0}, {"male": 1, "Female": 0}]}}