{"timestamp": [1716068501.970115, 1716499642.317515, 1725443106.963862], "data": {"selected": [0, 0, 2], "assigned": [0, 0, 2], "preselecStu": [0, 0, 2], "stuGender": [{"male": 0, "Female": 0}, {"male": 0, "Female": 0}, {"male": 2, "Female": 0}]}}