{"timestamp": [1707540846.995496, 1707544025.436443], "data": {"selected": [20, 20], "assigned": [0, 0], "preselecStu": [20, 20], "stuGender": [{"male": 6, "Female": 14}, {"male": 6, "Female": 14}]}}