{"timestamp": [1716063814.00813, 1716495272.884229, 1725436487.666118, 1725509945.951176], "data": {"selected": [0, 0, 39, 39], "assigned": [0, 0, 27, 48], "preselecStu": [0, 0, 39, 39], "stuGender": [{"male": 0, "Female": 0}, {"male": 0, "Female": 0}, {"male": 5, "Female": 34}, {"male": 5, "Female": 34}]}}