{"timestamp": [1707576676.368885, 1707588273.073351, 1707659457.89767, 1707662062.027228], "data": {"selected": [57, 57, 57, 57], "assigned": [0, 0, 0, 0], "preselecStu": [57, 57, 57, 57], "stuGender": [{"male": 50, "Female": 7}, {"male": 50, "Female": 7}, {"male": 50, "Female": 7}, {"male": 50, "Female": 7}]}}