{"timestamp": [1707541548.149692, 1707544752.261341], "data": {"selected": [57, 57], "assigned": [0, 0], "preselecStu": [57, 57], "stuGender": [{"male": 50, "Female": 7}, {"male": 50, "Female": 7}]}}