{"timestamp": [1716065615.224506, 1716496931.990751, 1725439139.421226], "data": {"selected": [0, 0, 16], "assigned": [0, 0, 3], "preselecStu": [0, 0, 16], "stuGender": [{"male": 0, "Female": 0}, {"male": 0, "Female": 0}, {"male": 10, "Female": 6}]}}