{"timestamp": [1707542189.737066, 1707545449.799215], "data": {"selected": [26, 26], "assigned": [0, 0], "preselecStu": [26, 26], "stuGender": [{"male": 18, "Female": 8}, {"male": 18, "Female": 8}]}}