{"timestamp": [1707577874.759424, 1707589745.700562], "data": {"selected": [26, 26], "assigned": [0, 0], "preselecStu": [26, 26], "stuGender": [{"male": 18, "Female": 8}, {"male": 18, "Female": 8}]}}