{"timestamp": [1707541771.888498, 1707545001.024697], "data": {"selected": [50, 50], "assigned": [1, 1], "preselecStu": [50, 50], "stuGender": [{"male": 20, "Female": 31}, {"male": 20, "Female": 31}]}}