{"timestamp": [1707577146.436115, 1707588832.623843, 1707659723.118019, 1707662332.789738], "data": {"selected": [58, 58, 58, 58], "assigned": [0, 0, 0, 0], "preselecStu": [58, 58, 58, 58], "stuGender": [{"male": 28, "Female": 30}, {"male": 28, "Female": 30}, {"male": 28, "Female": 30}, {"male": 28, "Female": 30}]}}