{"timestamp": [1707540600.509481, 1707543774.566059], "data": {"selected": [42, 42], "assigned": [0, 0], "preselecStu": [42, 42], "stuGender": [{"male": 28, "Female": 14}, {"male": 28, "Female": 14}]}}