{"timestamp": [1734406959.935703, 1734469710.745234, 1734556283.985212], "data": {"selected": [43, 42, 42], "assigned": [17, 20, 25], "preselecStu": [0, 0, 0], "stuGender": [{"male": 30, "Female": 13}, {"male": 30, "Female": 12}, {"male": 30, "Female": 12}]}}