{"timestamp": [1716067459.855495, 1716498695.134934, 1725441845.102323, 1725514284.357081], "data": {"selected": [0, 0, 60, 60], "assigned": [0, 0, 16, 25], "preselecStu": [0, 0, 60, 60], "stuGender": [{"male": 0, "Female": 0}, {"male": 0, "Female": 0}, {"male": 25, "Female": 35}, {"male": 25, "Female": 35}]}}