{"timestamp": [1707576692.097102, 1707588292.505076, 1707659466.566529, 1707662070.727436], "data": {"selected": [50, 50, 50, 50], "assigned": [0, 0, 0, 0], "preselecStu": [50, 50, 50, 50], "stuGender": [{"male": 39, "Female": 11}, {"male": 39, "Female": 11}, {"male": 39, "Female": 11}, {"male": 39, "Female": 11}]}}