{"timestamp": [1707541556.557603, 1707544761.92792], "data": {"selected": [50, 50], "assigned": [0, 0], "preselecStu": [50, 50], "stuGender": [{"male": 39, "Female": 11}, {"male": 39, "Female": 11}]}}