{"timestamp": [1707577802.024655, 1707589625.404641, 1707660090.653966], "data": {"selected": [60, 60, 60], "assigned": [0, 0, 0], "preselecStu": [60, 60, 60], "stuGender": [{"male": 50, "Female": 10}, {"male": 50, "Female": 10}, {"male": 50, "Female": 10}]}}