{"timestamp": [1707542154.657109, 1707545411.603298], "data": {"selected": [60, 60], "assigned": [0, 0], "preselecStu": [60, 60], "stuGender": [{"male": 50, "Female": 10}, {"male": 50, "Female": 10}]}}