{"timestamp": [1734406703.196901, 1734469452.951588, 1734556021.386458, 1734642134.573237], "data": {"selected": [0, 0, 0, 0], "assigned": [2, 2, 3, 3], "preselecStu": [0, 0, 0, 0], "stuGender": [{"male": 0, "Female": 0}, {"male": 0, "Female": 0}, {"male": 0, "Female": 0}, {"male": 0, "Female": 0}]}}