{"timestamp": [1734404882.53418, 1734467529.7357, 1734554005.058801, 1734640321.936764], "data": {"selected": [0, 0, 0, 0], "assigned": [201, 228, 261, 296], "preselecStu": [0, 0, 0, 0], "stuGender": [{"male": 0, "Female": 0}, {"male": 0, "Female": 0}, {"male": 0, "Female": 0}, {"male": 0, "Female": 0}]}}