{"timestamp": [1734410129.860505, 1734472685.387546, 1734559650.87087], "data": {"selected": [0, 0, 0], "assigned": [4, 5, 5], "preselecStu": [0, 0, 0], "stuGender": [{"male": 0, "Female": 0}, {"male": 0, "Female": 0}, {"male": 0, "Female": 0}]}}