{"timestamp": [1734405773.709017, 1734468495.61687, 1734554989.764261, 1734641248.661774], "data": {"selected": [0, 0, 0, 0], "assigned": [71, 74, 92, 98], "preselecStu": [0, 0, 0, 0], "stuGender": [{"male": 0, "Female": 0}, {"male": 0, "Female": 0}, {"male": 0, "Female": 0}, {"male": 0, "Female": 0}]}}