{"timestamp": [1707540666.229073, 1707543843.446674], "data": {"selected": [50, 50], "assigned": [0, 0], "preselecStu": [50, 50], "stuGender": [{"male": 31, "Female": 19}, {"male": 31, "Female": 19}]}}