{"timestamp": [1734408487.155719, 1734471124.506147], "data": {"selected": [0, 0], "assigned": [108, 109], "preselecStu": [0, 0], "stuGender": [{"male": 0, "Female": 0}, {"male": 0, "Female": 0}]}}