{"timestamp": [1734408487.155719, 1734471124.506147, 1734557892.476494], "data": {"selected": [0, 0, 0], "assigned": [108, 109, 110], "preselecStu": [0, 0, 0], "stuGender": [{"male": 0, "Female": 0}, {"male": 0, "Female": 0}, {"male": 0, "Female": 0}]}}