{"timestamp": [1716064370.076095, 1716495803.008128, 1725437329.745681], "data": {"selected": [0, 0, 76], "assigned": [0, 0, 75], "preselecStu": [0, 0, 76], "stuGender": [{"male": 0, "Female": 0}, {"male": 0, "Female": 0}, {"male": 39, "Female": 37}]}}