{"timestamp": [1716064370.076095, 1716495803.008128, 1725437329.745681, 1725510622.493616], "data": {"selected": [0, 0, 76, 71], "assigned": [0, 0, 75, 136], "preselecStu": [0, 0, 76, 71], "stuGender": [{"male": 0, "Female": 0}, {"male": 0, "Female": 0}, {"male": 39, "Female": 37}, {"male": 38, "Female": 33}]}}