{"timestamp": [1734407123.193024, 1734469870.413515, 1734556469.643675, 1734642473.713399], "data": {"selected": [0, 0, 0, 0], "assigned": [53, 54, 57, 58], "preselecStu": [0, 0, 0, 0], "stuGender": [{"male": 0, "Female": 0}, {"male": 0, "Female": 0}, {"male": 0, "Female": 0}, {"male": 0, "Female": 0}]}}