{"timestamp": [1734407123.193024, 1734469870.413515, 1734556469.643675], "data": {"selected": [0, 0, 0], "assigned": [53, 54, 57], "preselecStu": [0, 0, 0], "stuGender": [{"male": 0, "Female": 0}, {"male": 0, "Female": 0}, {"male": 0, "Female": 0}]}}