{"timestamp": [1734407123.193024, 1734469870.413515], "data": {"selected": [0, 0], "assigned": [53, 54], "preselecStu": [0, 0], "stuGender": [{"male": 0, "Female": 0}, {"male": 0, "Female": 0}]}}