{"timestamp": [1734407052.478723, 1734469810.18942, 1734556392.048033], "data": {"selected": [0, 0, 0], "assigned": [4, 4, 4], "preselecStu": [0, 0, 0], "stuGender": [{"male": 0, "Female": 0}, {"male": 0, "Female": 0}, {"male": 0, "Female": 0}]}}