{"timestamp": [1716065250.199643, 1716496579.649002, 1725438581.373126], "data": {"selected": [0, 0, 19], "assigned": [0, 0, 10], "preselecStu": [0, 0, 19], "stuGender": [{"male": 0, "Female": 0}, {"male": 0, "Female": 0}, {"male": 7, "Female": 12}]}}