{"timestamp": [1716063855.772875, 1716495320.089648, 1725436557.670985, 1725510021.535768], "data": {"selected": [0, 0, 42, 40], "assigned": [0, 0, 36, 76], "preselecStu": [0, 0, 42, 40], "stuGender": [{"male": 0, "Female": 0}, {"male": 0, "Female": 0}, {"male": 34, "Female": 8}, {"male": 33, "Female": 7}]}}