{"timestamp": [1716063855.772875, 1716495320.089648, 1725436557.670985], "data": {"selected": [0, 0, 42], "assigned": [0, 0, 36], "preselecStu": [0, 0, 42], "stuGender": [{"male": 0, "Female": 0}, {"male": 0, "Female": 0}, {"male": 34, "Female": 8}]}}