{"timestamp": [1707540757.473602, 1707543936.040822], "data": {"selected": [43, 43], "assigned": [0, 0], "preselecStu": [0, 0], "stuGender": [{"male": 29, "Female": 14}, {"male": 29, "Female": 14}]}}