{"timestamp": [1734407709.876709, 1734470412.798398, 1734557083.005149, 1734642966.315451], "data": {"selected": [0, 0, 0, 0], "assigned": [24, 24, 25, 25], "preselecStu": [0, 0, 0, 0], "stuGender": [{"male": 0, "Female": 0}, {"male": 0, "Female": 0}, {"male": 0, "Female": 0}, {"male": 0, "Female": 0}]}}