{"timestamp": [1707576589.936943, 1707588185.587975], "data": {"selected": [124, 124], "assigned": [0, 0], "preselecStu": [3, 3], "stuGender": [{"male": 87, "Female": 37}, {"male": 87, "Female": 37}]}}