{"timestamp": [1734407516.396119, 1734470246.488812, 1734556902.577057], "data": {"selected": [0, 0, 0], "assigned": [5, 7, 7], "preselecStu": [0, 0, 0], "stuGender": [{"male": 0, "Female": 0}, {"male": 0, "Female": 0}, {"male": 0, "Female": 0}]}}