{"timestamp": [1716068667.704438, 1716499787.516739, 1725443280.924033, 1725515678.178713], "data": {"selected": [0, 0, 36, 35], "assigned": [0, 0, 3, 13], "preselecStu": [0, 0, 36, 35], "stuGender": [{"male": 0, "Female": 0}, {"male": 0, "Female": 0}, {"male": 23, "Female": 13}, {"male": 22, "Female": 13}]}}