{"timestamp": [1734406629.65892, 1734469380.457463, 1734555922.050866, 1734642058.879529], "data": {"selected": [0, 0, 0, 0], "assigned": [12, 14, 14, 14], "preselecStu": [0, 0, 0, 0], "stuGender": [{"male": 0, "Female": 0}, {"male": 0, "Female": 0}, {"male": 0, "Female": 0}, {"male": 0, "Female": 0}]}}