{"timestamp": [1707541860.020123, 1707545090.384554], "data": {"selected": [60, 60], "assigned": [0, 0], "preselecStu": [60, 60], "stuGender": [{"male": 38, "Female": 22}, {"male": 38, "Female": 22}]}}