{"timestamp": [1716068313.255129, 1716499465.99994, 1725442896.333786], "data": {"selected": [0, 0, 4], "assigned": [0, 0, 0], "preselecStu": [0, 0, 4], "stuGender": [{"male": 0, "Female": 0}, {"male": 0, "Female": 0}, {"male": 2, "Female": 2}]}}