{"timestamp": [1716068313.255129, 1716499465.99994, 1725442896.333786, 1725515304.502442], "data": {"selected": [0, 0, 4, 4], "assigned": [0, 0, 0, 1], "preselecStu": [0, 0, 4, 4], "stuGender": [{"male": 0, "Female": 0}, {"male": 0, "Female": 0}, {"male": 2, "Female": 2}, {"male": 2, "Female": 2}]}}