{"timestamp": [1707575121.84406, 1707586397.444108], "data": {"selected": [50, 50], "assigned": [0, 0], "preselecStu": [50, 50], "stuGender": [{"male": 34, "Female": 16}, {"male": 34, "Female": 16}]}}