{"timestamp": [1707540697.97961, 1707543876.768898], "data": {"selected": [50, 50], "assigned": [0, 0], "preselecStu": [50, 50], "stuGender": [{"male": 34, "Female": 16}, {"male": 34, "Female": 16}]}}