{"timestamp": [1734406363.196247, 1734469096.402594, 1734555608.639096], "data": {"selected": [0, 0, 0], "assigned": [47, 47, 48], "preselecStu": [0, 0, 0], "stuGender": [{"male": 0, "Female": 0}, {"male": 0, "Female": 0}, {"male": 0, "Female": 0}]}}