{"timestamp": [1734406363.196247, 1734469096.402594], "data": {"selected": [0, 0], "assigned": [47, 47], "preselecStu": [0, 0], "stuGender": [{"male": 0, "Female": 0}, {"male": 0, "Female": 0}]}}