{"timestamp": [1716067283.771964, 1716498516.637876, 1725441586.102239, 1725514076.279318], "data": {"selected": [0, 0, 73, 73], "assigned": [0, 0, 11, 17], "preselecStu": [0, 0, 0, 0], "stuGender": [{"male": 0, "Female": 0}, {"male": 0, "Female": 0}, {"male": 37, "Female": 36}, {"male": 37, "Female": 36}]}}