{"timestamp": [1707541530.462492, 1707544735.185778], "data": {"selected": [59, 59], "assigned": [0, 0], "preselecStu": [59, 59], "stuGender": [{"male": 50, "Female": 9}, {"male": 50, "Female": 9}]}}