{"timestamp": [1734407727.853606, 1734470429.423716, 1734557101.146918, 1734642982.78003], "data": {"selected": [0, 0, 0, 0], "assigned": [8, 9, 10, 16], "preselecStu": [0, 0, 0, 0], "stuGender": [{"male": 0, "Female": 0}, {"male": 0, "Female": 0}, {"male": 0, "Female": 0}, {"male": 0, "Female": 0}]}}