{"timestamp": [1734410148.033908, 1734472694.654234, 1734559660.349498], "data": {"selected": [0, 0, 0], "assigned": [3, 3, 4], "preselecStu": [0, 0, 0], "stuGender": [{"male": 0, "Female": 0}, {"male": 0, "Female": 0}, {"male": 0, "Female": 0}]}}