{"timestamp": [1716067959.431391, 1716499149.372249, 1725442450.513847], "data": {"selected": [0, 0, 49], "assigned": [0, 0, 38], "preselecStu": [0, 0, 0], "stuGender": [{"male": 0, "Female": 0}, {"male": 0, "Female": 0}, {"male": 39, "Female": 10}]}}