{"timestamp": [1734407334.711046, 1734470070.164127], "data": {"selected": [0, 0], "assigned": [52, 52], "preselecStu": [0, 0], "stuGender": [{"male": 0, "Female": 0}, {"male": 0, "Female": 0}]}}