{"timestamp": [1707578167.743932, 1707590130.687363], "data": {"selected": [53, 53], "assigned": [0, 0], "preselecStu": [53, 53], "stuGender": [{"male": 36, "Female": 17}, {"male": 36, "Female": 17}]}}