{"timestamp": [1707542348.569819, 1707545622.697791], "data": {"selected": [53, 53], "assigned": [0, 0], "preselecStu": [53, 53], "stuGender": [{"male": 36, "Female": 17}, {"male": 36, "Female": 17}]}}