{"timestamp": [1716067963.736564, 1716499153.691429, 1725442456.656238], "data": {"selected": [0, 0, 65], "assigned": [0, 0, 10], "preselecStu": [0, 0, 51], "stuGender": [{"male": 0, "Female": 0}, {"male": 0, "Female": 0}, {"male": 51, "Female": 14}]}}