{"timestamp": [1734405957.973996, 1734468683.65612, 1734555194.474964], "data": {"selected": [0, 0, 0], "assigned": [11, 15, 16], "preselecStu": [0, 0, 0], "stuGender": [{"male": 0, "Female": 0}, {"male": 0, "Female": 0}, {"male": 0, "Female": 0}]}}