{"timestamp": [1734408966.265495, 1734471575.558093, 1734558442.280396], "data": {"selected": [0, 0, 0], "assigned": [97, 100, 101], "preselecStu": [0, 0, 0], "stuGender": [{"male": 0, "Female": 0}, {"male": 0, "Female": 0}, {"male": 0, "Female": 0}]}}