{"timestamp": [1734408966.265495, 1734471575.558093], "data": {"selected": [0, 0], "assigned": [97, 100], "preselecStu": [0, 0], "stuGender": [{"male": 0, "Female": 0}, {"male": 0, "Female": 0}]}}