{"timestamp": [1725444111.176295, 1725516502.398033, 1725603055.148931], "data": {"selected": [0, 0, 7], "assigned": [6, 7, 0], "preselecStu": [0, 0, 0], "stuGender": [{"male": 0, "Female": 0}, {"male": 0, "Female": 0}, {"male": 4, "Female": 3}]}}