{"timestamp": [1734411010.620962, 1734473498.475195, 1734560481.494517, 1734645889.977931], "data": {"selected": [0, 0, 0, 0], "assigned": [5, 5, 7, 10], "preselecStu": [0, 0, 0, 0], "stuGender": [{"male": 0, "Female": 0}, {"male": 0, "Female": 0}, {"male": 0, "Female": 0}, {"male": 0, "Female": 0}]}}