{"timestamp": [1734407035.01512, 1734469785.195867, 1734556368.356754, 1734642412.189122], "data": {"selected": [0, 0, 0, 0], "assigned": [14, 14, 15, 15], "preselecStu": [0, 0, 0, 0], "stuGender": [{"male": 0, "Female": 0}, {"male": 0, "Female": 0}, {"male": 0, "Female": 0}, {"male": 0, "Female": 0}]}}