{"timestamp": [1716063647.735142, 1716495125.661349, 1725436272.287625, 1725509749.185284], "data": {"selected": [0, 0, 60, 60], "assigned": [0, 0, 0, 1], "preselecStu": [0, 0, 0, 0], "stuGender": [{"male": 0, "Female": 0}, {"male": 0, "Female": 0}, {"male": 49, "Female": 11}, {"male": 49, "Female": 11}]}}