{"timestamp": [1716063647.735142, 1716495125.661349, 1725436272.287625], "data": {"selected": [0, 0, 60], "assigned": [0, 0, 0], "preselecStu": [0, 0, 0], "stuGender": [{"male": 0, "Female": 0}, {"male": 0, "Female": 0}, {"male": 49, "Female": 11}]}}