{"timestamp": [1707542078.970298, 1707545326.841188], "data": {"selected": [75, 75], "assigned": [0, 0], "preselecStu": [75, 75], "stuGender": [{"male": 65, "Female": 10}, {"male": 65, "Female": 10}]}}