{"timestamp": [1716066556.728608, 1716497801.197533, 1725440565.869726, 1725513190.531125], "data": {"selected": [0, 0, 70, 70], "assigned": [0, 63, 0, 0], "preselecStu": [0, 0, 70, 70], "stuGender": [{"male": 0, "Female": 0}, {"male": 0, "Female": 0}, {"male": 62, "Female": 8}, {"male": 62, "Female": 8}]}}