{"timestamp": [1734405965.782604, 1734468690.758351], "data": {"selected": [0, 0], "assigned": [40, 47], "preselecStu": [0, 0], "stuGender": [{"male": 0, "Female": 0}, {"male": 0, "Female": 0}]}}