{"timestamp": [1734407023.338332, 1734469775.864886, 1734556358.827727, 1734642403.410983], "data": {"selected": [0, 0, 0, 0], "assigned": [1, 0, 0, 0], "preselecStu": [0, 0, 0, 0], "stuGender": [{"male": 0, "Female": 0}, {"male": 0, "Female": 0}, {"male": 0, "Female": 0}, {"male": 0, "Female": 0}]}}