{"timestamp": [1707576296.516368, 1707587819.494124], "data": {"selected": [58, 58], "assigned": [0, 0], "preselecStu": [58, 58], "stuGender": [{"male": 39, "Female": 19}, {"male": 39, "Female": 19}]}}