{"timestamp": [1716063898.214638, 1716495363.287932, 1725436620.888837, 1725510079.724539], "data": {"selected": [0, 0, 38, 36], "assigned": [0, 0, 13, 24], "preselecStu": [0, 0, 38, 36], "stuGender": [{"male": 0, "Female": 0}, {"male": 0, "Female": 0}, {"male": 14, "Female": 24}, {"male": 14, "Female": 22}]}}