{"timestamp": [1716068707.442471, 1716499828.913937, 1725443328.606086, 1725515725.722243], "data": {"selected": [0, 0, 4, 4], "assigned": [0, 0, 2, 3], "preselecStu": [0, 0, 4, 4], "stuGender": [{"male": 0, "Female": 0}, {"male": 0, "Female": 0}, {"male": 3, "Female": 1}, {"male": 3, "Female": 1}]}}