{"timestamp": [1707578238.500582, 1707590217.417267, 1707660317.49431, 1707662929.143096], "data": {"selected": [8, 8, 8, 8], "assigned": [0, 0, 0, 0], "preselecStu": [8, 8, 8, 8], "stuGender": [{"male": 2, "Female": 6}, {"male": 2, "Female": 6}, {"male": 2, "Female": 6}, {"male": 2, "Female": 6}]}}