{"timestamp": [1716068628.160379, 1716499750.851473, 1725443239.131898], "data": {"selected": [0, 0, 30], "assigned": [0, 0, 7], "preselecStu": [0, 0, 0], "stuGender": [{"male": 0, "Female": 0}, {"male": 0, "Female": 0}, {"male": 23, "Female": 7}]}}