{"timestamp": [1734406372.718504, 1734469106.90378, 1734555618.383009], "data": {"selected": [0, 0, 0], "assigned": [30, 32, 38], "preselecStu": [0, 0, 0], "stuGender": [{"male": 0, "Female": 0}, {"male": 0, "Female": 0}, {"male": 0, "Female": 0}]}}