{"timestamp": [1734406498.780531, 1734469239.678652, 1734555787.413273, 1734641932.069834], "data": {"selected": [0, 0, 0, 0], "assigned": [30, 32, 32, 34], "preselecStu": [0, 0, 0, 0], "stuGender": [{"male": 0, "Female": 0}, {"male": 0, "Female": 0}, {"male": 0, "Female": 0}, {"male": 0, "Female": 0}]}}