{"timestamp": [1734406212.544949, 1734468954.400822], "data": {"selected": [0, 0], "assigned": [52, 56], "preselecStu": [0, 0], "stuGender": [{"male": 0, "Female": 0}, {"male": 0, "Female": 0}]}}