{"timestamp": [1734410822.260373, 1734473325.052358, 1734560307.386494], "data": {"selected": [0, 0, 0], "assigned": [18, 19, 27], "preselecStu": [0, 0, 0], "stuGender": [{"male": 0, "Female": 0}, {"male": 0, "Female": 0}, {"male": 0, "Female": 0}]}}