{"timestamp": [1734408581.432253, 1734471226.232916], "data": {"selected": [0, 0], "assigned": [45, 54], "preselecStu": [0, 0], "stuGender": [{"male": 0, "Female": 0}, {"male": 0, "Female": 0}]}}