{"timestamp": [1734408581.432253, 1734471226.232916, 1734558016.157669, 1734643765.032331], "data": {"selected": [0, 0, 0, 0], "assigned": [45, 54, 75, 83], "preselecStu": [0, 0, 0, 0], "stuGender": [{"male": 0, "Female": 0}, {"male": 0, "Female": 0}, {"male": 0, "Female": 0}, {"male": 0, "Female": 0}]}}