{"timestamp": [1716066736.063186, 1716497982.250941, 1725440840.396946], "data": {"selected": [0, 0, 10], "assigned": [0, 0, 10], "preselecStu": [0, 0, 10], "stuGender": [{"male": 0, "Female": 0}, {"male": 0, "Female": 0}, {"male": 8, "Female": 2}]}}