{"timestamp": [1734405842.214676, 1734468573.487398, 1734555077.720561, 1734641315.111545], "data": {"selected": [43, 43, 43, 43], "assigned": [0, 0, 0, 0], "preselecStu": [0, 0, 0, 0], "stuGender": [{"male": 31, "Female": 12}, {"male": 31, "Female": 12}, {"male": 31, "Female": 12}, {"male": 31, "Female": 12}]}}