{"timestamp": [1707541731.324369, 1707544959.032696], "data": {"selected": [18, 18], "assigned": [0, 0], "preselecStu": [18, 18], "stuGender": [{"male": 17, "Female": 1}, {"male": 17, "Female": 1}]}}