{"timestamp": [1707577022.620664, 1707588684.182667], "data": {"selected": [18, 18], "assigned": [0, 0], "preselecStu": [18, 18], "stuGender": [{"male": 17, "Female": 1}, {"male": 17, "Female": 1}]}}