{"timestamp": [1716066530.287637, 1716497772.600157, 1725440513.076517], "data": {"selected": [0, 0, 55], "assigned": [0, 45, 6], "preselecStu": [0, 0, 55], "stuGender": [{"male": 0, "Female": 0}, {"male": 0, "Female": 0}, {"male": 46, "Female": 9}]}}