{"timestamp": [1734408004.406666, 1734470685.940043, 1734557395.073754, 1734643238.797333], "data": {"selected": [0, 0, 0, 0], "assigned": [7, 7, 10, 12], "preselecStu": [0, 0, 0, 0], "stuGender": [{"male": 0, "Female": 0}, {"male": 0, "Female": 0}, {"male": 0, "Female": 0}, {"male": 0, "Female": 0}]}}