{"timestamp": [1734404865.993825, 1734467501.721581], "data": {"selected": [0, 0], "assigned": [132, 144], "preselecStu": [0, 0], "stuGender": [{"male": 0, "Female": 0}, {"male": 0, "Female": 0}]}}