{"timestamp": [1734404865.993825, 1734467501.721581, 1734553987.865195, 1734640298.727882], "data": {"selected": [0, 0, 0, 0], "assigned": [132, 144, 160, 183], "preselecStu": [0, 0, 0, 0], "stuGender": [{"male": 0, "Female": 0}, {"male": 0, "Female": 0}, {"male": 0, "Female": 0}, {"male": 0, "Female": 0}]}}