{"timestamp": [1716064942.674854, 1716496307.095249, 1725438138.612348], "data": {"selected": [0, 0, 0], "assigned": [0, 0, 61], "preselecStu": [0, 0, 0], "stuGender": [{"male": 0, "Female": 0}, {"male": 0, "Female": 0}, {"male": 0, "Female": 0}]}}