{"timestamp": [1734408424.089471, 1734471067.515478, 1734557828.591994], "data": {"selected": [0, 0, 0], "assigned": [86, 89, 91], "preselecStu": [0, 0, 0], "stuGender": [{"male": 0, "Female": 0}, {"male": 0, "Female": 0}, {"male": 0, "Female": 0}]}}