{"timestamp": [1707541288.212598, 1707544473.819374], "data": {"selected": [42, 42], "assigned": [0, 0], "preselecStu": [42, 42], "stuGender": [{"male": 22, "Female": 20}, {"male": 22, "Female": 20}]}}