{"timestamp": [1716068136.392092, 1716499307.504795, 1725442705.98783], "data": {"selected": [0, 0, 70], "assigned": [0, 47, 7], "preselecStu": [0, 0, 70], "stuGender": [{"male": 0, "Female": 0}, {"male": 0, "Female": 0}, {"male": 55, "Female": 15}]}}