{"timestamp": [1716068136.392092, 1716499307.504795, 1725442705.98783, 1725515094.007685], "data": {"selected": [0, 0, 70, 69], "assigned": [0, 47, 7, 14], "preselecStu": [0, 0, 70, 69], "stuGender": [{"male": 0, "Female": 0}, {"male": 0, "Female": 0}, {"male": 55, "Female": 15}, {"male": 55, "Female": 14}]}}