{"timestamp": [1716067939.517496, 1716499131.907393, 1725442423.153667, 1725514823.802898], "data": {"selected": [0, 0, 3, 2], "assigned": [0, 0, 22, 24], "preselecStu": [0, 0, 3, 2], "stuGender": [{"male": 0, "Female": 0}, {"male": 0, "Female": 0}, {"male": 2, "Female": 1}, {"male": 1, "Female": 1}]}}