{"timestamp": [1716067939.517496, 1716499131.907393, 1725442423.153667], "data": {"selected": [0, 0, 3], "assigned": [0, 0, 22], "preselecStu": [0, 0, 3], "stuGender": [{"male": 0, "Female": 0}, {"male": 0, "Female": 0}, {"male": 2, "Female": 1}]}}