{"timestamp": [1716067441.386713, 1716498677.78494, 1725441823.377049, 1725514259.402024], "data": {"selected": [0, 0, 52, 49], "assigned": [0, 0, 8, 14], "preselecStu": [0, 0, 52, 49], "stuGender": [{"male": 0, "Female": 0}, {"male": 0, "Female": 0}, {"male": 24, "Female": 28}, {"male": 22, "Female": 27}]}}