{"timestamp": [1716067441.386713, 1716498677.78494, 1725441823.377049], "data": {"selected": [0, 0, 52], "assigned": [0, 0, 8], "preselecStu": [0, 0, 52], "stuGender": [{"male": 0, "Female": 0}, {"male": 0, "Female": 0}, {"male": 24, "Female": 28}]}}