{"timestamp": [1716066647.390694, 1716497896.934716, 1725440682.794525, 1725513309.729818], "data": {"selected": [0, 0, 31, 29], "assigned": [0, 0, 22, 28], "preselecStu": [0, 0, 31, 29], "stuGender": [{"male": 0, "Female": 0}, {"male": 0, "Female": 0}, {"male": 25, "Female": 6}, {"male": 24, "Female": 5}]}}