{"timestamp": [1716066647.390694, 1716497896.934716, 1725440682.794525], "data": {"selected": [0, 0, 31], "assigned": [0, 0, 22], "preselecStu": [0, 0, 31], "stuGender": [{"male": 0, "Female": 0}, {"male": 0, "Female": 0}, {"male": 25, "Female": 6}]}}