{"timestamp": [1716067639.8887, 1716498875.786523, 1725442073.357392, 1725514489.763579], "data": {"selected": [0, 0, 24, 24], "assigned": [0, 0, 1, 2], "preselecStu": [0, 0, 0, 0], "stuGender": [{"male": 0, "Female": 0}, {"male": 0, "Female": 0}, {"male": 6, "Female": 18}, {"male": 6, "Female": 18}]}}