{"timestamp": [1707575769.680868, 1707587157.680484, 1707658963.942303, 1707661561.467987], "data": {"selected": [10, 10, 10, 10], "assigned": [0, 0, 0, 0], "preselecStu": [10, 10, 10, 10], "stuGender": [{"male": 4, "Female": 6}, {"male": 4, "Female": 6}, {"male": 4, "Female": 6}, {"male": 4, "Female": 6}]}}