{"timestamp": [1707577312.881036, 1707589023.795404], "data": {"selected": [62, 62], "assigned": [0, 0], "preselecStu": [62, 62], "stuGender": [{"male": 38, "Female": 24}, {"male": 38, "Female": 24}]}}