{"timestamp": [1707541892.129329, 1707545129.246726], "data": {"selected": [62, 62], "assigned": [0, 0], "preselecStu": [62, 62], "stuGender": [{"male": 38, "Female": 24}, {"male": 38, "Female": 24}]}}