{"timestamp": [1734406265.284421, 1734468988.497904, 1734555496.447644, 1734641685.650555], "data": {"selected": [0, 0, 0, 0], "assigned": [66, 70, 76, 81], "preselecStu": [0, 0, 0, 0], "stuGender": [{"male": 0, "Female": 0}, {"male": 0, "Female": 0}, {"male": 0, "Female": 0}, {"male": 0, "Female": 0}]}}