{"timestamp": [1734406265.284421, 1734468988.497904], "data": {"selected": [0, 0], "assigned": [66, 70], "preselecStu": [0, 0], "stuGender": [{"male": 0, "Female": 0}, {"male": 0, "Female": 0}]}}