{"timestamp": [1707541356.376526, 1707544548.705235], "data": {"selected": [75, 75], "assigned": [1, 1], "preselecStu": [75, 75], "stuGender": [{"male": 63, "Female": 13}, {"male": 63, "Female": 13}]}}