{"timestamp": [1707577596.042331, 1707589360.398493, 1707659974.64433, 1707662582.563713], "data": {"selected": [22, 22, 22, 22], "assigned": [0, 0, 0, 0], "preselecStu": [22, 22, 22, 22], "stuGender": [{"male": 5, "Female": 17}, {"male": 5, "Female": 17}, {"male": 5, "Female": 17}, {"male": 5, "Female": 17}]}}