{"timestamp": [1707542616.680678, 1707545892.293869], "data": {"selected": [23, 23], "assigned": [0, 0], "preselecStu": [23, 23], "stuGender": [{"male": 12, "Female": 11}, {"male": 12, "Female": 11}]}}