{"timestamp": [1707576097.305138, 1707587534.864302, 1707659140.743734, 1707661740.138283], "data": {"selected": [6, 6, 6, 6], "assigned": [0, 0, 0, 0], "preselecStu": [6, 6, 6, 6], "stuGender": [{"male": 5, "Female": 1}, {"male": 5, "Female": 1}, {"male": 5, "Female": 1}, {"male": 5, "Female": 1}]}}