{"timestamp": [1734406206.445489, 1734468949.02442], "data": {"selected": [0, 0], "assigned": [130, 143], "preselecStu": [0, 0], "stuGender": [{"male": 0, "Female": 0}, {"male": 0, "Female": 0}]}}