{"timestamp": [1707576603.628772, 1707588201.983124, 1707659420.629532, 1707662025.395827], "data": {"selected": [1, 1, 1, 1], "assigned": [0, 0, 0, 0], "preselecStu": [1, 1, 1, 1], "stuGender": [{"male": 1, "Female": 0}, {"male": 1, "Female": 0}, {"male": 1, "Female": 0}, {"male": 1, "Female": 0}]}}