{"timestamp": [1734405265.159452, 1734467933.77627, 1734554469.58285], "data": {"selected": [0, 0, 0], "assigned": [51, 57, 75], "preselecStu": [0, 0, 0], "stuGender": [{"male": 0, "Female": 0}, {"male": 0, "Female": 0}, {"male": 0, "Female": 0}]}}