{"timestamp": [1734408446.676512, 1734471089.89179, 1734557854.925657], "data": {"selected": [0, 0, 0], "assigned": [7, 9, 12], "preselecStu": [0, 0, 0], "stuGender": [{"male": 0, "Female": 0}, {"male": 0, "Female": 0}, {"male": 0, "Female": 0}]}}