{"timestamp": [1707578072.156677, 1707590000.937976, 1707660223.997027, 1707662832.396277], "data": {"selected": [28, 28, 28, 28], "assigned": [0, 0, 0, 0], "preselecStu": [28, 28, 28, 28], "stuGender": [{"male": 17, "Female": 11}, {"male": 17, "Female": 11}, {"male": 17, "Female": 11}, {"male": 17, "Female": 11}]}}