{"timestamp": [1707577806.237086, 1707589629.965591, 1707660092.897356], "data": {"selected": [55, 55, 55], "assigned": [0, 0, 0], "preselecStu": [55, 55, 55], "stuGender": [{"male": 44, "Female": 11}, {"male": 44, "Female": 11}, {"male": 44, "Female": 11}]}}