{"timestamp": [1707542156.913644, 1707545414.904422], "data": {"selected": [55, 55], "assigned": [0, 0], "preselecStu": [55, 55], "stuGender": [{"male": 44, "Female": 11}, {"male": 44, "Female": 11}]}}