{"timestamp": [1734406657.185955, 1734469405.830346, 1734555948.166447], "data": {"selected": [0, 0, 0], "assigned": [22, 22, 24], "preselecStu": [0, 0, 0], "stuGender": [{"male": 0, "Female": 0}, {"male": 0, "Female": 0}, {"male": 0, "Female": 0}]}}