{"timestamp": [1734407020.932396, 1734469772.962827, 1734556356.46298, 1734642401.220596], "data": {"selected": [0, 0, 0, 0], "assigned": [1, 1, 2, 3], "preselecStu": [0, 0, 0, 0], "stuGender": [{"male": 0, "Female": 0}, {"male": 0, "Female": 0}, {"male": 0, "Female": 0}, {"male": 0, "Female": 0}]}}