{"timestamp": [1716066726.864522, 1716497971.664861, 1725440815.210817], "data": {"selected": [0, 0, 4], "assigned": [0, 0, 16], "preselecStu": [0, 0, 4], "stuGender": [{"male": 0, "Female": 0}, {"male": 0, "Female": 0}, {"male": 4, "Female": 0}]}}