{"timestamp": [1716068255.000985, 1716499407.04387, 1725442827.859739], "data": {"selected": [0, 0, 14], "assigned": [0, 14, 0], "preselecStu": [0, 0, 14], "stuGender": [{"male": 0, "Female": 0}, {"male": 0, "Female": 0}, {"male": 9, "Female": 5}]}}