{"timestamp": [1716064433.567423, 1716495857.84607, 1725437415.384664], "data": {"selected": [0, 0, 49], "assigned": [0, 0, 106], "preselecStu": [0, 0, 49], "stuGender": [{"male": 0, "Female": 0}, {"male": 0, "Female": 0}, {"male": 35, "Female": 14}]}}