{"timestamp": [1707578677.600619, 1707590809.089847, 1707660552.909019, 1707663173.22456], "data": {"selected": [18, 18, 18, 18], "assigned": [0, 0, 0, 0], "preselecStu": [18, 18, 18, 18], "stuGender": [{"male": 0, "Female": 18}, {"male": 0, "Female": 18}, {"male": 0, "Female": 18}, {"male": 0, "Female": 18}]}}