{"timestamp": [1716066645.195772, 1716497894.722786, 1725440679.647736, 1725513305.977903], "data": {"selected": [0, 0, 16, 15], "assigned": [0, 0, 13, 16], "preselecStu": [0, 0, 16, 15], "stuGender": [{"male": 0, "Female": 0}, {"male": 0, "Female": 0}, {"male": 14, "Female": 2}, {"male": 14, "Female": 1}]}}