{"timestamp": [1716066645.195772, 1716497894.722786, 1725440679.647736], "data": {"selected": [0, 0, 16], "assigned": [0, 0, 13], "preselecStu": [0, 0, 16], "stuGender": [{"male": 0, "Female": 0}, {"male": 0, "Female": 0}, {"male": 14, "Female": 2}]}}