{"timestamp": [1716064940.506269, 1716496304.903408, 1725438131.043065], "data": {"selected": [0, 0, 0], "assigned": [0, 0, 17], "preselecStu": [0, 0, 0], "stuGender": [{"male": 0, "Female": 0}, {"male": 0, "Female": 0}, {"male": 0, "Female": 0}]}}