{"timestamp": [1734408234.396432, 1734470900.29991, 1734557648.552154, 1734643449.870266], "data": {"selected": [0, 0, 0, 0], "assigned": [17, 16, 19, 22], "preselecStu": [0, 0, 0, 0], "stuGender": [{"male": 0, "Female": 0}, {"male": 0, "Female": 0}, {"male": 0, "Female": 0}, {"male": 0, "Female": 0}]}}