{"timestamp": [1716068732.947845, 1716499853.756592, 1725443361.020125], "data": {"selected": [0, 0, 4], "assigned": [0, 0, 6], "preselecStu": [0, 0, 4], "stuGender": [{"male": 0, "Female": 0}, {"male": 0, "Female": 0}, {"male": 4, "Female": 0}]}}