{"timestamp": [1707577061.299838, 1707588729.740477, 1707659674.064908], "data": {"selected": [66, 66, 66], "assigned": [0, 0, 0], "preselecStu": [66, 66, 66], "stuGender": [{"male": 33, "Female": 33}, {"male": 33, "Female": 33}, {"male": 33, "Female": 33}]}}