{"timestamp": [1734410369.948611, 1734472909.745866, 1734559884.327091, 1734645278.945739], "data": {"selected": [0, 0, 0, 0], "assigned": [2, 2, 3, 4], "preselecStu": [0, 0, 0, 0], "stuGender": [{"male": 0, "Female": 0}, {"male": 0, "Female": 0}, {"male": 0, "Female": 0}, {"male": 0, "Female": 0}]}}