{"timestamp": [1707577944.277499, 1707589825.913999], "data": {"selected": [66, 66], "assigned": [0, 0], "preselecStu": [66, 66], "stuGender": [{"male": 50, "Female": 16}, {"male": 50, "Female": 16}]}}