{"timestamp": [1734409879.311389, 1734472397.549963, 1734559386.728743], "data": {"selected": [0, 0, 0], "assigned": [29, 31, 34], "preselecStu": [0, 0, 0], "stuGender": [{"male": 0, "Female": 0}, {"male": 0, "Female": 0}, {"male": 0, "Female": 0}]}}