{"timestamp": [1707576539.91361, 1707588126.286793], "data": {"selected": [13, 13], "assigned": [0, 0], "preselecStu": [13, 13], "stuGender": [{"male": 9, "Female": 4}, {"male": 9, "Female": 4}]}}