{"timestamp": [1734407189.893271, 1734469930.806248, 1734556565.515915], "data": {"selected": [0, 0, 0], "assigned": [6, 6, 6], "preselecStu": [0, 0, 0], "stuGender": [{"male": 0, "Female": 0}, {"male": 0, "Female": 0}, {"male": 0, "Female": 0}]}}