{"timestamp": [1734411153.956837, 1734473621.177448], "data": {"selected": [0, 0], "assigned": [10, 10], "preselecStu": [0, 0], "stuGender": [{"male": 0, "Female": 0}, {"male": 0, "Female": 0}]}}