{"timestamp": [1734405889.354371, 1734468616.732669], "data": {"selected": [47, 47], "assigned": [0, 0], "preselecStu": [0, 0], "stuGender": [{"male": 32, "Female": 15}, {"male": 32, "Female": 15}]}}