{"timestamp": [1707578173.365881, 1707590138.590177, 1707660281.700252], "data": {"selected": [41, 41, 41], "assigned": [0, 0, 0], "preselecStu": [41, 41, 41], "stuGender": [{"male": 26, "Female": 15}, {"male": 26, "Female": 15}, {"male": 26, "Female": 15}]}}