{"timestamp": [1707575190.267513, 1707586480.797236, 1707658635.454903, 1707661234.153365], "data": {"selected": [33, 33, 33, 33], "assigned": [0, 0, 0, 0], "preselecStu": [0, 0, 0, 0], "stuGender": [{"male": 27, "Female": 6}, {"male": 27, "Female": 6}, {"male": 27, "Female": 6}, {"male": 27, "Female": 6}]}}