{"timestamp": [1716068075.463436, 1716499247.354436, 1725442611.285464], "data": {"selected": [0, 0, 48], "assigned": [0, 0, 37], "preselecStu": [0, 0, 48], "stuGender": [{"male": 0, "Female": 0}, {"male": 0, "Female": 0}, {"male": 36, "Female": 12}]}}