{"timestamp": [1716068170.489602, 1716499338.332693, 1725442744.685556, 1725515132.683088], "data": {"selected": [0, 0, 0, 0], "assigned": [0, 0, 15, 17], "preselecStu": [0, 0, 0, 0], "stuGender": [{"male": 0, "Female": 0}, {"male": 0, "Female": 0}, {"male": 0, "Female": 0}, {"male": 0, "Female": 0}]}}