{"timestamp": [1707542010.159771, 1707545250.815546], "data": {"selected": [21, 21], "assigned": [0, 0], "preselecStu": [21, 21], "stuGender": [{"male": 4, "Female": 17}, {"male": 4, "Female": 17}]}}