{"timestamp": [1734410616.697305, 1734473146.732431], "data": {"selected": [0, 0], "assigned": [19, 20], "preselecStu": [0, 0], "stuGender": [{"male": 0, "Female": 0}, {"male": 0, "Female": 0}]}}