{"timestamp": [1707578240.326086, 1707590219.610669, 1707660318.415338, 1707662930.175786], "data": {"selected": [5, 5, 5, 5], "assigned": [0, 0, 0, 0], "preselecStu": [5, 5, 5, 5], "stuGender": [{"male": 2, "Female": 3}, {"male": 2, "Female": 3}, {"male": 2, "Female": 3}, {"male": 2, "Female": 3}]}}