{"timestamp": [1716065543.578178, 1716496864.324959, 1725439049.544974, 1725512023.266935], "data": {"selected": [0, 0, 0, 0], "assigned": [0, 0, 104, 201], "preselecStu": [0, 0, 0, 0], "stuGender": [{"male": 0, "Female": 0}, {"male": 0, "Female": 0}, {"male": 0, "Female": 0}, {"male": 0, "Female": 0}]}}