{"timestamp": [1707541362.61904, 1707544556.006561], "data": {"selected": [108, 108], "assigned": [1, 1], "preselecStu": [108, 108], "stuGender": [{"male": 90, "Female": 19}, {"male": 90, "Female": 19}]}}