{"timestamp": [1707576331.38223, 1707587870.434262], "data": {"selected": [108, 108], "assigned": [1, 1], "preselecStu": [108, 108], "stuGender": [{"male": 90, "Female": 19}, {"male": 90, "Female": 19}]}}