{"timestamp": [1716067195.546489, 1716498432.551302, 1725441442.978477, 1725513964.227888], "data": {"selected": [0, 0, 24, 24], "assigned": [0, 24, 2, 5], "preselecStu": [0, 0, 24, 24], "stuGender": [{"male": 0, "Female": 0}, {"male": 0, "Female": 0}, {"male": 7, "Female": 17}, {"male": 7, "Female": 17}]}}