{"timestamp": [1716064987.356692, 1716496348.425393, 1725438228.799128], "data": {"selected": [0, 0, 0], "assigned": [0, 0, 74], "preselecStu": [0, 0, 0], "stuGender": [{"male": 0, "Female": 0}, {"male": 0, "Female": 0}, {"male": 0, "Female": 0}]}}