{"timestamp": [1716065098.096772, 1716496457.566952, 1725438409.458708], "data": {"selected": [0, 0, 26], "assigned": [0, 0, 7], "preselecStu": [0, 0, 26], "stuGender": [{"male": 0, "Female": 0}, {"male": 0, "Female": 0}, {"male": 6, "Female": 20}]}}