{"timestamp": [1716065098.096772, 1716496457.566952, 1725438409.458708, 1725511492.934308], "data": {"selected": [0, 0, 26, 22], "assigned": [0, 0, 7, 14], "preselecStu": [0, 0, 26, 22], "stuGender": [{"male": 0, "Female": 0}, {"male": 0, "Female": 0}, {"male": 6, "Female": 20}, {"male": 5, "Female": 17}]}}