{"timestamp": [1734411134.486681, 1734473602.634629, 1734560597.22534], "data": {"selected": [0, 0, 0], "assigned": [5, 6, 7], "preselecStu": [0, 0, 0], "stuGender": [{"male": 0, "Female": 0}, {"male": 0, "Female": 0}, {"male": 0, "Female": 0}]}}