{"timestamp": [1707540835.202648, 1707544015.037404], "data": {"selected": [10, 10], "assigned": [0, 0], "preselecStu": [10, 10], "stuGender": [{"male": 4, "Female": 6}, {"male": 4, "Female": 6}]}}