{"timestamp": [1707578821.934163, 1707590974.291652, 1707660628.829438, 1707663246.328398], "data": {"selected": [41, 41, 41, 41], "assigned": [0, 0, 0, 0], "preselecStu": [41, 41, 41, 41], "stuGender": [{"male": 23, "Female": 18}, {"male": 23, "Female": 18}, {"male": 23, "Female": 18}, {"male": 23, "Female": 18}]}}