{"timestamp": [1707542716.431293, 1707546002.745221], "data": {"selected": [41, 41], "assigned": [0, 0], "preselecStu": [41, 41], "stuGender": [{"male": 23, "Female": 18}, {"male": 23, "Female": 18}]}}