{"timestamp": [1716066411.958169, 1716497646.549449, 1725440320.558703, 1725513028.716886], "data": {"selected": [0, 0, 2, 2], "assigned": [0, 0, 6, 9], "preselecStu": [0, 0, 2, 2], "stuGender": [{"male": 0, "Female": 0}, {"male": 0, "Female": 0}, {"male": 2, "Female": 0}, {"male": 2, "Female": 0}]}}