{"timestamp": [1716068295.592645, 1716499447.899617, 1725442875.437149], "data": {"selected": [0, 0, 12], "assigned": [0, 0, 2], "preselecStu": [0, 0, 12], "stuGender": [{"male": 0, "Female": 0}, {"male": 0, "Female": 0}, {"male": 6, "Female": 6}]}}