{"timestamp": [1734405099.265401, 1734467751.840897, 1734554286.676061, 1734640527.369951], "data": {"selected": [0, 0, 0, 0], "assigned": [0, 0, 0, 1], "preselecStu": [0, 0, 0, 0], "stuGender": [{"male": 0, "Female": 0}, {"male": 0, "Female": 0}, {"male": 0, "Female": 0}, {"male": 0, "Female": 0}]}}