{"timestamp": [1734409202.161782, 1734471822.157223, 1734558726.021889], "data": {"selected": [0, 0, 0], "assigned": [15, 15, 15], "preselecStu": [0, 0, 0], "stuGender": [{"male": 0, "Female": 0}, {"male": 0, "Female": 0}, {"male": 0, "Female": 0}]}}