{"timestamp": [1707578231.166101, 1707590208.008635, 1707660313.63685, 1707662925.123106], "data": {"selected": [6, 6, 6, 6], "assigned": [0, 0, 0, 0], "preselecStu": [6, 6, 6, 6], "stuGender": [{"male": 2, "Female": 4}, {"male": 2, "Female": 4}, {"male": 2, "Female": 4}, {"male": 2, "Female": 4}]}}