{"timestamp": [1707576039.078474, 1707587460.331429], "data": {"selected": [50, 50], "assigned": [0, 0], "preselecStu": [50, 50], "stuGender": [{"male": 42, "Female": 8}, {"male": 42, "Female": 8}]}}