{"timestamp": [1716067397.259202, 1716498630.163208, 1725441766.728374, 1725514199.610887], "data": {"selected": [0, 0, 7, 7], "assigned": [0, 0, 0, 0], "preselecStu": [0, 0, 0, 0], "stuGender": [{"male": 0, "Female": 0}, {"male": 0, "Female": 0}, {"male": 6, "Female": 1}, {"male": 6, "Female": 1}]}}