{"timestamp": [1707578117.603285, 1707590054.371073, 1707660249.959808], "data": {"selected": [1, 1, 1], "assigned": [0, 0, 0], "preselecStu": [1, 1, 1], "stuGender": [{"male": 0, "Female": 1}, {"male": 0, "Female": 1}, {"male": 0, "Female": 1}]}}