{"timestamp": [1716066333.646791, 1716497578.148315, 1725440198.559321], "data": {"selected": [0, 0, 20], "assigned": [0, 20, 0], "preselecStu": [0, 0, 0], "stuGender": [{"male": 0, "Female": 0}, {"male": 0, "Female": 0}, {"male": 14, "Female": 6}]}}