{"timestamp": [1716068081.967413, 1716499254.55086, 1725442622.625379], "data": {"selected": [0, 0, 160], "assigned": [0, 161, 0], "preselecStu": [0, 0, 156], "stuGender": [{"male": 0, "Female": 0}, {"male": 0, "Female": 0}, {"male": 113, "Female": 47}]}}