{"timestamp": [1716067489.847981, 1716498723.437869, 1725441880.79444], "data": {"selected": [0, 0, 3], "assigned": [0, 0, 0], "preselecStu": [0, 0, 3], "stuGender": [{"male": 0, "Female": 0}, {"male": 0, "Female": 0}, {"male": 1, "Female": 2}]}}