{"timestamp": [1707577710.344191, 1707589520.507014], "data": {"selected": [50, 50], "assigned": [0, 0], "preselecStu": [50, 50], "stuGender": [{"male": 38, "Female": 12}, {"male": 38, "Female": 12}]}}