{"timestamp": [1734404846.692695, 1734467475.852209, 1734553969.106517], "data": {"selected": [0, 0, 0], "assigned": [56, 56, 56], "preselecStu": [0, 0, 0], "stuGender": [{"male": 0, "Female": 0}, {"male": 0, "Female": 0}, {"male": 0, "Female": 0}]}}