{"timestamp": [1707574530.26447, 1707585680.084875, 1707658240.654642, 1707660835.643587], "data": {"selected": [40, 40, 40, 40], "assigned": [0, 0, 0, 0], "preselecStu": [40, 40, 40, 40], "stuGender": [{"male": 25, "Female": 15}, {"male": 25, "Female": 15}, {"male": 25, "Female": 15}, {"male": 25, "Female": 15}]}}