{"timestamp": [1707540707.052085, 1707543884.227873], "data": {"selected": [50, 50], "assigned": [0, 0], "preselecStu": [50, 50], "stuGender": [{"male": 28, "Female": 22}, {"male": 28, "Female": 22}]}}