{"timestamp": [1716069200.844207, 1716500276.930398, 1725443852.057098, 1725516247.216193], "data": {"selected": [0, 0, 65, 65], "assigned": [0, 32, 2, 2], "preselecStu": [0, 0, 29, 29], "stuGender": [{"male": 0, "Female": 0}, {"male": 0, "Female": 0}, {"male": 26, "Female": 39}, {"male": 26, "Female": 39}]}}