{"timestamp": [1707540650.386736, 1707543826.264172], "data": {"selected": [26, 26], "assigned": [0, 0], "preselecStu": [26, 26], "stuGender": [{"male": 13, "Female": 13}, {"male": 13, "Female": 13}]}}