{"timestamp": [1707575031.245004, 1707586291.039694, 1707658543.350164, 1707661140.07489], "data": {"selected": [26, 26, 26, 26], "assigned": [0, 0, 0, 0], "preselecStu": [26, 26, 26, 26], "stuGender": [{"male": 13, "Female": 13}, {"male": 13, "Female": 13}, {"male": 13, "Female": 13}, {"male": 13, "Female": 13}]}}