{"timestamp": [1716069227.996714, 1716500292.098018, 1725443863.61996, 1725516259.941427], "data": {"selected": [0, 0, 32, 32], "assigned": [0, 32, 5, 8], "preselecStu": [0, 0, 32, 32], "stuGender": [{"male": 0, "Female": 0}, {"male": 0, "Female": 0}, {"male": 22, "Female": 10}, {"male": 22, "Female": 10}]}}