{"timestamp": [1716064393.644012, 1716495825.233618, 1725437361.072738, 1725510656.55943], "data": {"selected": [0, 0, 44, 42], "assigned": [0, 0, 73, 132], "preselecStu": [0, 0, 44, 42], "stuGender": [{"male": 0, "Female": 0}, {"male": 0, "Female": 0}, {"male": 27, "Female": 17}, {"male": 26, "Female": 16}]}}