{"timestamp": [1716064393.644012, 1716495825.233618, 1725437361.072738], "data": {"selected": [0, 0, 44], "assigned": [0, 0, 73], "preselecStu": [0, 0, 44], "stuGender": [{"male": 0, "Female": 0}, {"male": 0, "Female": 0}, {"male": 27, "Female": 17}]}}