{"timestamp": [1716067025.631418, 1716498261.991396, 1725441239.008904], "data": {"selected": [0, 0, 64], "assigned": [0, 64, 8], "preselecStu": [0, 0, 64], "stuGender": [{"male": 0, "Female": 0}, {"male": 0, "Female": 0}, {"male": 31, "Female": 33}]}}