{"timestamp": [1716065541.44459, 1716496859.891786, 1725439044.915224], "data": {"selected": [0, 0, 0], "assigned": [0, 0, 139], "preselecStu": [0, 0, 0], "stuGender": [{"male": 0, "Female": 0}, {"male": 0, "Female": 0}, {"male": 0, "Female": 0}]}}