{"timestamp": [1734407970.963097, 1734470650.967821], "data": {"selected": [0, 0], "assigned": [54, 55], "preselecStu": [0, 0], "stuGender": [{"male": 0, "Female": 0}, {"male": 0, "Female": 0}]}}