{"timestamp": [1707576989.797115, 1707588644.330751, 1707659631.660645], "data": {"selected": [4, 4, 4], "assigned": [0, 0, 0], "preselecStu": [4, 4, 4], "stuGender": [{"male": 2, "Female": 2}, {"male": 2, "Female": 2}, {"male": 2, "Female": 2}]}}