{"timestamp": [1716064020.93775, 1716495469.239572, 1725436782.96697], "data": {"selected": [0, 0, 0], "assigned": [0, 0, 8], "preselecStu": [0, 0, 0], "stuGender": [{"male": 0, "Female": 0}, {"male": 0, "Female": 0}, {"male": 0, "Female": 0}]}}