{"timestamp": [1734406174.835237, 1734468918.755236], "data": {"selected": [0, 0], "assigned": [13, 15], "preselecStu": [0, 0], "stuGender": [{"male": 0, "Female": 0}, {"male": 0, "Female": 0}]}}