{"timestamp": [1734406174.835237, 1734468918.755236, 1734555432.731515, 1734641622.421727], "data": {"selected": [0, 0, 0, 0], "assigned": [13, 15, 15, 16], "preselecStu": [0, 0, 0, 0], "stuGender": [{"male": 0, "Female": 0}, {"male": 0, "Female": 0}, {"male": 0, "Female": 0}, {"male": 0, "Female": 0}]}}