{"timestamp": [1716067403.780286, 1716498636.757128, 1725441773.987147, 1725514212.476137], "data": {"selected": [0, 0, 4, 4], "assigned": [0, 4, 0, 0], "preselecStu": [0, 0, 4, 4], "stuGender": [{"male": 0, "Female": 0}, {"male": 0, "Female": 0}, {"male": 3, "Female": 1}, {"male": 3, "Female": 1}]}}