{"timestamp": [1734409147.060718, 1734471764.0887, 1734558651.653165, 1734644234.391496], "data": {"selected": [0, 0, 0, 0], "assigned": [28, 28, 30, 30], "preselecStu": [0, 0, 0, 0], "stuGender": [{"male": 0, "Female": 0}, {"male": 0, "Female": 0}, {"male": 0, "Female": 0}, {"male": 0, "Female": 0}]}}