{"timestamp": [1726033764.049554, 1726120353.713155, 1726205708.348642], "data": {"selected": [0, 1, 1], "assigned": [1, 0, 0], "preselecStu": [0, 0, 0], "stuGender": [{"male": 0, "Female": 0}, {"male": 1, "Female": 0}, {"male": 1, "Female": 0}]}}