{"timestamp": [1716063742.23413, 1716495213.352507, 1725436400.28639, 1725509844.554384], "data": {"selected": [0, 0, 41, 41], "assigned": [0, 0, 47, 79], "preselecStu": [0, 0, 41, 41], "stuGender": [{"male": 0, "Female": 0}, {"male": 0, "Female": 0}, {"male": 33, "Female": 8}, {"male": 33, "Female": 8}]}}