{"timestamp": [1707575811.938878, 1707587208.071922, 1707658987.907434], "data": {"selected": [50, 50, 50], "assigned": [0, 0, 0], "preselecStu": [50, 50, 50], "stuGender": [{"male": 8, "Female": 42}, {"male": 8, "Female": 42}, {"male": 8, "Female": 42}]}}