{"timestamp": [1707541085.679193, 1707544267.549655], "data": {"selected": [50, 50], "assigned": [0, 0], "preselecStu": [50, 50], "stuGender": [{"male": 8, "Female": 42}, {"male": 8, "Female": 42}]}}