{"timestamp": [1716064966.062167, 1716496328.18283, 1725438180.014554], "data": {"selected": [0, 0, 0], "assigned": [0, 0, 72], "preselecStu": [0, 0, 0], "stuGender": [{"male": 0, "Female": 0}, {"male": 0, "Female": 0}, {"male": 0, "Female": 0}]}}