{"timestamp": [1716069109.842651, 1716500200.091322, 1725443770.766822], "data": {"selected": [0, 0, 1], "assigned": [0, 0, 3], "preselecStu": [0, 0, 1], "stuGender": [{"male": 0, "Female": 0}, {"male": 0, "Female": 0}, {"male": 1, "Female": 0}]}}