{"timestamp": [1734407467.840898, 1734470207.250039], "data": {"selected": [0, 0], "assigned": [28, 28], "preselecStu": [0, 0], "stuGender": [{"male": 0, "Female": 0}, {"male": 0, "Female": 0}]}}