{"timestamp": [1734407467.840898, 1734470207.250039, 1734556864.655472, 1734642770.146588], "data": {"selected": [0, 0, 0, 0], "assigned": [28, 28, 29, 29], "preselecStu": [0, 0, 0, 0], "stuGender": [{"male": 0, "Female": 0}, {"male": 0, "Female": 0}, {"male": 0, "Female": 0}, {"male": 0, "Female": 0}]}}