{"timestamp": [1707540393.399935, 1707543569.258084], "data": {"selected": [42, 42], "assigned": [0, 0], "preselecStu": [42, 42], "stuGender": [{"male": 27, "Female": 15}, {"male": 27, "Female": 15}]}}