{"timestamp": [1707574591.885342, 1707585748.415631, 1707658281.969725], "data": {"selected": [42, 42, 42], "assigned": [0, 0, 0], "preselecStu": [42, 42, 42], "stuGender": [{"male": 27, "Female": 15}, {"male": 27, "Female": 15}, {"male": 27, "Female": 15}]}}