{"timestamp": [1707577063.288784, 1707588732.021937, 1707659675.16434, 1707662283.366232], "data": {"selected": [80, 80, 80, 80], "assigned": [0, 0, 0, 0], "preselecStu": [80, 80, 80, 80], "stuGender": [{"male": 29, "Female": 51}, {"male": 29, "Female": 51}, {"male": 29, "Female": 51}, {"male": 29, "Female": 51}]}}