{"timestamp": [1707541753.846236, 1707544983.601417], "data": {"selected": [80, 80], "assigned": [0, 0], "preselecStu": [80, 80], "stuGender": [{"male": 29, "Female": 51}, {"male": 29, "Female": 51}]}}