{"timestamp": [1734407810.992132, 1734470508.800245, 1734557192.829673], "data": {"selected": [0, 0, 0], "assigned": [12, 13, 14], "preselecStu": [0, 0, 0], "stuGender": [{"male": 0, "Female": 0}, {"male": 0, "Female": 0}, {"male": 0, "Female": 0}]}}