{"timestamp": [1707540746.670429, 1707543924.827699], "data": {"selected": [35, 35], "assigned": [0, 0], "preselecStu": [0, 0], "stuGender": [{"male": 26, "Female": 9}, {"male": 26, "Female": 9}]}}