{"timestamp": [1707578247.73605, 1707590228.544695, 1707660322.346412, 1707662934.619248], "data": {"selected": [2, 2, 2, 2], "assigned": [0, 0, 0, 0], "preselecStu": [2, 2, 2, 2], "stuGender": [{"male": 2, "Female": 0}, {"male": 2, "Female": 0}, {"male": 2, "Female": 0}, {"male": 2, "Female": 0}]}}