{"timestamp": [1734408393.98697, 1734471040.27526], "data": {"selected": [0, 0], "assigned": [127, 129], "preselecStu": [0, 0], "stuGender": [{"male": 0, "Female": 0}, {"male": 0, "Female": 0}]}}