{"timestamp": [1716063697.780235, 1716495166.991031, 1725436334.649673], "data": {"selected": [0, 0, 51], "assigned": [0, 0, 0], "preselecStu": [0, 0, 0], "stuGender": [{"male": 0, "Female": 0}, {"male": 0, "Female": 0}, {"male": 41, "Female": 10}]}}