{"timestamp": [1716065245.867635, 1716496575.30716, 1725438573.089015], "data": {"selected": [0, 0, 31], "assigned": [0, 0, 10], "preselecStu": [0, 0, 31], "stuGender": [{"male": 0, "Female": 0}, {"male": 0, "Female": 0}, {"male": 6, "Female": 25}]}}