{"timestamp": [1734408514.034641, 1734471151.318051, 1734557920.800306, 1734643698.228993], "data": {"selected": [0, 0, 0, 0], "assigned": [55, 58, 65, 72], "preselecStu": [0, 0, 0, 0], "stuGender": [{"male": 0, "Female": 0}, {"male": 0, "Female": 0}, {"male": 0, "Female": 0}, {"male": 0, "Female": 0}]}}