{"timestamp": [1734408017.022945, 1734470697.789474, 1734557409.62097, 1734643249.84076], "data": {"selected": [0, 0, 0, 0], "assigned": [58, 61, 68, 73], "preselecStu": [0, 0, 0, 0], "stuGender": [{"male": 0, "Female": 0}, {"male": 0, "Female": 0}, {"male": 0, "Female": 0}, {"male": 0, "Female": 0}]}}