{"timestamp": [1734407848.600846, 1734470542.165675, 1734557231.37591, 1734643094.983078], "data": {"selected": [0, 0, 0, 0], "assigned": [2, 2, 2, 2], "preselecStu": [0, 0, 0, 0], "stuGender": [{"male": 0, "Female": 0}, {"male": 0, "Female": 0}, {"male": 0, "Female": 0}, {"male": 0, "Female": 0}]}}