{"timestamp": [1734410887.429362, 1734473387.169882, 1734560368.400301, 1734645775.587974], "data": {"selected": [0, 0, 0, 0], "assigned": [50, 50, 50, 50], "preselecStu": [0, 0, 0, 0], "stuGender": [{"male": 0, "Female": 0}, {"male": 0, "Female": 0}, {"male": 0, "Female": 0}, {"male": 0, "Female": 0}]}}