{"timestamp": [1716063849.830261, 1716495312.35265, 1725436548.460764], "data": {"selected": [0, 0, 41], "assigned": [0, 0, 59], "preselecStu": [0, 0, 41], "stuGender": [{"male": 0, "Female": 0}, {"male": 0, "Female": 0}, {"male": 19, "Female": 22}]}}