{"timestamp": [1707575462.235623, 1707586805.737983, 1707658793.353747], "data": {"selected": [29, 29, 29], "assigned": [0, 0, 0], "preselecStu": [29, 29, 29], "stuGender": [{"male": 18, "Female": 11}, {"male": 18, "Female": 11}, {"male": 18, "Female": 11}]}}