{"timestamp": [1734405020.351016, 1734467685.106643, 1734554207.248677], "data": {"selected": [0, 0, 0], "assigned": [337, 374, 424], "preselecStu": [0, 0, 0], "stuGender": [{"male": 0, "Female": 0}, {"male": 0, "Female": 0}, {"male": 0, "Female": 0}]}}