{"timestamp": [1707577938.300317, 1707589821.293857], "data": {"selected": [16, 16], "assigned": [0, 0], "preselecStu": [16, 16], "stuGender": [{"male": 16, "Female": 0}, {"male": 16, "Female": 0}]}}