{"timestamp": [1734407870.794321, 1734470563.738238, 1734557255.027891, 1734643115.171963], "data": {"selected": [0, 0, 0, 0], "assigned": [116, 117, 123, 127], "preselecStu": [0, 0, 0, 0], "stuGender": [{"male": 0, "Female": 0}, {"male": 0, "Female": 0}, {"male": 0, "Female": 0}, {"male": 0, "Female": 0}]}}