{"timestamp": [1734407870.794321, 1734470563.738238], "data": {"selected": [0, 0], "assigned": [116, 117], "preselecStu": [0, 0], "stuGender": [{"male": 0, "Female": 0}, {"male": 0, "Female": 0}]}}