{"timestamp": [1734409151.829445, 1734471768.778057], "data": {"selected": [0, 0], "assigned": [46, 46], "preselecStu": [0, 0], "stuGender": [{"male": 0, "Female": 0}, {"male": 0, "Female": 0}]}}