{"timestamp": [1707540745.569906, 1707543923.76299], "data": {"selected": [37, 37], "assigned": [0, 0], "preselecStu": [0, 0], "stuGender": [{"male": 27, "Female": 10}, {"male": 27, "Female": 10}]}}