{"timestamp": [1716064250.996813, 1716495690.410106, 1725437128.456092], "data": {"selected": [0, 0, 48], "assigned": [0, 0, 1], "preselecStu": [0, 0, 0], "stuGender": [{"male": 0, "Female": 0}, {"male": 0, "Female": 0}, {"male": 12, "Female": 36}]}}