{"timestamp": [1707540355.541088, 1707543531.35082], "data": {"selected": [42, 42], "assigned": [0, 0], "preselecStu": [42, 42], "stuGender": [{"male": 32, "Female": 10}, {"male": 32, "Female": 10}]}}