{"timestamp": [1707574535.658739, 1707585686.182443], "data": {"selected": [42, 42], "assigned": [0, 0], "preselecStu": [42, 42], "stuGender": [{"male": 32, "Female": 10}, {"male": 32, "Female": 10}]}}