{"timestamp": [1734405456.192411, 1734468119.661421], "data": {"selected": [0, 0], "assigned": [33, 33], "preselecStu": [0, 0], "stuGender": [{"male": 0, "Female": 0}, {"male": 0, "Female": 0}]}}