{"timestamp": [1734405456.192411, 1734468119.661421, 1734554640.252763, 1734640866.652974], "data": {"selected": [0, 0, 0, 0], "assigned": [33, 33, 34, 33], "preselecStu": [0, 0, 0, 0], "stuGender": [{"male": 0, "Female": 0}, {"male": 0, "Female": 0}, {"male": 0, "Female": 0}, {"male": 0, "Female": 0}]}}