{"timestamp": [1734408021.870944, 1734470702.539687, 1734557414.696135], "data": {"selected": [0, 0, 0], "assigned": [27, 30, 32], "preselecStu": [0, 0, 0], "stuGender": [{"male": 0, "Female": 0}, {"male": 0, "Female": 0}, {"male": 0, "Female": 0}]}}