{"timestamp": [1734408021.870944, 1734470702.539687], "data": {"selected": [0, 0], "assigned": [27, 30], "preselecStu": [0, 0], "stuGender": [{"male": 0, "Female": 0}, {"male": 0, "Female": 0}]}}