{"timestamp": [1734410725.331336, 1734473239.956322, 1734560221.006929, 1734645619.84112], "data": {"selected": [0, 0, 0, 0], "assigned": [8, 9, 8, 8], "preselecStu": [0, 0, 0, 0], "stuGender": [{"male": 0, "Female": 0}, {"male": 0, "Female": 0}, {"male": 0, "Female": 0}, {"male": 0, "Female": 0}]}}