{"timestamp": [1707575911.519606, 1707587326.660818], "data": {"selected": [29, 29], "assigned": [0, 0], "preselecStu": [29, 29], "stuGender": [{"male": 26, "Female": 3}, {"male": 26, "Female": 3}]}}