{"timestamp": [1707540627.511593, 1707543802.253153], "data": {"selected": [47, 47], "assigned": [0, 0], "preselecStu": [47, 47], "stuGender": [{"male": 30, "Female": 17}, {"male": 30, "Female": 17}]}}