{"timestamp": [1734405214.271214, 1734467858.918528], "data": {"selected": [0, 0], "assigned": [39, 42], "preselecStu": [0, 0], "stuGender": [{"male": 0, "Female": 0}, {"male": 0, "Female": 0}]}}