{"timestamp": [1726117514.151677, 1726203121.138362, 1726289762.893119], "data": {"selected": [0, 5, 5], "assigned": [0, 0, 0], "preselecStu": [0, 0, 0], "stuGender": [{"male": 0, "Female": 0}, {"male": 4, "Female": 1}, {"male": 4, "Female": 1}]}}