{"timestamp": [1734405520.436751, 1734468168.856602, 1734554704.10028], "data": {"selected": [0, 0, 0], "assigned": [22, 22, 22], "preselecStu": [0, 0, 0], "stuGender": [{"male": 0, "Female": 0}, {"male": 0, "Female": 0}, {"male": 0, "Female": 0}]}}