{"timestamp": [1707576059.382391, 1707587486.890427], "data": {"selected": [40, 40], "assigned": [0, 0], "preselecStu": [40, 40], "stuGender": [{"male": 30, "Female": 10}, {"male": 30, "Female": 10}]}}