{"timestamp": [1734409223.941869, 1734471846.947337], "data": {"selected": [0, 0], "assigned": [12, 13], "preselecStu": [0, 0], "stuGender": [{"male": 0, "Female": 0}, {"male": 0, "Female": 0}]}}