{"timestamp": [1716064290.179296, 1716495727.154202, 1725437198.407556], "data": {"selected": [0, 0, 46], "assigned": [0, 0, 3], "preselecStu": [0, 0, 1], "stuGender": [{"male": 0, "Female": 0}, {"male": 0, "Female": 0}, {"male": 38, "Female": 8}]}}