{"timestamp": [1734405817.831365, 1734468549.804609], "data": {"selected": [0, 0], "assigned": [148, 169], "preselecStu": [0, 0], "stuGender": [{"male": 0, "Female": 0}, {"male": 0, "Female": 0}]}}