{"timestamp": [1707542535.172732, 1707545822.190885], "data": {"selected": [60, 60], "assigned": [0, 0], "preselecStu": [60, 60], "stuGender": [{"male": 32, "Female": 28}, {"male": 32, "Female": 28}]}}