{"timestamp": [1707577227.903187, 1707588926.870229], "data": {"selected": [15, 15], "assigned": [0, 0], "preselecStu": [15, 15], "stuGender": [{"male": 9, "Female": 6}, {"male": 9, "Female": 6}]}}