{"timestamp": [1707541846.839703, 1707545077.807138], "data": {"selected": [15, 15], "assigned": [0, 0], "preselecStu": [15, 15], "stuGender": [{"male": 9, "Female": 6}, {"male": 9, "Female": 6}]}}