{"timestamp": [1716069015.930545, 1716500104.068479, 1725443665.985593], "data": {"selected": [0, 0, 2], "assigned": [0, 0, 1], "preselecStu": [0, 0, 2], "stuGender": [{"male": 0, "Female": 0}, {"male": 0, "Female": 0}, {"male": 2, "Female": 0}]}}