{"timestamp": [1707575458.455638, 1707586800.796569, 1707658790.819623, 1707661389.369307], "data": {"selected": [29, 29, 29, 29], "assigned": [0, 0, 0, 0], "preselecStu": [29, 29, 29, 29], "stuGender": [{"male": 22, "Female": 7}, {"male": 22, "Female": 7}, {"male": 22, "Female": 7}, {"male": 22, "Female": 7}]}}