{"timestamp": [1716063652.08893, 1716495130.287338, 1725436280.616636], "data": {"selected": [0, 0, 49], "assigned": [0, 0, 0], "preselecStu": [0, 0, 0], "stuGender": [{"male": 0, "Female": 0}, {"male": 0, "Female": 0}, {"male": 39, "Female": 10}]}}