{"timestamp": [1707578802.245709, 1707590955.452641], "data": {"selected": [17, 17], "assigned": [0, 0], "preselecStu": [17, 17], "stuGender": [{"male": 12, "Female": 5}, {"male": 12, "Female": 5}]}}