{"timestamp": [1716065621.940508, 1716496938.579029, 1725439148.842952, 1725512134.972509], "data": {"selected": [0, 0, 86, 85], "assigned": [0, 0, 5, 12], "preselecStu": [0, 0, 86, 85], "stuGender": [{"male": 0, "Female": 0}, {"male": 0, "Female": 0}, {"male": 57, "Female": 29}, {"male": 56, "Female": 29}]}}