{"timestamp": [1734405511.137103, 1734468161.792093], "data": {"selected": [0, 0], "assigned": [68, 67], "preselecStu": [0, 0], "stuGender": [{"male": 0, "Female": 0}, {"male": 0, "Female": 0}]}}