{"timestamp": [1734406659.894937, 1734469408.171723], "data": {"selected": [0, 0], "assigned": [25, 27], "preselecStu": [0, 0], "stuGender": [{"male": 0, "Female": 0}, {"male": 0, "Female": 0}]}}