{"timestamp": [1707577880.435938, 1707589754.526262, 1707660127.874889, 1707662738.249649], "data": {"selected": [40, 40, 40, 40], "assigned": [1, 1, 1, 1], "preselecStu": [40, 40, 40, 40], "stuGender": [{"male": 31, "Female": 10}, {"male": 31, "Female": 10}, {"male": 31, "Female": 10}, {"male": 31, "Female": 10}]}}