{"timestamp": [1707577880.435938, 1707589754.526262], "data": {"selected": [40, 40], "assigned": [1, 1], "preselecStu": [40, 40], "stuGender": [{"male": 31, "Female": 10}, {"male": 31, "Female": 10}]}}