{"timestamp": [1707540771.028345, 1707543949.433145], "data": {"selected": [41, 41], "assigned": [0, 0], "preselecStu": [0, 0], "stuGender": [{"male": 18, "Female": 23}, {"male": 18, "Female": 23}]}}