{"timestamp": [1734405590.047533, 1734468283.015861, 1734554795.036755, 1734641031.101897], "data": {"selected": [0, 0, 0, 0], "assigned": [148, 177, 200, 231], "preselecStu": [0, 0, 0, 0], "stuGender": [{"male": 0, "Female": 0}, {"male": 0, "Female": 0}, {"male": 0, "Female": 0}, {"male": 0, "Female": 0}]}}