{"timestamp": [1707541664.918615, 1707544878.165573], "data": {"selected": [31, 31], "assigned": [0, 0], "preselecStu": [31, 31], "stuGender": [{"male": 23, "Female": 8}, {"male": 23, "Female": 8}]}}