{"timestamp": [1707541150.070635, 1707544330.906853], "data": {"selected": [22, 22], "assigned": [0, 0], "preselecStu": [22, 22], "stuGender": [{"male": 13, "Female": 9}, {"male": 13, "Female": 9}]}}