{"timestamp": [1707575931.109083, 1707587344.468602], "data": {"selected": [22, 22], "assigned": [0, 0], "preselecStu": [22, 22], "stuGender": [{"male": 13, "Female": 9}, {"male": 13, "Female": 9}]}}