{"timestamp": [1707542126.502978, 1707545382.091107], "data": {"selected": [40, 40], "assigned": [0, 0], "preselecStu": [40, 40], "stuGender": [{"male": 29, "Female": 11}, {"male": 29, "Female": 11}]}}