{"timestamp": [1707577746.982078, 1707589562.826956, 1707660061.64678, 1707662668.201178], "data": {"selected": [40, 40, 40, 40], "assigned": [0, 0, 0, 0], "preselecStu": [40, 40, 40, 40], "stuGender": [{"male": 29, "Female": 11}, {"male": 29, "Female": 11}, {"male": 29, "Female": 11}, {"male": 29, "Female": 11}]}}