{"timestamp": [1707577471.667532, 1707589208.036637, 1707659904.199276], "data": {"selected": [3, 3, 3], "assigned": [0, 0, 0], "preselecStu": [3, 3, 3], "stuGender": [{"male": 0, "Female": 3}, {"male": 0, "Female": 3}, {"male": 0, "Female": 3}]}}