{"timestamp": [1707540661.946409, 1707543839.16786], "data": {"selected": [50, 50], "assigned": [0, 0], "preselecStu": [50, 50], "stuGender": [{"male": 18, "Female": 32}, {"male": 18, "Female": 32}]}}