{"timestamp": [1716066939.776519, 1716498185.591476, 1725441127.682671, 1725513696.710071], "data": {"selected": [0, 0, 1, 1], "assigned": [0, 0, 8, 10], "preselecStu": [0, 0, 1, 1], "stuGender": [{"male": 0, "Female": 0}, {"male": 0, "Female": 0}, {"male": 1, "Female": 0}, {"male": 1, "Female": 0}]}}