{"timestamp": [1707576593.751928, 1707588190.9948, 1707659415.396952, 1707662019.761683], "data": {"selected": [11, 11, 11, 11], "assigned": [0, 0, 0, 0], "preselecStu": [11, 11, 11, 11], "stuGender": [{"male": 9, "Female": 2}, {"male": 9, "Female": 2}, {"male": 9, "Female": 2}, {"male": 9, "Female": 2}]}}