{"timestamp": [1707574478.958068, 1707585621.701138, 1707658206.292245], "data": {"selected": [63, 63, 63], "assigned": [0, 0, 0], "preselecStu": [63, 63, 63], "stuGender": [{"male": 11, "Female": 52}, {"male": 11, "Female": 52}, {"male": 11, "Female": 52}]}}