{"timestamp": [1707540613.951792, 1707543788.193906], "data": {"selected": [20, 20], "assigned": [0, 0], "preselecStu": [20, 20], "stuGender": [{"male": 4, "Female": 16}, {"male": 4, "Female": 16}]}}