{"timestamp": [1707541894.376317, 1707545131.479435], "data": {"selected": [60, 60], "assigned": [0, 0], "preselecStu": [60, 60], "stuGender": [{"male": 29, "Female": 31}, {"male": 29, "Female": 31}]}}