{"timestamp": [1707577316.778685, 1707589028.365292, 1707659817.528636], "data": {"selected": [60, 60, 60], "assigned": [0, 0, 0], "preselecStu": [60, 60, 60], "stuGender": [{"male": 29, "Female": 31}, {"male": 29, "Female": 31}, {"male": 29, "Female": 31}]}}