{"timestamp": [1707540340.20888, 1707543515.926947], "data": {"selected": [42, 42], "assigned": [0, 0], "preselecStu": [42, 42], "stuGender": [{"male": 29, "Female": 13}, {"male": 29, "Female": 13}]}}