{"timestamp": [1716064113.333491, 1716495551.759663, 1725436913.373457], "data": {"selected": [0, 0, 0], "assigned": [0, 0, 6], "preselecStu": [0, 0, 0], "stuGender": [{"male": 0, "Female": 0}, {"male": 0, "Female": 0}, {"male": 0, "Female": 0}]}}