{"timestamp": [1716068888.841898, 1716499992.740061, 1725443514.464182, 1725515909.926058], "data": {"selected": [0, 0, 18, 18], "assigned": [0, 19, 1, 2], "preselecStu": [0, 0, 18, 18], "stuGender": [{"male": 0, "Female": 0}, {"male": 0, "Female": 0}, {"male": 6, "Female": 12}, {"male": 6, "Female": 12}]}}