{"timestamp": [1716064526.022126, 1716495931.819913, 1725437539.044394], "data": {"selected": [0, 0, 47], "assigned": [0, 0, 24], "preselecStu": [0, 0, 47], "stuGender": [{"male": 0, "Female": 0}, {"male": 0, "Female": 0}, {"male": 31, "Female": 16}]}}