{"timestamp": [1716067890.245828, 1716499098.887981, 1725442376.595568, 1725514785.228367], "data": {"selected": [0, 0, 17, 16], "assigned": [0, 0, 25, 29], "preselecStu": [0, 0, 17, 16], "stuGender": [{"male": 0, "Female": 0}, {"male": 0, "Female": 0}, {"male": 13, "Female": 4}, {"male": 13, "Female": 3}]}}