{"timestamp": [1707541943.64663, 1707545184.162954], "data": {"selected": [50, 50], "assigned": [0, 0], "preselecStu": [50, 50], "stuGender": [{"male": 24, "Female": 26}, {"male": 24, "Female": 26}]}}