{"timestamp": [1716063765.205229, 1716495226.132004, 1725436422.330461, 1725509859.977927], "data": {"selected": [0, 0, 42, 42], "assigned": [0, 0, 111, 195], "preselecStu": [0, 0, 40, 40], "stuGender": [{"male": 0, "Female": 0}, {"male": 0, "Female": 0}, {"male": 20, "Female": 22}, {"male": 20, "Female": 22}]}}