{"timestamp": [1734409865.181187, 1734472387.736502, 1734559376.109276, 1734644797.588057], "data": {"selected": [0, 0, 0, 0], "assigned": [21, 33, 35, 37], "preselecStu": [0, 0, 0, 0], "stuGender": [{"male": 0, "Female": 0}, {"male": 0, "Female": 0}, {"male": 0, "Female": 0}, {"male": 0, "Female": 0}]}}