{"timestamp": [1734409865.181187, 1734472387.736502], "data": {"selected": [0, 0], "assigned": [21, 33], "preselecStu": [0, 0], "stuGender": [{"male": 0, "Female": 0}, {"male": 0, "Female": 0}]}}