{"timestamp": [1716063782.377698, 1716495241.778, 1725436442.601011, 1725509893.936487], "data": {"selected": [0, 0, 41, 39], "assigned": [0, 0, 56, 109], "preselecStu": [0, 0, 41, 39], "stuGender": [{"male": 0, "Female": 0}, {"male": 0, "Female": 0}, {"male": 23, "Female": 18}, {"male": 21, "Female": 18}]}}