{"timestamp": [1707577158.057754, 1707588846.621755, 1707659729.829633, 1707662339.455116], "data": {"selected": [31, 31, 31, 31], "assigned": [0, 0, 0, 0], "preselecStu": [31, 31, 31, 31], "stuGender": [{"male": 12, "Female": 19}, {"male": 12, "Female": 19}, {"male": 12, "Female": 19}, {"male": 12, "Female": 19}]}}