{"timestamp": [1707541909.113911, 1707545146.864445], "data": {"selected": [35, 35], "assigned": [0, 0], "preselecStu": [35, 35], "stuGender": [{"male": 24, "Female": 11}, {"male": 24, "Female": 11}]}}