{"timestamp": [1707577344.452295, 1707589060.473422], "data": {"selected": [35, 35], "assigned": [0, 0], "preselecStu": [35, 35], "stuGender": [{"male": 24, "Female": 11}, {"male": 24, "Female": 11}]}}