{"timestamp": [1716067920.23482, 1716499118.760122, 1725442406.377792, 1725514808.948598], "data": {"selected": [0, 0, 12, 12], "assigned": [0, 0, 13, 15], "preselecStu": [0, 0, 12, 12], "stuGender": [{"male": 0, "Female": 0}, {"male": 0, "Female": 0}, {"male": 10, "Female": 2}, {"male": 10, "Female": 2}]}}