{"timestamp": [1734406329.143682, 1734469064.754282, 1734555567.112825, 1734641772.124782], "data": {"selected": [0, 0, 0, 0], "assigned": [53, 67, 84, 108], "preselecStu": [0, 0, 0, 0], "stuGender": [{"male": 0, "Female": 0}, {"male": 0, "Female": 0}, {"male": 0, "Female": 0}, {"male": 0, "Female": 0}]}}