{"timestamp": [1734406329.143682, 1734469064.754282], "data": {"selected": [0, 0], "assigned": [53, 67], "preselecStu": [0, 0], "stuGender": [{"male": 0, "Female": 0}, {"male": 0, "Female": 0}]}}