{"timestamp": [1716069384.449571, 1716500430.755346, 1725444027.485427, 1725516424.168236], "data": {"selected": [0, 0, 0, 0], "assigned": [0, 0, 2, 2], "preselecStu": [0, 0, 0, 0], "stuGender": [{"male": 0, "Female": 0}, {"male": 0, "Female": 0}, {"male": 0, "Female": 0}, {"male": 0, "Female": 0}]}}