{"timestamp": [1734410633.635946, 1734473160.809761, 1734560140.629223], "data": {"selected": [0, 0, 0], "assigned": [28, 29, 31], "preselecStu": [0, 0, 0], "stuGender": [{"male": 0, "Female": 0}, {"male": 0, "Female": 0}, {"male": 0, "Female": 0}]}}