{"timestamp": [1734409522.533228, 1734472142.687502, 1734559093.200688], "data": {"selected": [0, 0, 0], "assigned": [10, 14, 15], "preselecStu": [0, 0, 0], "stuGender": [{"male": 0, "Female": 0}, {"male": 0, "Female": 0}, {"male": 0, "Female": 0}]}}