{"timestamp": [1734405437.317473, 1734468104.3235, 1734554625.002088, 1734640850.074785], "data": {"selected": [0, 0, 0, 0], "assigned": [46, 46, 46, 47], "preselecStu": [0, 0, 0, 0], "stuGender": [{"male": 0, "Female": 0}, {"male": 0, "Female": 0}, {"male": 0, "Female": 0}, {"male": 0, "Female": 0}]}}