{"timestamp": [1716064554.130962, 1716495961.732936, 1725437585.663288, 1725510835.414431], "data": {"selected": [0, 0, 47, 45], "assigned": [0, 0, 92, 168], "preselecStu": [0, 0, 47, 45], "stuGender": [{"male": 0, "Female": 0}, {"male": 0, "Female": 0}, {"male": 17, "Female": 30}, {"male": 15, "Female": 30}]}}