{"timestamp": [1716065095.939422, 1716496455.373135, 1725438405.918875, 1725511490.471065], "data": {"selected": [0, 0, 29, 26], "assigned": [0, 0, 23, 31], "preselecStu": [0, 0, 29, 26], "stuGender": [{"male": 0, "Female": 0}, {"male": 0, "Female": 0}, {"male": 12, "Female": 17}, {"male": 9, "Female": 17}]}}