{"timestamp": [1716065095.939422, 1716496455.373135, 1725438405.918875], "data": {"selected": [0, 0, 29], "assigned": [0, 0, 23], "preselecStu": [0, 0, 29], "stuGender": [{"male": 0, "Female": 0}, {"male": 0, "Female": 0}, {"male": 12, "Female": 17}]}}