{"timestamp": [1734405171.335479, 1734467828.362083, 1734554377.478643], "data": {"selected": [0, 0, 0], "assigned": [1, 2, 2], "preselecStu": [0, 0, 0], "stuGender": [{"male": 0, "Female": 0}, {"male": 0, "Female": 0}, {"male": 0, "Female": 0}]}}