{"timestamp": [1734409984.356383, 1734472525.863443, 1734559501.559977], "data": {"selected": [0, 0, 0], "assigned": [27, 27, 30], "preselecStu": [0, 0, 0], "stuGender": [{"male": 0, "Female": 0}, {"male": 0, "Female": 0}, {"male": 0, "Female": 0}]}}