{"timestamp": [1716067485.538012, 1716498719.087906, 1725441876.078819, 1725514318.192009], "data": {"selected": [0, 0, 3, 3], "assigned": [0, 0, 8, 11], "preselecStu": [0, 0, 3, 3], "stuGender": [{"male": 0, "Female": 0}, {"male": 0, "Female": 0}, {"male": 2, "Female": 1}, {"male": 2, "Female": 1}]}}