{"timestamp": [1716067485.538012, 1716498719.087906, 1725441876.078819], "data": {"selected": [0, 0, 3], "assigned": [0, 0, 8], "preselecStu": [0, 0, 3], "stuGender": [{"male": 0, "Female": 0}, {"male": 0, "Female": 0}, {"male": 2, "Female": 1}]}}