{"timestamp": [1707540958.663308, 1707544138.29718], "data": {"selected": [49, 49], "assigned": [0, 0], "preselecStu": [49, 49], "stuGender": [{"male": 17, "Female": 32}, {"male": 17, "Female": 32}]}}