{"timestamp": [1716068092.791169, 1716499266.274171, 1725442636.74803], "data": {"selected": [0, 0, 58], "assigned": [0, 0, 44], "preselecStu": [0, 0, 58], "stuGender": [{"male": 0, "Female": 0}, {"male": 0, "Female": 0}, {"male": 44, "Female": 14}]}}