{"timestamp": [1716068092.791169, 1716499266.274171, 1725442636.74803, 1725515030.111869], "data": {"selected": [0, 0, 58, 56], "assigned": [0, 0, 44, 76], "preselecStu": [0, 0, 58, 56], "stuGender": [{"male": 0, "Female": 0}, {"male": 0, "Female": 0}, {"male": 44, "Female": 14}, {"male": 42, "Female": 14}]}}