{"timestamp": [1716069165.606505, 1716500236.34339, 1725443810.989829], "data": {"selected": [0, 0, 3], "assigned": [0, 0, 1], "preselecStu": [0, 0, 3], "stuGender": [{"male": 0, "Female": 0}, {"male": 0, "Female": 0}, {"male": 3, "Female": 0}]}}