{"timestamp": [1734409633.007943, 1734472242.682235, 1734559212.865868, 1734644658.633213], "data": {"selected": [0, 0, 0, 0], "assigned": [122, 138, 158, 177], "preselecStu": [0, 0, 0, 0], "stuGender": [{"male": 0, "Female": 0}, {"male": 0, "Female": 0}, {"male": 0, "Female": 0}, {"male": 0, "Female": 0}]}}