{"timestamp": [1734409633.007943, 1734472242.682235], "data": {"selected": [0, 0], "assigned": [122, 138], "preselecStu": [0, 0], "stuGender": [{"male": 0, "Female": 0}, {"male": 0, "Female": 0}]}}