{"timestamp": [1707542151.336848, 1707545407.908425], "data": {"selected": [60, 60], "assigned": [0, 0], "preselecStu": [60, 60], "stuGender": [{"male": 47, "Female": 13}, {"male": 47, "Female": 13}]}}