{"timestamp": [1734404954.044826, 1734467611.63484, 1734554126.59495], "data": {"selected": [0, 0, 0], "assigned": [132, 145, 155], "preselecStu": [0, 0, 0], "stuGender": [{"male": 0, "Female": 0}, {"male": 0, "Female": 0}, {"male": 0, "Female": 0}]}}