{"timestamp": [1734408575.441898, 1734471221.169124], "data": {"selected": [0, 0], "assigned": [22, 28], "preselecStu": [0, 0], "stuGender": [{"male": 0, "Female": 0}, {"male": 0, "Female": 0}]}}