{"timestamp": [1716068748.650756, 1716499870.121565, 1725443378.122207], "data": {"selected": [0, 0, 2], "assigned": [0, 0, 0], "preselecStu": [0, 0, 2], "stuGender": [{"male": 0, "Female": 0}, {"male": 0, "Female": 0}, {"male": 1, "Female": 1}]}}