{"timestamp": [1734410062.569277, 1734472615.457812], "data": {"selected": [0, 0], "assigned": [50, 51], "preselecStu": [0, 0], "stuGender": [{"male": 0, "Female": 0}, {"male": 0, "Female": 0}]}}