{"timestamp": [1734410062.569277, 1734472615.457812, 1734559582.163437, 1734644977.005774], "data": {"selected": [0, 0, 0, 0], "assigned": [50, 51, 53, 56], "preselecStu": [0, 0, 0, 0], "stuGender": [{"male": 0, "Female": 0}, {"male": 0, "Female": 0}, {"male": 0, "Female": 0}, {"male": 0, "Female": 0}]}}