{"timestamp": [1707541201.478267, 1707544380.783276], "data": {"selected": [64, 64], "assigned": [0, 0], "preselecStu": [64, 64], "stuGender": [{"male": 48, "Female": 16}, {"male": 48, "Female": 16}]}}