{"timestamp": [1707576613.777251, 1707588213.507913, 1707659425.798632, 1707662030.620321], "data": {"selected": [8, 8, 8, 8], "assigned": [0, 0, 0, 0], "preselecStu": [8, 8, 8, 8], "stuGender": [{"male": 7, "Female": 1}, {"male": 7, "Female": 1}, {"male": 7, "Female": 1}, {"male": 7, "Female": 1}]}}