{"timestamp": [1707575256.096588, 1707586558.981424, 1707658672.770207, 1707661273.066894], "data": {"selected": [7, 7, 7, 7], "assigned": [0, 0, 0, 0], "preselecStu": [7, 7, 7, 7], "stuGender": [{"male": 4, "Female": 3}, {"male": 4, "Female": 3}, {"male": 4, "Female": 3}, {"male": 4, "Female": 3}]}}