{"timestamp": [1716064985.208567, 1716496346.255918, 1725438224.930413], "data": {"selected": [0, 0, 0], "assigned": [0, 0, 71], "preselecStu": [0, 0, 0], "stuGender": [{"male": 0, "Female": 0}, {"male": 0, "Female": 0}, {"male": 0, "Female": 0}]}}