{"timestamp": [1716063864.46783, 1716495329.438279, 1725436569.70436], "data": {"selected": [0, 0, 40], "assigned": [0, 0, 73], "preselecStu": [0, 0, 40], "stuGender": [{"male": 0, "Female": 0}, {"male": 0, "Female": 0}, {"male": 22, "Female": 18}]}}