{"timestamp": [1734409515.447929, 1734472134.654095], "data": {"selected": [0, 0], "assigned": [14, 17], "preselecStu": [0, 0], "stuGender": [{"male": 0, "Female": 0}, {"male": 0, "Female": 0}]}}