{"timestamp": [1734411139.158253, 1734473607.270512], "data": {"selected": [0, 0], "assigned": [14, 15], "preselecStu": [0, 0], "stuGender": [{"male": 0, "Female": 0}, {"male": 0, "Female": 0}]}}