{"timestamp": [1734411139.158253, 1734473607.270512, 1734560602.055997, 1734646001.49835], "data": {"selected": [0, 0, 21, 21], "assigned": [14, 15, 2, 2], "preselecStu": [0, 0, 0, 0], "stuGender": [{"male": 0, "Female": 0}, {"male": 0, "Female": 0}, {"male": 17, "Female": 4}, {"male": 17, "Female": 4}]}}