{"timestamp": [1707578379.809319, 1707590406.924321, 1707660391.782157], "data": {"selected": [16, 16, 16], "assigned": [0, 0, 0], "preselecStu": [16, 16, 16], "stuGender": [{"male": 12, "Female": 4}, {"male": 12, "Female": 4}, {"male": 12, "Female": 4}]}}