{"timestamp": [1734408958.599277, 1734471565.21492, 1734558431.174795, 1734644065.89584], "data": {"selected": [0, 0, 0, 0], "assigned": [1, 2, 3, 4], "preselecStu": [0, 0, 0, 0], "stuGender": [{"male": 0, "Female": 0}, {"male": 0, "Female": 0}, {"male": 0, "Female": 0}, {"male": 0, "Female": 0}]}}