{"timestamp": [1734408673.352814, 1734471309.920556], "data": {"selected": [0, 0], "assigned": [72, 75], "preselecStu": [0, 0], "stuGender": [{"male": 0, "Female": 0}, {"male": 0, "Female": 0}]}}