{"timestamp": [1734408673.352814, 1734471309.920556, 1734558141.830215], "data": {"selected": [0, 0, 0], "assigned": [72, 75, 76], "preselecStu": [0, 0, 0], "stuGender": [{"male": 0, "Female": 0}, {"male": 0, "Female": 0}, {"male": 0, "Female": 0}]}}