{"timestamp": [1734407600.455131, 1734470325.605808, 1734556987.063914], "data": {"selected": [0, 0, 0], "assigned": [3, 3, 3], "preselecStu": [0, 0, 0], "stuGender": [{"male": 0, "Female": 0}, {"male": 0, "Female": 0}, {"male": 0, "Female": 0}]}}