{"timestamp": [1716066157.417983, 1716497432.49697, 1725439967.155399], "data": {"selected": [0, 0, 0], "assigned": [0, 0, 25], "preselecStu": [0, 0, 0], "stuGender": [{"male": 0, "Female": 0}, {"male": 0, "Female": 0}, {"male": 0, "Female": 0}]}}