{"timestamp": [1734408766.623193, 1734471393.756671], "data": {"selected": [0, 0], "assigned": [61, 66], "preselecStu": [0, 0], "stuGender": [{"male": 0, "Female": 0}, {"male": 0, "Female": 0}]}}