{"timestamp": [1734405814.926116, 1734468546.115846], "data": {"selected": [0, 0], "assigned": [32, 33], "preselecStu": [0, 0], "stuGender": [{"male": 0, "Female": 0}, {"male": 0, "Female": 0}]}}