{"timestamp": [1734411122.381965, 1734473591.049585, 1734560583.979218], "data": {"selected": [0, 0, 0], "assigned": [5, 6, 9], "preselecStu": [0, 0, 0], "stuGender": [{"male": 0, "Female": 0}, {"male": 0, "Female": 0}, {"male": 0, "Female": 0}]}}