{"timestamp": [1734409125.430992, 1734471742.549139], "data": {"selected": [0, 0], "assigned": [12, 11], "preselecStu": [0, 0], "stuGender": [{"male": 0, "Female": 0}, {"male": 0, "Female": 0}]}}