{"timestamp": [1734410926.119964, 1734473419.100524], "data": {"selected": [0, 0], "assigned": [24, 24], "preselecStu": [0, 0], "stuGender": [{"male": 0, "Female": 0}, {"male": 0, "Female": 0}]}}