{"timestamp": [1734408409.771669, 1734471055.006257], "data": {"selected": [0, 0], "assigned": [139, 142], "preselecStu": [0, 0], "stuGender": [{"male": 0, "Female": 0}, {"male": 0, "Female": 0}]}}