{"timestamp": [1734408555.641978, 1734471200.376166, 1734557992.083554], "data": {"selected": [0, 0, 0], "assigned": [82, 96, 105], "preselecStu": [0, 0, 0], "stuGender": [{"male": 0, "Female": 0}, {"male": 0, "Female": 0}, {"male": 0, "Female": 0}]}}