{"timestamp": [1707541463.565408, 1707544665.274656], "data": {"selected": [46, 46], "assigned": [0, 0], "preselecStu": [46, 46], "stuGender": [{"male": 39, "Female": 7}, {"male": 39, "Female": 7}]}}