{"timestamp": [1707540349.90176, 1707543525.393278], "data": {"selected": [40, 40], "assigned": [0, 0], "preselecStu": [40, 40], "stuGender": [{"male": 27, "Female": 13}, {"male": 27, "Female": 13}]}}