{"timestamp": [1707574527.510839, 1707585677.074352, 1707658238.815466], "data": {"selected": [40, 40, 40], "assigned": [0, 0, 0], "preselecStu": [40, 40, 40], "stuGender": [{"male": 27, "Female": 13}, {"male": 27, "Female": 13}, {"male": 27, "Female": 13}]}}