{"timestamp": [1734408172.907252, 1734470848.70766, 1734557584.545999, 1734643401.286333], "data": {"selected": [0, 0, 0, 0], "assigned": [13, 16, 17, 17], "preselecStu": [0, 0, 0, 0], "stuGender": [{"male": 0, "Female": 0}, {"male": 0, "Female": 0}, {"male": 0, "Female": 0}, {"male": 0, "Female": 0}]}}