{"timestamp": [1734408729.38811, 1734471342.156091, 1734558176.529567], "data": {"selected": [2, 2, 2], "assigned": [69, 71, 75], "preselecStu": [0, 0, 0], "stuGender": [{"male": 1, "Female": 1}, {"male": 1, "Female": 1}, {"male": 1, "Female": 1}]}}