{"timestamp": [1707542603.266736, 1707545878.647156], "data": {"selected": [39, 39], "assigned": [0, 0], "preselecStu": [39, 39], "stuGender": [{"male": 22, "Female": 17}, {"male": 22, "Female": 17}]}}