{"timestamp": [1707578601.202063, 1707590698.388929], "data": {"selected": [39, 39], "assigned": [0, 0], "preselecStu": [39, 39], "stuGender": [{"male": 22, "Female": 17}, {"male": 22, "Female": 17}]}}