{"timestamp": [1734408232.088911, 1734470897.931463, 1734557645.546501, 1734643447.685229], "data": {"selected": [0, 0, 0, 0], "assigned": [8, 8, 10, 10], "preselecStu": [0, 0, 0, 0], "stuGender": [{"male": 0, "Female": 0}, {"male": 0, "Female": 0}, {"male": 0, "Female": 0}, {"male": 0, "Female": 0}]}}