{"timestamp": [1707574927.079857, 1707586145.352451], "data": {"selected": [47, 47], "assigned": [0, 0], "preselecStu": [47, 47], "stuGender": [{"male": 40, "Female": 7}, {"male": 40, "Female": 7}]}}