{"timestamp": [1716065625.160268, 1716496940.76781, 1725439151.705665, 1725512137.303608], "data": {"selected": [0, 0, 45, 45], "assigned": [0, 0, 1, 3], "preselecStu": [0, 0, 45, 45], "stuGender": [{"male": 0, "Female": 0}, {"male": 0, "Female": 0}, {"male": 33, "Female": 12}, {"male": 33, "Female": 12}]}}