{"timestamp": [1707542718.511522, 1707546004.970178], "data": {"selected": [33, 33], "assigned": [0, 0], "preselecStu": [33, 33], "stuGender": [{"male": 22, "Female": 11}, {"male": 22, "Female": 11}]}}