{"timestamp": [1707540629.583987, 1707543804.328589], "data": {"selected": [50, 50], "assigned": [0, 0], "preselecStu": [50, 50], "stuGender": [{"male": 29, "Female": 21}, {"male": 29, "Female": 21}]}}