{"timestamp": [1734411049.761949, 1734473525.371372, 1734560508.880203], "data": {"selected": [0, 0, 0], "assigned": [8, 9, 9], "preselecStu": [0, 0, 0], "stuGender": [{"male": 0, "Female": 0}, {"male": 0, "Female": 0}, {"male": 0, "Female": 0}]}}