{"timestamp": [1716068663.395892, 1716499782.585851, 1725443275.826553], "data": {"selected": [0, 0, 21], "assigned": [0, 0, 5], "preselecStu": [0, 0, 21], "stuGender": [{"male": 0, "Female": 0}, {"male": 0, "Female": 0}, {"male": 14, "Female": 7}]}}