{"timestamp": [1716066313.395092, 1716497568.721047, 1725440173.59829], "data": {"selected": [0, 0, 27], "assigned": [0, 0, 4], "preselecStu": [0, 0, 27], "stuGender": [{"male": 0, "Female": 0}, {"male": 0, "Female": 0}, {"male": 19, "Female": 8}]}}