{"timestamp": [1734408085.999217, 1734470764.66869, 1734557497.963889, 1734643313.634309], "data": {"selected": [0, 0, 0, 0], "assigned": [5, 9, 10, 9], "preselecStu": [0, 0, 0, 0], "stuGender": [{"male": 0, "Female": 0}, {"male": 0, "Female": 0}, {"male": 0, "Female": 0}, {"male": 0, "Female": 0}]}}