{"timestamp": [1707541866.573464, 1707545096.617807], "data": {"selected": [15, 15], "assigned": [0, 0], "preselecStu": [15, 15], "stuGender": [{"male": 7, "Female": 8}, {"male": 7, "Female": 8}]}}