{"timestamp": [1707577263.368242, 1707588967.548855, 1707659788.643909], "data": {"selected": [15, 15, 15], "assigned": [0, 0, 0], "preselecStu": [15, 15, 15], "stuGender": [{"male": 7, "Female": 8}, {"male": 7, "Female": 8}, {"male": 7, "Female": 8}]}}