{"timestamp": [1734408318.385129, 1734470976.670911, 1734557730.97594, 1734643523.391217], "data": {"selected": [0, 0, 0, 0], "assigned": [3, 3, 4, 8], "preselecStu": [0, 0, 0, 0], "stuGender": [{"male": 0, "Female": 0}, {"male": 0, "Female": 0}, {"male": 0, "Female": 0}, {"male": 0, "Female": 0}]}}