{"timestamp": [1716065834.821296, 1716497134.270707, 1725439456.09774, 1725512363.813989], "data": {"selected": [0, 0, 17, 15], "assigned": [0, 0, 3, 4], "preselecStu": [0, 0, 17, 15], "stuGender": [{"male": 0, "Female": 0}, {"male": 0, "Female": 0}, {"male": 15, "Female": 2}, {"male": 13, "Female": 2}]}}