{"timestamp": [1716065834.821296, 1716497134.270707, 1725439456.09774], "data": {"selected": [0, 0, 17], "assigned": [0, 0, 3], "preselecStu": [0, 0, 17], "stuGender": [{"male": 0, "Female": 0}, {"male": 0, "Female": 0}, {"male": 15, "Female": 2}]}}