{"timestamp": [1716066944.167082, 1716498189.929738, 1725441133.329108], "data": {"selected": [0, 0, 4], "assigned": [0, 0, 8], "preselecStu": [0, 0, 4], "stuGender": [{"male": 0, "Female": 0}, {"male": 0, "Female": 0}, {"male": 4, "Female": 0}]}}