{"timestamp": [1707578467.755138, 1707590508.865109, 1707660437.396195], "data": {"selected": [5, 5, 5], "assigned": [0, 0, 0], "preselecStu": [5, 5, 5], "stuGender": [{"male": 1, "Female": 4}, {"male": 1, "Female": 4}, {"male": 1, "Female": 4}]}}