{"timestamp": [1707578356.289767, 1707590380.402997, 1707660378.854707, 1707662993.287585], "data": {"selected": [0, 0, 0, 0], "assigned": [0, 0, 0, 0], "preselecStu": [0, 0, 0, 0], "stuGender": [{"male": 0, "Female": 0}, {"male": 0, "Female": 0}, {"male": 0, "Female": 0}, {"male": 0, "Female": 0}]}}