{"timestamp": [1734406496.409118, 1734469237.316295], "data": {"selected": [0, 0], "assigned": [27, 32], "preselecStu": [0, 0], "stuGender": [{"male": 0, "Female": 0}, {"male": 0, "Female": 0}]}}