{"timestamp": [1716069061.434439, 1716500148.281407, 1725443717.563694], "data": {"selected": [0, 0, 51], "assigned": [0, 0, 14], "preselecStu": [0, 0, 51], "stuGender": [{"male": 0, "Female": 0}, {"male": 0, "Female": 0}, {"male": 26, "Female": 25}]}}