{"timestamp": [1734405671.130705, 1734468396.808762], "data": {"selected": [0, 0], "assigned": [114, 141], "preselecStu": [0, 0], "stuGender": [{"male": 0, "Female": 0}, {"male": 0, "Female": 0}]}}