{"timestamp": [1707576239.793325, 1707587740.78287], "data": {"selected": [145, 145], "assigned": [0, 0], "preselecStu": [145, 145], "stuGender": [{"male": 77, "Female": 68}, {"male": 77, "Female": 68}]}}