{"timestamp": [1734410943.398569, 1734473433.227872, 1734560417.218689], "data": {"selected": [0, 0, 0], "assigned": [7, 7, 7], "preselecStu": [0, 0, 0], "stuGender": [{"male": 0, "Female": 0}, {"male": 0, "Female": 0}, {"male": 0, "Female": 0}]}}