{"timestamp": [1734404833.085999, 1734467459.925369, 1734553956.639752, 1734640266.682565], "data": {"selected": [0, 0, 0, 0], "assigned": [50, 50, 50, 50], "preselecStu": [0, 0, 0, 0], "stuGender": [{"male": 0, "Female": 0}, {"male": 0, "Female": 0}, {"male": 0, "Female": 0}, {"male": 0, "Female": 0}]}}