{"timestamp": [1734404833.085999, 1734467459.925369], "data": {"selected": [0, 0], "assigned": [50, 50], "preselecStu": [0, 0], "stuGender": [{"male": 0, "Female": 0}, {"male": 0, "Female": 0}]}}