{"timestamp": [1734407120.760151, 1734469868.038362], "data": {"selected": [0, 0], "assigned": [33, 33], "preselecStu": [0, 0], "stuGender": [{"male": 0, "Female": 0}, {"male": 0, "Female": 0}]}}