{"timestamp": [1707574441.288614, 1707585576.817801], "data": {"selected": [60, 60], "assigned": [0, 0], "preselecStu": [60, 60], "stuGender": [{"male": 50, "Female": 10}, {"male": 50, "Female": 10}]}}