{"timestamp": [1716067932.254245, 1716499127.614764, 1725442417.580708, 1725514819.078858], "data": {"selected": [0, 0, 34, 33], "assigned": [0, 0, 31, 37], "preselecStu": [0, 0, 34, 33], "stuGender": [{"male": 0, "Female": 0}, {"male": 0, "Female": 0}, {"male": 26, "Female": 8}, {"male": 26, "Female": 7}]}}