{"timestamp": [1734411148.352482, 1734473616.534603, 1734560612.150026], "data": {"selected": [0, 0, 0], "assigned": [8, 8, 9], "preselecStu": [0, 0, 0], "stuGender": [{"male": 0, "Female": 0}, {"male": 0, "Female": 0}, {"male": 0, "Female": 0}]}}