{"timestamp": [1707575882.310258, 1707587292.49621, 1707659029.042062], "data": {"selected": [90, 90, 90], "assigned": [0, 0, 0], "preselecStu": [90, 90, 90], "stuGender": [{"male": 69, "Female": 21}, {"male": 69, "Female": 21}, {"male": 69, "Female": 21}]}}