{"timestamp": [1734409226.337743, 1734471849.263124, 1734558758.971008], "data": {"selected": [0, 0, 0], "assigned": [10, 11, 12], "preselecStu": [0, 0, 0], "stuGender": [{"male": 0, "Female": 0}, {"male": 0, "Female": 0}, {"male": 0, "Female": 0}]}}