{"timestamp": [1734408842.112848, 1734471474.71398, 1734558306.360089, 1734643984.980522], "data": {"selected": [0, 0, 0, 0], "assigned": [100, 102, 106, 113], "preselecStu": [0, 0, 0, 0], "stuGender": [{"male": 0, "Female": 0}, {"male": 0, "Female": 0}, {"male": 0, "Female": 0}, {"male": 0, "Female": 0}]}}