{"timestamp": [1707577876.652869, 1707589748.899865], "data": {"selected": [15, 15], "assigned": [0, 0], "preselecStu": [15, 15], "stuGender": [{"male": 11, "Female": 4}, {"male": 11, "Female": 4}]}}