{"timestamp": [1707577953.166041, 1707589834.905558], "data": {"selected": [50, 50], "assigned": [0, 0], "preselecStu": [50, 50], "stuGender": [{"male": 34, "Female": 16}, {"male": 34, "Female": 16}]}}