{"timestamp": [1716065032.060912, 1716496394.447776, 1725438301.198751], "data": {"selected": [0, 0, 0], "assigned": [0, 0, 26], "preselecStu": [0, 0, 0], "stuGender": [{"male": 0, "Female": 0}, {"male": 0, "Female": 0}, {"male": 0, "Female": 0}]}}