{"timestamp": [1707541436.663554, 1707544636.000462], "data": {"selected": [48, 48], "assigned": [0, 0], "preselecStu": [48, 48], "stuGender": [{"male": 39, "Female": 9}, {"male": 39, "Female": 9}]}}