{"timestamp": [1707576470.137003, 1707588045.723583], "data": {"selected": [48, 48], "assigned": [0, 0], "preselecStu": [48, 48], "stuGender": [{"male": 39, "Female": 9}, {"male": 39, "Female": 9}]}}