{"timestamp": [1707575785.112616, 1707587175.773784], "data": {"selected": [15, 15], "assigned": [0, 0], "preselecStu": [15, 15], "stuGender": [{"male": 8, "Female": 7}, {"male": 8, "Female": 7}]}}