{"timestamp": [1707541070.566256, 1707544251.903626], "data": {"selected": [15, 15], "assigned": [0, 0], "preselecStu": [15, 15], "stuGender": [{"male": 8, "Female": 7}, {"male": 8, "Female": 7}]}}