{"timestamp": [1734409176.174646, 1734471794.190305, 1734558687.7544, 1734644261.493192], "data": {"selected": [0, 0, 0, 0], "assigned": [5, 5, 7, 7], "preselecStu": [0, 0, 0, 0], "stuGender": [{"male": 0, "Female": 0}, {"male": 0, "Female": 0}, {"male": 0, "Female": 0}, {"male": 0, "Female": 0}]}}