{"timestamp": [1734405902.167207, 1734468628.727123], "data": {"selected": [42, 42], "assigned": [0, 0], "preselecStu": [0, 0], "stuGender": [{"male": 28, "Female": 14}, {"male": 28, "Female": 14}]}}