{"timestamp": [1707542193.986755, 1707545454.671979], "data": {"selected": [22, 22], "assigned": [0, 0], "preselecStu": [22, 22], "stuGender": [{"male": 15, "Female": 7}, {"male": 15, "Female": 7}]}}