{"timestamp": [1707542731.770494, 1707546018.873594], "data": {"selected": [11, 11], "assigned": [0, 0], "preselecStu": [11, 11], "stuGender": [{"male": 3, "Female": 8}, {"male": 3, "Female": 8}]}}