{"timestamp": [1716064827.119535, 1716496205.352971, 1725437963.915532, 1725511174.788259], "data": {"selected": [0, 0, 27, 27], "assigned": [0, 0, 21, 31], "preselecStu": [0, 0, 0, 0], "stuGender": [{"male": 0, "Female": 0}, {"male": 0, "Female": 0}, {"male": 19, "Female": 8}, {"male": 19, "Female": 8}]}}