{"timestamp": [1716068324.773099, 1716499476.607902, 1725442909.296756, 1725515319.158243], "data": {"selected": [0, 0, 9, 9], "assigned": [0, 0, 5, 6], "preselecStu": [0, 0, 9, 9], "stuGender": [{"male": 0, "Female": 0}, {"male": 0, "Female": 0}, {"male": 6, "Female": 3}, {"male": 6, "Female": 3}]}}