{"timestamp": [1716066087.222333, 1716497363.534617, 1725439859.940463], "data": {"selected": [0, 0, 0], "assigned": [0, 0, 5], "preselecStu": [0, 0, 0], "stuGender": [{"male": 0, "Female": 0}, {"male": 0, "Female": 0}, {"male": 0, "Female": 0}]}}