{"timestamp": [1734405576.274736, 1734468259.281589], "data": {"selected": [0, 0], "assigned": [316, 383], "preselecStu": [0, 0], "stuGender": [{"male": 0, "Female": 0}, {"male": 0, "Female": 0}]}}