{"timestamp": [1707575186.16666, 1707586475.734544, 1707658633.319219, 1707661231.567923], "data": {"selected": [36, 36, 36, 36], "assigned": [0, 0, 0, 0], "preselecStu": [0, 0, 0, 0], "stuGender": [{"male": 28, "Female": 8}, {"male": 28, "Female": 8}, {"male": 28, "Female": 8}, {"male": 28, "Female": 8}]}}