{"timestamp": [1707542042.593389, 1707545282.844572], "data": {"selected": [33, 33], "assigned": [0, 0], "preselecStu": [33, 33], "stuGender": [{"male": 8, "Female": 25}, {"male": 8, "Female": 25}]}}