{"timestamp": [1707541035.958531, 1707544217.111668], "data": {"selected": [30, 30], "assigned": [0, 0], "preselecStu": [30, 30], "stuGender": [{"male": 12, "Female": 18}, {"male": 12, "Female": 18}]}}