{"timestamp": [1707540854.684917, 1707544032.683407], "data": {"selected": [15, 15], "assigned": [0, 0], "preselecStu": [15, 15], "stuGender": [{"male": 6, "Female": 9}, {"male": 6, "Female": 9}]}}