{"timestamp": [1707575920.771456, 1707587333.419399, 1707659048.776498, 1707661646.615358], "data": {"selected": [18, 18, 18, 18], "assigned": [0, 0, 0, 0], "preselecStu": [18, 18, 18, 18], "stuGender": [{"male": 11, "Female": 7}, {"male": 11, "Female": 7}, {"male": 11, "Female": 7}, {"male": 11, "Female": 7}]}}