{"timestamp": [1707540691.476898, 1707543869.870977], "data": {"selected": [50, 50], "assigned": [0, 0], "preselecStu": [50, 50], "stuGender": [{"male": 30, "Female": 20}, {"male": 30, "Female": 20}]}}