{"timestamp": [1707576995.797482, 1707588651.333911, 1707659634.778992], "data": {"selected": [16, 16, 16], "assigned": [0, 0, 0], "preselecStu": [16, 16, 16], "stuGender": [{"male": 8, "Female": 8}, {"male": 8, "Female": 8}, {"male": 8, "Female": 8}]}}