{"timestamp": [1707575391.426401, 1707586721.575907, 1707658753.303731], "data": {"selected": [17, 17, 17], "assigned": [0, 0, 0], "preselecStu": [17, 17, 17], "stuGender": [{"male": 4, "Female": 13}, {"male": 4, "Female": 13}, {"male": 4, "Female": 13}]}}