{"timestamp": [1716066841.785671, 1716498084.656957, 1725441002.22512], "data": {"selected": [0, 0, 28], "assigned": [0, 28, 0], "preselecStu": [0, 0, 28], "stuGender": [{"male": 0, "Female": 0}, {"male": 0, "Female": 0}, {"male": 18, "Female": 10}]}}