{"timestamp": [1716066841.785671, 1716498084.656957, 1725441002.22512, 1725513583.090867], "data": {"selected": [0, 0, 28, 27], "assigned": [0, 28, 0, 0], "preselecStu": [0, 0, 28, 27], "stuGender": [{"male": 0, "Female": 0}, {"male": 0, "Female": 0}, {"male": 18, "Female": 10}, {"male": 17, "Female": 10}]}}