{"timestamp": [1716065603.806995, 1716496923.237892, 1725439128.110733, 1725512116.519277], "data": {"selected": [0, 0, 33, 32], "assigned": [0, 0, 1, 3], "preselecStu": [0, 0, 33, 32], "stuGender": [{"male": 0, "Female": 0}, {"male": 0, "Female": 0}, {"male": 24, "Female": 9}, {"male": 23, "Female": 9}]}}