{"timestamp": [1716064573.382643, 1716495979.245544, 1725437610.243271, 1725510855.135172], "data": {"selected": [0, 0, 0, 0], "assigned": [0, 0, 4, 5], "preselecStu": [0, 0, 0, 0], "stuGender": [{"male": 0, "Female": 0}, {"male": 0, "Female": 0}, {"male": 0, "Female": 0}, {"male": 0, "Female": 0}]}}