{"timestamp": [1716066082.891929, 1716497359.151559, 1725439853.099663], "data": {"selected": [0, 0, 9], "assigned": [0, 0, 36], "preselecStu": [0, 0, 9], "stuGender": [{"male": 0, "Female": 0}, {"male": 0, "Female": 0}, {"male": 9, "Female": 0}]}}