{"timestamp": [1734405166.763638, 1734467823.548459, 1734554372.654423, 1734640588.387512], "data": {"selected": [0, 0, 0, 0], "assigned": [2, 2, 2, 1], "preselecStu": [0, 0, 0, 0], "stuGender": [{"male": 0, "Female": 0}, {"male": 0, "Female": 0}, {"male": 0, "Female": 0}, {"male": 0, "Female": 0}]}}