{"timestamp": [1716064253.140561, 1716495692.551159, 1725437131.936977], "data": {"selected": [0, 0, 43], "assigned": [0, 0, 0], "preselecStu": [0, 0, 0], "stuGender": [{"male": 0, "Female": 0}, {"male": 0, "Female": 0}, {"male": 10, "Female": 33}]}}