{"timestamp": [1716066290.053213, 1716497552.808483, 1725440152.407636], "data": {"selected": [0, 0, 43], "assigned": [0, 44, 3], "preselecStu": [0, 0, 43], "stuGender": [{"male": 0, "Female": 0}, {"male": 0, "Female": 0}, {"male": 28, "Female": 15}]}}