{"timestamp": [1707574920.823597, 1707586136.22317, 1707658482.76313, 1707661075.933005], "data": {"selected": [45, 45, 45, 45], "assigned": [0, 0, 0, 0], "preselecStu": [45, 45, 45, 45], "stuGender": [{"male": 35, "Female": 10}, {"male": 35, "Female": 10}, {"male": 35, "Female": 10}, {"male": 35, "Female": 10}]}}