{"timestamp": [1707541750.482391, 1707544980.076581], "data": {"selected": [114, 114], "assigned": [0, 0], "preselecStu": [114, 114], "stuGender": [{"male": 48, "Female": 66}, {"male": 48, "Female": 66}]}}