{"timestamp": [1734406458.888577, 1734469192.815153, 1734555725.494458, 1734641896.850601], "data": {"selected": [0, 0, 0, 0], "assigned": [18, 20, 19, 26], "preselecStu": [0, 0, 0, 0], "stuGender": [{"male": 0, "Female": 0}, {"male": 0, "Female": 0}, {"male": 0, "Female": 0}, {"male": 0, "Female": 0}]}}