{"timestamp": [1734406458.888577, 1734469192.815153], "data": {"selected": [0, 0], "assigned": [18, 20], "preselecStu": [0, 0], "stuGender": [{"male": 0, "Female": 0}, {"male": 0, "Female": 0}]}}