{"timestamp": [1734410414.599432, 1734472953.435213, 1734559925.280268], "data": {"selected": [0, 0, 0], "assigned": [9, 12, 13], "preselecStu": [0, 0, 0], "stuGender": [{"male": 0, "Female": 0}, {"male": 0, "Female": 0}, {"male": 0, "Female": 0}]}}