{"timestamp": [1734408956.303233, 1734471562.300109, 1734558428.748998, 1734644063.230545], "data": {"selected": [0, 0, 0, 0], "assigned": [28, 28, 28, 29], "preselecStu": [0, 0, 0, 0], "stuGender": [{"male": 0, "Female": 0}, {"male": 0, "Female": 0}, {"male": 0, "Female": 0}, {"male": 0, "Female": 0}]}}