{"timestamp": [1716065785.101578, 1716497084.228989, 1725439381.068144, 1725512295.389295], "data": {"selected": [0, 0, 0, 0], "assigned": [0, 0, 45, 71], "preselecStu": [0, 0, 0, 0], "stuGender": [{"male": 0, "Female": 0}, {"male": 0, "Female": 0}, {"male": 0, "Female": 0}, {"male": 0, "Female": 0}]}}