{"timestamp": [1734408791.754349, 1734471420.977556], "data": {"selected": [0, 0], "assigned": [38, 38], "preselecStu": [0, 0], "stuGender": [{"male": 0, "Female": 0}, {"male": 0, "Female": 0}]}}