{"timestamp": [1716066574.697726, 1716497820.039727, 1725440589.515161, 1725513216.853601], "data": {"selected": [0, 0, 35, 35], "assigned": [0, 38, 5, 7], "preselecStu": [0, 0, 35, 35], "stuGender": [{"male": 0, "Female": 0}, {"male": 0, "Female": 0}, {"male": 29, "Female": 6}, {"male": 29, "Female": 6}]}}