{"timestamp": [1716066574.697726, 1716497820.039727, 1725440589.515161], "data": {"selected": [0, 0, 35], "assigned": [0, 38, 5], "preselecStu": [0, 0, 35], "stuGender": [{"male": 0, "Female": 0}, {"male": 0, "Female": 0}, {"male": 29, "Female": 6}]}}