{"timestamp": [1707578749.597397, 1707590897.587675, 1707660592.866609, 1707663212.160165], "data": {"selected": [17, 17, 17, 17], "assigned": [0, 0, 0, 0], "preselecStu": [17, 17, 17, 17], "stuGender": [{"male": 11, "Female": 6}, {"male": 11, "Female": 6}, {"male": 11, "Female": 6}, {"male": 11, "Female": 6}]}}