{"timestamp": [1707542682.105349, 1707545966.68927], "data": {"selected": [17, 17], "assigned": [0, 0], "preselecStu": [17, 17], "stuGender": [{"male": 11, "Female": 6}, {"male": 11, "Female": 6}]}}