{"timestamp": [1707542199.487511, 1707545460.213656], "data": {"selected": [144, 144], "assigned": [0, 0], "preselecStu": [144, 144], "stuGender": [{"male": 99, "Female": 45}, {"male": 99, "Female": 45}]}}