{"timestamp": [1707578566.71242, 1707590657.046518], "data": {"selected": [38, 38], "assigned": [0, 0], "preselecStu": [38, 38], "stuGender": [{"male": 21, "Female": 17}, {"male": 21, "Female": 17}]}}