{"timestamp": [1716064312.916726, 1716495749.053578, 1725437234.809118], "data": {"selected": [0, 0, 31], "assigned": [0, 0, 0], "preselecStu": [0, 0, 0], "stuGender": [{"male": 0, "Female": 0}, {"male": 0, "Female": 0}, {"male": 24, "Female": 7}]}}