{"timestamp": [1716068072.618961, 1716499245.206055, 1725442604.625551, 1725515002.040017], "data": {"selected": [0, 0, 37, 36], "assigned": [0, 0, 34, 45], "preselecStu": [0, 0, 37, 36], "stuGender": [{"male": 0, "Female": 0}, {"male": 0, "Female": 0}, {"male": 25, "Female": 12}, {"male": 25, "Female": 11}]}}