{"timestamp": [1734406724.246835, 1734469465.845581, 1734556033.904835, 1734642146.441636], "data": {"selected": [0, 0, 0, 0], "assigned": [4, 7, 10, 10], "preselecStu": [0, 0, 0, 0], "stuGender": [{"male": 0, "Female": 0}, {"male": 0, "Female": 0}, {"male": 0, "Female": 0}, {"male": 0, "Female": 0}]}}