{"timestamp": [1734407324.057825, 1734470059.286839, 1734556691.053677, 1734642639.353756], "data": {"selected": [0, 0, 0, 0], "assigned": [35, 35, 36, 36], "preselecStu": [0, 0, 0, 0], "stuGender": [{"male": 0, "Female": 0}, {"male": 0, "Female": 0}, {"male": 0, "Female": 0}, {"male": 0, "Female": 0}]}}