{"timestamp": [1734407324.057825, 1734470059.286839], "data": {"selected": [0, 0], "assigned": [35, 35], "preselecStu": [0, 0], "stuGender": [{"male": 0, "Female": 0}, {"male": 0, "Female": 0}]}}