{"timestamp": [1716065135.73953, 1716496493.089051, 1725438461.424111, 1725511536.239658], "data": {"selected": [0, 0, 1, 1], "assigned": [0, 0, 1, 1], "preselecStu": [0, 0, 1, 1], "stuGender": [{"male": 0, "Female": 0}, {"male": 0, "Female": 0}, {"male": 0, "Female": 1}, {"male": 0, "Female": 1}]}}