{"timestamp": [1716067011.011901, 1716498247.827845, 1725441220.839321], "data": {"selected": [0, 0, 115], "assigned": [0, 0, 0], "preselecStu": [0, 0, 0], "stuGender": [{"male": 0, "Female": 0}, {"male": 0, "Female": 0}, {"male": 46, "Female": 69}]}}