{"timestamp": [1716067607.739292, 1716498844.240484, 1725442038.886265, 1725514453.554085], "data": {"selected": [0, 0, 0, 0], "assigned": [0, 0, 15, 19], "preselecStu": [0, 0, 0, 0], "stuGender": [{"male": 0, "Female": 0}, {"male": 0, "Female": 0}, {"male": 0, "Female": 0}, {"male": 0, "Female": 0}]}}