{"timestamp": [1707575326.479815, 1707586644.141034, 1707658715.993072], "data": {"selected": [26, 26, 26], "assigned": [0, 0, 0], "preselecStu": [26, 26, 26], "stuGender": [{"male": 7, "Female": 19}, {"male": 7, "Female": 19}, {"male": 7, "Female": 19}]}}