{"timestamp": [1707540815.032993, 1707543994.822913], "data": {"selected": [26, 26], "assigned": [0, 0], "preselecStu": [26, 26], "stuGender": [{"male": 7, "Female": 19}, {"male": 7, "Female": 19}]}}