{"timestamp": [1734411164.26869, 1734473630.448094, 1734560627.52729, 1734646023.188767], "data": {"selected": [0, 0, 0, 0], "assigned": [23, 23, 23, 23], "preselecStu": [0, 0, 0, 0], "stuGender": [{"male": 0, "Female": 0}, {"male": 0, "Female": 0}, {"male": 0, "Female": 0}, {"male": 0, "Female": 0}]}}