{"timestamp": [1716067922.400989, 1716499120.988668, 1725442409.404467], "data": {"selected": [0, 0, 87], "assigned": [0, 0, 29], "preselecStu": [0, 0, 87], "stuGender": [{"male": 0, "Female": 0}, {"male": 0, "Female": 0}, {"male": 71, "Female": 16}]}}