{"timestamp": [1716067922.400989, 1716499120.988668, 1725442409.404467, 1725514812.056509], "data": {"selected": [0, 0, 87, 86], "assigned": [0, 0, 29, 38], "preselecStu": [0, 0, 87, 86], "stuGender": [{"male": 0, "Female": 0}, {"male": 0, "Female": 0}, {"male": 71, "Female": 16}, {"male": 70, "Female": 16}]}}