{"timestamp": [1707541249.530632, 1707544432.38971], "data": {"selected": [22, 22], "assigned": [0, 0], "preselecStu": [22, 22], "stuGender": [{"male": 11, "Female": 11}, {"male": 11, "Female": 11}]}}