{"timestamp": [1707576122.494457, 1707587571.679615, 1707659155.307003], "data": {"selected": [22, 22, 22], "assigned": [0, 0, 0], "preselecStu": [22, 22, 22], "stuGender": [{"male": 11, "Female": 11}, {"male": 11, "Female": 11}, {"male": 11, "Female": 11}]}}