{"timestamp": [1707577103.499414, 1707588780.902946, 1707659698.363409], "data": {"selected": [68, 68, 68], "assigned": [0, 0, 0], "preselecStu": [65, 65, 65], "stuGender": [{"male": 25, "Female": 43}, {"male": 25, "Female": 43}, {"male": 25, "Female": 43}]}}