{"timestamp": [1707541777.415814, 1707545006.74226], "data": {"selected": [68, 68], "assigned": [0, 0], "preselecStu": [65, 65], "stuGender": [{"male": 25, "Female": 43}, {"male": 25, "Female": 43}]}}