{"timestamp": [1716063889.315014, 1716495354.001364, 1725436606.390948], "data": {"selected": [0, 0, 41], "assigned": [0, 0, 30], "preselecStu": [0, 0, 41], "stuGender": [{"male": 0, "Female": 0}, {"male": 0, "Female": 0}, {"male": 25, "Female": 16}]}}