{"timestamp": [1734407207.888924, 1734469947.787978, 1734556583.576914], "data": {"selected": [0, 0, 0], "assigned": [18, 21, 20], "preselecStu": [0, 0, 0], "stuGender": [{"male": 0, "Female": 0}, {"male": 0, "Female": 0}, {"male": 0, "Female": 0}]}}