{"timestamp": [1734405536.218229, 1734468192.798449, 1734554728.448137, 1734640933.454602], "data": {"selected": [0, 0, 0, 0], "assigned": [146, 169, 215, 240], "preselecStu": [0, 0, 0, 0], "stuGender": [{"male": 0, "Female": 0}, {"male": 0, "Female": 0}, {"male": 0, "Female": 0}, {"male": 0, "Female": 0}]}}