{"timestamp": [1734405536.218229, 1734468192.798449], "data": {"selected": [0, 0], "assigned": [146, 169], "preselecStu": [0, 0], "stuGender": [{"male": 0, "Female": 0}, {"male": 0, "Female": 0}]}}