{"timestamp": [1707542620.566159, 1707545896.359936], "data": {"selected": [14, 14], "assigned": [0, 0], "preselecStu": [14, 14], "stuGender": [{"male": 8, "Female": 6}, {"male": 8, "Female": 6}]}}