{"timestamp": [1734404829.807786, 1734467457.014585], "data": {"selected": [0, 0], "assigned": [46, 46], "preselecStu": [0, 0], "stuGender": [{"male": 0, "Female": 0}, {"male": 0, "Female": 0}]}}