{"timestamp": [1707541295.484402, 1707544481.491103], "data": {"selected": [47, 47], "assigned": [0, 0], "preselecStu": [47, 47], "stuGender": [{"male": 22, "Female": 25}, {"male": 22, "Female": 25}]}}