{"timestamp": [1734408523.476318, 1734471161.24255, 1734557931.646941, 1734643709.777614], "data": {"selected": [0, 0, 0, 0], "assigned": [35, 43, 46, 50], "preselecStu": [0, 0, 0, 0], "stuGender": [{"male": 0, "Female": 0}, {"male": 0, "Female": 0}, {"male": 0, "Female": 0}, {"male": 0, "Female": 0}]}}