{"timestamp": [1734408340.856613, 1734470988.91916, 1734557743.061367, 1734643534.617852], "data": {"selected": [0, 0, 0, 0], "assigned": [1, 3, 4, 4], "preselecStu": [0, 0, 0, 0], "stuGender": [{"male": 0, "Female": 0}, {"male": 0, "Female": 0}, {"male": 0, "Female": 0}, {"male": 0, "Female": 0}]}}