{"timestamp": [1734406314.219474, 1734469047.314525, 1734555547.795995], "data": {"selected": [0, 0, 0], "assigned": [76, 90, 106], "preselecStu": [0, 0, 0], "stuGender": [{"male": 0, "Female": 0}, {"male": 0, "Female": 0}, {"male": 0, "Female": 0}]}}