{"timestamp": [1716068730.787714, 1716499851.609085, 1725443358.241693, 1725515754.856149], "data": {"selected": [0, 0, 5, 5], "assigned": [0, 0, 9, 10], "preselecStu": [0, 0, 5, 5], "stuGender": [{"male": 0, "Female": 0}, {"male": 0, "Female": 0}, {"male": 2, "Female": 3}, {"male": 2, "Female": 3}]}}