{"timestamp": [1716064545.466582, 1716495953.165998, 1725437571.346156], "data": {"selected": [0, 0, 20], "assigned": [0, 0, 7], "preselecStu": [0, 0, 19], "stuGender": [{"male": 0, "Female": 0}, {"male": 0, "Female": 0}, {"male": 4, "Female": 16}]}}