{"timestamp": [1716064110.335417, 1716495548.757852, 1725436909.483563], "data": {"selected": [0, 0, 0], "assigned": [0, 0, 6], "preselecStu": [0, 0, 0], "stuGender": [{"male": 0, "Female": 0}, {"male": 0, "Female": 0}, {"male": 0, "Female": 0}]}}