{"timestamp": [1716066292.256684, 1716497555.032345, 1725440156.798611, 1725512924.877046], "data": {"selected": [0, 0, 40, 39], "assigned": [0, 42, 4, 4], "preselecStu": [0, 0, 40, 39], "stuGender": [{"male": 0, "Female": 0}, {"male": 0, "Female": 0}, {"male": 28, "Female": 12}, {"male": 27, "Female": 12}]}}