{"timestamp": [1734406018.619287, 1734468724.025247], "data": {"selected": [0, 0], "assigned": [18, 21], "preselecStu": [0, 0], "stuGender": [{"male": 0, "Female": 0}, {"male": 0, "Female": 0}]}}