{"timestamp": [1716066825.47707, 1716498068.689552, 1725440981.486653, 1725513548.781888], "data": {"selected": [0, 0, 3, 3], "assigned": [0, 0, 41, 43], "preselecStu": [0, 0, 3, 3], "stuGender": [{"male": 0, "Female": 0}, {"male": 0, "Female": 0}, {"male": 2, "Female": 1}, {"male": 2, "Female": 1}]}}