{"timestamp": [1707578070.286883, 1707589998.364691], "data": {"selected": [15, 15], "assigned": [0, 0], "preselecStu": [15, 15], "stuGender": [{"male": 9, "Female": 6}, {"male": 9, "Female": 6}]}}