{"timestamp": [1734407141.592834, 1734469888.015286], "data": {"selected": [0, 0], "assigned": [102, 114], "preselecStu": [0, 0], "stuGender": [{"male": 0, "Female": 0}, {"male": 0, "Female": 0}]}}