{"timestamp": [1734409057.960329, 1734471676.573452], "data": {"selected": [0, 0], "assigned": [17, 17], "preselecStu": [0, 0], "stuGender": [{"male": 0, "Female": 0}, {"male": 0, "Female": 0}]}}