{"timestamp": [1734406141.825287, 1734468876.410922, 1734555396.607884, 1734641591.186483], "data": {"selected": [0, 0, 0, 0], "assigned": [5, 7, 8, 8], "preselecStu": [0, 0, 0, 0], "stuGender": [{"male": 0, "Female": 0}, {"male": 0, "Female": 0}, {"male": 0, "Female": 0}, {"male": 0, "Female": 0}]}}