{"timestamp": [1734408019.432848, 1734470700.133906], "data": {"selected": [0, 0], "assigned": [11, 13], "preselecStu": [0, 0], "stuGender": [{"male": 0, "Female": 0}, {"male": 0, "Female": 0}]}}