{"timestamp": [1707578013.710991, 1707589901.852859], "data": {"selected": [23, 23], "assigned": [0, 0], "preselecStu": [23, 23], "stuGender": [{"male": 16, "Female": 7}, {"male": 16, "Female": 7}]}}