{"timestamp": [1707540304.735165, 1707543481.078905], "data": {"selected": [47, 47], "assigned": [0, 0], "preselecStu": [47, 47], "stuGender": [{"male": 37, "Female": 10}, {"male": 37, "Female": 10}]}}