{"timestamp": [1734407339.407761, 1734470075.284518, 1734556706.894333], "data": {"selected": [0, 0, 0], "assigned": [43, 44, 45], "preselecStu": [0, 0, 0], "stuGender": [{"male": 0, "Female": 0}, {"male": 0, "Female": 0}, {"male": 0, "Female": 0}]}}