{"timestamp": [1734407339.407761, 1734470075.284518], "data": {"selected": [0, 0], "assigned": [43, 44], "preselecStu": [0, 0], "stuGender": [{"male": 0, "Female": 0}, {"male": 0, "Female": 0}]}}