{"timestamp": [1734408492.380783, 1734471129.897444, 1734557897.425981], "data": {"selected": [0, 0, 0], "assigned": [60, 61, 63], "preselecStu": [0, 0, 0], "stuGender": [{"male": 0, "Female": 0}, {"male": 0, "Female": 0}, {"male": 0, "Female": 0}]}}