{"timestamp": [1734408070.641633, 1734470749.415689, 1734557482.180744], "data": {"selected": [0, 0, 0], "assigned": [6, 7, 9], "preselecStu": [0, 0, 0], "stuGender": [{"male": 0, "Female": 0}, {"male": 0, "Female": 0}, {"male": 0, "Female": 0}]}}