{"timestamp": [1707577816.292984, 1707589646.150773, 1707660097.233315, 1707662706.12466], "data": {"selected": [120, 120, 120, 120], "assigned": [0, 0, 0, 0], "preselecStu": [120, 120, 120, 120], "stuGender": [{"male": 98, "Female": 22}, {"male": 98, "Female": 22}, {"male": 98, "Female": 22}, {"male": 98, "Female": 22}]}}