{"timestamp": [1707540303.670694, 1707543479.53968], "data": {"selected": [45, 45], "assigned": [0, 0], "preselecStu": [45, 45], "stuGender": [{"male": 36, "Female": 9}, {"male": 36, "Female": 9}]}}