{"timestamp": [1707574455.290909, 1707585593.574237, 1707658192.884212, 1707660787.230383], "data": {"selected": [45, 45, 45, 45], "assigned": [0, 0, 0, 0], "preselecStu": [45, 45, 45, 45], "stuGender": [{"male": 36, "Female": 9}, {"male": 36, "Female": 9}, {"male": 36, "Female": 9}, {"male": 36, "Female": 9}]}}