{"timestamp": [1734405008.967921, 1734467668.025558], "data": {"selected": [0, 0], "assigned": [232, 274], "preselecStu": [0, 0], "stuGender": [{"male": 0, "Female": 0}, {"male": 0, "Female": 0}]}}