{"timestamp": [1734405008.967921, 1734467668.025558, 1734554191.694498], "data": {"selected": [0, 0, 0], "assigned": [232, 274, 315], "preselecStu": [0, 0, 0], "stuGender": [{"male": 0, "Female": 0}, {"male": 0, "Female": 0}, {"male": 0, "Female": 0}]}}