{"timestamp": [1707578135.689376, 1707590075.320022], "data": {"selected": [21, 21], "assigned": [0, 0], "preselecStu": [21, 21], "stuGender": [{"male": 11, "Female": 10}, {"male": 11, "Female": 10}]}}