{"timestamp": [1716064991.718711, 1716496353.406124, 1725438237.049674], "data": {"selected": [0, 0, 1], "assigned": [0, 0, 133], "preselecStu": [0, 0, 0], "stuGender": [{"male": 0, "Female": 0}, {"male": 0, "Female": 0}, {"male": 1, "Female": 0}]}}