{"timestamp": [1707540914.713626, 1707544093.517722], "data": {"selected": [33, 33], "assigned": [0, 0], "preselecStu": [33, 33], "stuGender": [{"male": 12, "Female": 21}, {"male": 12, "Female": 21}]}}