{"timestamp": [1716065075.172009, 1716496437.803093, 1725438376.735204], "data": {"selected": [0, 0, 20], "assigned": [0, 0, 6], "preselecStu": [0, 0, 20], "stuGender": [{"male": 0, "Female": 0}, {"male": 0, "Female": 0}, {"male": 10, "Female": 10}]}}