{"timestamp": [1716065075.172009, 1716496437.803093, 1725438376.735204, 1725511470.420831], "data": {"selected": [0, 0, 20, 18], "assigned": [0, 0, 6, 10], "preselecStu": [0, 0, 20, 18], "stuGender": [{"male": 0, "Female": 0}, {"male": 0, "Female": 0}, {"male": 10, "Female": 10}, {"male": 9, "Female": 9}]}}