{"timestamp": [1707576743.147911, 1707588362.607473], "data": {"selected": [60, 60], "assigned": [0, 0], "preselecStu": [60, 60], "stuGender": [{"male": 47, "Female": 13}, {"male": 47, "Female": 13}]}}