{"timestamp": [1716066691.821226, 1716497939.092303, 1725440776.28997, 1725513381.274688], "data": {"selected": [0, 0, 54, 54], "assigned": [0, 0, 100, 122], "preselecStu": [0, 0, 54, 54], "stuGender": [{"male": 0, "Female": 0}, {"male": 0, "Female": 0}, {"male": 42, "Female": 12}, {"male": 42, "Female": 12}]}}