{"timestamp": [1734408007.097263, 1734470688.333097], "data": {"selected": [0, 0], "assigned": [54, 53], "preselecStu": [0, 0], "stuGender": [{"male": 0, "Female": 0}, {"male": 0, "Female": 0}]}}