{"timestamp": [1716063654.238816, 1716495132.576229, 1725436283.715425], "data": {"selected": [0, 0, 46], "assigned": [0, 0, 1], "preselecStu": [0, 0, 0], "stuGender": [{"male": 0, "Female": 0}, {"male": 0, "Female": 0}, {"male": 41, "Female": 5}]}}