{"timestamp": [1716068299.912505, 1716499452.814417, 1725442880.485216], "data": {"selected": [0, 0, 9], "assigned": [0, 0, 3], "preselecStu": [0, 0, 9], "stuGender": [{"male": 0, "Female": 0}, {"male": 0, "Female": 0}, {"male": 6, "Female": 3}]}}