{"timestamp": [1707574858.689347, 1707586064.631901, 1707658450.935062], "data": {"selected": [1, 1, 1], "assigned": [0, 0, 0], "preselecStu": [1, 1, 1], "stuGender": [{"male": 1, "Female": 0}, {"male": 1, "Female": 0}, {"male": 1, "Female": 0}]}}