{"timestamp": [1716067256.491197, 1716498489.641061, 1725441512.25915, 1725514045.288884], "data": {"selected": [0, 0, 75, 75], "assigned": [0, 0, 21, 36], "preselecStu": [0, 0, 75, 75], "stuGender": [{"male": 0, "Female": 0}, {"male": 0, "Female": 0}, {"male": 47, "Female": 28}, {"male": 47, "Female": 28}]}}