{"timestamp": [1707542649.410013, 1707545925.931987], "data": {"selected": [47, 47], "assigned": [0, 0], "preselecStu": [47, 47], "stuGender": [{"male": 19, "Female": 28}, {"male": 19, "Female": 28}]}}