{"timestamp": [1707541297.636214, 1707544483.646251], "data": {"selected": [41, 41], "assigned": [0, 0], "preselecStu": [41, 41], "stuGender": [{"male": 19, "Female": 22}, {"male": 19, "Female": 22}]}}