{"timestamp": [1716066361.305795, 1716497598.004278, 1725440237.274637, 1725512974.404081], "data": {"selected": [0, 0, 38, 37], "assigned": [0, 0, 8, 14], "preselecStu": [0, 0, 38, 37], "stuGender": [{"male": 0, "Female": 0}, {"male": 0, "Female": 0}, {"male": 26, "Female": 12}, {"male": 26, "Female": 11}]}}