{"timestamp": [1716063693.030773, 1716495162.386297, 1725436329.203794], "data": {"selected": [0, 0, 53], "assigned": [0, 0, 0], "preselecStu": [0, 0, 0], "stuGender": [{"male": 0, "Female": 0}, {"male": 0, "Female": 0}, {"male": 43, "Female": 10}]}}