{"timestamp": [1734407093.146808, 1734469842.728629, 1734556426.403866], "data": {"selected": [0, 0, 0], "assigned": [50, 53, 52], "preselecStu": [0, 0, 0], "stuGender": [{"male": 0, "Female": 0}, {"male": 0, "Female": 0}, {"male": 0, "Female": 0}]}}