{"timestamp": [1734406622.064298, 1734469372.400788, 1734555913.624819, 1734642052.107275], "data": {"selected": [0, 0, 0, 0], "assigned": [7, 7, 8, 8], "preselecStu": [0, 0, 0, 0], "stuGender": [{"male": 0, "Female": 0}, {"male": 0, "Female": 0}, {"male": 0, "Female": 0}, {"male": 0, "Female": 0}]}}