{"timestamp": [1716067425.415558, 1716498661.294252, 1725441801.863924], "data": {"selected": [0, 0, 29], "assigned": [0, 0, 1], "preselecStu": [0, 0, 0], "stuGender": [{"male": 0, "Female": 0}, {"male": 0, "Female": 0}, {"male": 11, "Female": 18}]}}