{"timestamp": [1716065474.164783, 1716496794.186392, 1725438900.280614, 1725511923.98285], "data": {"selected": [0, 0, 2, 2], "assigned": [0, 0, 5, 8], "preselecStu": [0, 0, 2, 2], "stuGender": [{"male": 0, "Female": 0}, {"male": 0, "Female": 0}, {"male": 1, "Female": 1}, {"male": 1, "Female": 1}]}}