{"timestamp": [1734405847.542321, 1734468578.191035, 1734555083.10229], "data": {"selected": [36, 36, 36], "assigned": [0, 0, 0], "preselecStu": [0, 0, 0], "stuGender": [{"male": 29, "Female": 7}, {"male": 29, "Female": 7}, {"male": 29, "Female": 7}]}}