{"timestamp": [1707540602.745799, 1707543776.742223], "data": {"selected": [56, 56], "assigned": [0, 0], "preselecStu": [56, 56], "stuGender": [{"male": 23, "Female": 33}, {"male": 23, "Female": 33}]}}