{"timestamp": [1707574944.297473, 1707586166.76898], "data": {"selected": [56, 56], "assigned": [0, 0], "preselecStu": [56, 56], "stuGender": [{"male": 23, "Female": 33}, {"male": 23, "Female": 33}]}}