{"timestamp": [1734408820.595219, 1734471453.803456], "data": {"selected": [0, 0], "assigned": [95, 96], "preselecStu": [0, 0], "stuGender": [{"male": 0, "Female": 0}, {"male": 0, "Female": 0}]}}