{"timestamp": [1707577901.248136, 1707589782.760885, 1707660140.164701, 1707662749.572859], "data": {"selected": [50, 50, 50, 50], "assigned": [0, 0, 0, 0], "preselecStu": [50, 50, 50, 50], "stuGender": [{"male": 35, "Female": 15}, {"male": 35, "Female": 15}, {"male": 35, "Female": 15}, {"male": 35, "Female": 15}]}}