{"timestamp": [1716065269.376015, 1716496592.737851, 1725438610.647883, 1725511676.859609], "data": {"selected": [0, 0, 14, 14], "assigned": [0, 0, 6, 10], "preselecStu": [0, 0, 14, 14], "stuGender": [{"male": 0, "Female": 0}, {"male": 0, "Female": 0}, {"male": 3, "Female": 11}, {"male": 3, "Female": 11}]}}