{"timestamp": [1716068860.339693, 1716499968.569677, 1725443486.8788, 1725515882.910001], "data": {"selected": [0, 0, 2, 2], "assigned": [0, 0, 0, 0], "preselecStu": [0, 0, 2, 2], "stuGender": [{"male": 0, "Female": 0}, {"male": 0, "Female": 0}, {"male": 1, "Female": 1}, {"male": 1, "Female": 1}]}}