{"timestamp": [1734404823.874805, 1734467451.234339, 1734553948.477548], "data": {"selected": [0, 0, 0], "assigned": [51, 50, 50], "preselecStu": [0, 0, 0], "stuGender": [{"male": 0, "Female": 0}, {"male": 0, "Female": 0}, {"male": 0, "Female": 0}]}}