{"timestamp": [1707541458.326606, 1707544658.995076], "data": {"selected": [29, 29], "assigned": [0, 0], "preselecStu": [29, 29], "stuGender": [{"male": 19, "Female": 10}, {"male": 19, "Female": 10}]}}