{"timestamp": [1707576507.771787, 1707588087.793583, 1707659365.473062], "data": {"selected": [29, 29, 29], "assigned": [0, 0, 0], "preselecStu": [29, 29, 29], "stuGender": [{"male": 19, "Female": 10}, {"male": 19, "Female": 10}, {"male": 19, "Female": 10}]}}