{"timestamp": [1716068992.706224, 1716500081.94861, 1725443620.947721, 1725516020.727266], "data": {"selected": [0, 0, 8, 8], "assigned": [0, 0, 9, 11], "preselecStu": [0, 0, 8, 8], "stuGender": [{"male": 0, "Female": 0}, {"male": 0, "Female": 0}, {"male": 2, "Female": 6}, {"male": 2, "Female": 6}]}}