{"timestamp": [1734410548.91049, 1734473090.539496, 1734560067.771426], "data": {"selected": [0, 0, 0], "assigned": [0, 1, 2], "preselecStu": [0, 0, 0], "stuGender": [{"male": 0, "Female": 0}, {"male": 0, "Female": 0}, {"male": 0, "Female": 0}]}}