{"timestamp": [1734406522.886054, 1734469264.270036], "data": {"selected": [0, 0], "assigned": [24, 27], "preselecStu": [0, 0], "stuGender": [{"male": 0, "Female": 0}, {"male": 0, "Female": 0}]}}