{"timestamp": [1734406522.886054, 1734469264.270036, 1734555813.886547], "data": {"selected": [0, 0, 0], "assigned": [24, 27, 30], "preselecStu": [0, 0, 0], "stuGender": [{"male": 0, "Female": 0}, {"male": 0, "Female": 0}, {"male": 0, "Female": 0}]}}