{"timestamp": [1734410787.855774, 1734473293.91569, 1734560275.69882], "data": {"selected": [0, 0, 0], "assigned": [43, 43, 43], "preselecStu": [0, 0, 0], "stuGender": [{"male": 0, "Female": 0}, {"male": 0, "Female": 0}, {"male": 0, "Female": 0}]}}