{"timestamp": [1716066422.812348, 1716497657.497245, 1725440340.573265], "data": {"selected": [0, 0, 30], "assigned": [0, 0, 17], "preselecStu": [0, 0, 30], "stuGender": [{"male": 0, "Female": 0}, {"male": 0, "Female": 0}, {"male": 24, "Female": 6}]}}