{"timestamp": [1734410155.840267, 1734472701.596785, 1734559667.414901, 1734645066.80964], "data": {"selected": [0, 0, 0, 0], "assigned": [1, 3, 4, 6], "preselecStu": [0, 0, 0, 0], "stuGender": [{"male": 0, "Female": 0}, {"male": 0, "Female": 0}, {"male": 0, "Female": 0}, {"male": 0, "Female": 0}]}}