{"timestamp": [1716066089.387879, 1716497365.722309, 1725439863.573815, 1725512668.506879], "data": {"selected": [0, 0, 2, 2], "assigned": [0, 0, 6, 7], "preselecStu": [0, 0, 2, 2], "stuGender": [{"male": 0, "Female": 0}, {"male": 0, "Female": 0}, {"male": 2, "Female": 0}, {"male": 2, "Female": 0}]}}