{"timestamp": [1734409876.432789, 1734472394.827058, 1734559384.211945, 1734644804.913265], "data": {"selected": [0, 0, 0, 0], "assigned": [25, 26, 27, 29], "preselecStu": [0, 0, 0, 0], "stuGender": [{"male": 0, "Female": 0}, {"male": 0, "Female": 0}, {"male": 0, "Female": 0}, {"male": 0, "Female": 0}]}}