{"timestamp": [1734409876.432789, 1734472394.827058], "data": {"selected": [0, 0], "assigned": [25, 26], "preselecStu": [0, 0], "stuGender": [{"male": 0, "Female": 0}, {"male": 0, "Female": 0}]}}