{"timestamp": [1707577346.726472, 1707589062.701905, 1707659835.933516], "data": {"selected": [31, 31, 31], "assigned": [0, 0, 0], "preselecStu": [31, 31, 31], "stuGender": [{"male": 22, "Female": 9}, {"male": 22, "Female": 9}, {"male": 22, "Female": 9}]}}