{"timestamp": [1716064513.050886, 1716495919.066598, 1725437521.017465], "data": {"selected": [0, 0, 48], "assigned": [0, 0, 44], "preselecStu": [0, 0, 48], "stuGender": [{"male": 0, "Female": 0}, {"male": 0, "Female": 0}, {"male": 41, "Female": 7}]}}