{"timestamp": [1716066919.173431, 1716498162.217029, 1725441103.148457], "data": {"selected": [0, 0, 3], "assigned": [0, 0, 8], "preselecStu": [0, 0, 3], "stuGender": [{"male": 0, "Female": 0}, {"male": 0, "Female": 0}, {"male": 3, "Female": 0}]}}