{"timestamp": [1707577198.933879, 1707588894.367698, 1707659751.748773, 1707662361.39484], "data": {"selected": [21, 21, 21, 21], "assigned": [0, 0, 0, 0], "preselecStu": [21, 21, 21, 21], "stuGender": [{"male": 5, "Female": 16}, {"male": 5, "Female": 16}, {"male": 5, "Female": 16}, {"male": 5, "Female": 16}]}}