{"timestamp": [1707575013.071059, 1707586263.796858], "data": {"selected": [50, 50], "assigned": [0, 0], "preselecStu": [50, 50], "stuGender": [{"male": 34, "Female": 16}, {"male": 34, "Female": 16}]}}