{"timestamp": [1707542179.370434, 1707545438.216058], "data": {"selected": [15, 15], "assigned": [0, 0], "preselecStu": [15, 15], "stuGender": [{"male": 9, "Female": 6}, {"male": 9, "Female": 6}]}}