{"timestamp": [1734407235.595933, 1734469973.504043, 1734556610.406579], "data": {"selected": [0, 0, 0], "assigned": [12, 14, 14], "preselecStu": [0, 0, 0], "stuGender": [{"male": 0, "Female": 0}, {"male": 0, "Female": 0}, {"male": 0, "Female": 0}]}}