{"timestamp": [1734406548.702029, 1734469295.417104], "data": {"selected": [0, 0], "assigned": [23, 23], "preselecStu": [0, 0], "stuGender": [{"male": 0, "Female": 0}, {"male": 0, "Female": 0}]}}