{"timestamp": [1716066308.023715, 1716497564.373719, 1725440168.242724, 1725512935.821706], "data": {"selected": [0, 0, 52, 49], "assigned": [0, 0, 7, 12], "preselecStu": [0, 0, 52, 49], "stuGender": [{"male": 0, "Female": 0}, {"male": 0, "Female": 0}, {"male": 35, "Female": 17}, {"male": 34, "Female": 15}]}}