{"timestamp": [1716066308.023715, 1716497564.373719, 1725440168.242724], "data": {"selected": [0, 0, 52], "assigned": [0, 0, 7], "preselecStu": [0, 0, 52], "stuGender": [{"male": 0, "Female": 0}, {"male": 0, "Female": 0}, {"male": 35, "Female": 17}]}}