{"timestamp": [1707577955.426119, 1707589837.211828], "data": {"selected": [75, 75], "assigned": [0, 0], "preselecStu": [75, 75], "stuGender": [{"male": 55, "Female": 20}, {"male": 55, "Female": 20}]}}