{"timestamp": [1707541603.426012, 1707544810.154274], "data": {"selected": [10, 10], "assigned": [0, 0], "preselecStu": [10, 10], "stuGender": [{"male": 9, "Female": 1}, {"male": 9, "Female": 1}]}}