{"timestamp": [1707576778.95503, 1707588403.542807, 1707659514.837499, 1707662120.998057], "data": {"selected": [10, 10, 10, 10], "assigned": [0, 0, 0, 0], "preselecStu": [10, 10, 10, 10], "stuGender": [{"male": 9, "Female": 1}, {"male": 9, "Female": 1}, {"male": 9, "Female": 1}, {"male": 9, "Female": 1}]}}