{"timestamp": [1716064929.671237, 1716496296.227698, 1725438117.255809], "data": {"selected": [0, 0, 10], "assigned": [0, 0, 1], "preselecStu": [0, 0, 10], "stuGender": [{"male": 0, "Female": 0}, {"male": 0, "Female": 0}, {"male": 6, "Female": 4}]}}