{"timestamp": [1734408301.965033, 1734470961.245431], "data": {"selected": [0, 0], "assigned": [12, 18], "preselecStu": [0, 0], "stuGender": [{"male": 0, "Female": 0}, {"male": 0, "Female": 0}]}}