{"timestamp": [1716064824.984318, 1716496202.835454, 1725437961.343879], "data": {"selected": [0, 0, 0], "assigned": [0, 0, 96], "preselecStu": [0, 0, 0], "stuGender": [{"male": 0, "Female": 0}, {"male": 0, "Female": 0}, {"male": 0, "Female": 0}]}}