{"timestamp": [1734407739.979568, 1734470441.277423, 1734557114.733789, 1734642994.551207], "data": {"selected": [0, 0, 0, 0], "assigned": [25, 29, 41, 42], "preselecStu": [0, 0, 0, 0], "stuGender": [{"male": 0, "Female": 0}, {"male": 0, "Female": 0}, {"male": 0, "Female": 0}, {"male": 0, "Female": 0}]}}