{"timestamp": [1734409078.000378, 1734471695.150236, 1734558574.231861, 1734644169.192167], "data": {"selected": [0, 0, 0, 0], "assigned": [14, 14, 15, 18], "preselecStu": [0, 0, 0, 0], "stuGender": [{"male": 0, "Female": 0}, {"male": 0, "Female": 0}, {"male": 0, "Female": 0}, {"male": 0, "Female": 0}]}}