{"timestamp": [1707577296.428436, 1707589005.325685], "data": {"selected": [80, 80], "assigned": [0, 0], "preselecStu": [80, 80], "stuGender": [{"male": 38, "Female": 42}, {"male": 38, "Female": 42}]}}