{"timestamp": [1707542214.397991, 1707545480.681681], "data": {"selected": [17, 17], "assigned": [0, 0], "preselecStu": [17, 17], "stuGender": [{"male": 13, "Female": 4}, {"male": 13, "Female": 4}]}}