{"timestamp": [1707541693.736843, 1707544920.416541], "data": {"selected": [18, 18], "assigned": [0, 0], "preselecStu": [18, 18], "stuGender": [{"male": 10, "Female": 8}, {"male": 10, "Female": 8}]}}