{"timestamp": [1707540812.775826, 1707543991.504882], "data": {"selected": [120, 120], "assigned": [0, 0], "preselecStu": [120, 120], "stuGender": [{"male": 80, "Female": 40}, {"male": 80, "Female": 40}]}}