{"timestamp": [1707541898.663633, 1707545135.825185], "data": {"selected": [44, 44], "assigned": [0, 0], "preselecStu": [44, 44], "stuGender": [{"male": 24, "Female": 20}, {"male": 24, "Female": 20}]}}