{"timestamp": [1707577324.371786, 1707589037.501938, 1707659823.333541, 1707662434.001654], "data": {"selected": [44, 44, 44, 44], "assigned": [0, 0, 0, 0], "preselecStu": [44, 44, 44, 44], "stuGender": [{"male": 24, "Female": 20}, {"male": 24, "Female": 20}, {"male": 24, "Female": 20}, {"male": 24, "Female": 20}]}}