{"timestamp": [1734406387.328107, 1734469122.376613, 1734555639.948004], "data": {"selected": [0, 0, 0], "assigned": [29, 30, 38], "preselecStu": [0, 0, 0], "stuGender": [{"male": 0, "Female": 0}, {"male": 0, "Female": 0}, {"male": 0, "Female": 0}]}}