{"timestamp": [1707542451.990426, 1707545728.297686], "data": {"selected": [31, 31], "assigned": [0, 0], "preselecStu": [31, 31], "stuGender": [{"male": 21, "Female": 10}, {"male": 21, "Female": 10}]}}