{"timestamp": [1707540606.098173, 1707543780.014646], "data": {"selected": [66, 66], "assigned": [0, 0], "preselecStu": [66, 66], "stuGender": [{"male": 25, "Female": 41}, {"male": 25, "Female": 41}]}}