{"timestamp": [1707574950.522405, 1707586173.967285], "data": {"selected": [66, 66], "assigned": [0, 0], "preselecStu": [66, 66], "stuGender": [{"male": 25, "Female": 41}, {"male": 25, "Female": 41}]}}