{"timestamp": [1707540332.62597, 1707543508.355847], "data": {"selected": [42, 42], "assigned": [0, 0], "preselecStu": [42, 42], "stuGender": [{"male": 39, "Female": 3}, {"male": 39, "Female": 3}]}}