{"timestamp": [1734407801.734618, 1734470499.463537, 1734557182.09473], "data": {"selected": [0, 0, 0], "assigned": [20, 22, 23], "preselecStu": [0, 0, 0], "stuGender": [{"male": 0, "Female": 0}, {"male": 0, "Female": 0}, {"male": 0, "Female": 0}]}}