{"timestamp": [1707576874.89996, 1707588506.405038, 1707659564.299187], "data": {"selected": [64, 64, 64], "assigned": [0, 0, 0], "preselecStu": [64, 64, 64], "stuGender": [{"male": 49, "Female": 15}, {"male": 49, "Female": 15}, {"male": 49, "Female": 15}]}}