{"timestamp": [1707540357.412266, 1707543533.262806], "data": {"selected": [42, 42], "assigned": [0, 0], "preselecStu": [42, 42], "stuGender": [{"male": 32, "Female": 10}, {"male": 32, "Female": 10}]}}