{"timestamp": [1716068113.296167, 1716499286.012448, 1725442677.19658, 1725515068.325272], "data": {"selected": [0, 0, 42, 42], "assigned": [0, 1, 14, 19], "preselecStu": [0, 0, 0, 0], "stuGender": [{"male": 0, "Female": 0}, {"male": 0, "Female": 0}, {"male": 27, "Female": 15}, {"male": 27, "Female": 15}]}}