{"timestamp": [1707576889.203877, 1707588522.687825, 1707659572.779868], "data": {"selected": [42, 42, 42], "assigned": [0, 0, 0], "preselecStu": [42, 42, 42], "stuGender": [{"male": 29, "Female": 13}, {"male": 29, "Female": 13}, {"male": 29, "Female": 13}]}}