{"timestamp": [1707541659.511034, 1707544871.941671], "data": {"selected": [42, 42], "assigned": [0, 0], "preselecStu": [42, 42], "stuGender": [{"male": 29, "Female": 13}, {"male": 29, "Female": 13}]}}