{"timestamp": [1716064354.58632, 1716495787.878147, 1725437301.499236, 1725510595.742146], "data": {"selected": [0, 0, 113, 111], "assigned": [0, 0, 67, 106], "preselecStu": [0, 0, 113, 111], "stuGender": [{"male": 0, "Female": 0}, {"male": 0, "Female": 0}, {"male": 54, "Female": 59}, {"male": 54, "Female": 57}]}}