{"timestamp": [1716065596.668835, 1716496916.389393, 1725439120.304613, 1725512108.807721], "data": {"selected": [0, 0, 39, 37], "assigned": [0, 36, 5, 5], "preselecStu": [0, 0, 38, 36], "stuGender": [{"male": 0, "Female": 0}, {"male": 0, "Female": 0}, {"male": 26, "Female": 13}, {"male": 25, "Female": 12}]}}