{"timestamp": [1734406139.532867, 1734468874.091719, 1734555394.087508, 1734641589.017204], "data": {"selected": [0, 0, 0, 0], "assigned": [2, 3, 5, 5], "preselecStu": [0, 0, 0, 0], "stuGender": [{"male": 0, "Female": 0}, {"male": 0, "Female": 0}, {"male": 0, "Female": 0}, {"male": 0, "Female": 0}]}}