{"timestamp": [1707540594.069086, 1707543768.21261], "data": {"selected": [47, 47], "assigned": [0, 0], "preselecStu": [47, 47], "stuGender": [{"male": 40, "Female": 7}, {"male": 40, "Female": 7}]}}