{"timestamp": [1734405948.680699, 1734468673.964275, 1734555184.808305, 1734641431.857928], "data": {"selected": [0, 0, 0, 0], "assigned": [18, 23, 27, 31], "preselecStu": [0, 0, 0, 0], "stuGender": [{"male": 0, "Female": 0}, {"male": 0, "Female": 0}, {"male": 0, "Female": 0}, {"male": 0, "Female": 0}]}}