{"timestamp": [1716064322.478359, 1716495757.632804, 1725437248.735002], "data": {"selected": [0, 0, 20], "assigned": [0, 0, 0], "preselecStu": [0, 0, 0], "stuGender": [{"male": 0, "Female": 0}, {"male": 0, "Female": 0}, {"male": 15, "Female": 5}]}}