{"timestamp": [1707540366.824688, 1707543542.671806], "data": {"selected": [42, 42], "assigned": [0, 0], "preselecStu": [42, 42], "stuGender": [{"male": 7, "Female": 35}, {"male": 7, "Female": 35}]}}