{"timestamp": [1707574566.495424, 1707585720.415396], "data": {"selected": [40, 40], "assigned": [0, 0], "preselecStu": [40, 40], "stuGender": [{"male": 10, "Female": 30}, {"male": 10, "Female": 30}]}}