{"timestamp": [1734409020.570509, 1734471647.690933, 1734558509.424885, 1734644124.662269], "data": {"selected": [0, 0, 0, 0], "assigned": [19, 19, 19, 21], "preselecStu": [0, 0, 0, 0], "stuGender": [{"male": 0, "Female": 0}, {"male": 0, "Female": 0}, {"male": 0, "Female": 0}, {"male": 0, "Female": 0}]}}