{"timestamp": [1734407792.410143, 1734470489.625241, 1734557165.294484, 1734643041.22314], "data": {"selected": [0, 0, 0, 0], "assigned": [26, 29, 27, 28], "preselecStu": [0, 0, 0, 0], "stuGender": [{"male": 0, "Female": 0}, {"male": 0, "Female": 0}, {"male": 0, "Female": 0}, {"male": 0, "Female": 0}]}}