{"timestamp": [1734410529.921451, 1734473073.027383, 1734560050.372257], "data": {"selected": [0, 0, 0], "assigned": [0, 1, 1], "preselecStu": [0, 0, 0], "stuGender": [{"male": 0, "Female": 0}, {"male": 0, "Female": 0}, {"male": 0, "Female": 0}]}}