{"timestamp": [1716065619.775665, 1716496936.405169, 1725439145.528991], "data": {"selected": [0, 0, 24], "assigned": [0, 0, 3], "preselecStu": [0, 0, 24], "stuGender": [{"male": 0, "Female": 0}, {"male": 0, "Female": 0}, {"male": 15, "Female": 9}]}}