{"timestamp": [1707542344.167315, 1707545617.237647], "data": {"selected": [13, 13], "assigned": [0, 0], "preselecStu": [13, 13], "stuGender": [{"male": 5, "Female": 8}, {"male": 5, "Female": 8}]}}