{"timestamp": [1707578159.599, 1707590117.143951, 1707660273.179484, 1707662883.07159], "data": {"selected": [13, 13, 13, 13], "assigned": [0, 0, 0, 0], "preselecStu": [13, 13, 13, 13], "stuGender": [{"male": 5, "Female": 8}, {"male": 5, "Female": 8}, {"male": 5, "Female": 8}, {"male": 5, "Female": 8}]}}