{"timestamp": [1707541602.40748, 1707544808.994424], "data": {"selected": [15, 15], "assigned": [0, 0], "preselecStu": [15, 15], "stuGender": [{"male": 14, "Female": 1}, {"male": 14, "Female": 1}]}}