{"timestamp": [1707576776.584562, 1707588401.337754], "data": {"selected": [15, 15], "assigned": [0, 0], "preselecStu": [15, 15], "stuGender": [{"male": 14, "Female": 1}, {"male": 14, "Female": 1}]}}