{"timestamp": [1725444089.712134, 1725516480.758663, 1725603030.739338], "data": {"selected": [29, 29, 26], "assigned": [8, 5, 2], "preselecStu": [0, 0, 0], "stuGender": [{"male": 15, "Female": 14}, {"male": 15, "Female": 14}, {"male": 14, "Female": 12}]}}