{"timestamp": [1725444087.343516, 1725516478.421626], "data": {"selected": [43, 43], "assigned": [0, 0], "preselecStu": [0, 0], "stuGender": [{"male": 35, "Female": 8}, {"male": 35, "Female": 8}]}}