{"timestamp": [1707541395.968877, 1707544593.055469], "data": {"selected": [13, 13], "assigned": [0, 0], "preselecStu": [13, 13], "stuGender": [{"male": 8, "Female": 5}, {"male": 8, "Female": 5}]}}