{"timestamp": [1707542576.004194, 1707545863.182496], "data": {"selected": [39, 39], "assigned": [0, 0], "preselecStu": [39, 39], "stuGender": [{"male": 10, "Female": 29}, {"male": 10, "Female": 29}]}}