{"timestamp": [1716064861.061165, 1716496242.220856, 1725438027.267659, 1725511226.311712], "data": {"selected": [0, 0, 0, 0], "assigned": [0, 0, 1, 2], "preselecStu": [0, 0, 0, 0], "stuGender": [{"male": 0, "Female": 0}, {"male": 0, "Female": 0}, {"male": 0, "Female": 0}, {"male": 0, "Female": 0}]}}