{"timestamp": [1716066543.641986, 1716497784.30556, 1725440546.470151, 1725513176.30691], "data": {"selected": [0, 0, 91, 86], "assigned": [0, 71, 7, 9], "preselecStu": [0, 0, 91, 86], "stuGender": [{"male": 0, "Female": 0}, {"male": 0, "Female": 0}, {"male": 71, "Female": 20}, {"male": 66, "Female": 20}]}}