{"timestamp": [1716066543.641986, 1716497784.30556, 1725440546.470151], "data": {"selected": [0, 0, 91], "assigned": [0, 71, 7], "preselecStu": [0, 0, 91], "stuGender": [{"male": 0, "Female": 0}, {"male": 0, "Female": 0}, {"male": 71, "Female": 20}]}}