{"timestamp": [1734408206.057242, 1734470873.006055, 1734557610.983117], "data": {"selected": [0, 0, 0], "assigned": [85, 85, 85], "preselecStu": [0, 0, 0], "stuGender": [{"male": 0, "Female": 0}, {"male": 0, "Female": 0}, {"male": 0, "Female": 0}]}}