{"timestamp": [1707577729.86372, 1707589546.194171], "data": {"selected": [196, 196], "assigned": [0, 0], "preselecStu": [1, 1], "stuGender": [{"male": 156, "Female": 40}, {"male": 156, "Female": 40}]}}