{"timestamp": [1707577729.86372, 1707589546.194171, 1707660053.852209, 1707662660.298815], "data": {"selected": [196, 196, 196, 196], "assigned": [0, 0, 0, 0], "preselecStu": [1, 1, 1, 1], "stuGender": [{"male": 156, "Female": 40}, {"male": 156, "Female": 40}, {"male": 156, "Female": 40}, {"male": 156, "Female": 40}]}}