{"timestamp": [1734408589.140757, 1734471234.830545, 1734558025.719313], "data": {"selected": [0, 0, 0], "assigned": [18, 22, 24], "preselecStu": [0, 0, 0], "stuGender": [{"male": 0, "Female": 0}, {"male": 0, "Female": 0}, {"male": 0, "Female": 0}]}}