{"timestamp": [1734410844.529275, 1734473346.190406], "data": {"selected": [0, 0], "assigned": [20, 19], "preselecStu": [0, 0], "stuGender": [{"male": 0, "Female": 0}, {"male": 0, "Female": 0}]}}