{"timestamp": [1734405932.398784, 1734468657.45322], "data": {"selected": [34, 34], "assigned": [0, 0], "preselecStu": [0, 0], "stuGender": [{"male": 9, "Female": 25}, {"male": 9, "Female": 25}]}}