{"timestamp": [1716068512.800395, 1716499653.401484, 1725443120.48476], "data": {"selected": [0, 0, 6], "assigned": [0, 0, 1], "preselecStu": [0, 0, 6], "stuGender": [{"male": 0, "Female": 0}, {"male": 0, "Female": 0}, {"male": 6, "Female": 0}]}}