{"timestamp": [1716064870.525137, 1716496250.855221, 1725438042.733062], "data": {"selected": [0, 0, 2], "assigned": [0, 0, 1], "preselecStu": [0, 0, 2], "stuGender": [{"male": 0, "Female": 0}, {"male": 0, "Female": 0}, {"male": 0, "Female": 2}]}}