{"timestamp": [1707577628.564875, 1707589399.358849, 1707659992.991879, 1707662600.92502], "data": {"selected": [10, 10, 10, 10], "assigned": [0, 0, 0, 0], "preselecStu": [10, 10, 10, 10], "stuGender": [{"male": 2, "Female": 8}, {"male": 2, "Female": 8}, {"male": 2, "Female": 8}, {"male": 2, "Female": 8}]}}