{"timestamp": [1707542062.022904, 1707545308.814995], "data": {"selected": [10, 10], "assigned": [0, 0], "preselecStu": [10, 10], "stuGender": [{"male": 2, "Female": 8}, {"male": 2, "Female": 8}]}}