{"timestamp": [1716067694.21262, 1716498918.788144, 1725442129.491549, 1725514542.640522], "data": {"selected": [0, 0, 37, 37], "assigned": [0, 0, 0, 0], "preselecStu": [0, 0, 0, 0], "stuGender": [{"male": 0, "Female": 0}, {"male": 0, "Female": 0}, {"male": 7, "Female": 30}, {"male": 7, "Female": 30}]}}