{"timestamp": [1707578697.960627, 1707590836.279916, 1707660563.81473], "data": {"selected": [36, 36, 36], "assigned": [1, 1, 1], "preselecStu": [36, 36, 36], "stuGender": [{"male": 18, "Female": 19}, {"male": 18, "Female": 19}, {"male": 18, "Female": 19}]}}