{"timestamp": [1707542654.908106, 1707545931.802782], "data": {"selected": [36, 36], "assigned": [1, 1], "preselecStu": [36, 36], "stuGender": [{"male": 18, "Female": 19}, {"male": 18, "Female": 19}]}}