{"timestamp": [1707575654.034742, 1707587022.596452], "data": {"selected": [21, 21], "assigned": [0, 0], "preselecStu": [21, 21], "stuGender": [{"male": 2, "Female": 19}, {"male": 2, "Female": 19}]}}