{"timestamp": [1707575306.590234, 1707586619.459175, 1707658702.861567], "data": {"selected": [110, 110, 110], "assigned": [0, 0, 0], "preselecStu": [110, 110, 110], "stuGender": [{"male": 75, "Female": 35}, {"male": 75, "Female": 35}, {"male": 75, "Female": 35}]}}