{"timestamp": [1716065931.38264, 1716497228.914122, 1725439607.474707, 1725512469.643682], "data": {"selected": [0, 0, 37, 37], "assigned": [0, 0, 0, 0], "preselecStu": [0, 0, 0, 0], "stuGender": [{"male": 0, "Female": 0}, {"male": 0, "Female": 0}, {"male": 17, "Female": 20}, {"male": 17, "Female": 20}]}}