{"timestamp": [1707541835.962314, 1707545065.980035], "data": {"selected": [15, 15], "assigned": [0, 0], "preselecStu": [15, 15], "stuGender": [{"male": 6, "Female": 9}, {"male": 6, "Female": 9}]}}