{"timestamp": [1734409481.491447, 1734472087.385067, 1734559043.920261], "data": {"selected": [0, 0, 0], "assigned": [7, 7, 8], "preselecStu": [0, 0, 0], "stuGender": [{"male": 0, "Female": 0}, {"male": 0, "Female": 0}, {"male": 0, "Female": 0}]}}