{"timestamp": [1707541677.461642, 1707544891.012591], "data": {"selected": [38, 38], "assigned": [0, 0], "preselecStu": [38, 38], "stuGender": [{"male": 21, "Female": 17}, {"male": 21, "Female": 17}]}}