{"timestamp": [1734407454.751285, 1734470193.706149, 1734556851.489735], "data": {"selected": [0, 0, 0], "assigned": [55, 55, 55], "preselecStu": [0, 0, 0], "stuGender": [{"male": 0, "Female": 0}, {"male": 0, "Female": 0}, {"male": 0, "Female": 0}]}}