{"timestamp": [1734406662.228828, 1734469410.513769, 1734555953.092825], "data": {"selected": [0, 0, 0], "assigned": [23, 27, 32], "preselecStu": [0, 0, 0], "stuGender": [{"male": 0, "Female": 0}, {"male": 0, "Female": 0}, {"male": 0, "Female": 0}]}}