{"timestamp": [1734409704.236373, 1734472288.05193], "data": {"selected": [0, 0], "assigned": [114, 125], "preselecStu": [0, 0], "stuGender": [{"male": 0, "Female": 0}, {"male": 0, "Female": 0}]}}