{"timestamp": [1707541510.489332, 1707544715.63497], "data": {"selected": [12, 12], "assigned": [0, 0], "preselecStu": [12, 12], "stuGender": [{"male": 7, "Female": 5}, {"male": 7, "Female": 5}]}}