{"timestamp": [1707541044.732076, 1707544225.43708], "data": {"selected": [29, 29], "assigned": [0, 0], "preselecStu": [29, 29], "stuGender": [{"male": 9, "Female": 20}, {"male": 9, "Female": 20}]}}