{"timestamp": [1707575738.864262, 1707587122.304886], "data": {"selected": [29, 29], "assigned": [0, 0], "preselecStu": [29, 29], "stuGender": [{"male": 9, "Female": 20}, {"male": 9, "Female": 20}]}}