{"timestamp": [1716066776.288985, 1716498021.731854, 1725440913.985751], "data": {"selected": [0, 0, 66], "assigned": [0, 55, 2], "preselecStu": [0, 0, 66], "stuGender": [{"male": 0, "Female": 0}, {"male": 0, "Female": 0}, {"male": 45, "Female": 21}]}}