{"timestamp": [1734408236.698917, 1734470902.657721], "data": {"selected": [0, 0], "assigned": [14, 16], "preselecStu": [0, 0], "stuGender": [{"male": 0, "Female": 0}, {"male": 0, "Female": 0}]}}