{"timestamp": [1716066672.329204, 1716497918.762739, 1725440741.537039], "data": {"selected": [0, 0, 9], "assigned": [0, 0, 20], "preselecStu": [0, 0, 9], "stuGender": [{"male": 0, "Female": 0}, {"male": 0, "Female": 0}, {"male": 9, "Female": 0}]}}