{"timestamp": [1707542292.791435, 1707545562.515346], "data": {"selected": [10, 10], "assigned": [0, 0], "preselecStu": [10, 10], "stuGender": [{"male": 3, "Female": 7}, {"male": 3, "Female": 7}]}}