{"timestamp": [1716063704.248656, 1716495174.81252, 1725436346.037519, 1725509802.284009], "data": {"selected": [0, 0, 57, 57], "assigned": [0, 0, 3, 4], "preselecStu": [0, 0, 0, 0], "stuGender": [{"male": 0, "Female": 0}, {"male": 0, "Female": 0}, {"male": 32, "Female": 25}, {"male": 32, "Female": 25}]}}