{"timestamp": [1734406193.272716, 1734468938.202892, 1734555447.606883, 1734641635.783353], "data": {"selected": [0, 0, 0, 0], "assigned": [8, 9, 9, 9], "preselecStu": [0, 0, 0, 0], "stuGender": [{"male": 0, "Female": 0}, {"male": 0, "Female": 0}, {"male": 0, "Female": 0}, {"male": 0, "Female": 0}]}}