{"timestamp": [1716063805.062657, 1716495263.592264, 1725436475.878019], "data": {"selected": [0, 0, 38], "assigned": [0, 0, 19], "preselecStu": [0, 0, 38], "stuGender": [{"male": 0, "Female": 0}, {"male": 0, "Female": 0}, {"male": 26, "Female": 12}]}}