{"timestamp": [1716067965.924788, 1716499155.893189, 1725442459.279906], "data": {"selected": [0, 0, 65], "assigned": [0, 48, 12], "preselecStu": [0, 0, 65], "stuGender": [{"male": 0, "Female": 0}, {"male": 0, "Female": 0}, {"male": 53, "Female": 12}]}}