{"timestamp": [1707540779.828909, 1707543958.630988], "data": {"selected": [30, 30], "assigned": [0, 0], "preselecStu": [30, 30], "stuGender": [{"male": 12, "Female": 18}, {"male": 12, "Female": 18}]}}