{"timestamp": [1707540874.296384, 1707544054.079067], "data": {"selected": [58, 58], "assigned": [0, 0], "preselecStu": [58, 58], "stuGender": [{"male": 42, "Female": 16}, {"male": 42, "Female": 16}]}}