{"timestamp": [1707575430.903206, 1707586768.590234, 1707658775.112351], "data": {"selected": [58, 58, 58], "assigned": [0, 0, 0], "preselecStu": [58, 58, 58], "stuGender": [{"male": 42, "Female": 16}, {"male": 42, "Female": 16}, {"male": 42, "Female": 16}]}}