{"timestamp": [1734409729.958133, 1734472308.914277, 1734559295.153098, 1734644725.830759], "data": {"selected": [0, 0, 0, 0], "assigned": [30, 33, 36, 42], "preselecStu": [0, 0, 0, 0], "stuGender": [{"male": 0, "Female": 0}, {"male": 0, "Female": 0}, {"male": 0, "Female": 0}, {"male": 0, "Female": 0}]}}