{"timestamp": [1707541649.881016, 1707544860.39706], "data": {"selected": [57, 57], "assigned": [0, 0], "preselecStu": [57, 57], "stuGender": [{"male": 37, "Female": 20}, {"male": 37, "Female": 20}]}}