{"timestamp": [1734405943.924675, 1734468669.284313, 1734555179.444319], "data": {"selected": [0, 0, 0], "assigned": [10, 12, 16], "preselecStu": [0, 0, 0], "stuGender": [{"male": 0, "Female": 0}, {"male": 0, "Female": 0}, {"male": 0, "Female": 0}]}}