{"timestamp": [1716066921.346545, 1716498164.4288, 1725441105.785323], "data": {"selected": [0, 0, 22], "assigned": [0, 22, 0], "preselecStu": [0, 0, 22], "stuGender": [{"male": 0, "Female": 0}, {"male": 0, "Female": 0}, {"male": 16, "Female": 6}]}}