{"timestamp": [1707542081.195664, 1707545329.104548], "data": {"selected": [80, 80], "assigned": [1, 1], "preselecStu": [80, 80], "stuGender": [{"male": 62, "Female": 19}, {"male": 62, "Female": 19}]}}