{"timestamp": [1734408063.310575, 1734470742.236179], "data": {"selected": [0, 0], "assigned": [27, 27], "preselecStu": [0, 0], "stuGender": [{"male": 0, "Female": 0}, {"male": 0, "Female": 0}]}}