{"timestamp": [1734407761.470638, 1734470462.967777, 1734557137.301873], "data": {"selected": [0, 0, 0], "assigned": [1, 3, 4], "preselecStu": [0, 0, 0], "stuGender": [{"male": 0, "Female": 0}, {"male": 0, "Female": 0}, {"male": 0, "Female": 0}]}}