{"timestamp": [1734409410.706755, 1734472009.752397, 1734558950.178081], "data": {"selected": [0, 0, 0], "assigned": [75, 79, 93], "preselecStu": [0, 0, 0], "stuGender": [{"male": 0, "Female": 0}, {"male": 0, "Female": 0}, {"male": 0, "Female": 0}]}}