{"timestamp": [1734407040.101452, 1734469789.842855, 1734556375.922962, 1734642416.532719], "data": {"selected": [0, 0, 0, 0], "assigned": [0, 1, 2, 2], "preselecStu": [0, 0, 0, 0], "stuGender": [{"male": 0, "Female": 0}, {"male": 0, "Female": 0}, {"male": 0, "Female": 0}, {"male": 0, "Female": 0}]}}