{"timestamp": [1734406101.051187, 1734468823.586819, 1734555356.690437], "data": {"selected": [0, 0, 0], "assigned": [116, 139, 162], "preselecStu": [0, 0, 0], "stuGender": [{"male": 0, "Female": 0}, {"male": 0, "Female": 0}, {"male": 0, "Female": 0}]}}