{"timestamp": [1734406101.051187, 1734468823.586819], "data": {"selected": [0, 0], "assigned": [116, 139], "preselecStu": [0, 0], "stuGender": [{"male": 0, "Female": 0}, {"male": 0, "Female": 0}]}}