{"timestamp": [1734406172.420647, 1734468916.230088, 1734555430.319939, 1734641620.218132], "data": {"selected": [0, 0, 0, 0], "assigned": [11, 10, 13, 13], "preselecStu": [0, 0, 0, 0], "stuGender": [{"male": 0, "Female": 0}, {"male": 0, "Female": 0}, {"male": 0, "Female": 0}, {"male": 0, "Female": 0}]}}