{"timestamp": [1734406172.420647, 1734468916.230088], "data": {"selected": [0, 0], "assigned": [11, 10], "preselecStu": [0, 0], "stuGender": [{"male": 0, "Female": 0}, {"male": 0, "Female": 0}]}}