{"timestamp": [1716068268.025777, 1716499420.824459, 1725442843.795556], "data": {"selected": [0, 0, 21], "assigned": [0, 0, 10], "preselecStu": [0, 0, 21], "stuGender": [{"male": 0, "Female": 0}, {"male": 0, "Female": 0}, {"male": 10, "Female": 11}]}}