{"timestamp": [1716065491.42275, 1716496812.892802, 1725438926.767855, 1725511944.118774], "data": {"selected": [0, 0, 6, 6], "assigned": [0, 0, 4, 9], "preselecStu": [0, 0, 6, 6], "stuGender": [{"male": 0, "Female": 0}, {"male": 0, "Female": 0}, {"male": 1, "Female": 5}, {"male": 1, "Female": 5}]}}