{"timestamp": [1707574499.437793, 1707585645.93145], "data": {"selected": [40, 40], "assigned": [0, 0], "preselecStu": [40, 40], "stuGender": [{"male": 28, "Female": 12}, {"male": 28, "Female": 12}]}}