{"timestamp": [1734405138.602651, 1734467794.263727, 1734554326.568123], "data": {"selected": [0, 0, 0], "assigned": [3, 3, 3], "preselecStu": [0, 0, 0], "stuGender": [{"male": 0, "Female": 0}, {"male": 0, "Female": 0}, {"male": 0, "Female": 0}]}}