{"timestamp": [1707575025.54892, 1707586283.088629, 1707658540.118964, 1707661136.558472], "data": {"selected": [120, 120, 120, 120], "assigned": [0, 0, 0, 0], "preselecStu": [120, 120, 120, 120], "stuGender": [{"male": 91, "Female": 29}, {"male": 91, "Female": 29}, {"male": 91, "Female": 29}, {"male": 91, "Female": 29}]}}