{"timestamp": [1707540647.102766, 1707543823.026885], "data": {"selected": [120, 120], "assigned": [0, 0], "preselecStu": [120, 120], "stuGender": [{"male": 91, "Female": 29}, {"male": 91, "Female": 29}]}}