{"timestamp": [1716066161.751548, 1716497437.386453, 1725439974.838625, 1725512763.736702], "data": {"selected": [0, 0, 5, 5], "assigned": [0, 0, 25, 28], "preselecStu": [0, 0, 5, 5], "stuGender": [{"male": 0, "Female": 0}, {"male": 0, "Female": 0}, {"male": 2, "Female": 3}, {"male": 2, "Female": 3}]}}