{"timestamp": [1707578139.978209, 1707590079.774673], "data": {"selected": [53, 53], "assigned": [0, 0], "preselecStu": [53, 53], "stuGender": [{"male": 33, "Female": 20}, {"male": 33, "Female": 20}]}}