{"timestamp": [1716066733.890609, 1716497979.988937, 1725440836.528865, 1725513425.058422], "data": {"selected": [0, 0, 16, 16], "assigned": [0, 0, 11, 14], "preselecStu": [0, 0, 16, 16], "stuGender": [{"male": 0, "Female": 0}, {"male": 0, "Female": 0}, {"male": 12, "Female": 4}, {"male": 12, "Female": 4}]}}