{"timestamp": [1716065029.896099, 1716496392.263381, 1725438297.589728], "data": {"selected": [0, 0, 0], "assigned": [0, 0, 46], "preselecStu": [0, 0, 0], "stuGender": [{"male": 0, "Female": 0}, {"male": 0, "Female": 0}, {"male": 0, "Female": 0}]}}