{"timestamp": [1707575806.234175, 1707587201.358347, 1707658984.269872], "data": {"selected": [26, 26, 26], "assigned": [0, 0, 0], "preselecStu": [26, 26, 26], "stuGender": [{"male": 6, "Female": 20}, {"male": 6, "Female": 20}, {"male": 6, "Female": 20}]}}