{"timestamp": [1707541081.951564, 1707544263.781738], "data": {"selected": [26, 26], "assigned": [0, 0], "preselecStu": [26, 26], "stuGender": [{"male": 6, "Female": 20}, {"male": 6, "Female": 20}]}}