{"timestamp": [1716065089.224203, 1716496451.025735, 1725438399.475694, 1725511485.173769], "data": {"selected": [0, 0, 25, 24], "assigned": [0, 0, 5, 4], "preselecStu": [0, 0, 25, 24], "stuGender": [{"male": 0, "Female": 0}, {"male": 0, "Female": 0}, {"male": 18, "Female": 7}, {"male": 17, "Female": 7}]}}