{"timestamp": [1716065089.224203, 1716496451.025735, 1725438399.475694], "data": {"selected": [0, 0, 25], "assigned": [0, 0, 5], "preselecStu": [0, 0, 25], "stuGender": [{"male": 0, "Female": 0}, {"male": 0, "Female": 0}, {"male": 18, "Female": 7}]}}