{"timestamp": [1734410100.837583, 1734472653.704249, 1734559621.177503], "data": {"selected": [0, 0, 0], "assigned": [13, 21, 25], "preselecStu": [0, 0, 0], "stuGender": [{"male": 0, "Female": 0}, {"male": 0, "Female": 0}, {"male": 0, "Female": 0}]}}