{"timestamp": [1707540921.227592, 1707544100.007377], "data": {"selected": [46, 46], "assigned": [0, 0], "preselecStu": [46, 46], "stuGender": [{"male": 12, "Female": 34}, {"male": 12, "Female": 34}]}}