{"timestamp": [1707575512.937665, 1707586866.161438], "data": {"selected": [46, 46], "assigned": [0, 0], "preselecStu": [46, 46], "stuGender": [{"male": 12, "Female": 34}, {"male": 12, "Female": 34}]}}