{"timestamp": [1734410502.425431, 1734473044.099959, 1734560020.961639, 1734645402.756919], "data": {"selected": [0, 0, 0, 0], "assigned": [0, 0, 4, 4], "preselecStu": [0, 0, 0, 0], "stuGender": [{"male": 0, "Female": 0}, {"male": 0, "Female": 0}, {"male": 0, "Female": 0}, {"male": 0, "Female": 0}]}}