{"timestamp": [1707577015.169332, 1707588674.714825], "data": {"selected": [23, 23], "assigned": [0, 0], "preselecStu": [23, 23], "stuGender": [{"male": 17, "Female": 6}, {"male": 17, "Female": 6}]}}