{"timestamp": [1734407595.814135, 1734470320.970724, 1734556982.117778], "data": {"selected": [0, 0, 0], "assigned": [3, 3, 4], "preselecStu": [0, 0, 0], "stuGender": [{"male": 0, "Female": 0}, {"male": 0, "Female": 0}, {"male": 0, "Female": 0}]}}