{"timestamp": [1725444084.837726, 1725516476.104472, 1725603025.972298], "data": {"selected": [72, 72, 71], "assigned": [2, 3, 2], "preselecStu": [0, 0, 0], "stuGender": [{"male": 50, "Female": 22}, {"male": 50, "Female": 22}, {"male": 50, "Female": 21}]}}