{"timestamp": [1707578629.158207, 1707590741.312348], "data": {"selected": [20, 20], "assigned": [0, 0], "preselecStu": [20, 20], "stuGender": [{"male": 9, "Female": 11}, {"male": 9, "Female": 11}]}}