{"timestamp": [1707575608.530083, 1707586974.83313], "data": {"selected": [35, 35], "assigned": [0, 0], "preselecStu": [35, 35], "stuGender": [{"male": 8, "Female": 27}, {"male": 8, "Female": 27}]}}