{"timestamp": [1734406696.15718, 1734469445.920125, 1734556014.138956], "data": {"selected": [0, 0, 0], "assigned": [3, 3, 4], "preselecStu": [0, 0, 0], "stuGender": [{"male": 0, "Female": 0}, {"male": 0, "Female": 0}, {"male": 0, "Female": 0}]}}