{"timestamp": [1734408220.203374, 1734470885.377213, 1734557632.323018, 1734643436.085151], "data": {"selected": [0, 0, 0, 0], "assigned": [37, 40, 46, 50], "preselecStu": [0, 0, 0, 0], "stuGender": [{"male": 0, "Female": 0}, {"male": 0, "Female": 0}, {"male": 0, "Female": 0}, {"male": 0, "Female": 0}]}}