{"timestamp": [1734408220.203374, 1734470885.377213], "data": {"selected": [0, 0], "assigned": [37, 40], "preselecStu": [0, 0], "stuGender": [{"male": 0, "Female": 0}, {"male": 0, "Female": 0}]}}