{"timestamp": [1734405599.761457, 1734468293.775603, 1734554805.153562, 1734641044.096716], "data": {"selected": [0, 0, 0, 0], "assigned": [138, 160, 185, 225], "preselecStu": [0, 0, 0, 0], "stuGender": [{"male": 0, "Female": 0}, {"male": 0, "Female": 0}, {"male": 0, "Female": 0}, {"male": 0, "Female": 0}]}}