{"timestamp": [1734408109.251408, 1734470786.967271], "data": {"selected": [0, 0], "assigned": [18, 19], "preselecStu": [0, 0], "stuGender": [{"male": 0, "Female": 0}, {"male": 0, "Female": 0}]}}