{"timestamp": [1734408109.251408, 1734470786.967271, 1734557519.875421], "data": {"selected": [0, 0, 0], "assigned": [18, 19, 21], "preselecStu": [0, 0, 0], "stuGender": [{"male": 0, "Female": 0}, {"male": 0, "Female": 0}, {"male": 0, "Female": 0}]}}