{"timestamp": [1707541949.69794, 1707545190.393632], "data": {"selected": [30, 30], "assigned": [0, 0], "preselecStu": [30, 30], "stuGender": [{"male": 14, "Female": 16}, {"male": 14, "Female": 16}]}}