{"timestamp": [1707574457.792869, 1707585595.829118, 1707658193.986881], "data": {"selected": [47, 47, 47], "assigned": [0, 0, 0], "preselecStu": [47, 47, 47], "stuGender": [{"male": 37, "Female": 10}, {"male": 37, "Female": 10}, {"male": 37, "Female": 10}]}}