{"timestamp": [1716066572.503419, 1716497817.787003, 1725440586.477904], "data": {"selected": [0, 0, 39], "assigned": [0, 0, 9], "preselecStu": [0, 0, 39], "stuGender": [{"male": 0, "Female": 0}, {"male": 0, "Female": 0}, {"male": 36, "Female": 3}]}}