{"timestamp": [1716066572.503419, 1716497817.787003, 1725440586.477904, 1725513213.087478], "data": {"selected": [0, 0, 39, 38], "assigned": [0, 0, 9, 17], "preselecStu": [0, 0, 39, 38], "stuGender": [{"male": 0, "Female": 0}, {"male": 0, "Female": 0}, {"male": 36, "Female": 3}, {"male": 35, "Female": 3}]}}