{"timestamp": [1707575937.281014, 1707587351.66395, 1707659057.603838, 1707661655.465296], "data": {"selected": [32, 32, 32, 32], "assigned": [0, 0, 0, 0], "preselecStu": [32, 32, 32, 32], "stuGender": [{"male": 17, "Female": 15}, {"male": 17, "Female": 15}, {"male": 17, "Female": 15}, {"male": 17, "Female": 15}]}}