{"timestamp": [1707541153.196897, 1707544334.025251], "data": {"selected": [32, 32], "assigned": [0, 0], "preselecStu": [32, 32], "stuGender": [{"male": 17, "Female": 15}, {"male": 17, "Female": 15}]}}