{"timestamp": [1707540789.239392, 1707543968.017698], "data": {"selected": [11, 11], "assigned": [0, 0], "preselecStu": [11, 11], "stuGender": [{"male": 8, "Female": 3}, {"male": 8, "Female": 3}]}}