{"timestamp": [1707575280.878717, 1707586589.378748], "data": {"selected": [11, 11], "assigned": [0, 0], "preselecStu": [11, 11], "stuGender": [{"male": 8, "Female": 3}, {"male": 8, "Female": 3}]}}