{"timestamp": [1707576670.610561, 1707588266.330135, 1707659454.656379, 1707662058.267376], "data": {"selected": [43, 43, 43, 43], "assigned": [0, 0, 0, 0], "preselecStu": [43, 43, 43, 43], "stuGender": [{"male": 37, "Female": 6}, {"male": 37, "Female": 6}, {"male": 37, "Female": 6}, {"male": 37, "Female": 6}]}}