{"timestamp": [1707575858.338731, 1707587265.08924, 1707659014.360192, 1707661612.41728], "data": {"selected": [36, 36, 36, 36], "assigned": [0, 0, 0, 0], "preselecStu": [36, 36, 36, 36], "stuGender": [{"male": 28, "Female": 8}, {"male": 28, "Female": 8}, {"male": 28, "Female": 8}, {"male": 28, "Female": 8}]}}