{"timestamp": [1734406843.263043, 1734469591.653865, 1734556158.848062, 1734642245.850155], "data": {"selected": [0, 0, 0, 0], "assigned": [10, 10, 10, 10], "preselecStu": [0, 0, 0, 0], "stuGender": [{"male": 0, "Female": 0}, {"male": 0, "Female": 0}, {"male": 0, "Female": 0}, {"male": 0, "Female": 0}]}}