{"timestamp": [1707574513.522604, 1707585661.267729], "data": {"selected": [42, 42], "assigned": [0, 0], "preselecStu": [42, 42], "stuGender": [{"male": 29, "Female": 13}, {"male": 29, "Female": 13}]}}