{"timestamp": [1734404890.709817, 1734467540.901153], "data": {"selected": [0, 0], "assigned": [76, 86], "preselecStu": [0, 0], "stuGender": [{"male": 0, "Female": 0}, {"male": 0, "Female": 0}]}}