{"timestamp": [1707578843.082013, 1707591007.370854, 1707660640.121008], "data": {"selected": [9, 9, 9], "assigned": [0, 0, 0], "preselecStu": [9, 9, 9], "stuGender": [{"male": 4, "Female": 5}, {"male": 4, "Female": 5}, {"male": 4, "Female": 5}]}}