{"timestamp": [1734411041.19063, 1734473518.144865, 1734560501.184394, 1734645909.526123], "data": {"selected": [0, 0, 0, 0], "assigned": [8, 8, 10, 13], "preselecStu": [0, 0, 0, 0], "stuGender": [{"male": 0, "Female": 0}, {"male": 0, "Female": 0}, {"male": 0, "Female": 0}, {"male": 0, "Female": 0}]}}