{"timestamp": [1734405279.086181, 1734467949.620915], "data": {"selected": [0, 0], "assigned": [15, 18], "preselecStu": [0, 0], "stuGender": [{"male": 0, "Female": 0}, {"male": 0, "Female": 0}]}}