{"timestamp": [1716066771.602479, 1716498016.758075, 1725440906.26369, 1725513479.478911], "data": {"selected": [0, 0, 70, 70], "assigned": [0, 55, 0, 1], "preselecStu": [0, 0, 70, 70], "stuGender": [{"male": 0, "Female": 0}, {"male": 0, "Female": 0}, {"male": 49, "Female": 21}, {"male": 49, "Female": 21}]}}