{"timestamp": [1716066771.602479, 1716498016.758075, 1725440906.26369], "data": {"selected": [0, 0, 70], "assigned": [0, 55, 0], "preselecStu": [0, 0, 70], "stuGender": [{"male": 0, "Female": 0}, {"male": 0, "Female": 0}, {"male": 49, "Female": 21}]}}