{"timestamp": [1716066519.385501, 1716497758.92372, 1725440483.768694, 1725513150.558045], "data": {"selected": [0, 0, 93, 87], "assigned": [0, 71, 9, 12], "preselecStu": [0, 0, 93, 87], "stuGender": [{"male": 0, "Female": 0}, {"male": 0, "Female": 0}, {"male": 70, "Female": 23}, {"male": 64, "Female": 23}]}}