{"timestamp": [1716066519.385501, 1716497758.92372, 1725440483.768694], "data": {"selected": [0, 0, 93], "assigned": [0, 71, 9], "preselecStu": [0, 0, 93], "stuGender": [{"male": 0, "Female": 0}, {"male": 0, "Female": 0}, {"male": 70, "Female": 23}]}}