{"timestamp": [1734406399.818317, 1734469134.221343], "data": {"selected": [0, 0], "assigned": [50, 51], "preselecStu": [0, 0], "stuGender": [{"male": 0, "Female": 0}, {"male": 0, "Female": 0}]}}