{"timestamp": [1734406392.634912, 1734469128.093418], "data": {"selected": [0, 0], "assigned": [30, 32], "preselecStu": [0, 0], "stuGender": [{"male": 0, "Female": 0}, {"male": 0, "Female": 0}]}}