{"timestamp": [1707541647.648802, 1707544858.197886], "data": {"selected": [58, 58], "assigned": [0, 0], "preselecStu": [58, 58], "stuGender": [{"male": 40, "Female": 18}, {"male": 40, "Female": 18}]}}