{"timestamp": [1734409338.392487, 1734471957.492607, 1734558873.675644, 1734644396.605742], "data": {"selected": [0, 0, 0, 0], "assigned": [75, 76, 76, 78], "preselecStu": [0, 0, 0, 0], "stuGender": [{"male": 0, "Female": 0}, {"male": 0, "Female": 0}, {"male": 0, "Female": 0}, {"male": 0, "Female": 0}]}}