{"timestamp": [1734405057.19043, 1734467704.85434, 1734554228.943422, 1734640489.63178], "data": {"selected": [0, 0, 0, 0], "assigned": [179, 218, 253, 299], "preselecStu": [0, 0, 0, 0], "stuGender": [{"male": 0, "Female": 0}, {"male": 0, "Female": 0}, {"male": 0, "Female": 0}, {"male": 0, "Female": 0}]}}