{"timestamp": [1716067143.468463, 1716498383.677111, 1725441380.857003], "data": {"selected": [0, 0, 4], "assigned": [0, 0, 1], "preselecStu": [0, 0, 4], "stuGender": [{"male": 0, "Female": 0}, {"male": 0, "Female": 0}, {"male": 2, "Female": 2}]}}