{"timestamp": [1716065944.71588, 1716497242.801588, 1725439625.99302], "data": {"selected": [0, 0, 57], "assigned": [0, 37, 3], "preselecStu": [0, 0, 57], "stuGender": [{"male": 0, "Female": 0}, {"male": 0, "Female": 0}, {"male": 25, "Female": 32}]}}