{"timestamp": [1707540648.210925, 1707543824.08784], "data": {"selected": [50, 50], "assigned": [0, 0], "preselecStu": [50, 50], "stuGender": [{"male": 26, "Female": 24}, {"male": 26, "Female": 24}]}}