{"timestamp": [1734409164.535329, 1734471781.129742], "data": {"selected": [0, 0], "assigned": [24, 23], "preselecStu": [0, 0], "stuGender": [{"male": 0, "Female": 0}, {"male": 0, "Female": 0}]}}