{"timestamp": [1734410096.228879, 1734472648.997054, 1734559616.382711, 1734645009.560941], "data": {"selected": [0, 0, 0, 0], "assigned": [43, 44, 45, 46], "preselecStu": [0, 0, 0, 0], "stuGender": [{"male": 0, "Female": 0}, {"male": 0, "Female": 0}, {"male": 0, "Female": 0}, {"male": 0, "Female": 0}]}}