{"timestamp": [1707542202.621928, 1707545463.395015], "data": {"selected": [14, 14], "assigned": [0, 0], "preselecStu": [14, 14], "stuGender": [{"male": 11, "Female": 3}, {"male": 11, "Female": 3}]}}