{"timestamp": [1707578482.022597, 1707590524.344701, 1707660444.896179, 1707663064.004526], "data": {"selected": [12, 12, 12, 12], "assigned": [0, 0, 0, 0], "preselecStu": [12, 12, 12, 12], "stuGender": [{"male": 7, "Female": 5}, {"male": 7, "Female": 5}, {"male": 7, "Female": 5}, {"male": 7, "Female": 5}]}}