{"timestamp": [1707541660.578222, 1707544873.140338], "data": {"selected": [30, 30], "assigned": [0, 0], "preselecStu": [30, 30], "stuGender": [{"male": 27, "Female": 3}, {"male": 27, "Female": 3}]}}