{"timestamp": [1734410591.168721, 1734473127.984753, 1734560104.380765], "data": {"selected": [0, 0, 0], "assigned": [31, 31, 37], "preselecStu": [0, 0, 0], "stuGender": [{"male": 0, "Female": 0}, {"male": 0, "Female": 0}, {"male": 0, "Female": 0}]}}