{"timestamp": [1734408270.168902, 1734470936.545433, 1734557687.411171, 1734643486.400441], "data": {"selected": [0, 0, 0, 0], "assigned": [4, 8, 10, 10], "preselecStu": [0, 0, 0, 0], "stuGender": [{"male": 0, "Female": 0}, {"male": 0, "Female": 0}, {"male": 0, "Female": 0}, {"male": 0, "Female": 0}]}}