{"timestamp": [1716065046.25601, 1716496407.842161, 1725438322.38239, 1725511438.654369], "data": {"selected": [0, 0, 48, 48], "assigned": [0, 0, 1, 2], "preselecStu": [0, 0, 0, 0], "stuGender": [{"male": 0, "Female": 0}, {"male": 0, "Female": 0}, {"male": 10, "Female": 38}, {"male": 10, "Female": 38}]}}