{"timestamp": [1734409689.922916, 1734472275.966216, 1734559261.108116, 1734644694.685085], "data": {"selected": [0, 0, 0, 0], "assigned": [57, 71, 86, 92], "preselecStu": [0, 0, 0, 0], "stuGender": [{"male": 0, "Female": 0}, {"male": 0, "Female": 0}, {"male": 0, "Female": 0}, {"male": 0, "Female": 0}]}}