{"timestamp": [1707542408.752773, 1707545695.911959], "data": {"selected": [12, 12], "assigned": [0, 0], "preselecStu": [12, 12], "stuGender": [{"male": 6, "Female": 6}, {"male": 6, "Female": 6}]}}