{"timestamp": [1734406303.621834, 1734469033.221387], "data": {"selected": [0, 0], "assigned": [112, 116], "preselecStu": [0, 0], "stuGender": [{"male": 0, "Female": 0}, {"male": 0, "Female": 0}]}}