{"timestamp": [1716066867.121065, 1716498110.41188, 1725441038.657737], "data": {"selected": [0, 0, 5], "assigned": [0, 0, 4], "preselecStu": [0, 0, 5], "stuGender": [{"male": 0, "Female": 0}, {"male": 0, "Female": 0}, {"male": 2, "Female": 3}]}}