{"timestamp": [1716066867.121065, 1716498110.41188, 1725441038.657737, 1725513612.069322], "data": {"selected": [0, 0, 5, 5], "assigned": [0, 0, 4, 5], "preselecStu": [0, 0, 5, 5], "stuGender": [{"male": 0, "Female": 0}, {"male": 0, "Female": 0}, {"male": 2, "Female": 3}, {"male": 2, "Female": 3}]}}