{"timestamp": [1707577782.288903, 1707589601.460486, 1707660079.449112, 1707662686.316725], "data": {"selected": [30, 30, 30, 30], "assigned": [0, 0, 0, 0], "preselecStu": [30, 30, 30, 30], "stuGender": [{"male": 25, "Female": 5}, {"male": 25, "Female": 5}, {"male": 25, "Female": 5}, {"male": 25, "Female": 5}]}}