{"timestamp": [1707542143.620609, 1707545400.029372], "data": {"selected": [30, 30], "assigned": [0, 0], "preselecStu": [30, 30], "stuGender": [{"male": 25, "Female": 5}, {"male": 25, "Female": 5}]}}