{"timestamp": [1707541023.937156, 1707544205.261883], "data": {"selected": [30, 30], "assigned": [0, 0], "preselecStu": [30, 30], "stuGender": [{"male": 2, "Female": 28}, {"male": 2, "Female": 28}]}}