{"timestamp": [1716063931.425329, 1716495396.911618, 1725436668.718694], "data": {"selected": [0, 0, 2], "assigned": [0, 0, 0], "preselecStu": [0, 0, 2], "stuGender": [{"male": 0, "Female": 0}, {"male": 0, "Female": 0}, {"male": 0, "Female": 2}]}}