{"timestamp": [1707541538.918416, 1707544742.965108], "data": {"selected": [73, 73], "assigned": [0, 0], "preselecStu": [73, 73], "stuGender": [{"male": 64, "Female": 9}, {"male": 64, "Female": 9}]}}