{"timestamp": [1716068370.584285, 1716499523.725489, 1725442970.261862], "data": {"selected": [0, 0, 41], "assigned": [0, 42, 0], "preselecStu": [0, 0, 41], "stuGender": [{"male": 0, "Female": 0}, {"male": 0, "Female": 0}, {"male": 25, "Female": 16}]}}