{"timestamp": [1707577437.565725, 1707589160.408688, 1707659883.329053], "data": {"selected": [13, 13, 13], "assigned": [0, 0, 0], "preselecStu": [13, 13, 13], "stuGender": [{"male": 7, "Female": 6}, {"male": 7, "Female": 6}, {"male": 7, "Female": 6}]}}