{"timestamp": [1734410778.030997, 1734473286.951771], "data": {"selected": [0, 0], "assigned": [41, 41], "preselecStu": [0, 0], "stuGender": [{"male": 0, "Female": 0}, {"male": 0, "Female": 0}]}}