{"timestamp": [1716064900.259015, 1716496280.755926, 1725438091.902155], "data": {"selected": [0, 0, 6], "assigned": [0, 0, 4], "preselecStu": [0, 0, 6], "stuGender": [{"male": 0, "Female": 0}, {"male": 0, "Female": 0}, {"male": 1, "Female": 5}]}}