{"timestamp": [1707577447.374552, 1707589171.59296, 1707659889.639655, 1707662500.432438], "data": {"selected": [4, 4, 4, 4], "assigned": [0, 0, 0, 0], "preselecStu": [4, 4, 4, 4], "stuGender": [{"male": 2, "Female": 2}, {"male": 2, "Female": 2}, {"male": 2, "Female": 2}, {"male": 2, "Female": 2}]}}