{"timestamp": [1734405904.740755, 1734468631.076915], "data": {"selected": [36, 36], "assigned": [0, 0], "preselecStu": [0, 0], "stuGender": [{"male": 26, "Female": 10}, {"male": 26, "Female": 10}]}}