{"timestamp": [1716068407.753509, 1716499559.949361, 1725443010.52405], "data": {"selected": [0, 0, 32], "assigned": [0, 0, 0], "preselecStu": [0, 0, 32], "stuGender": [{"male": 0, "Female": 0}, {"male": 0, "Female": 0}, {"male": 25, "Female": 7}]}}