{"timestamp": [1734408150.141773, 1734470827.294033, 1734557561.022479, 1734643375.178287], "data": {"selected": [0, 0, 0, 0], "assigned": [42, 47, 60, 62], "preselecStu": [0, 0, 0, 0], "stuGender": [{"male": 0, "Female": 0}, {"male": 0, "Female": 0}, {"male": 0, "Female": 0}, {"male": 0, "Female": 0}]}}