{"timestamp": [1707542114.99013, 1707545364.055965], "data": {"selected": [20, 20], "assigned": [0, 0], "preselecStu": [20, 20], "stuGender": [{"male": 15, "Female": 5}, {"male": 15, "Female": 5}]}}