{"timestamp": [1716066137.441156, 1716497416.62863, 1725439941.856108], "data": {"selected": [0, 0, 3], "assigned": [0, 0, 10], "preselecStu": [0, 0, 3], "stuGender": [{"male": 0, "Female": 0}, {"male": 0, "Female": 0}, {"male": 3, "Female": 0}]}}