{"timestamp": [1734405498.833118, 1734468152.243197], "data": {"selected": [0, 0], "assigned": [57, 57], "preselecStu": [0, 0], "stuGender": [{"male": 0, "Female": 0}, {"male": 0, "Female": 0}]}}