{"timestamp": [1734406541.705279, 1734469286.565335, 1734555834.53427, 1734641977.748676], "data": {"selected": [14, 14, 14, 14], "assigned": [1, 1, 2, 2], "preselecStu": [0, 0, 0, 0], "stuGender": [{"male": 3, "Female": 11}, {"male": 3, "Female": 11}, {"male": 3, "Female": 11}, {"male": 3, "Female": 11}]}}