{"timestamp": [1716069256.308217, 1716500314.30606, 1725443887.36306], "data": {"selected": [0, 0, 7], "assigned": [0, 0, 0], "preselecStu": [0, 0, 7], "stuGender": [{"male": 0, "Female": 0}, {"male": 0, "Female": 0}, {"male": 6, "Female": 1}]}}