{"timestamp": [1707542568.214106, 1707545855.825491], "data": {"selected": [22, 22], "assigned": [0, 0], "preselecStu": [22, 22], "stuGender": [{"male": 7, "Female": 15}, {"male": 7, "Female": 15}]}}