{"timestamp": [1734410442.413059, 1734472983.098096, 1734559957.151435, 1734645342.942061], "data": {"selected": [0, 0, 0, 0], "assigned": [1, 1, 2, 2], "preselecStu": [0, 0, 0, 0], "stuGender": [{"male": 0, "Female": 0}, {"male": 0, "Female": 0}, {"male": 0, "Female": 0}, {"male": 0, "Female": 0}]}}