{"timestamp": [1716065432.170025, 1716496752.862834, 1725438844.437921, 1725511883.108178], "data": {"selected": [0, 0, 6, 6], "assigned": [0, 0, 6, 6], "preselecStu": [0, 0, 6, 6], "stuGender": [{"male": 0, "Female": 0}, {"male": 0, "Female": 0}, {"male": 2, "Female": 4}, {"male": 2, "Female": 4}]}}