{"timestamp": [1734406209.866857, 1734468952.017184], "data": {"selected": [0, 0], "assigned": [51, 54], "preselecStu": [0, 0], "stuGender": [{"male": 0, "Female": 0}, {"male": 0, "Female": 0}]}}