{"timestamp": [1734409017.889109, 1734471645.201316, 1734558507.008397], "data": {"selected": [0, 0, 0], "assigned": [8, 9, 9], "preselecStu": [0, 0, 0], "stuGender": [{"male": 0, "Female": 0}, {"male": 0, "Female": 0}, {"male": 0, "Female": 0}]}}