{"timestamp": [1716068421.514648, 1716499571.412166, 1725443022.359931], "data": {"selected": [0, 0, 4], "assigned": [0, 0, 0], "preselecStu": [0, 0, 0], "stuGender": [{"male": 0, "Female": 0}, {"male": 0, "Female": 0}, {"male": 2, "Female": 2}]}}