{"timestamp": [1716069400.205027, 1716500447.108343, 1725444045.414721], "data": {"selected": [0, 0, 2], "assigned": [0, 0, 27], "preselecStu": [0, 0, 2], "stuGender": [{"male": 0, "Female": 0}, {"male": 0, "Female": 0}, {"male": 1, "Female": 1}]}}