{"timestamp": [1734409607.851843, 1734472225.876492], "data": {"selected": [0, 0], "assigned": [36, 41], "preselecStu": [0, 0], "stuGender": [{"male": 0, "Female": 0}, {"male": 0, "Female": 0}]}}