{"timestamp": [1734409607.851843, 1734472225.876492, 1734559192.023854], "data": {"selected": [0, 0, 0], "assigned": [36, 41, 53], "preselecStu": [0, 0, 0], "stuGender": [{"male": 0, "Female": 0}, {"male": 0, "Female": 0}, {"male": 0, "Female": 0}]}}