{"timestamp": [1707540934.163737, 1707544113.563314], "data": {"selected": [44, 44], "assigned": [0, 0], "preselecStu": [44, 44], "stuGender": [{"male": 10, "Female": 34}, {"male": 10, "Female": 34}]}}