{"timestamp": [1707575536.854698, 1707586893.291528], "data": {"selected": [44, 44], "assigned": [0, 0], "preselecStu": [44, 44], "stuGender": [{"male": 10, "Female": 34}, {"male": 10, "Female": 34}]}}