{"timestamp": [1734410053.170287, 1734472606.004302], "data": {"selected": [0, 0], "assigned": [58, 58], "preselecStu": [0, 0], "stuGender": [{"male": 0, "Female": 0}, {"male": 0, "Female": 0}]}}