{"timestamp": [1734410053.170287, 1734472606.004302, 1734559572.110345], "data": {"selected": [0, 0, 0], "assigned": [58, 58, 60], "preselecStu": [0, 0, 0], "stuGender": [{"male": 0, "Female": 0}, {"male": 0, "Female": 0}, {"male": 0, "Female": 0}]}}