{"timestamp": [1734406939.072391, 1734469687.515593], "data": {"selected": [0, 0], "assigned": [55, 56], "preselecStu": [0, 0], "stuGender": [{"male": 0, "Female": 0}, {"male": 0, "Female": 0}]}}