{"timestamp": [1707576268.112907, 1707587777.453016, 1707659233.646767, 1707661834.431048], "data": {"selected": [8, 8, 8, 8], "assigned": [2, 2, 2, 2], "preselecStu": [8, 8, 8, 8], "stuGender": [{"male": 6, "Female": 4}, {"male": 6, "Female": 4}, {"male": 6, "Female": 4}, {"male": 6, "Female": 4}]}}