{"timestamp": [1734409132.293634, 1734471749.511065, 1734558636.515084, 1734644220.702961], "data": {"selected": [0, 0, 0, 0], "assigned": [2, 2, 2, 2], "preselecStu": [0, 0, 0, 0], "stuGender": [{"male": 0, "Female": 0}, {"male": 0, "Female": 0}, {"male": 0, "Female": 0}, {"male": 0, "Female": 0}]}}