{"timestamp": [1707575169.448044, 1707586455.430875], "data": {"selected": [43, 43], "assigned": [0, 0], "preselecStu": [43, 43], "stuGender": [{"male": 16, "Female": 27}, {"male": 16, "Female": 27}]}}