{"timestamp": [1716067363.758289, 1716498606.205536, 1725441732.69371], "data": {"selected": [0, 0, 26], "assigned": [0, 1, 2], "preselecStu": [0, 0, 0], "stuGender": [{"male": 0, "Female": 0}, {"male": 0, "Female": 0}, {"male": 14, "Female": 12}]}}