{"timestamp": [1707540892.700569, 1707544072.870104], "data": {"selected": [29, 29], "assigned": [0, 0], "preselecStu": [29, 29], "stuGender": [{"male": 12, "Female": 17}, {"male": 12, "Female": 17}]}}