{"timestamp": [1707575464.124805, 1707586808.046826], "data": {"selected": [29, 29], "assigned": [0, 0], "preselecStu": [29, 29], "stuGender": [{"male": 12, "Female": 17}, {"male": 12, "Female": 17}]}}