{"timestamp": [1716066722.339886, 1716497966.659685, 1725440808.501873], "data": {"selected": [0, 0, 31], "assigned": [0, 31, 0], "preselecStu": [0, 0, 31], "stuGender": [{"male": 0, "Female": 0}, {"male": 0, "Female": 0}, {"male": 26, "Female": 5}]}}