{"timestamp": [1734405681.396058, 1734468409.603382], "data": {"selected": [0, 0], "assigned": [94, 129], "preselecStu": [0, 0], "stuGender": [{"male": 0, "Female": 0}, {"male": 0, "Female": 0}]}}