{"timestamp": [1707576468.253653, 1707588043.49844], "data": {"selected": [52, 52], "assigned": [0, 0], "preselecStu": [52, 52], "stuGender": [{"male": 39, "Female": 13}, {"male": 39, "Female": 13}]}}