{"timestamp": [1707541435.571349, 1707544634.83598], "data": {"selected": [52, 52], "assigned": [0, 0], "preselecStu": [52, 52], "stuGender": [{"male": 39, "Female": 13}, {"male": 39, "Female": 13}]}}