{"timestamp": [1707576197.905836, 1707587669.028988, 1707659196.335878], "data": {"selected": [41, 41, 41], "assigned": [0, 0, 0], "preselecStu": [41, 41, 41], "stuGender": [{"male": 21, "Female": 20}, {"male": 21, "Female": 20}, {"male": 21, "Female": 20}]}}