{"timestamp": [1707541289.28991, 1707544474.885087], "data": {"selected": [41, 41], "assigned": [0, 0], "preselecStu": [41, 41], "stuGender": [{"male": 21, "Female": 20}, {"male": 21, "Female": 20}]}}