{"timestamp": [1707576004.610073, 1707587423.945851], "data": {"selected": [48, 48], "assigned": [0, 0], "preselecStu": [48, 48], "stuGender": [{"male": 40, "Female": 8}, {"male": 40, "Female": 8}]}}