{"timestamp": [1707575699.850606, 1707587077.876361, 1707658925.408244, 1707661522.410268], "data": {"selected": [28, 28, 28, 28], "assigned": [0, 0, 0, 0], "preselecStu": [28, 28, 28, 28], "stuGender": [{"male": 8, "Female": 20}, {"male": 8, "Female": 20}, {"male": 8, "Female": 20}, {"male": 8, "Female": 20}]}}