{"timestamp": [1707540578.897353, 1707543752.193332], "data": {"selected": [100, 100], "assigned": [0, 0], "preselecStu": [100, 100], "stuGender": [{"male": 99, "Female": 1}, {"male": 99, "Female": 1}]}}