{"timestamp": [1734404918.257283, 1734467573.029649, 1734554059.446446, 1734640378.866395], "data": {"selected": [0, 0, 0, 0], "assigned": [259, 300, 331, 371], "preselecStu": [0, 0, 0, 0], "stuGender": [{"male": 0, "Female": 0}, {"male": 0, "Female": 0}, {"male": 0, "Female": 0}, {"male": 0, "Female": 0}]}}