{"timestamp": [1734404918.257283, 1734467573.029649], "data": {"selected": [0, 0], "assigned": [259, 300], "preselecStu": [0, 0], "stuGender": [{"male": 0, "Female": 0}, {"male": 0, "Female": 0}]}}