{"timestamp": [1707542725.674151, 1707546012.799832], "data": {"selected": [10, 10], "assigned": [0, 0], "preselecStu": [10, 10], "stuGender": [{"male": 5, "Female": 5}, {"male": 5, "Female": 5}]}}