{"timestamp": [1734409274.558205, 1734471899.392475, 1734558813.358065], "data": {"selected": [0, 0, 0], "assigned": [1, 1, 1], "preselecStu": [0, 0, 0], "stuGender": [{"male": 0, "Female": 0}, {"male": 0, "Female": 0}, {"male": 0, "Female": 0}]}}