{"timestamp": [1707542398.168477, 1707545683.301738], "data": {"selected": [12, 12], "assigned": [0, 0], "preselecStu": [12, 12], "stuGender": [{"male": 9, "Female": 3}, {"male": 9, "Female": 3}]}}