{"timestamp": [1716068886.666339, 1716499990.58997, 1725443512.080593, 1725515907.600742], "data": {"selected": [0, 0, 33, 32], "assigned": [0, 0, 6, 7], "preselecStu": [0, 0, 33, 32], "stuGender": [{"male": 0, "Female": 0}, {"male": 0, "Female": 0}, {"male": 24, "Female": 9}, {"male": 24, "Female": 8}]}}