{"timestamp": [1707575146.713999, 1707586427.04583], "data": {"selected": [40, 40], "assigned": [0, 0], "preselecStu": [40, 40], "stuGender": [{"male": 13, "Female": 27}, {"male": 13, "Female": 27}]}}