{"timestamp": [1707540713.831592, 1707543891.278846], "data": {"selected": [40, 40], "assigned": [0, 0], "preselecStu": [40, 40], "stuGender": [{"male": 13, "Female": 27}, {"male": 13, "Female": 27}]}}