{"timestamp": [1707541244.474115, 1707544426.168249], "data": {"selected": [10, 10], "assigned": [0, 0], "preselecStu": [10, 10], "stuGender": [{"male": 9, "Female": 1}, {"male": 9, "Female": 1}]}}