{"timestamp": [1707541854.393032, 1707545085.812453], "data": {"selected": [50, 50], "assigned": [0, 0], "preselecStu": [50, 50], "stuGender": [{"male": 27, "Female": 23}, {"male": 27, "Female": 23}]}}