{"timestamp": [1716067912.952665, 1716499111.765089, 1725442396.618568, 1725514801.577922], "data": {"selected": [0, 0, 11, 11], "assigned": [0, 0, 7, 9], "preselecStu": [0, 0, 11, 11], "stuGender": [{"male": 0, "Female": 0}, {"male": 0, "Female": 0}, {"male": 9, "Female": 2}, {"male": 9, "Female": 2}]}}