{"timestamp": [1716069148.058291, 1716500220.912469, 1725443793.771406, 1725516190.934372], "data": {"selected": [0, 0, 24, 24], "assigned": [0, 0, 13, 19], "preselecStu": [0, 0, 24, 24], "stuGender": [{"male": 0, "Female": 0}, {"male": 0, "Female": 0}, {"male": 7, "Female": 17}, {"male": 7, "Female": 17}]}}