{"timestamp": [1734405820.172587, 1734468552.530288], "data": {"selected": [0, 0], "assigned": [42, 43], "preselecStu": [0, 0], "stuGender": [{"male": 0, "Female": 0}, {"male": 0, "Female": 0}]}}