{"timestamp": [1734405820.172587, 1734468552.530288, 1734555054.301194, 1734641295.235099], "data": {"selected": [0, 0, 0, 0], "assigned": [42, 43, 47, 48], "preselecStu": [0, 0, 0, 0], "stuGender": [{"male": 0, "Female": 0}, {"male": 0, "Female": 0}, {"male": 0, "Female": 0}, {"male": 0, "Female": 0}]}}