{"timestamp": [1716065102.463425, 1716496461.966071, 1725438415.327338], "data": {"selected": [0, 0, 39], "assigned": [0, 45, 4], "preselecStu": [0, 0, 39], "stuGender": [{"male": 0, "Female": 0}, {"male": 0, "Female": 0}, {"male": 10, "Female": 29}]}}