{"timestamp": [1725441815.128378, 1725514250.413696, 1725600643.858757, 1725686306.828293], "data": {"selected": [23, 23, 23, 23], "assigned": [0, 0, 0, 0], "preselecStu": [0, 0, 0, 0], "stuGender": [{"male": 10, "Female": 13}, {"male": 10, "Female": 13}, {"male": 10, "Female": 13}, {"male": 10, "Female": 13}]}}