{"timestamp": [1707541946.602057, 1707545187.236117], "data": {"selected": [31, 31], "assigned": [0, 0], "preselecStu": [30, 30], "stuGender": [{"male": 15, "Female": 16}, {"male": 15, "Female": 16}]}}