{"timestamp": [1734406503.841676, 1734469245.064529, 1734555792.73281], "data": {"selected": [0, 0, 0], "assigned": [55, 60, 64], "preselecStu": [0, 0, 0], "stuGender": [{"male": 0, "Female": 0}, {"male": 0, "Female": 0}, {"male": 0, "Female": 0}]}}