{"timestamp": [1734408072.9978, 1734470751.813156, 1734557485.163866, 1734643302.58178], "data": {"selected": [0, 0, 0, 0], "assigned": [21, 24, 27, 29], "preselecStu": [0, 0, 0, 0], "stuGender": [{"male": 0, "Female": 0}, {"male": 0, "Female": 0}, {"male": 0, "Female": 0}, {"male": 0, "Female": 0}]}}