{"timestamp": [1716068246.362247, 1716499397.967504, 1725442815.741639, 1725515205.300161], "data": {"selected": [0, 0, 16, 16], "assigned": [0, 0, 9, 10], "preselecStu": [0, 0, 16, 16], "stuGender": [{"male": 0, "Female": 0}, {"male": 0, "Female": 0}, {"male": 11, "Female": 5}, {"male": 11, "Female": 5}]}}