{"timestamp": [1716064498.133041, 1716495907.225984, 1725437503.797725], "data": {"selected": [0, 0, 50], "assigned": [0, 0, 44], "preselecStu": [0, 0, 50], "stuGender": [{"male": 0, "Female": 0}, {"male": 0, "Female": 0}, {"male": 26, "Female": 24}]}}