{"timestamp": [1716064498.133041, 1716495907.225984, 1725437503.797725, 1725510772.649373], "data": {"selected": [0, 0, 50, 49], "assigned": [0, 0, 44, 101], "preselecStu": [0, 0, 50, 49], "stuGender": [{"male": 0, "Female": 0}, {"male": 0, "Female": 0}, {"male": 26, "Female": 24}, {"male": 25, "Female": 24}]}}