{"timestamp": [1716069404.791354, 1716500451.285847, 1725444050.961084, 1725516446.121459], "data": {"selected": [0, 0, 0, 0], "assigned": [0, 0, 16, 19], "preselecStu": [0, 0, 0, 0], "stuGender": [{"male": 0, "Female": 0}, {"male": 0, "Female": 0}, {"male": 0, "Female": 0}, {"male": 0, "Female": 0}]}}