{"timestamp": [1707576113.1752, 1707587552.842035, 1707659149.855287], "data": {"selected": [10, 10, 10], "assigned": [0, 0, 0], "preselecStu": [10, 10, 10], "stuGender": [{"male": 9, "Female": 1}, {"male": 9, "Female": 1}, {"male": 9, "Female": 1}]}}