{"timestamp": [1734407746.920162, 1734470448.885644, 1734557122.034543], "data": {"selected": [0, 0, 0], "assigned": [4, 6, 9], "preselecStu": [0, 0, 0], "stuGender": [{"male": 0, "Female": 0}, {"male": 0, "Female": 0}, {"male": 0, "Female": 0}]}}