{"timestamp": [1707575985.282503, 1707587405.204295, 1707659083.6768, 1707661681.014701], "data": {"selected": [14, 14, 14, 14], "assigned": [0, 0, 0, 0], "preselecStu": [14, 14, 14, 14], "stuGender": [{"male": 10, "Female": 4}, {"male": 10, "Female": 4}, {"male": 10, "Female": 4}, {"male": 10, "Female": 4}]}}