{"timestamp": [1716066834.829903, 1716498077.429149, 1725440994.1123, 1725513566.978913], "data": {"selected": [0, 0, 77, 93], "assigned": [0, 0, 0, 0], "preselecStu": [0, 0, 0, 0], "stuGender": [{"male": 0, "Female": 0}, {"male": 0, "Female": 0}, {"male": 42, "Female": 35}, {"male": 50, "Female": 43}]}}