{"timestamp": [1734406341.995393, 1734469077.471343], "data": {"selected": [0, 0], "assigned": [49, 50], "preselecStu": [0, 0], "stuGender": [{"male": 0, "Female": 0}, {"male": 0, "Female": 0}]}}