{"timestamp": [1716068289.113631, 1716499441.180663, 1725442867.660327, 1725515276.465983], "data": {"selected": [0, 0, 23, 22], "assigned": [0, 0, 3, 5], "preselecStu": [0, 0, 23, 22], "stuGender": [{"male": 0, "Female": 0}, {"male": 0, "Female": 0}, {"male": 11, "Female": 12}, {"male": 11, "Female": 11}]}}