{"timestamp": [1716068289.113631, 1716499441.180663, 1725442867.660327], "data": {"selected": [0, 0, 23], "assigned": [0, 0, 3], "preselecStu": [0, 0, 23], "stuGender": [{"male": 0, "Female": 0}, {"male": 0, "Female": 0}, {"male": 11, "Female": 12}]}}