{"timestamp": [1716069327.206799, 1716500379.445844, 1725443967.017935, 1725516363.76379], "data": {"selected": [0, 0, 1, 1], "assigned": [0, 0, 1, 2], "preselecStu": [0, 0, 1, 1], "stuGender": [{"male": 0, "Female": 0}, {"male": 0, "Female": 0}, {"male": 0, "Female": 1}, {"male": 0, "Female": 1}]}}