{"timestamp": [1707575640.274622, 1707587007.140622, 1707658891.119323, 1707661488.146388], "data": {"selected": [21, 21, 21, 21], "assigned": [0, 0, 0, 0], "preselecStu": [21, 21, 21, 21], "stuGender": [{"male": 8, "Female": 13}, {"male": 8, "Female": 13}, {"male": 8, "Female": 13}, {"male": 8, "Female": 13}]}}