{"timestamp": [1734408900.068624, 1734471521.935261, 1734558387.451108, 1734644027.778372], "data": {"selected": [0, 0, 0, 0], "assigned": [11, 12, 13, 13], "preselecStu": [0, 0, 0, 0], "stuGender": [{"male": 0, "Female": 0}, {"male": 0, "Female": 0}, {"male": 0, "Female": 0}, {"male": 0, "Female": 0}]}}