{"timestamp": [1734408900.068624, 1734471521.935261], "data": {"selected": [0, 0], "assigned": [11, 12], "preselecStu": [0, 0], "stuGender": [{"male": 0, "Female": 0}, {"male": 0, "Female": 0}]}}