{"timestamp": [1707577833.90743, 1707589677.924032, 1707660103.669473], "data": {"selected": [50, 50, 50], "assigned": [0, 0, 0], "preselecStu": [50, 50, 50], "stuGender": [{"male": 39, "Female": 11}, {"male": 39, "Female": 11}, {"male": 39, "Female": 11}]}}