{"timestamp": [1734409476.85068, 1734472082.249525, 1734559038.179663], "data": {"selected": [0, 0, 0], "assigned": [23, 28, 36], "preselecStu": [0, 0, 0], "stuGender": [{"male": 0, "Female": 0}, {"male": 0, "Female": 0}, {"male": 0, "Female": 0}]}}