{"timestamp": [1716067188.640948, 1716498425.963898, 1725441434.554786], "data": {"selected": [0, 0, 22], "assigned": [0, 24, 0], "preselecStu": [0, 0, 22], "stuGender": [{"male": 0, "Female": 0}, {"male": 0, "Female": 0}, {"male": 6, "Female": 16}]}}