{"timestamp": [1716066565.968214, 1716497810.581116, 1725440578.36771, 1725513200.881849], "data": {"selected": [0, 0, 110, 110], "assigned": [0, 0, 6, 13], "preselecStu": [0, 0, 110, 110], "stuGender": [{"male": 0, "Female": 0}, {"male": 0, "Female": 0}, {"male": 96, "Female": 14}, {"male": 96, "Female": 14}]}}