{"timestamp": [1725444139.588553, 1725516526.039224, 1725603080.893742, 1725688289.596251], "data": {"selected": [0, 0, 18, 20], "assigned": [13, 16, 4, 1], "preselecStu": [0, 0, 0, 0], "stuGender": [{"male": 0, "Female": 0}, {"male": 0, "Female": 0}, {"male": 10, "Female": 8}, {"male": 11, "Female": 9}]}}