{"timestamp": [1716067741.649959, 1716498955.887892, 1725442183.297748, 1725514593.857851], "data": {"selected": [0, 0, 0, 0], "assigned": [0, 0, 0, 2], "preselecStu": [0, 0, 0, 0], "stuGender": [{"male": 0, "Female": 0}, {"male": 0, "Female": 0}, {"male": 0, "Female": 0}, {"male": 0, "Female": 0}]}}