{"timestamp": [1716068181.30729, 1716499349.534934, 1725442758.574064, 1725515150.045964], "data": {"selected": [0, 0, 5, 5], "assigned": [0, 0, 16, 14], "preselecStu": [0, 0, 5, 5], "stuGender": [{"male": 0, "Female": 0}, {"male": 0, "Female": 0}, {"male": 5, "Female": 0}, {"male": 5, "Female": 0}]}}