{"timestamp": [1734408001.678504, 1734470683.608297], "data": {"selected": [0, 0], "assigned": [49, 59], "preselecStu": [0, 0], "stuGender": [{"male": 0, "Female": 0}, {"male": 0, "Female": 0}]}}