{"timestamp": [1716064725.531558, 1716496116.98244, 1725437833.032013, 1725511035.375897], "data": {"selected": [0, 0, 5, 5], "assigned": [0, 0, 8, 11], "preselecStu": [0, 0, 5, 5], "stuGender": [{"male": 0, "Female": 0}, {"male": 0, "Female": 0}, {"male": 3, "Female": 2}, {"male": 3, "Female": 2}]}}