{"timestamp": [1734408371.387334, 1734471018.779068], "data": {"selected": [0, 0], "assigned": [51, 55], "preselecStu": [0, 0], "stuGender": [{"male": 0, "Female": 0}, {"male": 0, "Female": 0}]}}