{"timestamp": [1707575267.801422, 1707586572.586316], "data": {"selected": [13, 13], "assigned": [0, 0], "preselecStu": [13, 13], "stuGender": [{"male": 8, "Female": 5}, {"male": 8, "Female": 5}]}}