{"timestamp": [1716067896.744492, 1716499105.324567, 1725442385.838736], "data": {"selected": [0, 0, 21], "assigned": [0, 0, 34], "preselecStu": [0, 0, 21], "stuGender": [{"male": 0, "Female": 0}, {"male": 0, "Female": 0}, {"male": 16, "Female": 5}]}}