{"timestamp": [1725442937.685043, 1725515346.415015, 1725601739.933751], "data": {"selected": [0, 0, 12], "assigned": [7, 9, 0], "preselecStu": [0, 0, 0], "stuGender": [{"male": 0, "Female": 0}, {"male": 0, "Female": 0}, {"male": 7, "Female": 5}]}}