{"timestamp": [1716065942.272344, 1716497240.562121, 1725439622.26404, 1725512484.481211], "data": {"selected": [0, 0, 37, 36], "assigned": [0, 37, 5, 5], "preselecStu": [0, 0, 37, 36], "stuGender": [{"male": 0, "Female": 0}, {"male": 0, "Female": 0}, {"male": 16, "Female": 21}, {"male": 15, "Female": 21}]}}