{"timestamp": [1707578517.051384, 1707590572.804983, 1707660463.202757, 1707663082.753513], "data": {"selected": [3, 3, 3, 3], "assigned": [0, 0, 0, 0], "preselecStu": [3, 3, 3, 3], "stuGender": [{"male": 3, "Female": 0}, {"male": 3, "Female": 0}, {"male": 3, "Female": 0}, {"male": 3, "Female": 0}]}}