{"timestamp": [1716066878.076492, 1716498121.333979, 1725441052.604546], "data": {"selected": [0, 0, 6], "assigned": [0, 0, 1], "preselecStu": [0, 0, 6], "stuGender": [{"male": 0, "Female": 0}, {"male": 0, "Female": 0}, {"male": 3, "Female": 3}]}}