{"timestamp": [1716067285.970844, 1716498518.838152, 1725441589.463634], "data": {"selected": [0, 0, 39], "assigned": [0, 0, 34], "preselecStu": [0, 0, 39], "stuGender": [{"male": 0, "Female": 0}, {"male": 0, "Female": 0}, {"male": 20, "Female": 19}]}}