{"timestamp": [1707541020.639718, 1707544202.044757], "data": {"selected": [24, 24], "assigned": [0, 0], "preselecStu": [24, 24], "stuGender": [{"male": 9, "Female": 15}, {"male": 9, "Female": 15}]}}