{"timestamp": [1707542129.777342, 1707545385.813698], "data": {"selected": [30, 30], "assigned": [0, 0], "preselecStu": [30, 30], "stuGender": [{"male": 23, "Female": 7}, {"male": 23, "Female": 7}]}}