{"timestamp": [1707577754.591724, 1707589570.276073, 1707660064.920456, 1707662671.557533], "data": {"selected": [30, 30, 30, 30], "assigned": [0, 0, 0, 0], "preselecStu": [30, 30, 30, 30], "stuGender": [{"male": 23, "Female": 7}, {"male": 23, "Female": 7}, {"male": 23, "Female": 7}, {"male": 23, "Female": 7}]}}