{"timestamp": [1707577754.591724, 1707589570.276073], "data": {"selected": [30, 30], "assigned": [0, 0], "preselecStu": [30, 30], "stuGender": [{"male": 23, "Female": 7}, {"male": 23, "Female": 7}]}}