{"timestamp": [1716065507.065171, 1716496826.222936, 1725438945.594891], "data": {"selected": [0, 0, 1], "assigned": [0, 0, 0], "preselecStu": [0, 0, 1], "stuGender": [{"male": 0, "Female": 0}, {"male": 0, "Female": 0}, {"male": 0, "Female": 1}]}}