{"timestamp": [1707577082.341661, 1707588755.686083, 1707659686.233289, 1707662294.060626], "data": {"selected": [11, 11, 11, 11], "assigned": [0, 0, 0, 0], "preselecStu": [11, 11, 11, 11], "stuGender": [{"male": 6, "Female": 5}, {"male": 6, "Female": 5}, {"male": 6, "Female": 5}, {"male": 6, "Female": 5}]}}