{"timestamp": [1716065308.072798, 1716496630.133715, 1725438669.855705], "data": {"selected": [0, 0, 15], "assigned": [0, 0, 0], "preselecStu": [0, 0, 0], "stuGender": [{"male": 0, "Female": 0}, {"male": 0, "Female": 0}, {"male": 4, "Female": 11}]}}