{"timestamp": [1716064769.381611, 1716496150.325723, 1725437880.601595], "data": {"selected": [0, 0, 5], "assigned": [0, 0, 3], "preselecStu": [0, 0, 5], "stuGender": [{"male": 0, "Female": 0}, {"male": 0, "Female": 0}, {"male": 2, "Female": 3}]}}