{"timestamp": [1716065303.742632, 1716496625.781964, 1725438659.671735], "data": {"selected": [0, 0, 15], "assigned": [0, 0, 0], "preselecStu": [0, 0, 0], "stuGender": [{"male": 0, "Female": 0}, {"male": 0, "Female": 0}, {"male": 2, "Female": 13}]}}