{"timestamp": [1707540710.590913, 1707543887.73418], "data": {"selected": [12, 12], "assigned": [0, 0], "preselecStu": [12, 12], "stuGender": [{"male": 8, "Female": 4}, {"male": 8, "Female": 4}]}}