{"timestamp": [1707575141.06635, 1707586420.3524, 1707658603.885018, 1707661206.078437], "data": {"selected": [12, 12, 12, 12], "assigned": [0, 0, 0, 0], "preselecStu": [12, 12, 12, 12], "stuGender": [{"male": 8, "Female": 4}, {"male": 8, "Female": 4}, {"male": 8, "Female": 4}, {"male": 8, "Female": 4}]}}