{"timestamp": [1734407129.013006, 1734469875.740816], "data": {"selected": [0, 0], "assigned": [59, 59], "preselecStu": [0, 0], "stuGender": [{"male": 0, "Female": 0}, {"male": 0, "Female": 0}]}}