{"timestamp": [1734407129.013006, 1734469875.740816, 1734556481.602], "data": {"selected": [0, 0, 0], "assigned": [59, 59, 60], "preselecStu": [0, 0, 0], "stuGender": [{"male": 0, "Female": 0}, {"male": 0, "Female": 0}, {"male": 0, "Female": 0}]}}