{"timestamp": [1707574597.372389, 1707585754.574923], "data": {"selected": [42, 42], "assigned": [0, 0], "preselecStu": [42, 42], "stuGender": [{"male": 31, "Female": 11}, {"male": 31, "Female": 11}]}}