{"timestamp": [1707540397.172783, 1707543573.050201], "data": {"selected": [42, 42], "assigned": [0, 0], "preselecStu": [42, 42], "stuGender": [{"male": 31, "Female": 11}, {"male": 31, "Female": 11}]}}