{"timestamp": [1716068802.853455, 1716499918.821485, 1725443434.571428], "data": {"selected": [0, 0, 14], "assigned": [0, 0, 2], "preselecStu": [0, 0, 14], "stuGender": [{"male": 0, "Female": 0}, {"male": 0, "Female": 0}, {"male": 6, "Female": 8}]}}