{"timestamp": [1716068802.853455, 1716499918.821485, 1725443434.571428, 1725515829.275084], "data": {"selected": [0, 0, 14, 13], "assigned": [0, 0, 2, 6], "preselecStu": [0, 0, 14, 13], "stuGender": [{"male": 0, "Female": 0}, {"male": 0, "Female": 0}, {"male": 6, "Female": 8}, {"male": 6, "Female": 7}]}}