{"timestamp": [1716068955.97238, 1716500058.48534, 1725443593.247648], "data": {"selected": [0, 0, 19], "assigned": [0, 0, 8], "preselecStu": [0, 0, 19], "stuGender": [{"male": 0, "Female": 0}, {"male": 0, "Female": 0}, {"male": 10, "Female": 9}]}}