{"timestamp": [1734405490.28777, 1734468145.121646, 1734554665.0318], "data": {"selected": [0, 0, 0], "assigned": [26, 26, 37], "preselecStu": [0, 0, 0], "stuGender": [{"male": 0, "Female": 0}, {"male": 0, "Female": 0}, {"male": 0, "Female": 0}]}}