{"timestamp": [1707577872.887862, 1707589743.095197, 1707660123.608499, 1707662734.066462], "data": {"selected": [40, 40, 40, 40], "assigned": [0, 0, 0, 0], "preselecStu": [40, 40, 40, 40], "stuGender": [{"male": 32, "Female": 8}, {"male": 32, "Female": 8}, {"male": 32, "Female": 8}, {"male": 32, "Female": 8}]}}