{"timestamp": [1734406493.031239, 1734469234.982353, 1734555782.203142], "data": {"selected": [0, 0, 0], "assigned": [19, 20, 20], "preselecStu": [0, 0, 0], "stuGender": [{"male": 0, "Female": 0}, {"male": 0, "Female": 0}, {"male": 0, "Female": 0}]}}