{"timestamp": [1707541911.194322, 1707545148.996282], "data": {"selected": [15, 15], "assigned": [0, 0], "preselecStu": [12, 12], "stuGender": [{"male": 9, "Female": 6}, {"male": 9, "Female": 6}]}}