{"timestamp": [1707577348.565059, 1707589064.911157], "data": {"selected": [15, 15], "assigned": [0, 0], "preselecStu": [12, 12], "stuGender": [{"male": 9, "Female": 6}, {"male": 9, "Female": 6}]}}