{"timestamp": [1734406793.461274, 1734469549.48889, 1734556090.657148], "data": {"selected": [0, 0, 0], "assigned": [4, 6, 6], "preselecStu": [0, 0, 0], "stuGender": [{"male": 0, "Female": 0}, {"male": 0, "Female": 0}, {"male": 0, "Female": 0}]}}