{"timestamp": [1716068973.399959, 1716500075.547699, 1725443614.075768], "data": {"selected": [0, 0, 6], "assigned": [0, 0, 5], "preselecStu": [0, 0, 6], "stuGender": [{"male": 0, "Female": 0}, {"male": 0, "Female": 0}, {"male": 3, "Female": 3}]}}