{"timestamp": [1734408511.676552, 1734471148.927864, 1734557918.288275, 1734643695.973536], "data": {"selected": [0, 0, 0, 0], "assigned": [83, 90, 97, 105], "preselecStu": [0, 0, 0, 0], "stuGender": [{"male": 0, "Female": 0}, {"male": 0, "Female": 0}, {"male": 0, "Female": 0}, {"male": 0, "Female": 0}]}}