{"timestamp": [1716066095.923148, 1716497372.254908, 1725439874.276343], "data": {"selected": [0, 0, 3], "assigned": [0, 0, 15], "preselecStu": [0, 0, 3], "stuGender": [{"male": 0, "Female": 0}, {"male": 0, "Female": 0}, {"male": 2, "Female": 1}]}}