{"timestamp": [1707540740.145577, 1707543918.353334], "data": {"selected": [36, 36], "assigned": [0, 0], "preselecStu": [0, 0], "stuGender": [{"male": 25, "Female": 11}, {"male": 25, "Female": 11}]}}