{"timestamp": [1707575194.096079, 1707586485.292224], "data": {"selected": [36, 36], "assigned": [0, 0], "preselecStu": [0, 0], "stuGender": [{"male": 25, "Female": 11}, {"male": 25, "Female": 11}]}}