{"timestamp": [1716066042.58326, 1716497321.641941, 1725439778.366282], "data": {"selected": [0, 0, 47], "assigned": [0, 0, 7], "preselecStu": [0, 0, 1], "stuGender": [{"male": 0, "Female": 0}, {"male": 0, "Female": 0}, {"male": 41, "Female": 6}]}}