{"timestamp": [1734409448.086857, 1734472046.274134, 1734558986.784657, 1734644479.57612], "data": {"selected": [0, 0, 0, 0], "assigned": [34, 34, 43, 49], "preselecStu": [0, 0, 0, 0], "stuGender": [{"male": 0, "Female": 0}, {"male": 0, "Female": 0}, {"male": 0, "Female": 0}, {"male": 0, "Female": 0}]}}