{"timestamp": [1734410194.113198, 1734472738.946504, 1734559706.697853, 1734645102.777643], "data": {"selected": [0, 0, 0, 0], "assigned": [1, 3, 5, 5], "preselecStu": [0, 0, 0, 0], "stuGender": [{"male": 0, "Female": 0}, {"male": 0, "Female": 0}, {"male": 0, "Female": 0}, {"male": 0, "Female": 0}]}}