{"timestamp": [1716066155.267397, 1716497430.309286, 1725439963.600708, 1725512755.353591], "data": {"selected": [0, 0, 2, 2], "assigned": [0, 0, 10, 13], "preselecStu": [0, 0, 2, 2], "stuGender": [{"male": 0, "Female": 0}, {"male": 0, "Female": 0}, {"male": 1, "Female": 1}, {"male": 1, "Female": 1}]}}