{"timestamp": [1707576511.550276, 1707588092.510608], "data": {"selected": [21, 21], "assigned": [0, 0], "preselecStu": [21, 21], "stuGender": [{"male": 18, "Female": 3}, {"male": 18, "Female": 3}]}}