{"timestamp": [1707541460.421072, 1707544661.107029], "data": {"selected": [21, 21], "assigned": [0, 0], "preselecStu": [21, 21], "stuGender": [{"male": 18, "Female": 3}, {"male": 18, "Female": 3}]}}