{"timestamp": [1734407797.048434, 1734470494.759852, 1734557171.296683], "data": {"selected": [0, 0, 0], "assigned": [10, 13, 15], "preselecStu": [0, 0, 0], "stuGender": [{"male": 0, "Female": 0}, {"male": 0, "Female": 0}, {"male": 0, "Female": 0}]}}