{"timestamp": [1734407797.048434, 1734470494.759852], "data": {"selected": [0, 0], "assigned": [10, 13], "preselecStu": [0, 0], "stuGender": [{"male": 0, "Female": 0}, {"male": 0, "Female": 0}]}}