{"timestamp": [1734407442.680545, 1734470182.114873], "data": {"selected": [0, 0], "assigned": [73, 73], "preselecStu": [0, 0], "stuGender": [{"male": 0, "Female": 0}, {"male": 0, "Female": 0}]}}