{"timestamp": [1716068134.245426, 1716499305.332774, 1725442703.596146, 1725515091.598161], "data": {"selected": [0, 0, 48, 48], "assigned": [0, 0, 9, 14], "preselecStu": [0, 0, 48, 48], "stuGender": [{"male": 0, "Female": 0}, {"male": 0, "Female": 0}, {"male": 36, "Female": 12}, {"male": 36, "Female": 12}]}}