{"timestamp": [1716068134.245426, 1716499305.332774, 1725442703.596146], "data": {"selected": [0, 0, 48], "assigned": [0, 0, 9], "preselecStu": [0, 0, 48], "stuGender": [{"male": 0, "Female": 0}, {"male": 0, "Female": 0}, {"male": 36, "Female": 12}]}}