{"timestamp": [1707540875.364982, 1707544055.595565], "data": {"selected": [48, 48], "assigned": [0, 0], "preselecStu": [48, 48], "stuGender": [{"male": 31, "Female": 17}, {"male": 31, "Female": 17}]}}