{"timestamp": [1716067780.193209, 1716498994.240334, 1725442242.834661, 1725514649.078111], "data": {"selected": [0, 0, 75, 75], "assigned": [0, 47, 16, 20], "preselecStu": [0, 0, 75, 75], "stuGender": [{"male": 0, "Female": 0}, {"male": 0, "Female": 0}, {"male": 65, "Female": 10}, {"male": 65, "Female": 10}]}}