{"timestamp": [1707540995.289017, 1707544175.061786], "data": {"selected": [24, 24], "assigned": [0, 0], "preselecStu": [24, 24], "stuGender": [{"male": 5, "Female": 19}, {"male": 5, "Female": 19}]}}