{"timestamp": [1734409824.836232, 1734472363.669782], "data": {"selected": [0, 0], "assigned": [43, 48], "preselecStu": [0, 0], "stuGender": [{"male": 0, "Female": 0}, {"male": 0, "Female": 0}]}}