{"timestamp": [1716063870.456765, 1716495335.44055, 1725436580.987717, 1725510043.088253], "data": {"selected": [0, 0, 40, 40], "assigned": [0, 0, 69, 127], "preselecStu": [0, 0, 40, 40], "stuGender": [{"male": 0, "Female": 0}, {"male": 0, "Female": 0}, {"male": 23, "Female": 17}, {"male": 23, "Female": 17}]}}