{"timestamp": [1734407146.957671, 1734469892.923432, 1734556520.262486], "data": {"selected": [0, 0, 0], "assigned": [93, 102, 121], "preselecStu": [0, 0, 0], "stuGender": [{"male": 0, "Female": 0}, {"male": 0, "Female": 0}, {"male": 0, "Female": 0}]}}