{"timestamp": [1716067107.999947, 1716498350.796667, 1725441339.28744, 1725513867.654131], "data": {"selected": [0, 0, 58, 58], "assigned": [0, 1, 2, 3], "preselecStu": [0, 0, 0, 0], "stuGender": [{"male": 0, "Female": 0}, {"male": 0, "Female": 0}, {"male": 20, "Female": 38}, {"male": 20, "Female": 38}]}}