{"timestamp": [1716064046.817, 1716495493.696256, 1725436825.95067, 1725510230.225116], "data": {"selected": [0, 0, 0, 0], "assigned": [0, 0, 6, 17], "preselecStu": [0, 0, 0, 0], "stuGender": [{"male": 0, "Female": 0}, {"male": 0, "Female": 0}, {"male": 0, "Female": 0}, {"male": 0, "Female": 0}]}}