{"timestamp": [1716068897.557765, 1716500001.870799, 1725443524.743235], "data": {"selected": [0, 0, 41], "assigned": [0, 0, 10], "preselecStu": [0, 0, 41], "stuGender": [{"male": 0, "Female": 0}, {"male": 0, "Female": 0}, {"male": 14, "Female": 27}]}}