{"timestamp": [1716063895.219133, 1716495360.010073, 1725436616.750079, 1725510076.396788], "data": {"selected": [0, 0, 39, 39], "assigned": [0, 0, 25, 48], "preselecStu": [0, 0, 39, 39], "stuGender": [{"male": 0, "Female": 0}, {"male": 0, "Female": 0}, {"male": 28, "Female": 11}, {"male": 28, "Female": 11}]}}