{"timestamp": [1734408895.247699, 1734471516.129163, 1734558380.533693, 1734644023.350868], "data": {"selected": [0, 0, 0, 0], "assigned": [10, 10, 10, 11], "preselecStu": [0, 0, 0, 0], "stuGender": [{"male": 0, "Female": 0}, {"male": 0, "Female": 0}, {"male": 0, "Female": 0}, {"male": 0, "Female": 0}]}}