{"timestamp": [1707542295.863172, 1707545566.655854], "data": {"selected": [15, 15], "assigned": [0, 0], "preselecStu": [15, 15], "stuGender": [{"male": 9, "Female": 6}, {"male": 9, "Female": 6}]}}