{"timestamp": [1716069042.440577, 1716500131.08205, 1725443696.819206, 1725516091.050148], "data": {"selected": [0, 0, 6, 6], "assigned": [0, 0, 8, 10], "preselecStu": [0, 0, 6, 6], "stuGender": [{"male": 0, "Female": 0}, {"male": 0, "Female": 0}, {"male": 1, "Female": 5}, {"male": 1, "Female": 5}]}}