{"timestamp": [1707577095.735719, 1707588771.832705], "data": {"selected": [52, 52], "assigned": [0, 0], "preselecStu": [52, 52], "stuGender": [{"male": 22, "Female": 30}, {"male": 22, "Female": 30}]}}