{"timestamp": [1716068115.81906, 1716499288.135162, 1725442680.325762, 1725515070.95425], "data": {"selected": [0, 0, 65, 65], "assigned": [0, 1, 17, 22], "preselecStu": [0, 0, 0, 0], "stuGender": [{"male": 0, "Female": 0}, {"male": 0, "Female": 0}, {"male": 44, "Female": 21}, {"male": 44, "Female": 21}]}}