{"timestamp": [1707540894.914584, 1707544075.001585], "data": {"selected": [29, 29], "assigned": [0, 0], "preselecStu": [29, 29], "stuGender": [{"male": 25, "Female": 4}, {"male": 25, "Female": 4}]}}