{"timestamp": [1716066463.096587, 1716497699.651419, 1725440397.353528], "data": {"selected": [0, 0, 5], "assigned": [0, 0, 11], "preselecStu": [0, 0, 5], "stuGender": [{"male": 0, "Female": 0}, {"male": 0, "Female": 0}, {"male": 4, "Female": 1}]}}