{"timestamp": [1716064523.865519, 1716495929.688713, 1725437535.971591, 1725510799.449786], "data": {"selected": [0, 0, 23, 23], "assigned": [0, 0, 12, 20], "preselecStu": [0, 0, 22, 22], "stuGender": [{"male": 0, "Female": 0}, {"male": 0, "Female": 0}, {"male": 20, "Female": 3}, {"male": 19, "Female": 4}]}}