{"timestamp": [1734405768.32823, 1734468490.795353, 1734554981.300338], "data": {"selected": [0, 0, 0], "assigned": [81, 90, 115], "preselecStu": [0, 0, 0], "stuGender": [{"male": 0, "Female": 0}, {"male": 0, "Female": 0}, {"male": 0, "Female": 0}]}}