{"timestamp": [1716065073.015618, 1716496435.589334, 1725438370.228956], "data": {"selected": [0, 0, 31], "assigned": [0, 0, 0], "preselecStu": [0, 0, 31], "stuGender": [{"male": 0, "Female": 0}, {"male": 0, "Female": 0}, {"male": 17, "Female": 14}]}}