{"timestamp": [1716065073.015618, 1716496435.589334, 1725438370.228956, 1725511468.085556], "data": {"selected": [0, 0, 31, 30], "assigned": [0, 0, 0, 2], "preselecStu": [0, 0, 31, 30], "stuGender": [{"male": 0, "Female": 0}, {"male": 0, "Female": 0}, {"male": 17, "Female": 14}, {"male": 16, "Female": 14}]}}