{"timestamp": [1734408421.001318, 1734471064.944439, 1734557826.21383], "data": {"selected": [0, 0, 0], "assigned": [83, 87, 92], "preselecStu": [0, 0, 0], "stuGender": [{"male": 0, "Female": 0}, {"male": 0, "Female": 0}, {"male": 0, "Female": 0}]}}