{"timestamp": [1734405683.809743, 1734468413.92759, 1734554916.471513], "data": {"selected": [0, 0, 0], "assigned": [70, 88, 106], "preselecStu": [0, 0, 0], "stuGender": [{"male": 0, "Female": 0}, {"male": 0, "Female": 0}, {"male": 0, "Female": 0}]}}