{"timestamp": [1707540791.420378, 1707543970.198863], "data": {"selected": [42, 42], "assigned": [0, 0], "preselecStu": [42, 42], "stuGender": [{"male": 16, "Female": 26}, {"male": 16, "Female": 26}]}}