{"timestamp": [1707575284.684587, 1707586593.889045], "data": {"selected": [42, 42], "assigned": [0, 0], "preselecStu": [42, 42], "stuGender": [{"male": 16, "Female": 26}, {"male": 16, "Female": 26}]}}