{"timestamp": [1716066190.753485, 1716497464.410072, 1725440011.980038], "data": {"selected": [0, 0, 4], "assigned": [0, 0, 2], "preselecStu": [0, 0, 4], "stuGender": [{"male": 0, "Female": 0}, {"male": 0, "Female": 0}, {"male": 1, "Female": 3}]}}