{"timestamp": [1734407610.930667, 1734470334.9289, 1734556997.166984], "data": {"selected": [0, 0, 0], "assigned": [3, 3, 6], "preselecStu": [0, 0, 0], "stuGender": [{"male": 0, "Female": 0}, {"male": 0, "Female": 0}, {"male": 0, "Female": 0}]}}