{"timestamp": [1707577354.720411, 1707589071.635417, 1707659841.254294, 1707662451.643222], "data": {"selected": [8, 8, 8, 8], "assigned": [0, 0, 0, 0], "preselecStu": [8, 8, 8, 8], "stuGender": [{"male": 7, "Female": 1}, {"male": 7, "Female": 1}, {"male": 7, "Female": 1}, {"male": 7, "Female": 1}]}}