{"timestamp": [1734404938.977311, 1734467595.880766], "data": {"selected": [0, 0], "assigned": [268, 310], "preselecStu": [0, 0], "stuGender": [{"male": 0, "Female": 0}, {"male": 0, "Female": 0}]}}