{"timestamp": [1707540491.931952, 1707543666.586587], "data": {"selected": [17, 17], "assigned": [0, 0], "preselecStu": [17, 17], "stuGender": [{"male": 14, "Female": 3}, {"male": 14, "Female": 3}]}}