{"timestamp": [1734411117.776879, 1734473585.848932, 1734560579.183652], "data": {"selected": [0, 0, 0], "assigned": [0, 1, 1], "preselecStu": [0, 0, 0], "stuGender": [{"male": 0, "Female": 0}, {"male": 0, "Female": 0}, {"male": 0, "Female": 0}]}}