{"timestamp": [1707577685.075089, 1707589487.371043], "data": {"selected": [70, 70], "assigned": [0, 0], "preselecStu": [70, 70], "stuGender": [{"male": 58, "Female": 12}, {"male": 58, "Female": 12}]}}