{"timestamp": [1707542093.313061, 1707545341.958443], "data": {"selected": [70, 70], "assigned": [0, 0], "preselecStu": [70, 70], "stuGender": [{"male": 58, "Female": 12}, {"male": 58, "Female": 12}]}}