{"timestamp": [1734408416.175801, 1734471059.970887, 1734557820.460072, 1734643600.278413], "data": {"selected": [0, 0, 0, 0], "assigned": [86, 86, 87, 90], "preselecStu": [0, 0, 0, 0], "stuGender": [{"male": 0, "Female": 0}, {"male": 0, "Female": 0}, {"male": 0, "Female": 0}, {"male": 0, "Female": 0}]}}