{"timestamp": [1734408416.175801, 1734471059.970887], "data": {"selected": [0, 0], "assigned": [86, 86], "preselecStu": [0, 0], "stuGender": [{"male": 0, "Female": 0}, {"male": 0, "Female": 0}]}}