{"timestamp": [1707541022.873276, 1707544204.198083], "data": {"selected": [28, 28], "assigned": [0, 0], "preselecStu": [28, 28], "stuGender": [{"male": 8, "Female": 20}, {"male": 8, "Female": 20}]}}