{"timestamp": [1716069336.477732, 1716500383.680381, 1725443972.107187], "data": {"selected": [0, 0, 0], "assigned": [0, 0, 4], "preselecStu": [0, 0, 0], "stuGender": [{"male": 0, "Female": 0}, {"male": 0, "Female": 0}, {"male": 0, "Female": 0}]}}