{"timestamp": [1707576674.455778, 1707588270.798481, 1707659456.788854, 1707662060.457735], "data": {"selected": [60, 60, 60, 60], "assigned": [0, 0, 0, 0], "preselecStu": [60, 60, 60, 60], "stuGender": [{"male": 50, "Female": 10}, {"male": 50, "Female": 10}, {"male": 50, "Female": 10}, {"male": 50, "Female": 10}]}}