{"timestamp": [1707541546.650069, 1707544751.150106], "data": {"selected": [60, 60], "assigned": [0, 0], "preselecStu": [60, 60], "stuGender": [{"male": 50, "Female": 10}, {"male": 50, "Female": 10}]}}