{"timestamp": [1734406669.756253, 1734469418.29209, 1734555984.720459], "data": {"selected": [0, 0, 0], "assigned": [28, 28, 34], "preselecStu": [0, 0, 0], "stuGender": [{"male": 0, "Female": 0}, {"male": 0, "Female": 0}, {"male": 0, "Female": 0}]}}