{"timestamp": [1734404790.047395, 1734467418.793747, 1734553922.248801, 1734640237.698637], "data": {"selected": [0, 0, 0, 0], "assigned": [44, 44, 44, 44], "preselecStu": [0, 0, 0, 0], "stuGender": [{"male": 0, "Female": 0}, {"male": 0, "Female": 0}, {"male": 0, "Female": 0}, {"male": 0, "Female": 0}]}}