{"timestamp": [1707540990.055295, 1707544169.892371], "data": {"selected": [15, 15], "assigned": [0, 0], "preselecStu": [15, 15], "stuGender": [{"male": 3, "Female": 12}, {"male": 3, "Female": 12}]}}