{"timestamp": [1716068431.86893, 1716499579.886002, 1725443032.490036], "data": {"selected": [0, 0, 2], "assigned": [0, 0, 0], "preselecStu": [0, 0, 0], "stuGender": [{"male": 0, "Female": 0}, {"male": 0, "Female": 0}, {"male": 1, "Female": 1}]}}