{"timestamp": [1734410500.128475, 1734473041.66426, 1734560018.583361, 1734645400.071211], "data": {"selected": [0, 0, 0, 0], "assigned": [3, 3, 9, 11], "preselecStu": [0, 0, 0, 0], "stuGender": [{"male": 0, "Female": 0}, {"male": 0, "Female": 0}, {"male": 0, "Female": 0}, {"male": 0, "Female": 0}]}}