{"timestamp": [1716066746.955894, 1716497993.497963, 1725440855.490968], "data": {"selected": [0, 0, 3], "assigned": [0, 0, 17], "preselecStu": [0, 0, 3], "stuGender": [{"male": 0, "Female": 0}, {"male": 0, "Female": 0}, {"male": 3, "Female": 0}]}}