{"timestamp": [1716066746.955894, 1716497993.497963, 1725440855.490968, 1725513439.685964], "data": {"selected": [0, 0, 3, 2], "assigned": [0, 0, 17, 24], "preselecStu": [0, 0, 3, 2], "stuGender": [{"male": 0, "Female": 0}, {"male": 0, "Female": 0}, {"male": 3, "Female": 0}, {"male": 2, "Female": 0}]}}