{"timestamp": [1707575080.354553, 1707586352.336209, 1707658569.656638, 1707661170.680016], "data": {"selected": [50, 50, 50, 50], "assigned": [0, 0, 0, 0], "preselecStu": [50, 50, 50, 50], "stuGender": [{"male": 37, "Female": 13}, {"male": 37, "Female": 13}, {"male": 37, "Female": 13}, {"male": 37, "Female": 13}]}}