{"timestamp": [1707577265.307613, 1707588969.820097, 1707659789.724056, 1707662397.27509], "data": {"selected": [35, 35, 35, 35], "assigned": [0, 0, 0, 0], "preselecStu": [35, 35, 35, 35], "stuGender": [{"male": 15, "Female": 20}, {"male": 15, "Female": 20}, {"male": 15, "Female": 20}, {"male": 15, "Female": 20}]}}