{"timestamp": [1707541867.687856, 1707545097.715116], "data": {"selected": [35, 35], "assigned": [0, 0], "preselecStu": [35, 35], "stuGender": [{"male": 15, "Female": 20}, {"male": 15, "Female": 20}]}}