{"timestamp": [1734410538.444429, 1734473080.067429, 1734560057.58733, 1734645442.64116], "data": {"selected": [0, 0, 0, 0], "assigned": [0, 2, 3, 3], "preselecStu": [0, 0, 0, 0], "stuGender": [{"male": 0, "Female": 0}, {"male": 0, "Female": 0}, {"male": 0, "Female": 0}, {"male": 0, "Female": 0}]}}