{"timestamp": [1734410675.67603, 1734473203.68872, 1734560184.378894], "data": {"selected": [0, 0, 0], "assigned": [20, 20, 22], "preselecStu": [0, 0, 0], "stuGender": [{"male": 0, "Female": 0}, {"male": 0, "Female": 0}, {"male": 0, "Female": 0}]}}