{"timestamp": [1734406431.095925, 1734469162.724006, 1734555690.814881], "data": {"selected": [0, 0, 0], "assigned": [1, 2, 2], "preselecStu": [0, 0, 0], "stuGender": [{"male": 0, "Female": 0}, {"male": 0, "Female": 0}, {"male": 0, "Female": 0}]}}