{"timestamp": [1707578251.353787, 1707590230.740336, 1707660323.350712], "data": {"selected": [4, 4, 4], "assigned": [0, 0, 0], "preselecStu": [4, 4, 4], "stuGender": [{"male": 1, "Female": 3}, {"male": 1, "Female": 3}, {"male": 1, "Female": 3}]}}