{"timestamp": [1707577469.806261, 1707589203.588666], "data": {"selected": [11, 11], "assigned": [0, 0], "preselecStu": [11, 11], "stuGender": [{"male": 5, "Female": 6}, {"male": 5, "Female": 6}]}}