{"timestamp": [1707541973.885411, 1707545213.745192], "data": {"selected": [11, 11], "assigned": [0, 0], "preselecStu": [11, 11], "stuGender": [{"male": 5, "Female": 6}, {"male": 5, "Female": 6}]}}