{"timestamp": [1716065985.37494, 1716497276.663964, 1725439679.917164, 1725512550.16597], "data": {"selected": [0, 0, 35, 35], "assigned": [0, 1, 0, 0], "preselecStu": [0, 0, 0, 0], "stuGender": [{"male": 0, "Female": 0}, {"male": 0, "Female": 0}, {"male": 19, "Female": 16}, {"male": 19, "Female": 16}]}}