{"timestamp": [1707578817.939696, 1707590969.453071, 1707660626.767454, 1707663243.891072], "data": {"selected": [14, 14, 14, 14], "assigned": [0, 0, 0, 0], "preselecStu": [14, 14, 14, 14], "stuGender": [{"male": 10, "Female": 4}, {"male": 10, "Female": 4}, {"male": 10, "Female": 4}, {"male": 10, "Female": 4}]}}