{"timestamp": [1707578817.939696, 1707590969.453071], "data": {"selected": [14, 14], "assigned": [0, 0], "preselecStu": [14, 14], "stuGender": [{"male": 10, "Female": 4}, {"male": 10, "Female": 4}]}}