{"timestamp": [1734407131.81959, 1734469878.161096, 1734556484.802722], "data": {"selected": [0, 0, 0], "assigned": [59, 60, 63], "preselecStu": [0, 0, 0], "stuGender": [{"male": 0, "Female": 0}, {"male": 0, "Female": 0}, {"male": 0, "Female": 0}]}}