{"timestamp": [1716067227.291554, 1716498460.209614, 1725441476.043736], "data": {"selected": [0, 0, 120], "assigned": [0, 100, 9], "preselecStu": [0, 0, 115], "stuGender": [{"male": 0, "Female": 0}, {"male": 0, "Female": 0}, {"male": 68, "Female": 52}]}}