{"timestamp": [1707541327.337085, 1707544514.802541], "data": {"selected": [74, 74], "assigned": [0, 0], "preselecStu": [74, 74], "stuGender": [{"male": 40, "Female": 34}, {"male": 40, "Female": 34}]}}