{"timestamp": [1707576757.651694, 1707588378.905519], "data": {"selected": [50, 50], "assigned": [0, 0], "preselecStu": [50, 50], "stuGender": [{"male": 44, "Female": 6}, {"male": 44, "Female": 6}]}}