{"timestamp": [1707541591.761498, 1707544798.308734], "data": {"selected": [50, 50], "assigned": [0, 0], "preselecStu": [50, 50], "stuGender": [{"male": 44, "Female": 6}, {"male": 44, "Female": 6}]}}