{"timestamp": [1716066676.661718, 1716497923.752511, 1725440751.799587], "data": {"selected": [0, 0, 45], "assigned": [0, 0, 17], "preselecStu": [0, 0, 45], "stuGender": [{"male": 0, "Female": 0}, {"male": 0, "Female": 0}, {"male": 38, "Female": 7}]}}