{"timestamp": [1716066676.661718, 1716497923.752511, 1725440751.799587, 1725513348.70493], "data": {"selected": [0, 0, 45, 44], "assigned": [0, 0, 17, 23], "preselecStu": [0, 0, 45, 44], "stuGender": [{"male": 0, "Female": 0}, {"male": 0, "Female": 0}, {"male": 38, "Female": 7}, {"male": 37, "Female": 7}]}}