{"timestamp": [1716065080.086111, 1716496442.151494, 1725438384.285247, 1725511475.61524], "data": {"selected": [0, 0, 25, 25], "assigned": [0, 0, 2, 5], "preselecStu": [0, 0, 25, 25], "stuGender": [{"male": 0, "Female": 0}, {"male": 0, "Female": 0}, {"male": 5, "Female": 20}, {"male": 5, "Female": 20}]}}