{"timestamp": [1707541314.617347, 1707544501.279225], "data": {"selected": [34, 34], "assigned": [0, 0], "preselecStu": [34, 34], "stuGender": [{"male": 17, "Female": 17}, {"male": 17, "Female": 17}]}}