{"timestamp": [1707541782.092259, 1707545012.233273], "data": {"selected": [54, 54], "assigned": [0, 0], "preselecStu": [54, 54], "stuGender": [{"male": 22, "Female": 32}, {"male": 22, "Female": 32}]}}