{"timestamp": [1716066576.844, 1716497822.272287, 1725440592.120785], "data": {"selected": [0, 0, 39], "assigned": [0, 39, 2], "preselecStu": [0, 0, 39], "stuGender": [{"male": 0, "Female": 0}, {"male": 0, "Female": 0}, {"male": 34, "Female": 5}]}}