{"timestamp": [1707576976.664159, 1707588627.780194], "data": {"selected": [17, 17], "assigned": [0, 0], "preselecStu": [17, 17], "stuGender": [{"male": 10, "Female": 7}, {"male": 10, "Female": 7}]}}