{"timestamp": [1716068101.507624, 1716499274.852115, 1725442648.19727, 1725515039.434775], "data": {"selected": [0, 0, 3, 3], "assigned": [0, 0, 16, 32], "preselecStu": [0, 0, 3, 3], "stuGender": [{"male": 0, "Female": 0}, {"male": 0, "Female": 0}, {"male": 2, "Female": 1}, {"male": 2, "Female": 1}]}}