{"timestamp": [1707576974.816396, 1707588625.519415, 1707659622.887198, 1707662228.908439], "data": {"selected": [3, 3, 3, 3], "assigned": [0, 0, 0, 0], "preselecStu": [3, 3, 3, 3], "stuGender": [{"male": 1, "Female": 2}, {"male": 1, "Female": 2}, {"male": 1, "Female": 2}, {"male": 1, "Female": 2}]}}