{"timestamp": [1734408509.279377, 1734471146.478797, 1734557915.176305], "data": {"selected": [0, 0, 4], "assigned": [41, 42, 48], "preselecStu": [0, 0, 0], "stuGender": [{"male": 0, "Female": 0}, {"male": 0, "Female": 0}, {"male": 2, "Female": 2}]}}