{"timestamp": [1734408509.279377, 1734471146.478797], "data": {"selected": [0, 0], "assigned": [41, 42], "preselecStu": [0, 0], "stuGender": [{"male": 0, "Female": 0}, {"male": 0, "Female": 0}]}}