{"timestamp": [1707576184.005576, 1707587650.789638, 1707659188.485138, 1707661787.325009], "data": {"selected": [29, 29, 29, 29], "assigned": [0, 0, 0, 0], "preselecStu": [29, 29, 29, 29], "stuGender": [{"male": 14, "Female": 15}, {"male": 14, "Female": 15}, {"male": 14, "Female": 15}, {"male": 14, "Female": 15}]}}