{"timestamp": [1734405074.183514, 1734467725.874708, 1734554261.765586], "data": {"selected": [0, 0, 0], "assigned": [2, 3, 3], "preselecStu": [0, 0, 0], "stuGender": [{"male": 0, "Female": 0}, {"male": 0, "Female": 0}, {"male": 0, "Female": 0}]}}