{"timestamp": [1707578021.832355, 1707589916.593781, 1707660195.95182], "data": {"selected": [5, 5, 5], "assigned": [0, 0, 0], "preselecStu": [5, 5, 5], "stuGender": [{"male": 2, "Female": 3}, {"male": 2, "Female": 3}, {"male": 2, "Female": 3}]}}