{"timestamp": [1734410962.589595, 1734473454.74625, 1734560437.492795], "data": {"selected": [0, 0, 0], "assigned": [1, 1, 2], "preselecStu": [0, 0, 0], "stuGender": [{"male": 0, "Female": 0}, {"male": 0, "Female": 0}, {"male": 0, "Female": 0}]}}