{"timestamp": [1707577243.732523, 1707588946.63081], "data": {"selected": [120, 120], "assigned": [0, 0], "preselecStu": [120, 120], "stuGender": [{"male": 73, "Female": 47}, {"male": 73, "Female": 47}]}}