{"timestamp": [1707541856.591644, 1707545086.983052], "data": {"selected": [120, 120], "assigned": [0, 0], "preselecStu": [120, 120], "stuGender": [{"male": 73, "Female": 47}, {"male": 73, "Female": 47}]}}