{"timestamp": [1707540723.431206, 1707543900.795354], "data": {"selected": [50, 50], "assigned": [0, 0], "preselecStu": [50, 50], "stuGender": [{"male": 18, "Female": 32}, {"male": 18, "Female": 32}]}}