{"timestamp": [1707575163.775234, 1707586447.684312, 1707658616.658806, 1707661219.227276], "data": {"selected": [50, 50, 50, 50], "assigned": [0, 0, 0, 0], "preselecStu": [50, 50, 50, 50], "stuGender": [{"male": 18, "Female": 32}, {"male": 18, "Female": 32}, {"male": 18, "Female": 32}, {"male": 18, "Female": 32}]}}