{"timestamp": [1734410335.623138, 1734472873.587172, 1734559847.146206], "data": {"selected": [0, 0, 0], "assigned": [3, 3, 4], "preselecStu": [0, 0, 0], "stuGender": [{"male": 0, "Female": 0}, {"male": 0, "Female": 0}, {"male": 0, "Female": 0}]}}