{"timestamp": [1707540701.340423, 1707543879.939201], "data": {"selected": [19, 19], "assigned": [0, 0], "preselecStu": [19, 19], "stuGender": [{"male": 9, "Female": 10}, {"male": 9, "Female": 10}]}}