{"timestamp": [1707575127.558881, 1707586404.388633], "data": {"selected": [19, 19], "assigned": [0, 0], "preselecStu": [19, 19], "stuGender": [{"male": 9, "Female": 10}, {"male": 9, "Female": 10}]}}