{"timestamp": [1734410759.82762, 1734473274.708177, 1734560255.132834], "data": {"selected": [0, 0, 0], "assigned": [45, 47, 48], "preselecStu": [0, 0, 0], "stuGender": [{"male": 0, "Female": 0}, {"male": 0, "Female": 0}, {"male": 0, "Female": 0}]}}