{"timestamp": [1716068243.869518, 1716499394.855142, 1725442813.406793, 1725515202.916839], "data": {"selected": [0, 0, 2, 2], "assigned": [0, 0, 2, 3], "preselecStu": [0, 0, 2, 2], "stuGender": [{"male": 0, "Female": 0}, {"male": 0, "Female": 0}, {"male": 2, "Female": 0}, {"male": 2, "Female": 0}]}}