{"timestamp": [1716064509.70366, 1716495916.940581, 1725437517.664221, 1725510783.589545], "data": {"selected": [0, 0, 46, 46], "assigned": [0, 0, 47, 90], "preselecStu": [0, 0, 46, 46], "stuGender": [{"male": 0, "Female": 0}, {"male": 0, "Female": 0}, {"male": 39, "Female": 7}, {"male": 39, "Female": 7}]}}