{"timestamp": [1707540935.262754, 1707544114.709743], "data": {"selected": [44, 44], "assigned": [1, 1], "preselecStu": [44, 44], "stuGender": [{"male": 11, "Female": 34}, {"male": 11, "Female": 34}]}}