{"timestamp": [1734409543.48714, 1734472162.608896, 1734559117.667066, 1734644570.539309], "data": {"selected": [0, 0, 0, 0], "assigned": [65, 69, 70, 75], "preselecStu": [0, 0, 0, 0], "stuGender": [{"male": 0, "Female": 0}, {"male": 0, "Female": 0}, {"male": 0, "Female": 0}, {"male": 0, "Female": 0}]}}