{"timestamp": [1734411017.720703, 1734473506.444138, 1734560488.649232, 1734645897.288053], "data": {"selected": [0, 0, 0, 0], "assigned": [3, 3, 4, 4], "preselecStu": [0, 0, 0, 0], "stuGender": [{"male": 0, "Female": 0}, {"male": 0, "Female": 0}, {"male": 0, "Female": 0}, {"male": 0, "Female": 0}]}}