{"timestamp": [1734407138.959193, 1734469885.345092, 1734556493.214485], "data": {"selected": [59, 59, 59], "assigned": [21, 26, 30], "preselecStu": [0, 0, 0], "stuGender": [{"male": 37, "Female": 22}, {"male": 37, "Female": 22}, {"male": 37, "Female": 22}]}}