{"timestamp": [1707575629.920035, 1707586995.480117, 1707658885.859762], "data": {"selected": [20, 20, 20], "assigned": [0, 0, 0], "preselecStu": [20, 20, 20], "stuGender": [{"male": 4, "Female": 16}, {"male": 4, "Female": 16}, {"male": 4, "Female": 16}]}}