{"timestamp": [1734405884.158915, 1734468611.85293], "data": {"selected": [45, 45], "assigned": [0, 0], "preselecStu": [0, 0], "stuGender": [{"male": 35, "Female": 10}, {"male": 35, "Female": 10}]}}