{"timestamp": [1716065991.881898, 1716497278.876133, 1725439683.063894], "data": {"selected": [0, 0, 38], "assigned": [0, 38, 0], "preselecStu": [0, 0, 38], "stuGender": [{"male": 0, "Female": 0}, {"male": 0, "Female": 0}, {"male": 18, "Female": 20}]}}