{"timestamp": [1707577267.228465, 1707588972.100723, 1707659790.811549, 1707662398.271223], "data": {"selected": [69, 69, 69, 69], "assigned": [0, 0, 0, 0], "preselecStu": [69, 69, 69, 69], "stuGender": [{"male": 33, "Female": 36}, {"male": 33, "Female": 36}, {"male": 33, "Female": 36}, {"male": 33, "Female": 36}]}}