{"timestamp": [1707541868.663873, 1707545099.231834], "data": {"selected": [69, 69], "assigned": [0, 0], "preselecStu": [69, 69], "stuGender": [{"male": 33, "Female": 36}, {"male": 33, "Female": 36}]}}