{"timestamp": [1707541883.534437, 1707545120.436754], "data": {"selected": [80, 80], "assigned": [0, 0], "preselecStu": [80, 80], "stuGender": [{"male": 38, "Female": 42}, {"male": 38, "Female": 42}]}}