{"timestamp": [1716066999.926369, 1716498240.437078, 1725441209.205852], "data": {"selected": [0, 0, 111], "assigned": [0, 0, 31], "preselecStu": [0, 0, 0], "stuGender": [{"male": 0, "Female": 0}, {"male": 0, "Female": 0}, {"male": 56, "Female": 55}]}}