{"timestamp": [1734410812.046036, 1734473315.000472, 1734560297.599593], "data": {"selected": [0, 0, 0], "assigned": [6, 6, 7], "preselecStu": [0, 0, 0], "stuGender": [{"male": 0, "Female": 0}, {"male": 0, "Female": 0}, {"male": 0, "Female": 0}]}}