{"timestamp": [1734410074.731618, 1734472627.327351, 1734559594.12576, 1734644988.470915], "data": {"selected": [0, 0, 0, 0], "assigned": [13, 14, 15, 16], "preselecStu": [0, 0, 0, 0], "stuGender": [{"male": 0, "Female": 0}, {"male": 0, "Female": 0}, {"male": 0, "Female": 0}, {"male": 0, "Female": 0}]}}