{"timestamp": [1734409221.663362, 1734471843.871501], "data": {"selected": [0, 0], "assigned": [18, 18], "preselecStu": [0, 0], "stuGender": [{"male": 0, "Female": 0}, {"male": 0, "Female": 0}]}}