{"timestamp": [1716067494.659915, 1716498727.815512, 1725441886.821508], "data": {"selected": [0, 0, 25], "assigned": [0, 0, 1], "preselecStu": [0, 0, 0], "stuGender": [{"male": 0, "Female": 0}, {"male": 0, "Female": 0}, {"male": 12, "Female": 13}]}}