{"timestamp": [1716069079.223019, 1716500167.941294, 1725443736.707322], "data": {"selected": [0, 0, 39], "assigned": [0, 45, 2], "preselecStu": [0, 0, 39], "stuGender": [{"male": 0, "Female": 0}, {"male": 0, "Female": 0}, {"male": 11, "Female": 28}]}}