{"timestamp": [1716066982.943483, 1716498227.304733, 1725441184.281769, 1725513741.269428], "data": {"selected": [0, 0, 88, 86], "assigned": [0, 0, 27, 41], "preselecStu": [0, 0, 88, 86], "stuGender": [{"male": 0, "Female": 0}, {"male": 0, "Female": 0}, {"male": 53, "Female": 35}, {"male": 52, "Female": 34}]}}