{"timestamp": [1716066982.943483, 1716498227.304733, 1725441184.281769], "data": {"selected": [0, 0, 88], "assigned": [0, 0, 27], "preselecStu": [0, 0, 88], "stuGender": [{"male": 0, "Female": 0}, {"male": 0, "Female": 0}, {"male": 53, "Female": 35}]}}