{"timestamp": [1716068901.929424, 1716500006.157542, 1725443529.597926, 1725515925.194915], "data": {"selected": [0, 0, 37, 36], "assigned": [0, 0, 9, 11], "preselecStu": [0, 0, 37, 36], "stuGender": [{"male": 0, "Female": 0}, {"male": 0, "Female": 0}, {"male": 9, "Female": 28}, {"male": 9, "Female": 27}]}}