{"timestamp": [1716068901.929424, 1716500006.157542, 1725443529.597926], "data": {"selected": [0, 0, 37], "assigned": [0, 0, 9], "preselecStu": [0, 0, 37], "stuGender": [{"male": 0, "Female": 0}, {"male": 0, "Female": 0}, {"male": 9, "Female": 28}]}}