{"timestamp": [1716066891.789674, 1716498134.765365, 1725441070.21381], "data": {"selected": [0, 0, 22], "assigned": [0, 22, 0], "preselecStu": [0, 0, 0], "stuGender": [{"male": 0, "Female": 0}, {"male": 0, "Female": 0}, {"male": 14, "Female": 8}]}}