{"timestamp": [1716068819.16402, 1716499935.163618, 1725443451.953339], "data": {"selected": [0, 0, 5], "assigned": [0, 3, 0], "preselecStu": [0, 0, 3], "stuGender": [{"male": 0, "Female": 0}, {"male": 0, "Female": 0}, {"male": 3, "Female": 2}]}}