{"timestamp": [1707540795.030933, 1707543973.504879], "data": {"selected": [50, 50], "assigned": [0, 0], "preselecStu": [50, 50], "stuGender": [{"male": 21, "Female": 29}, {"male": 21, "Female": 29}]}}