{"timestamp": [1734409994.869038, 1734472547.217269], "data": {"selected": [0, 0], "assigned": [14, 14], "preselecStu": [0, 0], "stuGender": [{"male": 0, "Female": 0}, {"male": 0, "Female": 0}]}}