{"timestamp": [1716068696.392855, 1716499816.335567, 1725443313.441062, 1725515713.04104], "data": {"selected": [0, 0, 2, 2], "assigned": [0, 0, 6, 7], "preselecStu": [0, 0, 2, 2], "stuGender": [{"male": 0, "Female": 0}, {"male": 0, "Female": 0}, {"male": 2, "Female": 0}, {"male": 2, "Female": 0}]}}