{"timestamp": [1716065994.595932, 1716497281.111696, 1725439685.847497], "data": {"selected": [0, 0, 36], "assigned": [0, 36, 0], "preselecStu": [0, 0, 36], "stuGender": [{"male": 0, "Female": 0}, {"male": 0, "Female": 0}, {"male": 22, "Female": 14}]}}