{"timestamp": [1716063834.829854, 1716495293.932427, 1725436524.731443], "data": {"selected": [0, 0, 40], "assigned": [0, 0, 25], "preselecStu": [0, 0, 40], "stuGender": [{"male": 0, "Female": 0}, {"male": 0, "Female": 0}, {"male": 23, "Female": 17}]}}