{"timestamp": [1707575559.898084, 1707586919.843629, 1707658849.810997, 1707661445.932108], "data": {"selected": [7, 7, 7, 7], "assigned": [1, 1, 1, 1], "preselecStu": [7, 7, 7, 7], "stuGender": [{"male": 5, "Female": 3}, {"male": 5, "Female": 3}, {"male": 5, "Female": 3}, {"male": 5, "Female": 3}]}}