{"timestamp": [1716067945.994429, 1716499138.29321, 1725442437.901135, 1725514847.596232], "data": {"selected": [0, 0, 53, 53], "assigned": [0, 0, 18, 21], "preselecStu": [0, 0, 0, 0], "stuGender": [{"male": 0, "Female": 0}, {"male": 0, "Female": 0}, {"male": 43, "Female": 10}, {"male": 43, "Female": 10}]}}