{"timestamp": [1734407217.182807, 1734469957.257009], "data": {"selected": [0, 0], "assigned": [38, 38], "preselecStu": [0, 0], "stuGender": [{"male": 0, "Female": 0}, {"male": 0, "Female": 0}]}}