{"timestamp": [1734408834.975205, 1734471467.153393, 1734558287.201328], "data": {"selected": [0, 0, 0], "assigned": [41, 47, 53], "preselecStu": [0, 0, 0], "stuGender": [{"male": 0, "Female": 0}, {"male": 0, "Female": 0}, {"male": 0, "Female": 0}]}}