{"timestamp": [1707574908.567955, 1707586115.190425], "data": {"selected": [36, 36], "assigned": [0, 0], "preselecStu": [36, 36], "stuGender": [{"male": 28, "Female": 8}, {"male": 28, "Female": 8}]}}