{"timestamp": [1707540584.311338, 1707543757.858941], "data": {"selected": [36, 36], "assigned": [0, 0], "preselecStu": [36, 36], "stuGender": [{"male": 28, "Female": 8}, {"male": 28, "Female": 8}]}}