{"timestamp": [1707541148.01184, 1707544328.804011], "data": {"selected": [12, 12], "assigned": [0, 0], "preselecStu": [12, 12], "stuGender": [{"male": 9, "Female": 3}, {"male": 9, "Female": 3}]}}