{"timestamp": [1716065729.993986, 1716497051.018028, 1725439303.184846], "data": {"selected": [0, 0, 27], "assigned": [0, 0, 1], "preselecStu": [0, 0, 0], "stuGender": [{"male": 0, "Female": 0}, {"male": 0, "Female": 0}, {"male": 15, "Female": 12}]}}