{"timestamp": [1716065034.235658, 1716496396.60205, 1725438304.814705, 1725511424.720611], "data": {"selected": [0, 0, 0, 0], "assigned": [0, 0, 32, 119], "preselecStu": [0, 0, 0, 0], "stuGender": [{"male": 0, "Female": 0}, {"male": 0, "Female": 0}, {"male": 0, "Female": 0}, {"male": 0, "Female": 0}]}}