{"timestamp": [1707541481.908825, 1707544683.17383], "data": {"selected": [17, 17], "assigned": [0, 0], "preselecStu": [17, 17], "stuGender": [{"male": 15, "Female": 2}, {"male": 15, "Female": 2}]}}