{"timestamp": [1707541663.857334, 1707544877.072863], "data": {"selected": [28, 28], "assigned": [0, 0], "preselecStu": [28, 28], "stuGender": [{"male": 22, "Female": 6}, {"male": 22, "Female": 6}]}}