{"timestamp": [1707578732.764352, 1707590876.526913, 1707660583.185085, 1707663202.805306], "data": {"selected": [6, 6, 6, 6], "assigned": [0, 0, 0, 0], "preselecStu": [6, 6, 6, 6], "stuGender": [{"male": 4, "Female": 2}, {"male": 4, "Female": 2}, {"male": 4, "Female": 2}, {"male": 4, "Female": 2}]}}