{"timestamp": [1707577333.836967, 1707589048.704809, 1707659828.560288, 1707662439.130608], "data": {"selected": [41, 41, 41, 41], "assigned": [0, 0, 0, 0], "preselecStu": [41, 41, 41, 41], "stuGender": [{"male": 16, "Female": 25}, {"male": 16, "Female": 25}, {"male": 16, "Female": 25}, {"male": 16, "Female": 25}]}}