{"timestamp": [1716063799.250789, 1716495257.509341, 1725436465.50302, 1725509915.413605], "data": {"selected": [0, 0, 41, 40], "assigned": [0, 0, 56, 118], "preselecStu": [0, 0, 41, 40], "stuGender": [{"male": 0, "Female": 0}, {"male": 0, "Female": 0}, {"male": 34, "Female": 7}, {"male": 33, "Female": 7}]}}