{"timestamp": [1725444106.49145, 1725516497.832866, 1725603050.373424], "data": {"selected": [0, 0, 18], "assigned": [20, 22, 2], "preselecStu": [0, 0, 0], "stuGender": [{"male": 0, "Female": 0}, {"male": 0, "Female": 0}, {"male": 13, "Female": 5}]}}