{"timestamp": [1734409577.80706, 1734472195.839373, 1734559159.836484], "data": {"selected": [0, 0, 0], "assigned": [116, 121, 137], "preselecStu": [0, 0, 0], "stuGender": [{"male": 0, "Female": 0}, {"male": 0, "Female": 0}, {"male": 0, "Female": 0}]}}