{"timestamp": [1707541604.825916, 1707544811.478369], "data": {"selected": [127, 127], "assigned": [0, 0], "preselecStu": [127, 127], "stuGender": [{"male": 109, "Female": 18}, {"male": 109, "Female": 18}]}}