{"timestamp": [1707576781.13805, 1707588405.925236], "data": {"selected": [127, 127], "assigned": [0, 0], "preselecStu": [127, 127], "stuGender": [{"male": 109, "Female": 18}, {"male": 109, "Female": 18}]}}