{"timestamp": [1716064850.278283, 1716496230.487695, 1725438012.003299], "data": {"selected": [0, 0, 1], "assigned": [0, 0, 3], "preselecStu": [0, 0, 1], "stuGender": [{"male": 0, "Female": 0}, {"male": 0, "Female": 0}, {"male": 1, "Female": 0}]}}