{"timestamp": [1707540737.999176, 1707543916.223773], "data": {"selected": [33, 33], "assigned": [0, 0], "preselecStu": [0, 0], "stuGender": [{"male": 27, "Female": 6}, {"male": 27, "Female": 6}]}}