{"timestamp": [1734405798.639817, 1734468520.749475, 1734555019.852554], "data": {"selected": [0, 0, 0], "assigned": [5, 5, 6], "preselecStu": [0, 0, 0], "stuGender": [{"male": 0, "Female": 0}, {"male": 0, "Female": 0}, {"male": 0, "Female": 0}]}}