{"timestamp": [1716066528.12188, 1716497770.364163, 1725440507.870678, 1725513161.12422], "data": {"selected": [0, 0, 83, 79], "assigned": [0, 71, 5, 6], "preselecStu": [0, 0, 83, 79], "stuGender": [{"male": 0, "Female": 0}, {"male": 0, "Female": 0}, {"male": 64, "Female": 19}, {"male": 60, "Female": 19}]}}