{"timestamp": [1707542213.361692, 1707545479.604237], "data": {"selected": [20, 20], "assigned": [0, 0], "preselecStu": [20, 20], "stuGender": [{"male": 14, "Female": 6}, {"male": 14, "Female": 6}]}}