{"timestamp": [1716066171.993554, 1716497446.76486, 1725439985.371677], "data": {"selected": [0, 0, 2], "assigned": [0, 0, 5], "preselecStu": [0, 0, 2], "stuGender": [{"male": 0, "Female": 0}, {"male": 0, "Female": 0}, {"male": 0, "Female": 2}]}}