{"timestamp": [1707576821.782845, 1707588454.530898, 1707659539.102984], "data": {"selected": [8, 8, 8], "assigned": [0, 0, 0], "preselecStu": [8, 8, 8], "stuGender": [{"male": 7, "Female": 1}, {"male": 7, "Female": 1}, {"male": 7, "Female": 1}]}}