{"timestamp": [1707540334.520459, 1707543510.234958], "data": {"selected": [42, 42], "assigned": [0, 0], "preselecStu": [42, 42], "stuGender": [{"male": 30, "Female": 12}, {"male": 30, "Female": 12}]}}