{"timestamp": [1716069045.212148, 1716500133.21987, 1725443699.116234, 1725516093.507963], "data": {"selected": [0, 0, 8, 8], "assigned": [0, 0, 1, 1], "preselecStu": [0, 0, 8, 8], "stuGender": [{"male": 0, "Female": 0}, {"male": 0, "Female": 0}, {"male": 0, "Female": 8}, {"male": 0, "Female": 8}]}}