{"timestamp": [1716066620.370017, 1716497869.191207, 1725440648.472635, 1725513269.356324], "data": {"selected": [0, 0, 43, 42], "assigned": [0, 0, 1, 9], "preselecStu": [0, 0, 43, 42], "stuGender": [{"male": 0, "Female": 0}, {"male": 0, "Female": 0}, {"male": 35, "Female": 8}, {"male": 34, "Female": 8}]}}