{"timestamp": [1707540617.157684, 1707543791.649629], "data": {"selected": [120, 120], "assigned": [0, 0], "preselecStu": [120, 120], "stuGender": [{"male": 93, "Female": 27}, {"male": 93, "Female": 27}]}}