{"timestamp": [1707574971.047295, 1707586197.790633, 1707658509.691209], "data": {"selected": [120, 120, 120], "assigned": [0, 0, 0], "preselecStu": [120, 120, 120], "stuGender": [{"male": 93, "Female": 27}, {"male": 93, "Female": 27}, {"male": 93, "Female": 27}]}}