{"timestamp": [1707542567.191942, 1707545854.793502], "data": {"selected": [55, 55], "assigned": [0, 0], "preselecStu": [55, 55], "stuGender": [{"male": 20, "Female": 35}, {"male": 20, "Female": 35}]}}