{"timestamp": [1734406553.372033, 1734469300.148688], "data": {"selected": [0, 0], "assigned": [21, 21], "preselecStu": [0, 0], "stuGender": [{"male": 0, "Female": 0}, {"male": 0, "Female": 0}]}}