{"timestamp": [1734407161.0337, 1734469907.306922, 1734556539.321096], "data": {"selected": [0, 0, 0], "assigned": [5, 7, 8], "preselecStu": [0, 0, 0], "stuGender": [{"male": 0, "Female": 0}, {"male": 0, "Female": 0}, {"male": 0, "Female": 0}]}}