{"timestamp": [1734406599.621213, 1734469350.186744], "data": {"selected": [0, 0], "assigned": [20, 21], "preselecStu": [0, 0], "stuGender": [{"male": 0, "Female": 0}, {"male": 0, "Female": 0}]}}