{"timestamp": [1734409053.33074, 1734471671.943444, 1734558540.729398], "data": {"selected": [0, 0, 0], "assigned": [16, 16, 17], "preselecStu": [0, 0, 0], "stuGender": [{"male": 0, "Female": 0}, {"male": 0, "Female": 0}, {"male": 0, "Female": 0}]}}