{"timestamp": [1734408890.615988, 1734471511.456942, 1734558374.284357], "data": {"selected": [0, 0, 0], "assigned": [28, 30, 33], "preselecStu": [0, 0, 0], "stuGender": [{"male": 0, "Female": 0}, {"male": 0, "Female": 0}, {"male": 0, "Female": 0}]}}