{"timestamp": [1734411131.647415, 1734473600.305975, 1734560594.837135], "data": {"selected": [0, 0, 0], "assigned": [0, 1, 1], "preselecStu": [0, 0, 0], "stuGender": [{"male": 0, "Female": 0}, {"male": 0, "Female": 0}, {"male": 0, "Female": 0}]}}