{"timestamp": [1716067365.90646, 1716498608.422428, 1725441738.703268], "data": {"selected": [0, 0, 26], "assigned": [0, 28, 2], "preselecStu": [0, 0, 26], "stuGender": [{"male": 0, "Female": 0}, {"male": 0, "Female": 0}, {"male": 17, "Female": 9}]}}