{"timestamp": [1707542721.591581, 1707546008.577424], "data": {"selected": [33, 33], "assigned": [0, 0], "preselecStu": [33, 33], "stuGender": [{"male": 19, "Female": 14}, {"male": 19, "Female": 14}]}}