{"timestamp": [1716065000.718826, 1716496362.082484, 1725438251.486054, 1725511369.636563], "data": {"selected": [0, 0, 0, 0], "assigned": [0, 0, 59, 161], "preselecStu": [0, 0, 0, 0], "stuGender": [{"male": 0, "Female": 0}, {"male": 0, "Female": 0}, {"male": 0, "Female": 0}, {"male": 0, "Female": 0}]}}