{"timestamp": [1716067070.923323, 1716498308.325856], "data": {"selected": [0, 0], "assigned": [0, 105], "preselecStu": [0, 0], "stuGender": [{"male": 0, "Female": 0}, {"male": 0, "Female": 0}]}}