{"timestamp": [1716067070.923323, 1716498308.325856, 1725441294.004566, 1725513828.156788], "data": {"selected": [0, 0, 110, 110], "assigned": [0, 105, 0, 0], "preselecStu": [0, 0, 110, 110], "stuGender": [{"male": 0, "Female": 0}, {"male": 0, "Female": 0}, {"male": 45, "Female": 65}, {"male": 45, "Female": 65}]}}