{"timestamp": [1734407744.587998, 1734470445.98731, 1734557119.590606, 1734642999.01203], "data": {"selected": [0, 0, 0, 0], "assigned": [1, 2, 2, 2], "preselecStu": [0, 0, 0, 0], "stuGender": [{"male": 0, "Female": 0}, {"male": 0, "Female": 0}, {"male": 0, "Female": 0}, {"male": 0, "Female": 0}]}}