{"timestamp": [1707540868.420716, 1707544047.408509], "data": {"selected": [40, 40], "assigned": [0, 0], "preselecStu": [40, 40], "stuGender": [{"male": 16, "Female": 24}, {"male": 16, "Female": 24}]}}