{"timestamp": [1716066924.132962, 1716498166.632446, 1725441108.841039], "data": {"selected": [0, 0, 22], "assigned": [0, 1, 0], "preselecStu": [0, 0, 1], "stuGender": [{"male": 0, "Female": 0}, {"male": 0, "Female": 0}, {"male": 18, "Female": 4}]}}