{"timestamp": [1734410288.002427, 1734472826.950919, 1734559798.874499, 1734645204.254772], "data": {"selected": [0, 0, 0, 0], "assigned": [21, 22, 24, 31], "preselecStu": [0, 0, 0, 0], "stuGender": [{"male": 0, "Female": 0}, {"male": 0, "Female": 0}, {"male": 0, "Female": 0}, {"male": 0, "Female": 0}]}}