{"timestamp": [1707542198.310797, 1707545459.037451], "data": {"selected": [30, 30], "assigned": [0, 0], "preselecStu": [30, 30], "stuGender": [{"male": 18, "Female": 12}, {"male": 18, "Female": 12}]}}