{"timestamp": [1707577890.318715, 1707589766.75037], "data": {"selected": [30, 30], "assigned": [0, 0], "preselecStu": [30, 30], "stuGender": [{"male": 18, "Female": 12}, {"male": 18, "Female": 12}]}}