{"timestamp": [1716067453.342445, 1716498688.675452, 1725441836.84337], "data": {"selected": [0, 0, 69], "assigned": [0, 0, 6], "preselecStu": [0, 0, 69], "stuGender": [{"male": 0, "Female": 0}, {"male": 0, "Female": 0}, {"male": 32, "Female": 37}]}}