{"timestamp": [1734407054.811616, 1734469813.03827, 1734556394.984855], "data": {"selected": [0, 0, 0], "assigned": [19, 23, 27], "preselecStu": [0, 0, 0], "stuGender": [{"male": 0, "Female": 0}, {"male": 0, "Female": 0}, {"male": 0, "Female": 0}]}}