{"timestamp": [1707576287.009443, 1707587805.812866], "data": {"selected": [53, 53], "assigned": [0, 0], "preselecStu": [53, 53], "stuGender": [{"male": 36, "Female": 17}, {"male": 36, "Female": 17}]}}