{"timestamp": [1707541337.252669, 1707544524.464067], "data": {"selected": [53, 53], "assigned": [0, 0], "preselecStu": [53, 53], "stuGender": [{"male": 36, "Female": 17}, {"male": 36, "Female": 17}]}}