{"timestamp": [1707577093.850248, 1707588769.577321], "data": {"selected": [50, 50], "assigned": [1, 1], "preselecStu": [50, 50], "stuGender": [{"male": 20, "Female": 31}, {"male": 20, "Female": 31}]}}