{"timestamp": [1716065278.007648, 1716496601.470168, 1725438623.080161], "data": {"selected": [0, 0, 23], "assigned": [0, 0, 1], "preselecStu": [0, 0, 0], "stuGender": [{"male": 0, "Female": 0}, {"male": 0, "Female": 0}, {"male": 5, "Female": 18}]}}