{"timestamp": [1707540928.739906, 1707544107.414329], "data": {"selected": [39, 39], "assigned": [0, 0], "preselecStu": [39, 39], "stuGender": [{"male": 6, "Female": 33}, {"male": 6, "Female": 33}]}}