{"timestamp": [1734408972.513569, 1734471582.042365, 1734558449.085794, 1734644078.170544], "data": {"selected": [0, 0, 0, 0], "assigned": [29, 35, 39, 41], "preselecStu": [0, 0, 0, 0], "stuGender": [{"male": 0, "Female": 0}, {"male": 0, "Female": 0}, {"male": 0, "Female": 0}, {"male": 0, "Female": 0}]}}