{"timestamp": [1734408972.513569, 1734471582.042365], "data": {"selected": [0, 0], "assigned": [29, 35], "preselecStu": [0, 0], "stuGender": [{"male": 0, "Female": 0}, {"male": 0, "Female": 0}]}}