{"timestamp": [1707540753.103987, 1707543931.258714], "data": {"selected": [38, 38], "assigned": [0, 0], "preselecStu": [0, 0], "stuGender": [{"male": 25, "Female": 13}, {"male": 25, "Female": 13}]}}