{"timestamp": [1707540720.133319, 1707543897.534215], "data": {"selected": [50, 50], "assigned": [0, 0], "preselecStu": [50, 50], "stuGender": [{"male": 25, "Female": 25}, {"male": 25, "Female": 25}]}}