{"timestamp": [1734404792.449826, 1734467421.214442], "data": {"selected": [0, 0], "assigned": [60, 60], "preselecStu": [0, 0], "stuGender": [{"male": 0, "Female": 0}, {"male": 0, "Female": 0}]}}