{"timestamp": [1707578148.252743, 1707590091.560452], "data": {"selected": [13, 13], "assigned": [0, 0], "preselecStu": [13, 13], "stuGender": [{"male": 11, "Female": 2}, {"male": 11, "Female": 2}]}}