{"timestamp": [1734407656.558693, 1734470371.928203, 1734557038.977426, 1734642925.205918], "data": {"selected": [0, 0, 0, 0], "assigned": [60, 61, 65, 66], "preselecStu": [0, 0, 0, 0], "stuGender": [{"male": 0, "Female": 0}, {"male": 0, "Female": 0}, {"male": 0, "Female": 0}, {"male": 0, "Female": 0}]}}