{"timestamp": [1734407656.558693, 1734470371.928203], "data": {"selected": [0, 0], "assigned": [60, 61], "preselecStu": [0, 0], "stuGender": [{"male": 0, "Female": 0}, {"male": 0, "Female": 0}]}}