{"timestamp": [1707575115.461527, 1707586390.649209, 1707658588.863449], "data": {"selected": [50, 50, 50], "assigned": [0, 0, 0], "preselecStu": [50, 50, 50], "stuGender": [{"male": 24, "Female": 26}, {"male": 24, "Female": 26}, {"male": 24, "Female": 26}]}}