{"timestamp": [1734408701.785726, 1734471325.684967, 1734558159.312181], "data": {"selected": [0, 0, 0], "assigned": [3, 4, 5], "preselecStu": [0, 0, 0], "stuGender": [{"male": 0, "Female": 0}, {"male": 0, "Female": 0}, {"male": 0, "Female": 0}]}}