{"timestamp": [1716068149.31761, 1716499320.548216, 1725442722.649123, 1725515110.60076], "data": {"selected": [0, 0, 0, 0], "assigned": [0, 0, 47, 57], "preselecStu": [0, 0, 0, 0], "stuGender": [{"male": 0, "Female": 0}, {"male": 0, "Female": 0}, {"male": 0, "Female": 0}, {"male": 0, "Female": 0}]}}