{"timestamp": [1716065610.116308, 1716496927.63798, 1725439133.651646], "data": {"selected": [0, 0, 37], "assigned": [0, 0, 0], "preselecStu": [0, 0, 37], "stuGender": [{"male": 0, "Female": 0}, {"male": 0, "Female": 0}, {"male": 26, "Female": 11}]}}