{"timestamp": [1734405946.341528, 1734468671.630582, 1734555181.855016], "data": {"selected": [0, 0, 0], "assigned": [16, 17, 20], "preselecStu": [0, 0, 0], "stuGender": [{"male": 0, "Female": 0}, {"male": 0, "Female": 0}, {"male": 0, "Female": 0}]}}