{"timestamp": [1725440866.27795, 1725513454.912283, 1725599827.647776], "data": {"selected": [0, 0, 3], "assigned": [0, 2, 0], "preselecStu": [0, 0, 0], "stuGender": [{"male": 0, "Female": 0}, {"male": 0, "Female": 0}, {"male": 1, "Female": 2}]}}