{"timestamp": [1707540295.983184, 1707543471.926368], "data": {"selected": [60, 60], "assigned": [0, 0], "preselecStu": [60, 60], "stuGender": [{"male": 50, "Female": 10}, {"male": 50, "Female": 10}]}}