{"timestamp": [1734406167.7354, 1734468909.949162, 1734555425.479587, 1734641615.527548], "data": {"selected": [0, 0, 0, 0], "assigned": [13, 17, 22, 23], "preselecStu": [0, 0, 0, 0], "stuGender": [{"male": 0, "Female": 0}, {"male": 0, "Female": 0}, {"male": 0, "Female": 0}, {"male": 0, "Female": 0}]}}