{"timestamp": [1707541285.188444, 1707544470.355512], "data": {"selected": [22, 22], "assigned": [0, 0], "preselecStu": [22, 22], "stuGender": [{"male": 13, "Female": 9}, {"male": 13, "Female": 9}]}}