{"timestamp": [1707578753.317141, 1707590902.048721, 1707660595.328619], "data": {"selected": [4, 4, 4], "assigned": [0, 0, 0], "preselecStu": [4, 4, 4], "stuGender": [{"male": 0, "Female": 4}, {"male": 0, "Female": 4}, {"male": 0, "Female": 4}]}}