{"timestamp": [1707575098.797778, 1707586372.276633, 1707658580.168048], "data": {"selected": [50, 50, 50], "assigned": [0, 0, 0], "preselecStu": [50, 50, 50], "stuGender": [{"male": 25, "Female": 25}, {"male": 25, "Female": 25}, {"male": 25, "Female": 25}]}}