{"timestamp": [1707542013.477992, 1707545253.939684], "data": {"selected": [21, 21], "assigned": [0, 0], "preselecStu": [21, 21], "stuGender": [{"male": 2, "Female": 19}, {"male": 2, "Female": 19}]}}