{"timestamp": [1725440100.727423, 1725512870.662659, 1725599205.708456], "data": {"selected": [0, 0, 10], "assigned": [5, 6, 1], "preselecStu": [0, 0, 0], "stuGender": [{"male": 0, "Female": 0}, {"male": 0, "Female": 0}, {"male": 7, "Female": 3}]}}