{"timestamp": [1707542225.329946, 1707545494.980108], "data": {"selected": [46, 46], "assigned": [0, 0], "preselecStu": [46, 46], "stuGender": [{"male": 35, "Female": 11}, {"male": 35, "Female": 11}]}}