{"timestamp": [1707542095.565009, 1707545344.465617], "data": {"selected": [80, 80], "assigned": [0, 0], "preselecStu": [80, 80], "stuGender": [{"male": 59, "Female": 21}, {"male": 59, "Female": 21}]}}