{"timestamp": [1734407813.277963, 1734470511.151438, 1734557195.259476], "data": {"selected": [0, 0, 0], "assigned": [2, 2, 3], "preselecStu": [0, 0, 0], "stuGender": [{"male": 0, "Female": 0}, {"male": 0, "Female": 0}, {"male": 0, "Female": 0}]}}