{"timestamp": [1707540913.629701, 1707544092.371318], "data": {"selected": [51, 51], "assigned": [0, 0], "preselecStu": [51, 51], "stuGender": [{"male": 15, "Female": 36}, {"male": 15, "Female": 36}]}}