{"timestamp": [1707577298.388746, 1707589007.634818, 1707659807.694196], "data": {"selected": [70, 70, 70], "assigned": [0, 0, 0], "preselecStu": [70, 70, 70], "stuGender": [{"male": 33, "Female": 37}, {"male": 33, "Female": 37}, {"male": 33, "Female": 37}]}}