{"timestamp": [1716066365.732425, 1716497602.374084, 1725440243.98994, 1725512979.912489], "data": {"selected": [0, 0, 30, 29], "assigned": [0, 0, 6, 8], "preselecStu": [0, 0, 30, 29], "stuGender": [{"male": 0, "Female": 0}, {"male": 0, "Female": 0}, {"male": 19, "Female": 11}, {"male": 18, "Female": 11}]}}