{"timestamp": [1734406426.428229, 1734469158.050133, 1734555685.930541, 1734641865.782866], "data": {"selected": [0, 0, 0, 0], "assigned": [2, 2, 2, 2], "preselecStu": [0, 0, 0, 0], "stuGender": [{"male": 0, "Female": 0}, {"male": 0, "Female": 0}, {"male": 0, "Female": 0}, {"male": 0, "Female": 0}]}}