{"timestamp": [1734408560.265088, 1734471208.449406, 1734557997.088664], "data": {"selected": [0, 0, 0], "assigned": [8, 10, 12], "preselecStu": [0, 0, 0], "stuGender": [{"male": 0, "Female": 0}, {"male": 0, "Female": 0}, {"male": 0, "Female": 0}]}}