{"timestamp": [1716068557.957905, 1716499697.358817, 1725443172.242953, 1725515577.071725], "data": {"selected": [0, 0, 1, 1], "assigned": [0, 0, 1, 0], "preselecStu": [0, 0, 0, 0], "stuGender": [{"male": 0, "Female": 0}, {"male": 0, "Female": 0}, {"male": 0, "Female": 1}, {"male": 0, "Female": 1}]}}