{"timestamp": [1734409055.644508, 1734471674.255041], "data": {"selected": [0, 0], "assigned": [11, 11], "preselecStu": [0, 0], "stuGender": [{"male": 0, "Female": 0}, {"male": 0, "Female": 0}]}}