{"timestamp": [1734409055.644508, 1734471674.255041, 1734558545.174139, 1734644149.215123], "data": {"selected": [0, 0, 0, 0], "assigned": [11, 11, 11, 14], "preselecStu": [0, 0, 0, 0], "stuGender": [{"male": 0, "Female": 0}, {"male": 0, "Female": 0}, {"male": 0, "Female": 0}, {"male": 0, "Female": 0}]}}