{"timestamp": [1734409687.434872, 1734472273.584715], "data": {"selected": [0, 0], "assigned": [46, 52], "preselecStu": [0, 0], "stuGender": [{"male": 0, "Female": 0}, {"male": 0, "Female": 0}]}}