{"timestamp": [1707577314.832174, 1707589026.100102], "data": {"selected": [70, 70], "assigned": [0, 0], "preselecStu": [70, 70], "stuGender": [{"male": 32, "Female": 38}, {"male": 32, "Female": 38}]}}