{"timestamp": [1734407647.304214, 1734470364.358827], "data": {"selected": [0, 0], "assigned": [42, 48], "preselecStu": [0, 0], "stuGender": [{"male": 0, "Female": 0}, {"male": 0, "Female": 0}]}}