{"timestamp": [1734407647.304214, 1734470364.358827, 1734557030.97882, 1734642917.225186], "data": {"selected": [0, 0, 0, 0], "assigned": [42, 48, 51, 58], "preselecStu": [0, 0, 0, 0], "stuGender": [{"male": 0, "Female": 0}, {"male": 0, "Female": 0}, {"male": 0, "Female": 0}, {"male": 0, "Female": 0}]}}