{"timestamp": [1707542534.080047, 1707545821.071083], "data": {"selected": [15, 15], "assigned": [0, 0], "preselecStu": [15, 15], "stuGender": [{"male": 10, "Female": 5}, {"male": 10, "Female": 5}]}}