{"timestamp": [1716063886.338091, 1716495351.009872, 1725436602.54994, 1725510064.458598], "data": {"selected": [0, 0, 40, 39], "assigned": [0, 0, 33, 68], "preselecStu": [0, 0, 40, 39], "stuGender": [{"male": 0, "Female": 0}, {"male": 0, "Female": 0}, {"male": 18, "Female": 22}, {"male": 17, "Female": 22}]}}