{"timestamp": [1716063886.338091, 1716495351.009872, 1725436602.54994], "data": {"selected": [0, 0, 40], "assigned": [0, 0, 33], "preselecStu": [0, 0, 40], "stuGender": [{"male": 0, "Female": 0}, {"male": 0, "Female": 0}, {"male": 18, "Female": 22}]}}