{"timestamp": [1716067163.821201, 1716498401.719549, 1725441402.386502], "data": {"selected": [0, 0, 14], "assigned": [0, 4, 1], "preselecStu": [0, 0, 0], "stuGender": [{"male": 0, "Female": 0}, {"male": 0, "Female": 0}, {"male": 7, "Female": 7}]}}