{"timestamp": [1734405258.25897, 1734467923.27367, 1734554461.168835, 1734640702.7977], "data": {"selected": [0, 0, 0, 0], "assigned": [36, 44, 48, 58], "preselecStu": [0, 0, 0, 0], "stuGender": [{"male": 0, "Female": 0}, {"male": 0, "Female": 0}, {"male": 0, "Female": 0}, {"male": 0, "Female": 0}]}}