{"timestamp": [1707541286.252138, 1707544471.431438], "data": {"selected": [37, 37], "assigned": [0, 0], "preselecStu": [37, 37], "stuGender": [{"male": 19, "Female": 18}, {"male": 19, "Female": 18}]}}