{"timestamp": [1707578497.84418, 1707590549.455049], "data": {"selected": [15, 15], "assigned": [0, 0], "preselecStu": [15, 15], "stuGender": [{"male": 10, "Female": 5}, {"male": 10, "Female": 5}]}}