{"timestamp": [1714166793.790966, 1714598146.446408, 1715029730.302123, 1715375064.245184], "data": {"selected": [0, 0, 0, 0], "assigned": [0, 0, 0, 0], "preselecStu": [0, 0, 0, 0], "stuGender": [{"male": 0, "Female": 0}, {"male": 0, "Female": 0}, {"male": 0, "Female": 0}, {"male": 0, "Female": 0}]}}