{"timestamp": [1707574899.720795, 1707586102.9621, 1707658470.952549, 1707661065.141839], "data": {"selected": [60, 60, 60, 60], "assigned": [0, 0, 0, 0], "preselecStu": [60, 60, 60, 60], "stuGender": [{"male": 59, "Female": 1}, {"male": 59, "Female": 1}, {"male": 59, "Female": 1}, {"male": 59, "Female": 1}]}}