{"timestamp": [1707540580.02603, 1707543753.270072], "data": {"selected": [60, 60], "assigned": [0, 0], "preselecStu": [60, 60], "stuGender": [{"male": 59, "Female": 1}, {"male": 59, "Female": 1}]}}