{"timestamp": [1707575763.707662, 1707587151.086948, 1707658960.430181], "data": {"selected": [5, 5, 5], "assigned": [0, 0, 0], "preselecStu": [5, 5, 5], "stuGender": [{"male": 3, "Female": 2}, {"male": 3, "Female": 2}, {"male": 3, "Female": 2}]}}