{"timestamp": [1707541913.341678, 1707545151.608354], "data": {"selected": [11, 11], "assigned": [0, 0], "preselecStu": [11, 11], "stuGender": [{"male": 9, "Female": 2}, {"male": 9, "Female": 2}]}}