{"timestamp": [1716064475.784707, 1716495898.123282, 1725437474.366499, 1725510749.433172], "data": {"selected": [0, 0, 48, 46], "assigned": [0, 0, 20, 51], "preselecStu": [0, 0, 48, 46], "stuGender": [{"male": 0, "Female": 0}, {"male": 0, "Female": 0}, {"male": 32, "Female": 16}, {"male": 31, "Female": 15}]}}