{"timestamp": [1716064475.784707, 1716495898.123282, 1725437474.366499], "data": {"selected": [0, 0, 48], "assigned": [0, 0, 20], "preselecStu": [0, 0, 48], "stuGender": [{"male": 0, "Female": 0}, {"male": 0, "Female": 0}, {"male": 32, "Female": 16}]}}