{"timestamp": [1707577462.357151, 1707589192.755258], "data": {"selected": [21, 21], "assigned": [0, 0], "preselecStu": [21, 21], "stuGender": [{"male": 8, "Female": 13}, {"male": 8, "Female": 13}]}}