{"timestamp": [1734407084.471021, 1734469835.873688, 1734556421.187381, 1734642444.043733], "data": {"selected": [0, 0, 0, 0], "assigned": [53, 53, 52, 53], "preselecStu": [0, 0, 0, 0], "stuGender": [{"male": 0, "Female": 0}, {"male": 0, "Female": 0}, {"male": 0, "Female": 0}, {"male": 0, "Female": 0}]}}