{"timestamp": [1734407084.471021, 1734469835.873688], "data": {"selected": [0, 0], "assigned": [53, 53], "preselecStu": [0, 0], "stuGender": [{"male": 0, "Female": 0}, {"male": 0, "Female": 0}]}}