{"timestamp": [1734406324.317836, 1734469059.574009], "data": {"selected": [0, 0], "assigned": [116, 136], "preselecStu": [0, 0], "stuGender": [{"male": 0, "Female": 0}, {"male": 0, "Female": 0}]}}