{"timestamp": [1707541792.911152, 1707545023.808137], "data": {"selected": [77, 77], "assigned": [0, 0], "preselecStu": [77, 77], "stuGender": [{"male": 29, "Female": 48}, {"male": 29, "Female": 48}]}}