{"timestamp": [1734411129.351894, 1734473598.013522], "data": {"selected": [0, 0], "assigned": [13, 13], "preselecStu": [0, 0], "stuGender": [{"male": 0, "Female": 0}, {"male": 0, "Female": 0}]}}