{"timestamp": [1707577441.336716, 1707589164.889717], "data": {"selected": [36, 36], "assigned": [0, 0], "preselecStu": [36, 36], "stuGender": [{"male": 16, "Female": 20}, {"male": 16, "Female": 20}]}}