{"timestamp": [1707541734.184963, 1707544962.37767], "data": {"selected": [50, 50], "assigned": [0, 0], "preselecStu": [50, 50], "stuGender": [{"male": 43, "Female": 7}, {"male": 43, "Female": 7}]}}