{"timestamp": [1707578812.040604, 1707590962.767917, 1707660623.911655], "data": {"selected": [35, 35, 35], "assigned": [0, 0, 0], "preselecStu": [35, 35, 35], "stuGender": [{"male": 21, "Female": 14}, {"male": 21, "Female": 14}, {"male": 21, "Female": 14}]}}