{"timestamp": [1707542711.172453, 1707545997.499162], "data": {"selected": [35, 35], "assigned": [0, 0], "preselecStu": [35, 35], "stuGender": [{"male": 21, "Female": 14}, {"male": 21, "Female": 14}]}}