{"timestamp": [1734407376.25395, 1734470115.911613, 1734556782.321338], "data": {"selected": [0, 0, 0], "assigned": [33, 33, 33], "preselecStu": [0, 0, 0], "stuGender": [{"male": 0, "Female": 0}, {"male": 0, "Female": 0}, {"male": 0, "Female": 0}]}}