{"timestamp": [1707576057.423395, 1707587480.500426], "data": {"selected": [47, 47], "assigned": [0, 0], "preselecStu": [47, 47], "stuGender": [{"male": 20, "Female": 27}, {"male": 20, "Female": 27}]}}