{"timestamp": [1716066545.849281, 1716497786.574999, 1725440549.632702], "data": {"selected": [0, 0, 73], "assigned": [0, 68, 2], "preselecStu": [0, 0, 73], "stuGender": [{"male": 0, "Female": 0}, {"male": 0, "Female": 0}, {"male": 60, "Female": 13}]}}