{"timestamp": [1734405544.682258, 1734468201.93032, 1734554739.51466], "data": {"selected": [0, 0, 0], "assigned": [142, 164, 178], "preselecStu": [0, 0, 0], "stuGender": [{"male": 0, "Female": 0}, {"male": 0, "Female": 0}, {"male": 0, "Female": 0}]}}