{"timestamp": [1707578085.187462, 1707590016.923014, 1707660231.076251], "data": {"selected": [5, 5, 5], "assigned": [0, 0, 0], "preselecStu": [5, 5, 5], "stuGender": [{"male": 4, "Female": 1}, {"male": 4, "Female": 1}, {"male": 4, "Female": 1}]}}