{"timestamp": [1734409605.520638, 1734472223.179743, 1734559189.546479], "data": {"selected": [0, 0, 0], "assigned": [46, 51, 60], "preselecStu": [0, 0, 0], "stuGender": [{"male": 0, "Female": 0}, {"male": 0, "Female": 0}, {"male": 0, "Female": 0}]}}