{"timestamp": [1707542345.314277, 1707545618.320483], "data": {"selected": [55, 55], "assigned": [0, 0], "preselecStu": [55, 55], "stuGender": [{"male": 38, "Female": 17}, {"male": 38, "Female": 17}]}}