{"timestamp": [1707578161.880137, 1707590121.11384, 1707660275.332103, 1707662884.183482], "data": {"selected": [55, 55, 55, 55], "assigned": [0, 0, 0, 0], "preselecStu": [55, 55, 55, 55], "stuGender": [{"male": 38, "Female": 17}, {"male": 38, "Female": 17}, {"male": 38, "Female": 17}, {"male": 38, "Female": 17}]}}