{"timestamp": [1707577176.610155, 1707588867.174102], "data": {"selected": [24, 24], "assigned": [0, 0], "preselecStu": [24, 24], "stuGender": [{"male": 4, "Female": 20}, {"male": 4, "Female": 20}]}}