{"timestamp": [1716065273.664348, 1716496597.102992, 1725438616.340158], "data": {"selected": [0, 0, 3], "assigned": [0, 0, 4], "preselecStu": [0, 0, 3], "stuGender": [{"male": 0, "Female": 0}, {"male": 0, "Female": 0}, {"male": 0, "Female": 3}]}}