{"timestamp": [1716068412.220311, 1716499562.0773, 1725443012.819442, 1725515420.151359], "data": {"selected": [0, 0, 30, 28], "assigned": [0, 0, 2, 2], "preselecStu": [0, 0, 30, 28], "stuGender": [{"male": 0, "Female": 0}, {"male": 0, "Female": 0}, {"male": 24, "Female": 6}, {"male": 23, "Female": 5}]}}