{"timestamp": [1716068412.220311, 1716499562.0773, 1725443012.819442], "data": {"selected": [0, 0, 30], "assigned": [0, 0, 2], "preselecStu": [0, 0, 30], "stuGender": [{"male": 0, "Female": 0}, {"male": 0, "Female": 0}, {"male": 24, "Female": 6}]}}