{"timestamp": [1734406501.144739, 1734469242.062902], "data": {"selected": [0, 0], "assigned": [33, 39], "preselecStu": [0, 0], "stuGender": [{"male": 0, "Female": 0}, {"male": 0, "Female": 0}]}}