{"timestamp": [1734410398.271772, 1734472939.24257, 1734559910.2483], "data": {"selected": [0, 0, 0], "assigned": [2, 4, 5], "preselecStu": [0, 0, 0], "stuGender": [{"male": 0, "Female": 0}, {"male": 0, "Female": 0}, {"male": 0, "Female": 0}]}}