{"timestamp": [1716064706.97573, 1716496099.683125, 1725437803.469126, 1725510999.323734], "data": {"selected": [0, 0, 13, 12], "assigned": [0, 0, 8, 14], "preselecStu": [0, 0, 13, 12], "stuGender": [{"male": 0, "Female": 0}, {"male": 0, "Female": 0}, {"male": 8, "Female": 5}, {"male": 8, "Female": 4}]}}