{"timestamp": [1716064706.97573, 1716496099.683125, 1725437803.469126], "data": {"selected": [0, 0, 13], "assigned": [0, 0, 8], "preselecStu": [0, 0, 13], "stuGender": [{"male": 0, "Female": 0}, {"male": 0, "Female": 0}, {"male": 8, "Female": 5}]}}