{"timestamp": [1707541940.337017, 1707545180.855057], "data": {"selected": [50, 50], "assigned": [0, 0], "preselecStu": [50, 50], "stuGender": [{"male": 21, "Female": 29}, {"male": 21, "Female": 29}]}}