{"timestamp": [1734405627.674858, 1734468324.319297, 1734554842.894272], "data": {"selected": [0, 0, 0], "assigned": [258, 301, 345], "preselecStu": [0, 0, 0], "stuGender": [{"male": 0, "Female": 0}, {"male": 0, "Female": 0}, {"male": 0, "Female": 0}]}}