{"timestamp": [1734410179.94543, 1734472724.610941, 1734559691.750962], "data": {"selected": [0, 0, 0], "assigned": [3, 4, 9], "preselecStu": [0, 0, 0], "stuGender": [{"male": 0, "Female": 0}, {"male": 0, "Female": 0}, {"male": 0, "Female": 0}]}}