{"timestamp": [1716064566.345201, 1716495972.811366, 1725437601.345676, 1725510847.813529], "data": {"selected": [0, 0, 44, 40], "assigned": [0, 0, 38, 79], "preselecStu": [0, 0, 44, 40], "stuGender": [{"male": 0, "Female": 0}, {"male": 0, "Female": 0}, {"male": 24, "Female": 20}, {"male": 21, "Female": 19}]}}