{"timestamp": [1716064566.345201, 1716495972.811366, 1725437601.345676], "data": {"selected": [0, 0, 44], "assigned": [0, 0, 38], "preselecStu": [0, 0, 44], "stuGender": [{"male": 0, "Female": 0}, {"male": 0, "Female": 0}, {"male": 24, "Female": 20}]}}