{"timestamp": [1707577749.915823, 1707589565.122404], "data": {"selected": [56, 56], "assigned": [0, 0], "preselecStu": [56, 56], "stuGender": [{"male": 45, "Female": 11}, {"male": 45, "Female": 11}]}}