{"timestamp": [1707540591.885232, 1707543766.082727], "data": {"selected": [46, 46], "assigned": [0, 0], "preselecStu": [46, 46], "stuGender": [{"male": 37, "Female": 9}, {"male": 37, "Female": 9}]}}