{"timestamp": [1734407526.792237, 1734470256.403965, 1734556912.859422], "data": {"selected": [0, 0, 0], "assigned": [8, 10, 11], "preselecStu": [0, 0, 0], "stuGender": [{"male": 0, "Female": 0}, {"male": 0, "Female": 0}, {"male": 0, "Female": 0}]}}