{"timestamp": [1716064858.900901, 1716496239.490688, 1725438024.570044], "data": {"selected": [0, 0, 9], "assigned": [0, 9, 0], "preselecStu": [0, 0, 9], "stuGender": [{"male": 0, "Female": 0}, {"male": 0, "Female": 0}, {"male": 5, "Female": 4}]}}