{"timestamp": [1707542153.537626, 1707545410.505618], "data": {"selected": [60, 60], "assigned": [1, 1], "preselecStu": [60, 60], "stuGender": [{"male": 48, "Female": 13}, {"male": 48, "Female": 13}]}}