{"timestamp": [1707542235.245868, 1707545514.159118], "data": {"selected": [60, 60], "assigned": [0, 0], "preselecStu": [60, 60], "stuGender": [{"male": 36, "Female": 24}, {"male": 36, "Female": 24}]}}