{"timestamp": [1707542097.779648, 1707545346.808621], "data": {"selected": [50, 50], "assigned": [0, 0], "preselecStu": [50, 50], "stuGender": [{"male": 42, "Female": 8}, {"male": 42, "Female": 8}]}}