{"timestamp": [1707577692.884197, 1707589499.454715, 1707660030.973076, 1707662640.01473], "data": {"selected": [50, 50, 50, 50], "assigned": [0, 0, 0, 0], "preselecStu": [50, 50, 50, 50], "stuGender": [{"male": 42, "Female": 8}, {"male": 42, "Female": 8}, {"male": 42, "Female": 8}, {"male": 42, "Female": 8}]}}