{"timestamp": [1707540374.326447, 1707543550.339689], "data": {"selected": [38, 38], "assigned": [0, 0], "preselecStu": [38, 38], "stuGender": [{"male": 10, "Female": 28}, {"male": 10, "Female": 28}]}}