{"timestamp": [1716067722.179962, 1716498935.968898, 1725442149.403864], "data": {"selected": [0, 0, 1], "assigned": [0, 0, 1], "preselecStu": [0, 0, 1], "stuGender": [{"male": 0, "Female": 0}, {"male": 0, "Female": 0}, {"male": 0, "Female": 1}]}}