{"timestamp": [1734410712.937018, 1734473230.590142, 1734560211.410055], "data": {"selected": [0, 0, 0], "assigned": [7, 8, 10], "preselecStu": [0, 0, 0], "stuGender": [{"male": 0, "Female": 0}, {"male": 0, "Female": 0}, {"male": 0, "Female": 0}]}}