{"timestamp": [1734407589.771556, 1734470316.262627, 1734556976.868386, 1734642871.504085], "data": {"selected": [0, 0, 0, 0], "assigned": [8, 8, 8, 8], "preselecStu": [0, 0, 0, 0], "stuGender": [{"male": 0, "Female": 0}, {"male": 0, "Female": 0}, {"male": 0, "Female": 0}, {"male": 0, "Female": 0}]}}