{"timestamp": [1734406999.004123, 1734469751.598318, 1734556334.879194, 1734642380.744416], "data": {"selected": [0, 0, 0, 0], "assigned": [16, 20, 23, 26], "preselecStu": [0, 0, 0, 0], "stuGender": [{"male": 0, "Female": 0}, {"male": 0, "Female": 0}, {"male": 0, "Female": 0}, {"male": 0, "Female": 0}]}}