{"timestamp": [1716065297.196621, 1716496618.946364, 1725438647.570516, 1725511706.394925], "data": {"selected": [0, 0, 8, 8], "assigned": [0, 0, 26, 28], "preselecStu": [0, 0, 8, 8], "stuGender": [{"male": 0, "Female": 0}, {"male": 0, "Female": 0}, {"male": 1, "Female": 7}, {"male": 1, "Female": 7}]}}