{"timestamp": [1734408222.532088, 1734470888.166938, 1734557634.966617, 1734643438.306574], "data": {"selected": [0, 0, 0, 0], "assigned": [29, 30, 34, 40], "preselecStu": [0, 0, 0, 0], "stuGender": [{"male": 0, "Female": 0}, {"male": 0, "Female": 0}, {"male": 0, "Female": 0}, {"male": 0, "Female": 0}]}}