{"timestamp": [1707574465.434171, 1707585605.100974], "data": {"selected": [45, 45], "assigned": [0, 0], "preselecStu": [45, 45], "stuGender": [{"male": 35, "Female": 10}, {"male": 35, "Female": 10}]}}