{"timestamp": [1716067587.176494, 1716498824.922517, 1725442015.017136, 1725514429.574423], "data": {"selected": [0, 0, 11, 11], "assigned": [0, 0, 5, 6], "preselecStu": [0, 0, 11, 11], "stuGender": [{"male": 0, "Female": 0}, {"male": 0, "Female": 0}, {"male": 6, "Female": 5}, {"male": 6, "Female": 5}]}}