{"timestamp": [1707577271.504501, 1707588977.139312, 1707659792.972725, 1707662400.237463], "data": {"selected": [30, 30, 30, 30], "assigned": [0, 0, 0, 0], "preselecStu": [30, 30, 30, 30], "stuGender": [{"male": 15, "Female": 15}, {"male": 15, "Female": 15}, {"male": 15, "Female": 15}, {"male": 15, "Female": 15}]}}