{"timestamp": [1734407384.214284, 1734470126.420106], "data": {"selected": [0, 0], "assigned": [38, 38], "preselecStu": [0, 0], "stuGender": [{"male": 0, "Female": 0}, {"male": 0, "Female": 0}]}}