{"timestamp": [1734410060.222065, 1734472613.067148], "data": {"selected": [0, 0], "assigned": [13, 22], "preselecStu": [0, 0], "stuGender": [{"male": 0, "Female": 0}, {"male": 0, "Female": 0}]}}