{"timestamp": [1734410060.222065, 1734472613.067148, 1734559579.721852, 1734644974.497879], "data": {"selected": [0, 0, 0, 0], "assigned": [13, 22, 25, 33], "preselecStu": [0, 0, 0, 0], "stuGender": [{"male": 0, "Female": 0}, {"male": 0, "Female": 0}, {"male": 0, "Female": 0}, {"male": 0, "Female": 0}]}}