{"timestamp": [1734408119.705243, 1734470796.467465], "data": {"selected": [0, 0], "assigned": [94, 107], "preselecStu": [0, 0], "stuGender": [{"male": 0, "Female": 0}, {"male": 0, "Female": 0}]}}