{"timestamp": [1734408119.705243, 1734470796.467465, 1734557530.946629], "data": {"selected": [0, 0, 0], "assigned": [94, 107, 119], "preselecStu": [0, 0, 0], "stuGender": [{"male": 0, "Female": 0}, {"male": 0, "Female": 0}, {"male": 0, "Female": 0}]}}