{"timestamp": [1716069329.924168, 1716500381.571899, 1725443969.792662, 1725516366.082313], "data": {"selected": [0, 0, 1, 1], "assigned": [0, 0, 8, 9], "preselecStu": [0, 0, 1, 1], "stuGender": [{"male": 0, "Female": 0}, {"male": 0, "Female": 0}, {"male": 0, "Female": 1}, {"male": 0, "Female": 1}]}}