{"timestamp": [1716069329.924168, 1716500381.571899, 1725443969.792662], "data": {"selected": [0, 0, 1], "assigned": [0, 0, 8], "preselecStu": [0, 0, 1], "stuGender": [{"male": 0, "Female": 0}, {"male": 0, "Female": 0}, {"male": 0, "Female": 1}]}}