{"timestamp": [1716069116.432224, 1716500207.44241, 1725443779.028248], "data": {"selected": [0, 0, 9], "assigned": [0, 0, 13], "preselecStu": [0, 0, 9], "stuGender": [{"male": 0, "Female": 0}, {"male": 0, "Female": 0}, {"male": 8, "Female": 1}]}}