{"timestamp": [1707542219.770753, 1707545486.426384], "data": {"selected": [16, 16], "assigned": [0, 0], "preselecStu": [16, 16], "stuGender": [{"male": 16, "Female": 0}, {"male": 16, "Female": 0}]}}