{"timestamp": [1716067335.547714, 1716498575.780258, 1725441691.530111], "data": {"selected": [0, 0, 89], "assigned": [0, 0, 5], "preselecStu": [0, 0, 89], "stuGender": [{"male": 0, "Female": 0}, {"male": 0, "Female": 0}, {"male": 42, "Female": 47}]}}