{"timestamp": [1716067335.547714, 1716498575.780258, 1725441691.530111, 1725514135.296522], "data": {"selected": [0, 0, 89, 88], "assigned": [0, 0, 5, 13], "preselecStu": [0, 0, 89, 88], "stuGender": [{"male": 0, "Female": 0}, {"male": 0, "Female": 0}, {"male": 42, "Female": 47}, {"male": 42, "Female": 46}]}}