{"timestamp": [1734408810.961879, 1734471440.018074, 1734558257.618087, 1734643956.97543], "data": {"selected": [0, 0, 0, 0], "assigned": [6, 6, 6, 5], "preselecStu": [0, 0, 0, 0], "stuGender": [{"male": 0, "Female": 0}, {"male": 0, "Female": 0}, {"male": 0, "Female": 0}, {"male": 0, "Female": 0}]}}