{"timestamp": [1716066359.144517, 1716497595.819398, 1725440227.435567], "data": {"selected": [0, 0, 38], "assigned": [0, 0, 1], "preselecStu": [0, 0, 38], "stuGender": [{"male": 0, "Female": 0}, {"male": 0, "Female": 0}, {"male": 31, "Female": 7}]}}