{"timestamp": [1716067016.569508, 1716498252.130127, 1725441227.377238, 1725513768.416001], "data": {"selected": [0, 0, 68, 67], "assigned": [0, 0, 13, 20], "preselecStu": [0, 0, 0, 0], "stuGender": [{"male": 0, "Female": 0}, {"male": 0, "Female": 0}, {"male": 36, "Female": 32}, {"male": 35, "Female": 32}]}}