{"timestamp": [1716064205.468155, 1716495647.01248, 1725437054.953852], "data": {"selected": [0, 0, 2], "assigned": [0, 0, 0], "preselecStu": [0, 0, 2], "stuGender": [{"male": 0, "Female": 0}, {"male": 0, "Female": 0}, {"male": 2, "Female": 0}]}}