{"timestamp": [1734405646.883505, 1734468365.431713, 1734554869.899438], "data": {"selected": [0, 0, 0], "assigned": [158, 182, 209], "preselecStu": [0, 0, 0], "stuGender": [{"male": 0, "Female": 0}, {"male": 0, "Female": 0}, {"male": 0, "Female": 0}]}}