{"timestamp": [1734405646.883505, 1734468365.431713], "data": {"selected": [0, 0], "assigned": [158, 182], "preselecStu": [0, 0], "stuGender": [{"male": 0, "Female": 0}, {"male": 0, "Female": 0}]}}