{"timestamp": [1707576147.369477, 1707587601.541559, 1707659168.897204], "data": {"selected": [1, 1, 1], "assigned": [0, 0, 0], "preselecStu": [1, 1, 1], "stuGender": [{"male": 1, "Female": 0}, {"male": 1, "Female": 0}, {"male": 1, "Female": 0}]}}