{"timestamp": [1707577529.295712, 1707589279.532292, 1707659937.079752], "data": {"selected": [23, 23, 23], "assigned": [0, 0, 0], "preselecStu": [22, 22, 22], "stuGender": [{"male": 12, "Female": 11}, {"male": 12, "Female": 11}, {"male": 12, "Female": 11}]}}