{"timestamp": [1716067451.149115, 1716498686.511063, 1725441834.277608], "data": {"selected": [0, 0, 79], "assigned": [0, 56, 8], "preselecStu": [0, 0, 79], "stuGender": [{"male": 0, "Female": 0}, {"male": 0, "Female": 0}, {"male": 36, "Female": 43}]}}