{"timestamp": [1716067462.015539, 1716498697.277818, 1725441847.999062], "data": {"selected": [0, 0, 29], "assigned": [0, 0, 23], "preselecStu": [0, 0, 29], "stuGender": [{"male": 0, "Female": 0}, {"male": 0, "Female": 0}, {"male": 14, "Female": 15}]}}