{"timestamp": [1734410160.419603, 1734472706.225026, 1734559672.185553, 1734645072.06661], "data": {"selected": [0, 0, 0, 0], "assigned": [5, 8, 12, 13], "preselecStu": [0, 0, 0, 0], "stuGender": [{"male": 0, "Female": 0}, {"male": 0, "Female": 0}, {"male": 0, "Female": 0}, {"male": 0, "Female": 0}]}}