{"timestamp": [1734407862.427453, 1734470556.634175, 1734557246.63748], "data": {"selected": [0, 0, 0], "assigned": [6, 7, 7], "preselecStu": [0, 0, 0], "stuGender": [{"male": 0, "Female": 0}, {"male": 0, "Female": 0}, {"male": 0, "Female": 0}]}}