{"timestamp": [1707542678.081933, 1707545956.022534], "data": {"selected": [30, 30], "assigned": [0, 0], "preselecStu": [30, 30], "stuGender": [{"male": 15, "Female": 15}, {"male": 15, "Female": 15}]}}