{"timestamp": [1734409462.251736, 1734472061.538988, 1734559013.280814], "data": {"selected": [0, 0, 0], "assigned": [13, 14, 16], "preselecStu": [0, 0, 0], "stuGender": [{"male": 0, "Female": 0}, {"male": 0, "Female": 0}, {"male": 0, "Female": 0}]}}