{"timestamp": [1707542569.252627, 1707545856.849929], "data": {"selected": [16, 16], "assigned": [0, 0], "preselecStu": [16, 16], "stuGender": [{"male": 5, "Female": 11}, {"male": 5, "Female": 11}]}}