{"timestamp": [1707578561.963587, 1707590651.934273, 1707660488.948645, 1707663109.270319], "data": {"selected": [16, 16, 16, 16], "assigned": [0, 0, 0, 0], "preselecStu": [16, 16, 16, 16], "stuGender": [{"male": 5, "Female": 11}, {"male": 5, "Female": 11}, {"male": 5, "Female": 11}, {"male": 5, "Female": 11}]}}