{"timestamp": [1716065517.88341, 1716496837.190922, 1725438987.161434], "data": {"selected": [0, 0, 28], "assigned": [0, 0, 11], "preselecStu": [0, 0, 28], "stuGender": [{"male": 0, "Female": 0}, {"male": 0, "Female": 0}, {"male": 24, "Female": 4}]}}