{"timestamp": [1716067837.329479, 1716499051.438156, 1725442312.673656], "data": {"selected": [0, 0, 20], "assigned": [0, 0, 13], "preselecStu": [0, 0, 20], "stuGender": [{"male": 0, "Female": 0}, {"male": 0, "Female": 0}, {"male": 17, "Female": 3}]}}