{"timestamp": [1716067837.329479, 1716499051.438156, 1725442312.673656, 1725514712.804148], "data": {"selected": [0, 0, 20, 20], "assigned": [0, 0, 13, 18], "preselecStu": [0, 0, 20, 20], "stuGender": [{"male": 0, "Female": 0}, {"male": 0, "Female": 0}, {"male": 17, "Female": 3}, {"male": 17, "Female": 3}]}}