{"timestamp": [1734410960.188677, 1734473451.904977], "data": {"selected": [0, 0], "assigned": [10, 10], "preselecStu": [0, 0], "stuGender": [{"male": 0, "Female": 0}, {"male": 0, "Female": 0}]}}