{"timestamp": [1734405919.443282, 1734468645.252207, 1734555153.140714, 1734641381.340565], "data": {"selected": [41, 41, 41, 41], "assigned": [0, 0, 0, 0], "preselecStu": [0, 0, 0, 0], "stuGender": [{"male": 19, "Female": 22}, {"male": 19, "Female": 22}, {"male": 19, "Female": 22}, {"male": 19, "Female": 22}]}}