{"timestamp": [1734407149.305901, 1734469895.302189, 1734556523.225419], "data": {"selected": [0, 0, 0], "assigned": [42, 42, 42], "preselecStu": [0, 0, 0], "stuGender": [{"male": 0, "Female": 0}, {"male": 0, "Female": 0}, {"male": 0, "Female": 0}]}}