{"timestamp": [1707574516.224658, 1707585664.363832, 1707658230.93466, 1707660825.855049], "data": {"selected": [28, 28, 28, 28], "assigned": [0, 0, 0, 0], "preselecStu": [28, 28, 28, 28], "stuGender": [{"male": 21, "Female": 7}, {"male": 21, "Female": 7}, {"male": 21, "Female": 7}, {"male": 21, "Female": 7}]}}