{"timestamp": [1707540342.083278, 1707543517.81958], "data": {"selected": [28, 28], "assigned": [0, 0], "preselecStu": [28, 28], "stuGender": [{"male": 21, "Female": 7}, {"male": 21, "Female": 7}]}}