{"timestamp": [1707576845.635608, 1707588479.016807, 1707659551.060025, 1707662158.933143], "data": {"selected": [13, 13, 13, 13], "assigned": [0, 0, 0, 0], "preselecStu": [13, 13, 13, 13], "stuGender": [{"male": 10, "Female": 3}, {"male": 10, "Female": 3}, {"male": 10, "Female": 3}, {"male": 10, "Female": 3}]}}