{"timestamp": [1716066444.666685, 1716497680.975754, 1725440371.284181], "data": {"selected": [0, 0, 6], "assigned": [0, 0, 4], "preselecStu": [0, 0, 6], "stuGender": [{"male": 0, "Female": 0}, {"male": 0, "Female": 0}, {"male": 4, "Female": 2}]}}