{"timestamp": [1716065429.982818, 1716496750.693808, 1725438841.341252, 1725511880.792073], "data": {"selected": [0, 0, 3, 3], "assigned": [0, 0, 0, 0], "preselecStu": [0, 0, 3, 3], "stuGender": [{"male": 0, "Female": 0}, {"male": 0, "Female": 0}, {"male": 2, "Female": 1}, {"male": 2, "Female": 1}]}}