{"timestamp": [1734406389.671492, 1734469125.727215, 1734555642.477482, 1734641835.192597], "data": {"selected": [0, 0, 0, 0], "assigned": [19, 18, 22, 23], "preselecStu": [0, 0, 0, 0], "stuGender": [{"male": 0, "Female": 0}, {"male": 0, "Female": 0}, {"male": 0, "Female": 0}, {"male": 0, "Female": 0}]}}