{"timestamp": [1707575616.169931, 1707586983.723559, 1707658880.105203], "data": {"selected": [44, 44, 44], "assigned": [0, 0, 0], "preselecStu": [44, 44, 44], "stuGender": [{"male": 12, "Female": 32}, {"male": 12, "Female": 32}, {"male": 12, "Female": 32}]}}