{"timestamp": [1734405530.049949, 1734468184.642609, 1734554714.372477, 1734640926.298793], "data": {"selected": [0, 0, 0, 0], "assigned": [20, 20, 21, 21], "preselecStu": [0, 0, 0, 0], "stuGender": [{"male": 0, "Female": 0}, {"male": 0, "Female": 0}, {"male": 0, "Female": 0}, {"male": 0, "Female": 0}]}}