{"timestamp": [1734405530.049949, 1734468184.642609], "data": {"selected": [0, 0], "assigned": [20, 20], "preselecStu": [0, 0], "stuGender": [{"male": 0, "Female": 0}, {"male": 0, "Female": 0}]}}