{"timestamp": [1734409469.409279, 1734472074.681525, 1734559027.620521, 1734644499.932772], "data": {"selected": [0, 0, 0, 0], "assigned": [5, 6, 6, 6], "preselecStu": [0, 0, 0, 0], "stuGender": [{"male": 0, "Female": 0}, {"male": 0, "Female": 0}, {"male": 0, "Female": 0}, {"male": 0, "Female": 0}]}}