{"timestamp": [1716069001.69881, 1716500090.467568, 1725443651.382208], "data": {"selected": [0, 0, 2], "assigned": [0, 0, 2], "preselecStu": [0, 0, 2], "stuGender": [{"male": 0, "Female": 0}, {"male": 0, "Female": 0}, {"male": 1, "Female": 1}]}}