{"timestamp": [1716066440.309214, 1716497676.610938, 1725440365.966731], "data": {"selected": [0, 0, 11], "assigned": [0, 0, 21], "preselecStu": [0, 0, 11], "stuGender": [{"male": 0, "Female": 0}, {"male": 0, "Female": 0}, {"male": 10, "Female": 1}]}}