{"timestamp": [1716066440.309214, 1716497676.610938, 1725440365.966731, 1725513061.543659], "data": {"selected": [0, 0, 11, 11], "assigned": [0, 0, 21, 25], "preselecStu": [0, 0, 11, 11], "stuGender": [{"male": 0, "Female": 0}, {"male": 0, "Female": 0}, {"male": 10, "Female": 1}, {"male": 10, "Female": 1}]}}