{"timestamp": [1707577429.19808, 1707589151.440759, 1707659878.978267, 1707662490.608066], "data": {"selected": [31, 31, 31, 31], "assigned": [0, 0, 0, 0], "preselecStu": [28, 28, 28, 28], "stuGender": [{"male": 9, "Female": 22}, {"male": 9, "Female": 22}, {"male": 9, "Female": 22}, {"male": 9, "Female": 22}]}}