{"timestamp": [1707541950.897387, 1707545191.614437], "data": {"selected": [31, 31], "assigned": [0, 0], "preselecStu": [28, 28], "stuGender": [{"male": 9, "Female": 22}, {"male": 9, "Female": 22}]}}