{"timestamp": [1725437996.143418, 1725511201.51135, 1725597531.188547], "data": {"selected": [0, 0, 3], "assigned": [3, 3, 0], "preselecStu": [0, 0, 0], "stuGender": [{"male": 0, "Female": 0}, {"male": 0, "Female": 0}, {"male": 1, "Female": 2}]}}