{"timestamp": [1734410171.90284, 1734472717.701989, 1734559684.65584], "data": {"selected": [0, 0, 0], "assigned": [0, 2, 4], "preselecStu": [0, 0, 0], "stuGender": [{"male": 0, "Female": 0}, {"male": 0, "Female": 0}, {"male": 0, "Female": 0}]}}