{"timestamp": [1716069402.326004, 1716500449.200784, 1725444047.823907], "data": {"selected": [0, 0, 1], "assigned": [0, 0, 10], "preselecStu": [0, 0, 1], "stuGender": [{"male": 0, "Female": 0}, {"male": 0, "Female": 0}, {"male": 1, "Female": 0}]}}