{"timestamp": [1707540971.206631, 1707544151.426227], "data": {"selected": [50, 50], "assigned": [0, 0], "preselecStu": [50, 50], "stuGender": [{"male": 15, "Female": 35}, {"male": 15, "Female": 35}]}}