{"timestamp": [1707578770.566247, 1707590923.121768, 1707660605.44457], "data": {"selected": [5, 5, 5], "assigned": [0, 0, 0], "preselecStu": [5, 5, 5], "stuGender": [{"male": 1, "Female": 4}, {"male": 1, "Female": 4}, {"male": 1, "Female": 4}]}}