{"timestamp": [1716066550.203957, 1716497790.976183, 1725440556.452376, 1725513183.635505], "data": {"selected": [0, 0, 49, 49], "assigned": [0, 0, 11, 22], "preselecStu": [0, 0, 49, 49], "stuGender": [{"male": 0, "Female": 0}, {"male": 0, "Female": 0}, {"male": 40, "Female": 9}, {"male": 40, "Female": 9}]}}