{"timestamp": [1734410333.331721, 1734472871.279491, 1734559844.783023, 1734645247.349518], "data": {"selected": [0, 0, 0, 0], "assigned": [7, 7, 6, 5], "preselecStu": [0, 0, 0, 0], "stuGender": [{"male": 0, "Female": 0}, {"male": 0, "Female": 0}, {"male": 0, "Female": 0}, {"male": 0, "Female": 0}]}}