{"timestamp": [1725437986.949443, 1725511194.51993, 1725597523.731475], "data": {"selected": [0, 0, 1], "assigned": [1, 2, 2], "preselecStu": [0, 0, 0], "stuGender": [{"male": 0, "Female": 0}, {"male": 0, "Female": 0}, {"male": 1, "Female": 0}]}}