{"timestamp": [1707577449.242141, 1707589173.809484, 1707659890.676937, 1707662501.454252], "data": {"selected": [5, 5, 5, 5], "assigned": [0, 0, 0, 0], "preselecStu": [4, 4, 4, 4], "stuGender": [{"male": 3, "Female": 2}, {"male": 3, "Female": 2}, {"male": 3, "Female": 2}, {"male": 3, "Female": 2}]}}