{"timestamp": [1716068261.516303, 1716499414.418278, 1725442835.769086, 1725515223.929929], "data": {"selected": [0, 0, 29, 29], "assigned": [0, 0, 7, 11], "preselecStu": [0, 0, 0, 0], "stuGender": [{"male": 0, "Female": 0}, {"male": 0, "Female": 0}, {"male": 16, "Female": 13}, {"male": 16, "Female": 13}]}}