{"timestamp": [1716069205.247047, 1716500284.027753, 1725443856.699852, 1725516252.306234], "data": {"selected": [0, 0, 10, 10], "assigned": [0, 0, 8, 12], "preselecStu": [0, 0, 10, 10], "stuGender": [{"male": 0, "Female": 0}, {"male": 0, "Female": 0}, {"male": 7, "Female": 3}, {"male": 7, "Female": 3}]}}