{"timestamp": [1716069205.247047, 1716500284.027753, 1725443856.699852], "data": {"selected": [0, 0, 10], "assigned": [0, 0, 8], "preselecStu": [0, 0, 10], "stuGender": [{"male": 0, "Female": 0}, {"male": 0, "Female": 0}, {"male": 7, "Female": 3}]}}