{"timestamp": [1734408839.727659, 1734471471.94578, 1734558300.753377], "data": {"selected": [0, 0, 0], "assigned": [47, 51, 60], "preselecStu": [0, 0, 0], "stuGender": [{"male": 0, "Female": 0}, {"male": 0, "Female": 0}, {"male": 0, "Female": 0}]}}