{"timestamp": [1707540645.946352, 1707543821.90514], "data": {"selected": [120, 120], "assigned": [0, 0], "preselecStu": [120, 120], "stuGender": [{"male": 83, "Female": 37}, {"male": 83, "Female": 37}]}}