{"timestamp": [1716065556.586673, 1716496878.93499, 1725439070.90397], "data": {"selected": [0, 0, 0], "assigned": [0, 0, 108], "preselecStu": [0, 0, 0], "stuGender": [{"male": 0, "Female": 0}, {"male": 0, "Female": 0}, {"male": 0, "Female": 0}]}}