{"timestamp": [1716068484.884914, 1716499631.759623, 1725443092.948072, 1725515498.776499], "data": {"selected": [0, 0, 7, 7], "assigned": [0, 0, 4, 4], "preselecStu": [0, 0, 0, 0], "stuGender": [{"male": 0, "Female": 0}, {"male": 0, "Female": 0}, {"male": 3, "Female": 4}, {"male": 3, "Female": 4}]}}