{"timestamp": [1734409777.862476, 1734472330.638607], "data": {"selected": [0, 0], "assigned": [45, 49], "preselecStu": [0, 0], "stuGender": [{"male": 0, "Female": 0}, {"male": 0, "Female": 0}]}}