{"timestamp": [1734409777.862476, 1734472330.638607, 1734559318.851867, 1734644747.335305], "data": {"selected": [0, 0, 0, 0], "assigned": [45, 49, 55, 57], "preselecStu": [0, 0, 0, 0], "stuGender": [{"male": 0, "Female": 0}, {"male": 0, "Female": 0}, {"male": 0, "Female": 0}, {"male": 0, "Female": 0}]}}