{"timestamp": [1734407195.093898, 1734469936.117195, 1734556571.39979], "data": {"selected": [0, 0, 0], "assigned": [6, 6, 7], "preselecStu": [0, 0, 0], "stuGender": [{"male": 0, "Female": 0}, {"male": 0, "Female": 0}, {"male": 0, "Female": 0}]}}