{"timestamp": [1716069086.842576, 1716500175.089611, 1725443744.032095], "data": {"selected": [0, 0, 48], "assigned": [0, 37, 0], "preselecStu": [0, 0, 48], "stuGender": [{"male": 0, "Female": 0}, {"male": 0, "Female": 0}, {"male": 22, "Female": 26}]}}