{"timestamp": [1716064908.338708, 1716496287.585525, 1725438102.411262], "data": {"selected": [0, 0, 7], "assigned": [0, 0, 9], "preselecStu": [0, 0, 7], "stuGender": [{"male": 0, "Female": 0}, {"male": 0, "Female": 0}, {"male": 4, "Female": 3}]}}