{"timestamp": [1707574433.571106, 1707585566.067825, 1707658178.867851], "data": {"selected": [64, 64, 64], "assigned": [0, 0, 0], "preselecStu": [64, 64, 64], "stuGender": [{"male": 31, "Female": 33}, {"male": 31, "Female": 33}, {"male": 31, "Female": 33}]}}