{"timestamp": [1707540291.661071, 1707543467.607758], "data": {"selected": [64, 64], "assigned": [0, 0], "preselecStu": [64, 64], "stuGender": [{"male": 31, "Female": 33}, {"male": 31, "Female": 33}]}}