{"timestamp": [1707542503.03151, 1707545784.106064], "data": {"selected": [15, 15], "assigned": [0, 0], "preselecStu": [15, 15], "stuGender": [{"male": 8, "Female": 7}, {"male": 8, "Female": 7}]}}