{"timestamp": [1716064729.840983, 1716496121.931794, 1725437838.846757], "data": {"selected": [0, 0, 3], "assigned": [0, 0, 2], "preselecStu": [0, 0, 3], "stuGender": [{"male": 0, "Female": 0}, {"male": 0, "Female": 0}, {"male": 3, "Female": 0}]}}