{"timestamp": [1707575868.414758, 1707587276.264023, 1707659020.760247, 1707661617.781815], "data": {"selected": [80, 80, 80, 80], "assigned": [0, 0, 0, 0], "preselecStu": [80, 80, 80, 80], "stuGender": [{"male": 55, "Female": 25}, {"male": 55, "Female": 25}, {"male": 55, "Female": 25}, {"male": 55, "Female": 25}]}}