{"timestamp": [1707575868.414758, 1707587276.264023], "data": {"selected": [80, 80], "assigned": [0, 0], "preselecStu": [80, 80], "stuGender": [{"male": 55, "Female": 25}, {"male": 55, "Female": 25}]}}