{"timestamp": [1716066493.361413, 1716497729.815376, 1725440432.566611, 1725513119.611865], "data": {"selected": [0, 0, 12, 12], "assigned": [0, 0, 2, 6], "preselecStu": [0, 0, 12, 12], "stuGender": [{"male": 0, "Female": 0}, {"male": 0, "Female": 0}, {"male": 8, "Female": 4}, {"male": 8, "Female": 4}]}}