{"timestamp": [1707575399.066482, 1707586731.01487, 1707658757.479509, 1707661355.550576], "data": {"selected": [5, 5, 5, 5], "assigned": [0, 0, 0, 0], "preselecStu": [5, 5, 5, 5], "stuGender": [{"male": 1, "Female": 4}, {"male": 1, "Female": 4}, {"male": 1, "Female": 4}, {"male": 1, "Female": 4}]}}