{"timestamp": [1707575133.261384, 1707586411.115061, 1707658599.528836, 1707661201.251322], "data": {"selected": [50, 50, 50, 50], "assigned": [0, 0, 0, 0], "preselecStu": [50, 50, 50, 50], "stuGender": [{"male": 31, "Female": 19}, {"male": 31, "Female": 19}, {"male": 31, "Female": 19}, {"male": 31, "Female": 19}]}}