{"timestamp": [1707541215.809645, 1707544395.112258], "data": {"selected": [40, 40], "assigned": [0, 0], "preselecStu": [40, 40], "stuGender": [{"male": 30, "Female": 10}, {"male": 30, "Female": 10}]}}