{"timestamp": [1716067110.187121, 1716498353.007337, 1725441341.677, 1725513870.165898], "data": {"selected": [0, 0, 58, 58], "assigned": [0, 1, 2, 3], "preselecStu": [0, 0, 2, 2], "stuGender": [{"male": 0, "Female": 0}, {"male": 0, "Female": 0}, {"male": 19, "Female": 39}, {"male": 19, "Female": 39}]}}