{"timestamp": [1716067110.187121, 1716498353.007337, 1725441341.677], "data": {"selected": [0, 0, 58], "assigned": [0, 1, 2], "preselecStu": [0, 0, 2], "stuGender": [{"male": 0, "Female": 0}, {"male": 0, "Female": 0}, {"male": 19, "Female": 39}]}}