{"timestamp": [1716068899.741674, 1716500004.00728, 1725443527.157228], "data": {"selected": [0, 0, 20], "assigned": [0, 0, 0], "preselecStu": [0, 0, 20], "stuGender": [{"male": 0, "Female": 0}, {"male": 0, "Female": 0}, {"male": 3, "Female": 17}]}}