{"timestamp": [1707575310.483236, 1707586624.058356], "data": {"selected": [64, 64], "assigned": [0, 0], "preselecStu": [64, 64], "stuGender": [{"male": 30, "Female": 34}, {"male": 30, "Female": 34}]}}