{"timestamp": [1734407876.655763, 1734470568.648806], "data": {"selected": [0, 0], "assigned": [67, 69], "preselecStu": [0, 0], "stuGender": [{"male": 0, "Female": 0}, {"male": 0, "Female": 0}]}}