{"timestamp": [1734407876.655763, 1734470568.648806, 1734557260.75793, 1734643120.185732], "data": {"selected": [0, 0, 0, 0], "assigned": [67, 69, 73, 76], "preselecStu": [0, 0, 0, 0], "stuGender": [{"male": 0, "Female": 0}, {"male": 0, "Female": 0}, {"male": 0, "Female": 0}, {"male": 0, "Female": 0}]}}