{"timestamp": [1734410659.461409, 1734473187.352239], "data": {"selected": [0, 0], "assigned": [16, 15], "preselecStu": [0, 0], "stuGender": [{"male": 0, "Female": 0}, {"male": 0, "Female": 0}]}}