{"timestamp": [1734410659.461409, 1734473187.352239, 1734560167.715927, 1734645560.780086], "data": {"selected": [0, 0, 0, 0], "assigned": [16, 15, 17, 20], "preselecStu": [0, 0, 0, 0], "stuGender": [{"male": 0, "Female": 0}, {"male": 0, "Female": 0}, {"male": 0, "Female": 0}, {"male": 0, "Female": 0}]}}