{"timestamp": [1716066262.475015, 1716497524.972242, 1725440113.214021, 1725512881.342334], "data": {"selected": [0, 0, 51, 51], "assigned": [0, 0, 6, 6], "preselecStu": [0, 0, 0, 0], "stuGender": [{"male": 0, "Female": 0}, {"male": 0, "Female": 0}, {"male": 41, "Female": 10}, {"male": 41, "Female": 10}]}}