{"timestamp": [1734409166.86897, 1734471783.549949, 1734558676.986684], "data": {"selected": [0, 0, 0], "assigned": [18, 18, 20], "preselecStu": [0, 0, 0], "stuGender": [{"male": 0, "Female": 0}, {"male": 0, "Female": 0}, {"male": 0, "Female": 0}]}}