{"timestamp": [1734408535.738187, 1734471173.649109], "data": {"selected": [0, 0], "assigned": [58, 58], "preselecStu": [0, 0], "stuGender": [{"male": 0, "Female": 0}, {"male": 0, "Female": 0}]}}