{"timestamp": [1716064299.430595, 1716495736.117544, 1725437211.843204], "data": {"selected": [0, 0, 55], "assigned": [0, 0, 1], "preselecStu": [0, 0, 0], "stuGender": [{"male": 0, "Female": 0}, {"male": 0, "Female": 0}, {"male": 27, "Female": 28}]}}