{"timestamp": [1734407070.033041, 1734469823.38539, 1734556400.32636], "data": {"selected": [0, 0, 0], "assigned": [41, 43, 43], "preselecStu": [0, 0, 0], "stuGender": [{"male": 0, "Female": 0}, {"male": 0, "Female": 0}, {"male": 0, "Female": 0}]}}