{"timestamp": [1734410892.931296, 1734473391.880043, 1734560373.267463], "data": {"selected": [0, 0, 0], "assigned": [27, 35, 41], "preselecStu": [0, 0, 0], "stuGender": [{"male": 0, "Female": 0}, {"male": 0, "Female": 0}, {"male": 0, "Female": 0}]}}