{"timestamp": [1707577133.080586, 1707588816.426155], "data": {"selected": [30, 30], "assigned": [0, 0], "preselecStu": [30, 30], "stuGender": [{"male": 9, "Female": 21}, {"male": 9, "Female": 21}]}}