{"timestamp": [1707541793.803434, 1707545024.871853], "data": {"selected": [30, 30], "assigned": [0, 0], "preselecStu": [30, 30], "stuGender": [{"male": 9, "Female": 21}, {"male": 9, "Female": 21}]}}