{"timestamp": [1716066561.023642, 1716497806.217762, 1725440572.23093, 1725513196.066022], "data": {"selected": [0, 0, 36, 33], "assigned": [0, 0, 3, 5], "preselecStu": [0, 0, 36, 33], "stuGender": [{"male": 0, "Female": 0}, {"male": 0, "Female": 0}, {"male": 29, "Female": 7}, {"male": 26, "Female": 7}]}}