{"timestamp": [1734406123.044329, 1734468856.105171, 1734555376.800592], "data": {"selected": [0, 0, 0], "assigned": [3, 5, 5], "preselecStu": [0, 0, 0], "stuGender": [{"male": 0, "Female": 0}, {"male": 0, "Female": 0}, {"male": 0, "Female": 0}]}}