{"timestamp": [1707541287.245639, 1707544472.752067], "data": {"selected": [43, 43], "assigned": [0, 0], "preselecStu": [43, 43], "stuGender": [{"male": 23, "Female": 20}, {"male": 23, "Female": 20}]}}