{"timestamp": [1707576194.038444, 1707587663.492839, 1707659193.927678, 1707661792.779991], "data": {"selected": [43, 43, 43, 43], "assigned": [0, 0, 0, 0], "preselecStu": [43, 43, 43, 43], "stuGender": [{"male": 23, "Female": 20}, {"male": 23, "Female": 20}, {"male": 23, "Female": 20}, {"male": 23, "Female": 20}]}}