{"timestamp": [1707574989.696377, 1707586230.043563], "data": {"selected": [47, 47], "assigned": [0, 0], "preselecStu": [47, 47], "stuGender": [{"male": 30, "Female": 17}, {"male": 30, "Female": 17}]}}