{"timestamp": [1707577826.952952, 1707589657.310003], "data": {"selected": [70, 70], "assigned": [0, 0], "preselecStu": [70, 70], "stuGender": [{"male": 56, "Female": 14}, {"male": 56, "Female": 14}]}}