{"timestamp": [1734409912.962653, 1734472423.594236, 1734559414.152224, 1734644836.036517], "data": {"selected": [0, 0, 0, 0], "assigned": [10, 5, 3, 1], "preselecStu": [0, 0, 0, 0], "stuGender": [{"male": 0, "Female": 0}, {"male": 0, "Female": 0}, {"male": 0, "Female": 0}, {"male": 0, "Female": 0}]}}