{"timestamp": [1734404946.576714, 1734467603.930007, 1734554117.284577], "data": {"selected": [0, 0, 0], "assigned": [214, 243, 264], "preselecStu": [0, 0, 0], "stuGender": [{"male": 0, "Female": 0}, {"male": 0, "Female": 0}, {"male": 0, "Female": 0}]}}