{"timestamp": [1716065145.890329, 1716496497.519203, 1725438467.228684], "data": {"selected": [0, 0, 3], "assigned": [0, 0, 1], "preselecStu": [0, 0, 3], "stuGender": [{"male": 0, "Female": 0}, {"male": 0, "Female": 0}, {"male": 3, "Female": 0}]}}