{"timestamp": [1734405547.736569, 1734468207.917796, 1734554743.266674, 1734640957.244069], "data": {"selected": [0, 0, 0, 0], "assigned": [187, 226, 255, 289], "preselecStu": [0, 0, 0, 0], "stuGender": [{"male": 0, "Female": 0}, {"male": 0, "Female": 0}, {"male": 0, "Female": 0}, {"male": 0, "Female": 0}]}}