{"timestamp": [1734405547.736569, 1734468207.917796], "data": {"selected": [0, 0], "assigned": [187, 226], "preselecStu": [0, 0], "stuGender": [{"male": 0, "Female": 0}, {"male": 0, "Female": 0}]}}