{"timestamp": [1734407566.069366, 1734470295.240802], "data": {"selected": [0, 0], "assigned": [28, 29], "preselecStu": [0, 0], "stuGender": [{"male": 0, "Female": 0}, {"male": 0, "Female": 0}]}}