{"timestamp": [1716065257.316729, 1716496586.170102, 1725438599.942453, 1725511669.648899], "data": {"selected": [0, 0, 20, 19], "assigned": [0, 0, 12, 19], "preselecStu": [0, 0, 20, 19], "stuGender": [{"male": 0, "Female": 0}, {"male": 0, "Female": 0}, {"male": 6, "Female": 14}, {"male": 6, "Female": 13}]}}