{"timestamp": [1716065257.316729, 1716496586.170102, 1725438599.942453], "data": {"selected": [0, 0, 20], "assigned": [0, 0, 12], "preselecStu": [0, 0, 20], "stuGender": [{"male": 0, "Female": 0}, {"male": 0, "Female": 0}, {"male": 6, "Female": 14}]}}