{"timestamp": [1707542089.014823, 1707545337.052245], "data": {"selected": [140, 140], "assigned": [0, 0], "preselecStu": [140, 140], "stuGender": [{"male": 116, "Female": 24}, {"male": 116, "Female": 24}]}}