{"timestamp": [1734406745.657897, 1734469496.837659, 1734556053.692267], "data": {"selected": [0, 0, 0], "assigned": [13, 15, 15], "preselecStu": [0, 0, 0], "stuGender": [{"male": 0, "Female": 0}, {"male": 0, "Female": 0}, {"male": 0, "Female": 0}]}}