{"timestamp": [1734407337.071501, 1734470072.922192], "data": {"selected": [0, 0], "assigned": [48, 49], "preselecStu": [0, 0], "stuGender": [{"male": 0, "Female": 0}, {"male": 0, "Female": 0}]}}