{"timestamp": [1734407337.071501, 1734470072.922192, 1734556704.436755, 1734642650.755989], "data": {"selected": [0, 0, 0, 0], "assigned": [48, 49, 50, 51], "preselecStu": [0, 0, 0, 0], "stuGender": [{"male": 0, "Female": 0}, {"male": 0, "Female": 0}, {"male": 0, "Female": 0}, {"male": 0, "Female": 0}]}}