{"timestamp": [1707576557.131922, 1707588146.087122], "data": {"selected": [36, 36], "assigned": [0, 0], "preselecStu": [36, 36], "stuGender": [{"male": 29, "Female": 7}, {"male": 29, "Female": 7}]}}