{"timestamp": [1707542325.45331, 1707545597.848534], "data": {"selected": [58, 58], "assigned": [0, 0], "preselecStu": [58, 58], "stuGender": [{"male": 34, "Female": 24}, {"male": 34, "Female": 24}]}}