{"timestamp": [1734409759.23649, 1734472318.588168, 1734559306.306804, 1734644736.05414], "data": {"selected": [0, 0, 0, 0], "assigned": [12, 12, 13, 13], "preselecStu": [0, 0, 0, 0], "stuGender": [{"male": 0, "Female": 0}, {"male": 0, "Female": 0}, {"male": 0, "Female": 0}, {"male": 0, "Female": 0}]}}