{"timestamp": [1734410465.337729, 1734473005.080514, 1734559981.430819], "data": {"selected": [0, 0, 0], "assigned": [2, 2, 4], "preselecStu": [0, 0, 0], "stuGender": [{"male": 0, "Female": 0}, {"male": 0, "Female": 0}, {"male": 0, "Female": 0}]}}