{"timestamp": [1734410567.781757, 1734473111.29133, 1734560087.537673, 1734645478.803197], "data": {"selected": [0, 0, 0, 0], "assigned": [40, 40, 41, 42], "preselecStu": [0, 0, 0, 0], "stuGender": [{"male": 0, "Female": 0}, {"male": 0, "Female": 0}, {"male": 0, "Female": 0}, {"male": 0, "Female": 0}]}}