{"timestamp": [1716066871.504877, 1716498114.787311, 1725441043.626412], "data": {"selected": [0, 0, 1], "assigned": [0, 0, 3], "preselecStu": [0, 0, 1], "stuGender": [{"male": 0, "Female": 0}, {"male": 0, "Female": 0}, {"male": 0, "Female": 1}]}}