{"timestamp": [1734409695.535041, 1734472280.788986, 1734559266.715543], "data": {"selected": [0, 0, 0], "assigned": [158, 158, 158], "preselecStu": [0, 0, 0], "stuGender": [{"male": 0, "Female": 0}, {"male": 0, "Female": 0}, {"male": 0, "Female": 0}]}}