{"timestamp": [1707576323.759338, 1707587854.378407, 1707659264.147673, 1707661865.47268], "data": {"selected": [29, 29, 29, 29], "assigned": [0, 0, 0, 0], "preselecStu": [29, 29, 29, 29], "stuGender": [{"male": 21, "Female": 8}, {"male": 21, "Female": 8}, {"male": 21, "Female": 8}, {"male": 21, "Female": 8}]}}