{"timestamp": [1707541358.361229, 1707544550.755138], "data": {"selected": [29, 29], "assigned": [0, 0], "preselecStu": [29, 29], "stuGender": [{"male": 21, "Female": 8}, {"male": 21, "Female": 8}]}}