{"timestamp": [1716063745.181773, 1716495216.42968, 1725436405.541305, 1725509848.162527], "data": {"selected": [0, 0, 40, 40], "assigned": [0, 0, 44, 80], "preselecStu": [0, 0, 40, 40], "stuGender": [{"male": 0, "Female": 0}, {"male": 0, "Female": 0}, {"male": 23, "Female": 17}, {"male": 23, "Female": 17}]}}