{"timestamp": [1716063745.181773, 1716495216.42968, 1725436405.541305], "data": {"selected": [0, 0, 40], "assigned": [0, 0, 44], "preselecStu": [0, 0, 40], "stuGender": [{"male": 0, "Female": 0}, {"male": 0, "Female": 0}, {"male": 23, "Female": 17}]}}