{"timestamp": [1716067646.767833, 1716498882.89821, 1725442082.748786], "data": {"selected": [0, 0, 24], "assigned": [0, 0, 1], "preselecStu": [0, 0, 0], "stuGender": [{"male": 0, "Female": 0}, {"male": 0, "Female": 0}, {"male": 6, "Female": 18}]}}