{"timestamp": [1707576379.484097, 1707587941.734192], "data": {"selected": [25, 25], "assigned": [1, 1], "preselecStu": [25, 25], "stuGender": [{"male": 18, "Female": 8}, {"male": 18, "Female": 8}]}}