{"timestamp": [1734407965.584915, 1734470646.311895, 1734557348.694398], "data": {"selected": [0, 0, 0], "assigned": [60, 61, 64], "preselecStu": [0, 0, 0], "stuGender": [{"male": 0, "Female": 0}, {"male": 0, "Female": 0}, {"male": 0, "Female": 0}]}}