{"timestamp": [1734405413.325282, 1734468080.395589, 1734554600.454403], "data": {"selected": [0, 0, 0], "assigned": [1, 1, 1], "preselecStu": [0, 0, 0], "stuGender": [{"male": 0, "Female": 0}, {"male": 0, "Female": 0}, {"male": 0, "Female": 0}]}}