{"timestamp": [1707540929.787388, 1707544108.47611], "data": {"selected": [23, 23], "assigned": [0, 0], "preselecStu": [23, 23], "stuGender": [{"male": 4, "Female": 19}, {"male": 4, "Female": 19}]}}