{"timestamp": [1734405861.527468, 1734468593.748913], "data": {"selected": [30, 30], "assigned": [0, 0], "preselecStu": [0, 0], "stuGender": [{"male": 23, "Female": 7}, {"male": 23, "Female": 7}]}}