{"timestamp": [1716066414.117088, 1716497648.741529, 1725440324.478366, 1725513031.049241], "data": {"selected": [0, 0, 2, 2], "assigned": [0, 0, 8, 9], "preselecStu": [0, 0, 2, 2], "stuGender": [{"male": 0, "Female": 0}, {"male": 0, "Female": 0}, {"male": 2, "Female": 0}, {"male": 2, "Female": 0}]}}