{"timestamp": [1734405431.373292, 1734468097.914354, 1734554618.686349, 1734640844.497604], "data": {"selected": [0, 0, 0, 0], "assigned": [241, 274, 338, 412], "preselecStu": [0, 0, 0, 0], "stuGender": [{"male": 0, "Female": 0}, {"male": 0, "Female": 0}, {"male": 0, "Female": 0}, {"male": 0, "Female": 0}]}}