{"timestamp": [1707575192.209028, 1707586483.02129], "data": {"selected": [34, 34], "assigned": [0, 0], "preselecStu": [0, 0], "stuGender": [{"male": 25, "Female": 9}, {"male": 25, "Female": 9}]}}