{"timestamp": [1707540739.071862, 1707543917.294351], "data": {"selected": [34, 34], "assigned": [0, 0], "preselecStu": [0, 0], "stuGender": [{"male": 25, "Female": 9}, {"male": 25, "Female": 9}]}}