{"timestamp": [1707541578.99429, 1707544784.98023], "data": {"selected": [11, 11], "assigned": [0, 0], "preselecStu": [11, 11], "stuGender": [{"male": 10, "Female": 1}, {"male": 10, "Female": 1}]}}