{"timestamp": [1716064693.589176, 1716496084.348439, 1725437782.32951, 1725510983.76097], "data": {"selected": [0, 0, 1, 2], "assigned": [0, 0, 0, 0], "preselecStu": [0, 0, 0, 0], "stuGender": [{"male": 0, "Female": 0}, {"male": 0, "Female": 0}, {"male": 0, "Female": 1}, {"male": 1, "Female": 1}]}}