{"timestamp": [1716066742.596476, 1716497988.75154, 1725440849.09928], "data": {"selected": [0, 0, 18], "assigned": [0, 0, 0], "preselecStu": [0, 0, 0], "stuGender": [{"male": 0, "Female": 0}, {"male": 0, "Female": 0}, {"male": 15, "Female": 3}]}}