{"timestamp": [1716065050.972281, 1716496412.191635, 1725438328.994546], "data": {"selected": [0, 0, 24], "assigned": [0, 0, 10], "preselecStu": [0, 0, 24], "stuGender": [{"male": 0, "Female": 0}, {"male": 0, "Female": 0}, {"male": 4, "Female": 20}]}}