{"timestamp": [1734405076.614815, 1734467728.975528, 1734554264.163664], "data": {"selected": [0, 0, 0], "assigned": [2, 2, 3], "preselecStu": [0, 0, 0], "stuGender": [{"male": 0, "Female": 0}, {"male": 0, "Female": 0}, {"male": 0, "Female": 0}]}}