{"timestamp": [1707542760.911161, 1707546048.841284], "data": {"selected": [60, 60], "assigned": [0, 0], "preselecStu": [60, 60], "stuGender": [{"male": 26, "Female": 34}, {"male": 26, "Female": 34}]}}