{"timestamp": [1707578908.154554, 1707591082.516787], "data": {"selected": [60, 60], "assigned": [0, 0], "preselecStu": [60, 60], "stuGender": [{"male": 26, "Female": 34}, {"male": 26, "Female": 34}]}}