{"timestamp": [1716065727.816501, 1716497048.825107, 1725439300.409662], "data": {"selected": [0, 0, 54], "assigned": [0, 0, 1], "preselecStu": [0, 0, 0], "stuGender": [{"male": 0, "Female": 0}, {"male": 0, "Female": 0}, {"male": 41, "Female": 13}]}}