{"timestamp": [1716067023.457369, 1716498259.745437], "data": {"selected": [0, 0], "assigned": [0, 100], "preselecStu": [0, 0], "stuGender": [{"male": 0, "Female": 0}, {"male": 0, "Female": 0}]}}