{"timestamp": [1716067023.457369, 1716498259.745437, 1725441236.007552], "data": {"selected": [0, 0, 102], "assigned": [0, 100, 26], "preselecStu": [0, 0, 96], "stuGender": [{"male": 0, "Female": 0}, {"male": 0, "Female": 0}, {"male": 59, "Female": 43}]}}