{"timestamp": [1707541438.870955, 1707544638.200234], "data": {"selected": [26, 26], "assigned": [0, 0], "preselecStu": [26, 26], "stuGender": [{"male": 22, "Female": 4}, {"male": 22, "Female": 4}]}}