{"timestamp": [1716069234.938239, 1716500298.872203, 1725443870.723535], "data": {"selected": [0, 0, 36], "assigned": [0, 36, 3], "preselecStu": [0, 0, 36], "stuGender": [{"male": 0, "Female": 0}, {"male": 0, "Female": 0}, {"male": 22, "Female": 14}]}}