{"timestamp": [1734409039.270404, 1734471657.025717], "data": {"selected": [0, 0], "assigned": [23, 24], "preselecStu": [0, 0], "stuGender": [{"male": 0, "Female": 0}, {"male": 0, "Female": 0}]}}