{"timestamp": [1707540819.578814, 1707543999.683187], "data": {"selected": [70, 70], "assigned": [0, 0], "preselecStu": [70, 70], "stuGender": [{"male": 49, "Female": 21}, {"male": 49, "Female": 21}]}}