{"timestamp": [1707575946.633792, 1707587362.649764, 1707659062.795179, 1707661660.667195], "data": {"selected": [2, 2, 2, 2], "assigned": [0, 0, 0, 0], "preselecStu": [2, 2, 2, 2], "stuGender": [{"male": 2, "Female": 0}, {"male": 2, "Female": 0}, {"male": 2, "Female": 0}, {"male": 2, "Female": 0}]}}