{"timestamp": [1707575123.75594, 1707586399.890263, 1707658593.557311, 1707661195.454924], "data": {"selected": [50, 50, 50, 50], "assigned": [0, 0, 0, 0], "preselecStu": [50, 50, 50, 50], "stuGender": [{"male": 27, "Female": 23}, {"male": 27, "Female": 23}, {"male": 27, "Female": 23}, {"male": 27, "Female": 23}]}}