{"timestamp": [1716069300.29629, 1716500353.57501, 1725443931.381146], "data": {"selected": [0, 0, 16], "assigned": [0, 0, 6], "preselecStu": [0, 0, 16], "stuGender": [{"male": 0, "Female": 0}, {"male": 0, "Female": 0}, {"male": 8, "Female": 8}]}}