{"timestamp": [1707574964.891336, 1707586190.422736], "data": {"selected": [20, 20], "assigned": [0, 0], "preselecStu": [20, 20], "stuGender": [{"male": 4, "Female": 16}, {"male": 4, "Female": 16}]}}