{"timestamp": [1716069170.007971, 1716500240.646103, 1725443816.307151, 1725516212.835123], "data": {"selected": [0, 0, 4, 4], "assigned": [0, 0, 1, 1], "preselecStu": [0, 0, 4, 4], "stuGender": [{"male": 0, "Female": 0}, {"male": 0, "Female": 0}, {"male": 0, "Female": 4}, {"male": 0, "Female": 4}]}}