{"timestamp": [1716067122.321053, 1716498364.118311, 1725441356.435418, 1725513882.98158], "data": {"selected": [0, 0, 56, 56], "assigned": [0, 56, 0, 0], "preselecStu": [0, 0, 55, 55], "stuGender": [{"male": 0, "Female": 0}, {"male": 0, "Female": 0}, {"male": 27, "Female": 29}, {"male": 27, "Female": 29}]}}