{"timestamp": [1707540586.509421, 1707543760.027392], "data": {"selected": [39, 39], "assigned": [0, 0], "preselecStu": [39, 39], "stuGender": [{"male": 18, "Female": 21}, {"male": 18, "Female": 21}]}}