{"timestamp": [1716064607.414308, 1716496010.009791, 1725437661.020464, 1725510888.033931], "data": {"selected": [0, 0, 0, 43], "assigned": [0, 0, 0, 0], "preselecStu": [0, 0, 0, 0], "stuGender": [{"male": 0, "Female": 0}, {"male": 0, "Female": 0}, {"male": 0, "Female": 0}, {"male": 37, "Female": 6}]}}