{"timestamp": [1734408799.337884, 1734471428.376766, 1734558245.500624], "data": {"selected": [0, 0, 0], "assigned": [42, 43, 43], "preselecStu": [0, 0, 0], "stuGender": [{"male": 0, "Female": 0}, {"male": 0, "Female": 0}, {"male": 0, "Female": 0}]}}