{"timestamp": [1734408799.337884, 1734471428.376766], "data": {"selected": [0, 0], "assigned": [42, 43], "preselecStu": [0, 0], "stuGender": [{"male": 0, "Female": 0}, {"male": 0, "Female": 0}]}}