{"timestamp": [1716069040.253499, 1716500128.93381, 1725443694.50344, 1725516088.570576], "data": {"selected": [0, 0, 2, 2], "assigned": [0, 0, 13, 17], "preselecStu": [0, 0, 2, 2], "stuGender": [{"male": 0, "Female": 0}, {"male": 0, "Female": 0}, {"male": 0, "Female": 2}, {"male": 0, "Female": 2}]}}