{"timestamp": [1707577142.601435, 1707588828.033229], "data": {"selected": [20, 20], "assigned": [0, 0], "preselecStu": [20, 20], "stuGender": [{"male": 9, "Female": 11}, {"male": 9, "Female": 11}]}}