{"timestamp": [1707541800.049192, 1707545030.180743], "data": {"selected": [20, 20], "assigned": [0, 0], "preselecStu": [20, 20], "stuGender": [{"male": 9, "Female": 11}, {"male": 9, "Female": 11}]}}