{"timestamp": [1734405632.536439, 1734468330.29096, 1734554848.650444], "data": {"selected": [0, 0, 0], "assigned": [134, 152, 170], "preselecStu": [0, 0, 0], "stuGender": [{"male": 0, "Female": 0}, {"male": 0, "Female": 0}, {"male": 0, "Female": 0}]}}