{"timestamp": [1716067252.150413, 1716498485.282081, 1725441506.568284, 1725514039.922241], "data": {"selected": [0, 0, 18, 18], "assigned": [0, 0, 1, 1], "preselecStu": [0, 0, 18, 18], "stuGender": [{"male": 0, "Female": 0}, {"male": 0, "Female": 0}, {"male": 9, "Female": 9}, {"male": 9, "Female": 9}]}}