{"timestamp": [1716066558.884544, 1716497804.038556, 1725440569.092279, 1725513193.122846], "data": {"selected": [0, 0, 70, 70], "assigned": [0, 62, 1, 3], "preselecStu": [0, 0, 70, 70], "stuGender": [{"male": 0, "Female": 0}, {"male": 0, "Female": 0}, {"male": 56, "Female": 14}, {"male": 56, "Female": 14}]}}