{"timestamp": [1716064361.042862, 1716495794.373789, 1725437310.715009, 1725510605.830656], "data": {"selected": [0, 0, 44, 41], "assigned": [0, 0, 26, 43], "preselecStu": [0, 0, 44, 41], "stuGender": [{"male": 0, "Female": 0}, {"male": 0, "Female": 0}, {"male": 29, "Female": 15}, {"male": 27, "Female": 14}]}}