{"timestamp": [1716068199.085847, 1716499362.37892, 1725442774.145004], "data": {"selected": [0, 0, 31], "assigned": [0, 31, 1], "preselecStu": [0, 0, 31], "stuGender": [{"male": 0, "Female": 0}, {"male": 0, "Female": 0}, {"male": 27, "Female": 4}]}}