{"timestamp": [1716068364.136661, 1716499516.009018, 1725442962.673502], "data": {"selected": [0, 0, 48], "assigned": [0, 0, 4], "preselecStu": [0, 0, 48], "stuGender": [{"male": 0, "Female": 0}, {"male": 0, "Female": 0}, {"male": 31, "Female": 17}]}}