{"timestamp": [1734404874.229601, 1734467511.809908], "data": {"selected": [0, 0], "assigned": [229, 257], "preselecStu": [0, 0], "stuGender": [{"male": 0, "Female": 0}, {"male": 0, "Female": 0}]}}