{"timestamp": [1707578244.032157, 1707590224.12581, 1707660320.401145, 1707662932.560183], "data": {"selected": [2, 2, 2, 2], "assigned": [0, 0, 0, 0], "preselecStu": [2, 2, 2, 2], "stuGender": [{"male": 0, "Female": 2}, {"male": 0, "Female": 2}, {"male": 0, "Female": 2}, {"male": 0, "Female": 2}]}}