{"timestamp": [1716068953.811413, 1716500056.359796, 1725443589.994136, 1725515987.934525], "data": {"selected": [0, 0, 6, 5], "assigned": [0, 0, 1, 2], "preselecStu": [0, 0, 6, 5], "stuGender": [{"male": 0, "Female": 0}, {"male": 0, "Female": 0}, {"male": 3, "Female": 3}, {"male": 3, "Female": 2}]}}