{"timestamp": [1707578058.669194, 1707589973.883007, 1707660216.648232], "data": {"selected": [32, 32, 32], "assigned": [0, 0, 0], "preselecStu": [32, 32, 32], "stuGender": [{"male": 20, "Female": 12}, {"male": 20, "Female": 12}, {"male": 20, "Female": 12}]}}