{"timestamp": [1716065223.177747, 1716496551.899727, 1725438538.113343], "data": {"selected": [0, 0, 20], "assigned": [0, 0, 15], "preselecStu": [0, 0, 20], "stuGender": [{"male": 0, "Female": 0}, {"male": 0, "Female": 0}, {"male": 7, "Female": 13}]}}