{"timestamp": [1716065316.738669, 1716496638.909011, 1725438682.928867], "data": {"selected": [0, 0, 23], "assigned": [0, 22, 0], "preselecStu": [0, 0, 23], "stuGender": [{"male": 0, "Female": 0}, {"male": 0, "Female": 0}, {"male": 3, "Female": 20}]}}