{"timestamp": [1707540986.536412, 1707544166.763639], "data": {"selected": [12, 12], "assigned": [0, 0], "preselecStu": [12, 12], "stuGender": [{"male": 4, "Female": 8}, {"male": 4, "Female": 8}]}}