{"timestamp": [1707575636.074974, 1707587002.770652, 1707658888.999373], "data": {"selected": [12, 12, 12], "assigned": [0, 0, 0], "preselecStu": [12, 12, 12], "stuGender": [{"male": 4, "Female": 8}, {"male": 4, "Female": 8}, {"male": 4, "Female": 8}]}}