{"timestamp": [1716066435.998921, 1716497671.266489, 1725440360.192082, 1725513056.728027], "data": {"selected": [0, 0, 1, 1], "assigned": [0, 0, 4, 8], "preselecStu": [0, 0, 1, 1], "stuGender": [{"male": 0, "Female": 0}, {"male": 0, "Female": 0}, {"male": 1, "Female": 0}, {"male": 1, "Female": 0}]}}