{"timestamp": [1716067870.325442, 1716499078.802855, 1725442343.798109, 1725514743.818781], "data": {"selected": [0, 0, 7, 7], "assigned": [0, 0, 6, 8], "preselecStu": [0, 0, 7, 7], "stuGender": [{"male": 0, "Female": 0}, {"male": 0, "Female": 0}, {"male": 5, "Female": 2}, {"male": 5, "Female": 2}]}}