{"timestamp": [1734408195.826691, 1734470870.574754, 1734557608.468075], "data": {"selected": [0, 0, 0], "assigned": [1, 3, 3], "preselecStu": [0, 0, 0], "stuGender": [{"male": 0, "Female": 0}, {"male": 0, "Female": 0}, {"male": 0, "Female": 0}]}}