{"timestamp": [1716066324.779438, 1716497570.88665, 1725440177.661708, 1725512943.99534], "data": {"selected": [0, 0, 53, 51], "assigned": [0, 0, 8, 10], "preselecStu": [0, 0, 53, 51], "stuGender": [{"male": 0, "Female": 0}, {"male": 0, "Female": 0}, {"male": 36, "Female": 17}, {"male": 34, "Female": 17}]}}