{"timestamp": [1716066324.779438, 1716497570.88665, 1725440177.661708], "data": {"selected": [0, 0, 53], "assigned": [0, 0, 8], "preselecStu": [0, 0, 53], "stuGender": [{"male": 0, "Female": 0}, {"male": 0, "Female": 0}, {"male": 36, "Female": 17}]}}