{"timestamp": [1716069309.372322, 1716500362.064129, 1725443946.65773], "data": {"selected": [0, 0, 8], "assigned": [0, 0, 3], "preselecStu": [0, 0, 0], "stuGender": [{"male": 0, "Female": 0}, {"male": 0, "Female": 0}, {"male": 2, "Female": 6}]}}