{"timestamp": [1734406903.65046, 1734469663.794992, 1734556235.174943, 1734642300.906615], "data": {"selected": [0, 0, 0, 0], "assigned": [74, 75, 78, 78], "preselecStu": [0, 0, 0, 0], "stuGender": [{"male": 0, "Female": 0}, {"male": 0, "Female": 0}, {"male": 0, "Female": 0}, {"male": 0, "Female": 0}]}}