{"timestamp": [1707540730.762478, 1707543908.622968], "data": {"selected": [17, 17], "assigned": [0, 0], "preselecStu": [17, 17], "stuGender": [{"male": 7, "Female": 10}, {"male": 7, "Female": 10}]}}