{"timestamp": [1716064752.856691, 1716496134.997163, 1725437859.347993, 1725511055.575765], "data": {"selected": [0, 0, 8, 7], "assigned": [0, 0, 3, 6], "preselecStu": [0, 0, 8, 7], "stuGender": [{"male": 0, "Female": 0}, {"male": 0, "Female": 0}, {"male": 2, "Female": 6}, {"male": 2, "Female": 5}]}}