{"timestamp": [1734407501.104892, 1734470232.836463], "data": {"selected": [0, 0], "assigned": [13, 15], "preselecStu": [0, 0], "stuGender": [{"male": 0, "Female": 0}, {"male": 0, "Female": 0}]}}