{"timestamp": [1734410345.293853, 1734472882.882932], "data": {"selected": [0, 0], "assigned": [20, 20], "preselecStu": [0, 0], "stuGender": [{"male": 0, "Female": 0}, {"male": 0, "Female": 0}]}}