{"timestamp": [1734410345.293853, 1734472882.882932, 1734559857.522071, 1734645258.796177], "data": {"selected": [0, 0, 0, 0], "assigned": [20, 20, 19, 21], "preselecStu": [0, 0, 0, 0], "stuGender": [{"male": 0, "Female": 0}, {"male": 0, "Female": 0}, {"male": 0, "Female": 0}, {"male": 0, "Female": 0}]}}