{"timestamp": [1734405247.411004, 1734467908.708107], "data": {"selected": [0, 0], "assigned": [48, 49], "preselecStu": [0, 0], "stuGender": [{"male": 0, "Female": 0}, {"male": 0, "Female": 0}]}}