{"timestamp": [1716067249.993431, 1716498483.070926, 1725441503.461522, 1725514037.53315], "data": {"selected": [0, 0, 13, 13], "assigned": [0, 0, 1, 1], "preselecStu": [0, 0, 13, 13], "stuGender": [{"male": 0, "Female": 0}, {"male": 0, "Female": 0}, {"male": 12, "Female": 1}, {"male": 12, "Female": 1}]}}