{"timestamp": [1734409667.85624, 1734472255.58399], "data": {"selected": [0, 0], "assigned": [184, 205], "preselecStu": [0, 0], "stuGender": [{"male": 0, "Female": 0}, {"male": 0, "Female": 0}]}}