{"timestamp": [1734409667.85624, 1734472255.58399, 1734559236.580724], "data": {"selected": [0, 0, 0], "assigned": [184, 205, 228], "preselecStu": [0, 0, 0], "stuGender": [{"male": 0, "Female": 0}, {"male": 0, "Female": 0}, {"male": 0, "Female": 0}]}}