{"timestamp": [1716068187.023814, 1716499353.785053, 1725442763.301249], "data": {"selected": [0, 0, 21], "assigned": [0, 0, 21], "preselecStu": [0, 0, 21], "stuGender": [{"male": 0, "Female": 0}, {"male": 0, "Female": 0}, {"male": 18, "Female": 3}]}}