{"timestamp": [1707542701.343709, 1707545988.428357], "data": {"selected": [48, 48], "assigned": [0, 0], "preselecStu": [48, 48], "stuGender": [{"male": 20, "Female": 28}, {"male": 20, "Female": 28}]}}