{"timestamp": [1707578790.759532, 1707590942.204353], "data": {"selected": [48, 48], "assigned": [0, 0], "preselecStu": [48, 48], "stuGender": [{"male": 20, "Female": 28}, {"male": 20, "Female": 28}]}}