{"timestamp": [1734410657.08882, 1734473185.031646, 1734560165.278356], "data": {"selected": [0, 0, 0], "assigned": [4, 6, 7], "preselecStu": [0, 0, 0], "stuGender": [{"male": 0, "Female": 0}, {"male": 0, "Female": 0}, {"male": 0, "Female": 0}]}}