{"timestamp": [1707577367.869155, 1707589087.660122, 1707659848.605106], "data": {"selected": [4, 4, 4], "assigned": [0, 0, 0], "preselecStu": [4, 4, 4], "stuGender": [{"male": 3, "Female": 1}, {"male": 3, "Female": 1}, {"male": 3, "Female": 1}]}}