{"timestamp": [1734405839.538432, 1734468571.112649, 1734555075.266384], "data": {"selected": [33, 33, 33], "assigned": [0, 0, 0], "preselecStu": [0, 0, 0], "stuGender": [{"male": 28, "Female": 5}, {"male": 28, "Female": 5}, {"male": 28, "Female": 5}]}}