{"timestamp": [1716069237.130774, 1716500300.975491, 1725443873.066238, 1725516270.121831], "data": {"selected": [0, 0, 15, 13], "assigned": [0, 0, 1, 1], "preselecStu": [0, 0, 15, 13], "stuGender": [{"male": 0, "Female": 0}, {"male": 0, "Female": 0}, {"male": 11, "Female": 4}, {"male": 10, "Female": 3}]}}