{"timestamp": [1716065291.840507, 1716496614.569549, 1725438640.821677], "data": {"selected": [0, 0, 43], "assigned": [0, 0, 2], "preselecStu": [0, 0, 0], "stuGender": [{"male": 0, "Female": 0}, {"male": 0, "Female": 0}, {"male": 10, "Female": 33}]}}