{"timestamp": [1734407551.99638, 1734470280.55659, 1734556938.183864, 1734642833.814685], "data": {"selected": [0, 0, 0, 0], "assigned": [20, 20, 20, 20], "preselecStu": [0, 0, 0, 0], "stuGender": [{"male": 0, "Female": 0}, {"male": 0, "Female": 0}, {"male": 0, "Female": 0}, {"male": 0, "Female": 0}]}}