{"timestamp": [1707540609.306443, 1707543783.58802], "data": {"selected": [44, 44], "assigned": [0, 0], "preselecStu": [44, 44], "stuGender": [{"male": 30, "Female": 14}, {"male": 30, "Female": 14}]}}