{"timestamp": [1716064952.981384, 1716496316.420557, 1725438158.636336], "data": {"selected": [0, 0, 0], "assigned": [0, 0, 53], "preselecStu": [0, 0, 0], "stuGender": [{"male": 0, "Female": 0}, {"male": 0, "Female": 0}, {"male": 0, "Female": 0}]}}