{"timestamp": [1734407908.156519, 1734470600.689209], "data": {"selected": [0, 0], "assigned": [68, 70], "preselecStu": [0, 0], "stuGender": [{"male": 0, "Female": 0}, {"male": 0, "Female": 0}]}}