{"timestamp": [1707578715.850895, 1707590857.84633, 1707660572.803443, 1707663194.106031], "data": {"selected": [47, 47, 47, 47], "assigned": [0, 0, 0, 0], "preselecStu": [47, 47, 47, 47], "stuGender": [{"male": 20, "Female": 27}, {"male": 20, "Female": 27}, {"male": 20, "Female": 27}, {"male": 20, "Female": 27}]}}