{"timestamp": [1707542664.616553, 1707545942.524327], "data": {"selected": [47, 47], "assigned": [0, 0], "preselecStu": [47, 47], "stuGender": [{"male": 20, "Female": 27}, {"male": 20, "Female": 27}]}}