{"timestamp": [1716067455.513761, 1716498690.828855, 1725441839.227678, 1725514277.510969], "data": {"selected": [0, 0, 45, 45], "assigned": [0, 0, 3, 4], "preselecStu": [0, 0, 43, 43], "stuGender": [{"male": 0, "Female": 0}, {"male": 0, "Female": 0}, {"male": 19, "Female": 26}, {"male": 19, "Female": 26}]}}