{"timestamp": [1716067455.513761, 1716498690.828855, 1725441839.227678], "data": {"selected": [0, 0, 45], "assigned": [0, 0, 3], "preselecStu": [0, 0, 43], "stuGender": [{"male": 0, "Female": 0}, {"male": 0, "Female": 0}, {"male": 19, "Female": 26}]}}