{"timestamp": [1734406490.403666, 1734469232.626444, 1734555779.652112, 1734641925.517548], "data": {"selected": [0, 0, 0, 0], "assigned": [57, 59, 63, 65], "preselecStu": [0, 0, 0, 0], "stuGender": [{"male": 0, "Female": 0}, {"male": 0, "Female": 0}, {"male": 0, "Female": 0}, {"male": 0, "Female": 0}]}}