{"timestamp": [1734406490.403666, 1734469232.626444], "data": {"selected": [0, 0], "assigned": [57, 59], "preselecStu": [0, 0], "stuGender": [{"male": 0, "Female": 0}, {"male": 0, "Female": 0}]}}