{"timestamp": [1707574549.794503, 1707585701.551836], "data": {"selected": [16, 16], "assigned": [0, 0], "preselecStu": [16, 16], "stuGender": [{"male": 14, "Female": 2}, {"male": 14, "Female": 2}]}}