{"timestamp": [1734409439.650744, 1734472039.217928, 1734558979.47146, 1734644472.163937], "data": {"selected": [0, 0, 0, 0], "assigned": [20, 26, 34, 40], "preselecStu": [0, 0, 0, 0], "stuGender": [{"male": 0, "Female": 0}, {"male": 0, "Female": 0}, {"male": 0, "Female": 0}, {"male": 0, "Female": 0}]}}