{"timestamp": [1734410608.893453, 1734473139.693046, 1734560117.477813], "data": {"selected": [0, 0, 0], "assigned": [13, 15, 19], "preselecStu": [0, 0, 0], "stuGender": [{"male": 0, "Female": 0}, {"male": 0, "Female": 0}, {"male": 0, "Female": 0}]}}