{"timestamp": [1734410608.893453, 1734473139.693046], "data": {"selected": [0, 0], "assigned": [13, 15], "preselecStu": [0, 0], "stuGender": [{"male": 0, "Female": 0}, {"male": 0, "Female": 0}]}}