{"timestamp": [1734407934.520706, 1734470622.149055], "data": {"selected": [0, 0], "assigned": [44, 45], "preselecStu": [0, 0], "stuGender": [{"male": 0, "Female": 0}, {"male": 0, "Female": 0}]}}