{"timestamp": [1734407934.520706, 1734470622.149055, 1734557320.311771, 1734643178.169027], "data": {"selected": [0, 0, 0, 0], "assigned": [44, 45, 46, 46], "preselecStu": [0, 0, 0, 0], "stuGender": [{"male": 0, "Female": 0}, {"male": 0, "Female": 0}, {"male": 0, "Female": 0}, {"male": 0, "Female": 0}]}}