{"timestamp": [1707541282.951312, 1707544467.194754], "data": {"selected": [38, 38], "assigned": [0, 0], "preselecStu": [38, 38], "stuGender": [{"male": 24, "Female": 14}, {"male": 24, "Female": 14}]}}