{"timestamp": [1716067539.635629, 1716498775.810106, 1725441955.066174], "data": {"selected": [0, 0, 23], "assigned": [0, 0, 0], "preselecStu": [0, 0, 0], "stuGender": [{"male": 0, "Female": 0}, {"male": 0, "Female": 0}, {"male": 10, "Female": 13}]}}