{"timestamp": [1707541565.946673, 1707544771.099213], "data": {"selected": [45, 45], "assigned": [0, 0], "preselecStu": [45, 45], "stuGender": [{"male": 39, "Female": 6}, {"male": 39, "Female": 6}]}}