{"timestamp": [1707540974.410256, 1707544155.046999], "data": {"selected": [43, 43], "assigned": [0, 0], "preselecStu": [43, 43], "stuGender": [{"male": 15, "Female": 28}, {"male": 15, "Female": 28}]}}