{"timestamp": [1734405268.856682, 1734467938.230017, 1734554473.104425, 1734640713.747882], "data": {"selected": [0, 0, 0, 0], "assigned": [15, 18, 21, 25], "preselecStu": [0, 0, 0, 0], "stuGender": [{"male": 0, "Female": 0}, {"male": 0, "Female": 0}, {"male": 0, "Female": 0}, {"male": 0, "Female": 0}]}}