{"timestamp": [1734406468.407452, 1734469206.571941, 1734555754.661801, 1734641905.735751], "data": {"selected": [0, 0, 0, 0], "assigned": [35, 37, 38, 44], "preselecStu": [0, 0, 0, 0], "stuGender": [{"male": 0, "Female": 0}, {"male": 0, "Female": 0}, {"male": 0, "Female": 0}, {"male": 0, "Female": 0}]}}