{"timestamp": [1734406468.407452, 1734469206.571941], "data": {"selected": [0, 0], "assigned": [35, 37], "preselecStu": [0, 0], "stuGender": [{"male": 0, "Female": 0}, {"male": 0, "Female": 0}]}}