{"timestamp": [1734409979.187352, 1734472521.053417], "data": {"selected": [0, 0], "assigned": [22, 26], "preselecStu": [0, 0], "stuGender": [{"male": 0, "Female": 0}, {"male": 0, "Female": 0}]}}