{"timestamp": [1716067216.493805, 1716498453.534333, 1725441467.642203, 1725513996.030928], "data": {"selected": [0, 0, 58, 57], "assigned": [0, 0, 15, 32], "preselecStu": [0, 0, 58, 57], "stuGender": [{"male": 0, "Female": 0}, {"male": 0, "Female": 0}, {"male": 39, "Female": 19}, {"male": 38, "Female": 19}]}}