{"timestamp": [1716067216.493805, 1716498453.534333, 1725441467.642203], "data": {"selected": [0, 0, 58], "assigned": [0, 0, 15], "preselecStu": [0, 0, 58], "stuGender": [{"male": 0, "Female": 0}, {"male": 0, "Female": 0}, {"male": 39, "Female": 19}]}}