{"timestamp": [1707542339.929604, 1707545613.100303], "data": {"selected": [47, 47], "assigned": [0, 0], "preselecStu": [47, 47], "stuGender": [{"male": 32, "Female": 15}, {"male": 32, "Female": 15}]}}