{"timestamp": [1734409654.234061, 1734472250.296526, 1734559221.374126], "data": {"selected": [0, 0, 0], "assigned": [97, 112, 126], "preselecStu": [0, 0, 0], "stuGender": [{"male": 0, "Female": 0}, {"male": 0, "Female": 0}, {"male": 0, "Female": 0}]}}