{"timestamp": [1716067971.24213, 1716499160.331659, 1725442467.947742], "data": {"selected": [0, 0, 117], "assigned": [0, 100, 21], "preselecStu": [0, 0, 116], "stuGender": [{"male": 0, "Female": 0}, {"male": 0, "Female": 0}, {"male": 90, "Female": 27}]}}