{"timestamp": [1716064439.100614, 1716495862.142216, 1725437423.467792, 1725510708.988526], "data": {"selected": [0, 0, 34, 31], "assigned": [0, 0, 54, 103], "preselecStu": [0, 0, 34, 31], "stuGender": [{"male": 0, "Female": 0}, {"male": 0, "Female": 0}, {"male": 20, "Female": 14}, {"male": 17, "Female": 14}]}}