{"timestamp": [1716067885.356385, 1716499094.205104, 1725442369.509041, 1725514778.729733], "data": {"selected": [0, 0, 65, 63], "assigned": [0, 0, 44, 54], "preselecStu": [0, 0, 65, 63], "stuGender": [{"male": 0, "Female": 0}, {"male": 0, "Female": 0}, {"male": 54, "Female": 11}, {"male": 53, "Female": 10}]}}