{"timestamp": [1716067885.356385, 1716499094.205104, 1725442369.509041], "data": {"selected": [0, 0, 65], "assigned": [0, 0, 44], "preselecStu": [0, 0, 65], "stuGender": [{"male": 0, "Female": 0}, {"male": 0, "Female": 0}, {"male": 54, "Female": 11}]}}