{"timestamp": [1734410349.885323, 1734472887.541706, 1734559865.745183, 1734645263.715657], "data": {"selected": [0, 0, 0, 0], "assigned": [3, 3, 3, 4], "preselecStu": [0, 0, 0, 0], "stuGender": [{"male": 0, "Female": 0}, {"male": 0, "Female": 0}, {"male": 0, "Female": 0}, {"male": 0, "Female": 0}]}}