{"timestamp": [1716067161.658544, 1716498399.503504, 1725441398.617393], "data": {"selected": [0, 0, 5], "assigned": [0, 0, 2], "preselecStu": [0, 0, 5], "stuGender": [{"male": 0, "Female": 0}, {"male": 0, "Female": 0}, {"male": 3, "Female": 2}]}}