{"timestamp": [1716066174.602852, 1716497448.94482, 1725439989.243907, 1725512777.643248], "data": {"selected": [0, 0, 24, 24], "assigned": [0, 0, 3, 3], "preselecStu": [0, 0, 24, 24], "stuGender": [{"male": 0, "Female": 0}, {"male": 0, "Female": 0}, {"male": 16, "Female": 8}, {"male": 16, "Female": 8}]}}