{"timestamp": [1725442672.168357, 1725515062.389028], "data": {"selected": [0, 0], "assigned": [29, 40], "preselecStu": [0, 0], "stuGender": [{"male": 0, "Female": 0}, {"male": 0, "Female": 0}]}}