{"timestamp": [1734409992.40817, 1734472544.722154, 1734559511.132854], "data": {"selected": [0, 0, 0], "assigned": [4, 5, 5], "preselecStu": [0, 0, 0], "stuGender": [{"male": 0, "Female": 0}, {"male": 0, "Female": 0}, {"male": 0, "Female": 0}]}}