{"timestamp": [1716068228.33548, 1716499379.90198, 1725442795.094311], "data": {"selected": [0, 0, 9], "assigned": [0, 0, 22], "preselecStu": [0, 0, 9], "stuGender": [{"male": 0, "Female": 0}, {"male": 0, "Female": 0}, {"male": 6, "Female": 3}]}}