{"timestamp": [1734410695.184284, 1734473222.967715, 1734560203.93172, 1734645602.873666], "data": {"selected": [0, 0, 0, 0], "assigned": [10, 12, 13, 13], "preselecStu": [0, 0, 0, 0], "stuGender": [{"male": 0, "Female": 0}, {"male": 0, "Female": 0}, {"male": 0, "Female": 0}, {"male": 0, "Female": 0}]}}