{"timestamp": [1734410695.184284, 1734473222.967715], "data": {"selected": [0, 0], "assigned": [10, 12], "preselecStu": [0, 0], "stuGender": [{"male": 0, "Female": 0}, {"male": 0, "Female": 0}]}}