{"timestamp": [1707541280.813907, 1707544464.743059], "data": {"selected": [38, 38], "assigned": [0, 0], "preselecStu": [38, 38], "stuGender": [{"male": 17, "Female": 21}, {"male": 17, "Female": 21}]}}