{"timestamp": [1707541857.806219, 1707545088.114023], "data": {"selected": [120, 120], "assigned": [0, 0], "preselecStu": [120, 120], "stuGender": [{"male": 67, "Female": 53}, {"male": 67, "Female": 53}]}}