{"timestamp": [1707577245.717312, 1707588948.965261, 1707659780.361883], "data": {"selected": [120, 120, 120], "assigned": [0, 0, 0], "preselecStu": [120, 120, 120], "stuGender": [{"male": 67, "Female": 53}, {"male": 67, "Female": 53}, {"male": 67, "Female": 53}]}}