{"timestamp": [1707577742.817758, 1707589557.366059], "data": {"selected": [76, 76], "assigned": [0, 0], "preselecStu": [0, 0], "stuGender": [{"male": 60, "Female": 16}, {"male": 60, "Female": 16}]}}