{"timestamp": [1707541251.567752, 1707544434.470771], "data": {"selected": [24, 24], "assigned": [0, 0], "preselecStu": [24, 24], "stuGender": [{"male": 19, "Female": 5}, {"male": 19, "Female": 5}]}}