{"timestamp": [1707576126.371188, 1707587576.727001, 1707659157.387964, 1707661756.124734], "data": {"selected": [24, 24, 24, 24], "assigned": [0, 0, 0, 0], "preselecStu": [24, 24, 24, 24], "stuGender": [{"male": 19, "Female": 5}, {"male": 19, "Female": 5}, {"male": 19, "Female": 5}, {"male": 19, "Female": 5}]}}