{"timestamp": [1707541133.522327, 1707544314.31704], "data": {"selected": [46, 46], "assigned": [0, 0], "preselecStu": [46, 46], "stuGender": [{"male": 35, "Female": 11}, {"male": 35, "Female": 11}]}}