{"timestamp": [1707575897.383429, 1707587310.653877, 1707659037.459112], "data": {"selected": [46, 46, 46], "assigned": [0, 0, 0], "preselecStu": [46, 46, 46], "stuGender": [{"male": 35, "Female": 11}, {"male": 35, "Female": 11}, {"male": 35, "Female": 11}]}}