{"timestamp": [1734410837.433393, 1734473339.084055, 1734560322.571571], "data": {"selected": [0, 0, 0], "assigned": [4, 3, 3], "preselecStu": [0, 0, 0], "stuGender": [{"male": 0, "Female": 0}, {"male": 0, "Female": 0}, {"male": 0, "Female": 0}]}}