{"timestamp": [1734408983.184305, 1734471597.408035], "data": {"selected": [0, 0], "assigned": [64, 73], "preselecStu": [0, 0], "stuGender": [{"male": 0, "Female": 0}, {"male": 0, "Female": 0}]}}