{"timestamp": [1734408912.661921, 1734471533.700807, 1734558399.874998], "data": {"selected": [0, 0, 0], "assigned": [7, 7, 7], "preselecStu": [0, 0, 0], "stuGender": [{"male": 0, "Female": 0}, {"male": 0, "Female": 0}, {"male": 0, "Female": 0}]}}