{"timestamp": [1707541890.028211, 1707545127.076952], "data": {"selected": [70, 70], "assigned": [0, 0], "preselecStu": [70, 70], "stuGender": [{"male": 31, "Female": 39}, {"male": 31, "Female": 39}]}}