{"timestamp": [1707577309.017448, 1707589019.074538, 1707659813.182772], "data": {"selected": [70, 70, 70], "assigned": [0, 0, 0], "preselecStu": [70, 70, 70], "stuGender": [{"male": 31, "Female": 39}, {"male": 31, "Female": 39}, {"male": 31, "Female": 39}]}}