{"timestamp": [1716067842.232939, 1716499056.328021, 1725442318.142737], "data": {"selected": [0, 0, 7], "assigned": [0, 0, 26], "preselecStu": [0, 0, 7], "stuGender": [{"male": 0, "Female": 0}, {"male": 0, "Female": 0}, {"male": 6, "Female": 1}]}}