{"timestamp": [1734405135.746325, 1734467791.943248, 1734554323.476888], "data": {"selected": [0, 0, 0], "assigned": [2, 2, 1], "preselecStu": [0, 0, 0], "stuGender": [{"male": 0, "Female": 0}, {"male": 0, "Female": 0}, {"male": 0, "Female": 0}]}}