{"timestamp": [1707575073.515846, 1707586345.274806], "data": {"selected": [120, 120], "assigned": [0, 0], "preselecStu": [120, 120], "stuGender": [{"male": 68, "Female": 52}, {"male": 68, "Female": 52}]}}