{"timestamp": [1716068104.071351, 1716499277.545295, 1725442650.534265], "data": {"selected": [0, 0, 20], "assigned": [0, 0, 6], "preselecStu": [0, 0, 20], "stuGender": [{"male": 0, "Female": 0}, {"male": 0, "Female": 0}, {"male": 14, "Female": 6}]}}