{"timestamp": [1707578146.392119, 1707590089.328413], "data": {"selected": [49, 49], "assigned": [0, 0], "preselecStu": [49, 49], "stuGender": [{"male": 33, "Female": 16}, {"male": 33, "Female": 16}]}}