{"timestamp": [1716067487.676532, 1716498721.224204, 1725441878.213859, 1725514320.484725], "data": {"selected": [0, 0, 1, 1], "assigned": [0, 0, 17, 24], "preselecStu": [0, 0, 1, 1], "stuGender": [{"male": 0, "Female": 0}, {"male": 0, "Female": 0}, {"male": 0, "Female": 1}, {"male": 0, "Female": 1}]}}