{"timestamp": [1716066060.764129, 1716497339.410714, 1725439808.119055], "data": {"selected": [0, 0, 56], "assigned": [0, 68, 9], "preselecStu": [0, 0, 56], "stuGender": [{"male": 0, "Female": 0}, {"male": 0, "Female": 0}, {"male": 38, "Female": 18}]}}