{"timestamp": [1734410577.69733, 1734473120.693735, 1734560097.110238], "data": {"selected": [0, 0, 0], "assigned": [22, 23, 26], "preselecStu": [0, 0, 0], "stuGender": [{"male": 0, "Female": 0}, {"male": 0, "Female": 0}, {"male": 0, "Female": 0}]}}