{"timestamp": [1734409442.389457, 1734472041.588212], "data": {"selected": [0, 0], "assigned": [38, 45], "preselecStu": [0, 0], "stuGender": [{"male": 0, "Female": 0}, {"male": 0, "Female": 0}]}}