{"timestamp": [1734409442.389457, 1734472041.588212, 1734558981.943544, 1734644474.80122], "data": {"selected": [0, 0, 0, 0], "assigned": [38, 45, 52, 54], "preselecStu": [0, 0, 0, 0], "stuGender": [{"male": 0, "Female": 0}, {"male": 0, "Female": 0}, {"male": 0, "Female": 0}, {"male": 0, "Female": 0}]}}