{"timestamp": [1716063706.381841, 1716495177.392482, 1725436348.640799], "data": {"selected": [0, 0, 51], "assigned": [0, 0, 0], "preselecStu": [0, 0, 0], "stuGender": [{"male": 0, "Female": 0}, {"male": 0, "Female": 0}, {"male": 39, "Female": 12}]}}