{"timestamp": [1707540926.601996, 1707544105.324977], "data": {"selected": [46, 46], "assigned": [0, 0], "preselecStu": [46, 46], "stuGender": [{"male": 11, "Female": 35}, {"male": 11, "Female": 35}]}}