{"timestamp": [1707576502.059563, 1707588081.186179], "data": {"selected": [20, 20], "assigned": [0, 0], "preselecStu": [20, 20], "stuGender": [{"male": 14, "Female": 6}, {"male": 14, "Female": 6}]}}