{"timestamp": [1734406225.721647, 1734468966.829858, 1734555475.877155], "data": {"selected": [0, 0, 0], "assigned": [105, 114, 126], "preselecStu": [0, 0, 0], "stuGender": [{"male": 0, "Female": 0}, {"male": 0, "Female": 0}, {"male": 0, "Female": 0}]}}