{"timestamp": [1716067860.615889, 1716499070.219132, 1725442333.895629], "data": {"selected": [0, 0, 0], "assigned": [0, 0, 68], "preselecStu": [0, 0, 0], "stuGender": [{"male": 0, "Female": 0}, {"male": 0, "Female": 0}, {"male": 0, "Female": 0}]}}