{"timestamp": [1716067918.084067, 1716499116.604215, 1725442403.976048], "data": {"selected": [0, 0, 17], "assigned": [0, 0, 15], "preselecStu": [0, 0, 17], "stuGender": [{"male": 0, "Female": 0}, {"male": 0, "Female": 0}, {"male": 10, "Female": 7}]}}