{"timestamp": [1707542609.601331, 1707545884.926241], "data": {"selected": [21, 21], "assigned": [0, 0], "preselecStu": [21, 21], "stuGender": [{"male": 8, "Female": 13}, {"male": 8, "Female": 13}]}}