{"timestamp": [1716064806.940443, 1716496186.750278, 1725437937.466622], "data": {"selected": [0, 0, 0], "assigned": [0, 0, 61], "preselecStu": [0, 0, 0], "stuGender": [{"male": 0, "Female": 0}, {"male": 0, "Female": 0}, {"male": 0, "Female": 0}]}}