{"timestamp": [1707575150.545058, 1707586431.891884, 1707658609.229024, 1707661211.540424], "data": {"selected": [50, 50, 50, 50], "assigned": [0, 0, 0, 0], "preselecStu": [50, 50, 50, 50], "stuGender": [{"male": 25, "Female": 25}, {"male": 25, "Female": 25}, {"male": 25, "Female": 25}, {"male": 25, "Female": 25}]}}