{"timestamp": [1707540715.951865, 1707543893.397024], "data": {"selected": [50, 50], "assigned": [0, 0], "preselecStu": [50, 50], "stuGender": [{"male": 25, "Female": 25}, {"male": 25, "Female": 25}]}}