{"timestamp": [1734405602.276635, 1734468296.827464, 1734554808.855846, 1734641047.511617], "data": {"selected": [0, 0, 0, 0], "assigned": [141, 158, 196, 222], "preselecStu": [0, 0, 0, 0], "stuGender": [{"male": 0, "Female": 0}, {"male": 0, "Female": 0}, {"male": 0, "Female": 0}, {"male": 0, "Female": 0}]}}