{"timestamp": [1734405602.276635, 1734468296.827464], "data": {"selected": [0, 0], "assigned": [141, 158], "preselecStu": [0, 0], "stuGender": [{"male": 0, "Female": 0}, {"male": 0, "Female": 0}]}}