{"timestamp": [1707576906.721771, 1707588543.477236], "data": {"selected": [49, 49], "assigned": [0, 0], "preselecStu": [49, 49], "stuGender": [{"male": 33, "Female": 16}, {"male": 33, "Female": 16}]}}