{"timestamp": [1707541669.093508, 1707544882.306814], "data": {"selected": [49, 49], "assigned": [0, 0], "preselecStu": [49, 49], "stuGender": [{"male": 33, "Female": 16}, {"male": 33, "Female": 16}]}}