{"timestamp": [1716067312.96581, 1716498547.899547], "data": {"selected": [0, 31], "assigned": [0, 0], "preselecStu": [0, 0], "stuGender": [{"male": 0, "Female": 0}, {"male": 17, "Female": 14}]}}