{"timestamp": [1716068958.15154, 1716500060.609434, 1725443596.014119], "data": {"selected": [0, 0, 4], "assigned": [0, 0, 8], "preselecStu": [0, 0, 4], "stuGender": [{"male": 0, "Female": 0}, {"male": 0, "Female": 0}, {"male": 4, "Female": 0}]}}