{"timestamp": [1734410731.3005, 1734473244.632801, 1734560226.303065, 1734645624.501849], "data": {"selected": [0, 0, 0, 0], "assigned": [10, 11, 13, 15], "preselecStu": [0, 0, 0, 0], "stuGender": [{"male": 0, "Female": 0}, {"male": 0, "Female": 0}, {"male": 0, "Female": 0}, {"male": 0, "Female": 0}]}}