{"timestamp": [1707542040.442525, 1707545280.639413], "data": {"selected": [13, 13], "assigned": [0, 0], "preselecStu": [13, 13], "stuGender": [{"male": 3, "Female": 10}, {"male": 3, "Female": 10}]}}