{"timestamp": [1734404857.802659, 1734467489.564593], "data": {"selected": [0, 0], "assigned": [140, 163], "preselecStu": [0, 0], "stuGender": [{"male": 0, "Female": 0}, {"male": 0, "Female": 0}]}}