{"timestamp": [1734404857.802659, 1734467489.564593, 1734553980.192875, 1734640290.939347], "data": {"selected": [0, 0, 0, 0], "assigned": [140, 163, 187, 220], "preselecStu": [0, 0, 0, 0], "stuGender": [{"male": 0, "Female": 0}, {"male": 0, "Female": 0}, {"male": 0, "Female": 0}, {"male": 0, "Female": 0}]}}