{"timestamp": [1716066512.889696, 1716497751.725711, 1725440472.760342, 1725513142.405843], "data": {"selected": [0, 0, 46, 46], "assigned": [0, 0, 5, 7], "preselecStu": [0, 0, 0, 0], "stuGender": [{"male": 0, "Female": 0}, {"male": 0, "Female": 0}, {"male": 37, "Female": 9}, {"male": 37, "Female": 9}]}}