{"timestamp": [1734409497.760441, 1734472115.819531], "data": {"selected": [0, 0], "assigned": [15, 15], "preselecStu": [0, 0], "stuGender": [{"male": 0, "Female": 0}, {"male": 0, "Female": 0}]}}