{"timestamp": [1734409497.760441, 1734472115.819531, 1734559064.266386], "data": {"selected": [0, 0, 0], "assigned": [15, 15, 20], "preselecStu": [0, 0, 0], "stuGender": [{"male": 0, "Female": 0}, {"male": 0, "Female": 0}, {"male": 0, "Female": 0}]}}