{"timestamp": [1734406331.50406, 1734469067.674157, 1734555573.442608], "data": {"selected": [0, 0, 0], "assigned": [51, 64, 79], "preselecStu": [0, 0, 0], "stuGender": [{"male": 0, "Female": 0}, {"male": 0, "Female": 0}, {"male": 0, "Female": 0}]}}