{"timestamp": [1734409136.925436, 1734471754.163283, 1734558641.357741], "data": {"selected": [0, 0, 0], "assigned": [10, 11, 16], "preselecStu": [0, 0, 0], "stuGender": [{"male": 0, "Female": 0}, {"male": 0, "Female": 0}, {"male": 0, "Female": 0}]}}