{"timestamp": [1716067436.611389, 1716498672.843373, 1725441818.113789], "data": {"selected": [0, 0, 104], "assigned": [0, 61, 10], "preselecStu": [0, 0, 100], "stuGender": [{"male": 0, "Female": 0}, {"male": 0, "Female": 0}, {"male": 30, "Female": 74}]}}