{"timestamp": [1716066135.272447, 1716497414.239216, 1725439939.573516], "data": {"selected": [0, 0, 5], "assigned": [0, 0, 9], "preselecStu": [0, 0, 5], "stuGender": [{"male": 0, "Female": 0}, {"male": 0, "Female": 0}, {"male": 4, "Female": 1}]}}