{"timestamp": [1716064423.129438, 1716495851.397279, 1725437404.564296], "data": {"selected": [0, 0, 109], "assigned": [0, 0, 43], "preselecStu": [0, 0, 109], "stuGender": [{"male": 0, "Female": 0}, {"male": 0, "Female": 0}, {"male": 71, "Female": 38}]}}