{"timestamp": [1716064423.129438, 1716495851.397279, 1725437404.564296, 1725510694.458657], "data": {"selected": [0, 0, 109, 105], "assigned": [0, 0, 43, 71], "preselecStu": [0, 0, 109, 105], "stuGender": [{"male": 0, "Female": 0}, {"male": 0, "Female": 0}, {"male": 71, "Female": 38}, {"male": 68, "Female": 37}]}}