{"timestamp": [1716067265.463305, 1716498498.599369, 1725441522.625948], "data": {"selected": [0, 0, 32], "assigned": [0, 32, 2], "preselecStu": [0, 0, 32], "stuGender": [{"male": 0, "Female": 0}, {"male": 0, "Female": 0}, {"male": 12, "Female": 20}]}}