{"timestamp": [1716069219.907344, 1716500289.386167, 1725443861.303205], "data": {"selected": [0, 0, 33], "assigned": [0, 32, 3], "preselecStu": [0, 0, 32], "stuGender": [{"male": 0, "Female": 0}, {"male": 0, "Female": 0}, {"male": 22, "Female": 11}]}}