{"timestamp": [1707575361.320842, 1707586685.090358, 1707658735.960191], "data": {"selected": [7, 7, 7], "assigned": [0, 0, 0], "preselecStu": [7, 7, 7], "stuGender": [{"male": 2, "Female": 5}, {"male": 2, "Female": 5}, {"male": 2, "Female": 5}]}}