{"timestamp": [1707541893.288125, 1707545130.381582], "data": {"selected": [70, 70], "assigned": [0, 0], "preselecStu": [70, 70], "stuGender": [{"male": 32, "Female": 38}, {"male": 32, "Female": 38}]}}