{"timestamp": [1716064468.766377, 1716495893.335485, 1725437467.50421, 1725510743.237139], "data": {"selected": [0, 0, 28, 27], "assigned": [0, 0, 40, 78], "preselecStu": [0, 0, 28, 27], "stuGender": [{"male": 0, "Female": 0}, {"male": 0, "Female": 0}, {"male": 15, "Female": 13}, {"male": 15, "Female": 12}]}}