{"timestamp": [1707575355.765831, 1707586678.433373, 1707658732.844314], "data": {"selected": [3, 3, 3], "assigned": [0, 0, 0], "preselecStu": [3, 3, 3], "stuGender": [{"male": 2, "Female": 1}, {"male": 2, "Female": 1}, {"male": 2, "Female": 1}]}}