{"timestamp": [1707542728.767588, 1707546015.875741], "data": {"selected": [22, 22], "assigned": [0, 0], "preselecStu": [0, 0], "stuGender": [{"male": 13, "Female": 9}, {"male": 13, "Female": 9}]}}