{"timestamp": [1734408806.359172, 1734471435.416175, 1734558252.827157], "data": {"selected": [0, 0, 0], "assigned": [7, 11, 11], "preselecStu": [0, 0, 0], "stuGender": [{"male": 0, "Female": 0}, {"male": 0, "Female": 0}, {"male": 0, "Female": 0}]}}