{"timestamp": [1734408787.037624, 1734471415.676932, 1734558232.864225, 1734643934.838441], "data": {"selected": [0, 0, 0, 0], "assigned": [4, 6, 7, 8], "preselecStu": [0, 0, 0, 0], "stuGender": [{"male": 0, "Female": 0}, {"male": 0, "Female": 0}, {"male": 0, "Female": 0}, {"male": 0, "Female": 0}]}}