{"timestamp": [1707577464.196622, 1707589195.565283, 1707659900.09353, 1707662509.806831], "data": {"selected": [17, 17, 17, 17], "assigned": [0, 0, 0, 0], "preselecStu": [15, 15, 15, 15], "stuGender": [{"male": 8, "Female": 9}, {"male": 8, "Female": 9}, {"male": 8, "Female": 9}, {"male": 8, "Female": 9}]}}