{"timestamp": [1734408441.952684, 1734471085.261293, 1734557849.10492], "data": {"selected": [0, 0, 0], "assigned": [11, 11, 13], "preselecStu": [0, 0, 0], "stuGender": [{"male": 0, "Female": 0}, {"male": 0, "Female": 0}, {"male": 0, "Female": 0}]}}