{"timestamp": [1716065819.129274, 1716497118.688857, 1725439431.882978], "data": {"selected": [0, 0, 9], "assigned": [0, 0, 3], "preselecStu": [0, 0, 9], "stuGender": [{"male": 0, "Female": 0}, {"male": 0, "Female": 0}, {"male": 6, "Female": 3}]}}