{"timestamp": [1707541611.323892, 1707544819.35192], "data": {"selected": [20, 20], "assigned": [0, 0], "preselecStu": [20, 20], "stuGender": [{"male": 17, "Female": 3}, {"male": 17, "Female": 3}]}}