{"timestamp": [1716067807.375821, 1716499021.438302, 1725442278.244644], "data": {"selected": [0, 0, 62], "assigned": [0, 0, 21], "preselecStu": [0, 0, 62], "stuGender": [{"male": 0, "Female": 0}, {"male": 0, "Female": 0}, {"male": 46, "Female": 16}]}}