{"timestamp": [1707577202.733205, 1707588898.872926, 1707659753.90097, 1707662363.394913], "data": {"selected": [18, 18, 18, 18], "assigned": [0, 0, 0, 0], "preselecStu": [18, 18, 18, 18], "stuGender": [{"male": 5, "Female": 13}, {"male": 5, "Female": 13}, {"male": 5, "Female": 13}, {"male": 5, "Female": 13}]}}