{"timestamp": [1707541833.806191, 1707545063.855711], "data": {"selected": [18, 18], "assigned": [0, 0], "preselecStu": [18, 18], "stuGender": [{"male": 5, "Female": 13}, {"male": 5, "Female": 13}]}}