{"timestamp": [1716066310.999323, 1716497566.548519, 1725440170.963284, 1725512938.210217], "data": {"selected": [0, 0, 28, 25], "assigned": [0, 0, 2, 2], "preselecStu": [0, 0, 28, 25], "stuGender": [{"male": 0, "Female": 0}, {"male": 0, "Female": 0}, {"male": 19, "Female": 9}, {"male": 16, "Female": 9}]}}