{"timestamp": [1734407659.544609, 1734470374.294608, 1734557041.476703, 1734642927.439054], "data": {"selected": [0, 0, 0, 0], "assigned": [46, 46, 49, 49], "preselecStu": [0, 0, 0, 0], "stuGender": [{"male": 0, "Female": 0}, {"male": 0, "Female": 0}, {"male": 0, "Female": 0}, {"male": 0, "Female": 0}]}}