{"timestamp": [1716065617.623682, 1716496934.227302, 1725439143.022272, 1725512129.31192], "data": {"selected": [0, 0, 50, 50], "assigned": [0, 36, 9, 14], "preselecStu": [0, 0, 50, 50], "stuGender": [{"male": 0, "Female": 0}, {"male": 0, "Female": 0}, {"male": 39, "Female": 11}, {"male": 39, "Female": 11}]}}