{"timestamp": [1716065617.623682, 1716496934.227302, 1725439143.022272], "data": {"selected": [0, 0, 50], "assigned": [0, 36, 9], "preselecStu": [0, 0, 50], "stuGender": [{"male": 0, "Female": 0}, {"male": 0, "Female": 0}, {"male": 39, "Female": 11}]}}