{"timestamp": [1707541159.805695, 1707544340.252358], "data": {"selected": [13, 13], "assigned": [0, 0], "preselecStu": [13, 13], "stuGender": [{"male": 11, "Female": 2}, {"male": 11, "Female": 2}]}}