{"timestamp": [1707542310.385229, 1707545579.934626], "data": {"selected": [13, 13], "assigned": [0, 0], "preselecStu": [13, 13], "stuGender": [{"male": 8, "Female": 5}, {"male": 8, "Female": 5}]}}