{"timestamp": [1707541817.033562, 1707545046.495263], "data": {"selected": [29, 29], "assigned": [0, 0], "preselecStu": [29, 29], "stuGender": [{"male": 20, "Female": 9}, {"male": 20, "Female": 9}]}}