{"timestamp": [1716068510.601964, 1716499651.305637, 1725443117.949344, 1725515524.797819], "data": {"selected": [0, 0, 6, 6], "assigned": [0, 0, 9, 10], "preselecStu": [0, 0, 6, 6], "stuGender": [{"male": 0, "Female": 0}, {"male": 0, "Female": 0}, {"male": 5, "Female": 1}, {"male": 5, "Female": 1}]}}