{"timestamp": [1734410957.74341, 1734473449.572457, 1734560432.093123, 1734645833.481406], "data": {"selected": [0, 0, 0, 0], "assigned": [7, 7, 7, 7], "preselecStu": [0, 0, 0, 0], "stuGender": [{"male": 0, "Female": 0}, {"male": 0, "Female": 0}, {"male": 0, "Female": 0}, {"male": 0, "Female": 0}]}}