{"timestamp": [1716065682.537553, 1716497000.713483, 1725439233.724294, 1725512201.093887], "data": {"selected": [0, 0, 0, 0], "assigned": [0, 0, 2, 4], "preselecStu": [0, 0, 0, 0], "stuGender": [{"male": 0, "Female": 0}, {"male": 0, "Female": 0}, {"male": 0, "Female": 0}, {"male": 0, "Female": 0}]}}