{"timestamp": [1716067079.68484, 1716498320.066683, 1725441305.176488], "data": {"selected": [0, 0, 42], "assigned": [0, 44, 0], "preselecStu": [0, 0, 42], "stuGender": [{"male": 0, "Female": 0}, {"male": 0, "Female": 0}, {"male": 20, "Female": 22}]}}