{"timestamp": [1734405243.994912, 1734467904.733361, 1734554444.79591], "data": {"selected": [0, 0, 0], "assigned": [59, 59, 64], "preselecStu": [0, 0, 0], "stuGender": [{"male": 0, "Female": 0}, {"male": 0, "Female": 0}, {"male": 0, "Female": 0}]}}