{"timestamp": [1707542135.172258, 1707545391.190702], "data": {"selected": [40, 40], "assigned": [0, 0], "preselecStu": [40, 40], "stuGender": [{"male": 33, "Female": 7}, {"male": 33, "Female": 7}]}}