{"timestamp": [1707577766.37735, 1707589581.434901, 1707660070.679156], "data": {"selected": [40, 40, 40], "assigned": [0, 0, 0], "preselecStu": [40, 40, 40], "stuGender": [{"male": 33, "Female": 7}, {"male": 33, "Female": 7}, {"male": 33, "Female": 7}]}}