{"timestamp": [1707575973.610322, 1707587391.043879, 1707659076.278721], "data": {"selected": [7, 7, 7], "assigned": [0, 0, 0], "preselecStu": [7, 7, 7], "stuGender": [{"male": 7, "Female": 0}, {"male": 7, "Female": 0}, {"male": 7, "Female": 0}]}}