{"timestamp": [1716064027.897608, 1716495475.619534, 1725436794.976779], "data": {"selected": [0, 0, 0], "assigned": [0, 0, 8], "preselecStu": [0, 0, 0], "stuGender": [{"male": 0, "Female": 0}, {"male": 0, "Female": 0}, {"male": 0, "Female": 0}]}}