{"timestamp": [1734406882.704321, 1734469643.407593], "data": {"selected": [0, 0], "assigned": [91, 96], "preselecStu": [0, 0], "stuGender": [{"male": 0, "Female": 0}, {"male": 0, "Female": 0}]}}