{"timestamp": [1734406882.704321, 1734469643.407593, 1734556205.136256], "data": {"selected": [0, 0, 0], "assigned": [91, 96, 104], "preselecStu": [0, 0, 0], "stuGender": [{"male": 0, "Female": 0}, {"male": 0, "Female": 0}, {"male": 0, "Female": 0}]}}