{"timestamp": [1716066381.692874, 1716497618.060036, 1725440265.447956, 1725512996.226327], "data": {"selected": [0, 0, 9, 9], "assigned": [0, 0, 9, 13], "preselecStu": [0, 0, 9, 9], "stuGender": [{"male": 0, "Female": 0}, {"male": 0, "Female": 0}, {"male": 5, "Female": 4}, {"male": 5, "Female": 4}]}}