{"timestamp": [1734409737.22605, 1734472311.357296], "data": {"selected": [0, 0], "assigned": [123, 140], "preselecStu": [0, 0], "stuGender": [{"male": 0, "Female": 0}, {"male": 0, "Female": 0}]}}