{"timestamp": [1707574968.622989, 1707586194.824134], "data": {"selected": [20, 20], "assigned": [0, 0], "preselecStu": [20, 20], "stuGender": [{"male": 15, "Female": 5}, {"male": 15, "Female": 5}]}}