{"timestamp": [1716064600.571705, 1716496005.703087, 1725437654.50469, 1725510883.313822], "data": {"selected": [0, 0, 0, 35], "assigned": [0, 0, 0, 0], "preselecStu": [0, 0, 0, 0], "stuGender": [{"male": 0, "Female": 0}, {"male": 0, "Female": 0}, {"male": 0, "Female": 0}, {"male": 27, "Female": 8}]}}