{"timestamp": [1734410558.106807, 1734473100.523463, 1734560077.302742, 1734645462.447747], "data": {"selected": [0, 0, 0, 0], "assigned": [26, 28, 29, 31], "preselecStu": [0, 0, 0, 0], "stuGender": [{"male": 0, "Female": 0}, {"male": 0, "Female": 0}, {"male": 0, "Female": 0}, {"male": 0, "Female": 0}]}}