{"timestamp": [1716066980.78775, 1716498225.130757, 1725441176.81335, 1725513738.500114], "data": {"selected": [0, 0, 64, 64], "assigned": [0, 0, 11, 21], "preselecStu": [0, 0, 0, 0], "stuGender": [{"male": 0, "Female": 0}, {"male": 0, "Female": 0}, {"male": 34, "Female": 30}, {"male": 34, "Female": 30}]}}