{"timestamp": [1707578403.668083, 1707590433.825996, 1707660404.364007, 1707663020.217068], "data": {"selected": [4, 4, 4, 4], "assigned": [0, 0, 0, 0], "preselecStu": [4, 4, 4, 4], "stuGender": [{"male": 2, "Female": 2}, {"male": 2, "Female": 2}, {"male": 2, "Female": 2}, {"male": 2, "Female": 2}]}}