{"timestamp": [1716066470.848416, 1716497704.921813, 1725440402.609542, 1725513092.735106], "data": {"selected": [0, 0, 6, 6], "assigned": [0, 0, 4, 6], "preselecStu": [0, 0, 6, 6], "stuGender": [{"male": 0, "Female": 0}, {"male": 0, "Female": 0}, {"male": 1, "Female": 5}, {"male": 1, "Female": 5}]}}