{"timestamp": [1734405886.99723, 1734468614.240628, 1734555118.482945, 1734641352.878064], "data": {"selected": [43, 43, 43, 43], "assigned": [0, 0, 0, 0], "preselecStu": [0, 0, 0, 0], "stuGender": [{"male": 26, "Female": 17}, {"male": 26, "Female": 17}, {"male": 26, "Female": 17}, {"male": 26, "Female": 17}]}}