{"timestamp": [1716069107.585881, 1716500197.55044, 1725443766.28936, 1725516165.372982], "data": {"selected": [0, 0, 0, 0], "assigned": [0, 0, 2, 1], "preselecStu": [0, 0, 0, 0], "stuGender": [{"male": 0, "Female": 0}, {"male": 0, "Female": 0}, {"male": 0, "Female": 0}, {"male": 0, "Female": 0}]}}