{"timestamp": [1716064443.655525, 1716495867.436069, 1725437431.092333, 1725510714.588992], "data": {"selected": [0, 0, 48, 46], "assigned": [0, 0, 108, 226], "preselecStu": [0, 0, 48, 46], "stuGender": [{"male": 0, "Female": 0}, {"male": 0, "Female": 0}, {"male": 31, "Female": 17}, {"male": 30, "Female": 16}]}}