{"timestamp": [1716064443.655525, 1716495867.436069, 1725437431.092333], "data": {"selected": [0, 0, 48], "assigned": [0, 0, 108], "preselecStu": [0, 0, 48], "stuGender": [{"male": 0, "Female": 0}, {"male": 0, "Female": 0}, {"male": 31, "Female": 17}]}}