{"timestamp": [1716068504.133683, 1716499644.453459, 1725443109.77632, 1725515517.666669], "data": {"selected": [0, 0, 11, 8], "assigned": [0, 0, 5, 5], "preselecStu": [0, 0, 11, 8], "stuGender": [{"male": 0, "Female": 0}, {"male": 0, "Female": 0}, {"male": 8, "Female": 3}, {"male": 5, "Female": 3}]}}