{"timestamp": [1734408351.661691, 1734470998.854942, 1734557753.192486], "data": {"selected": [0, 0, 0], "assigned": [10, 11, 11], "preselecStu": [0, 0, 0], "stuGender": [{"male": 0, "Female": 0}, {"male": 0, "Female": 0}, {"male": 0, "Female": 0}]}}