{"timestamp": [1716063726.610289, 1716495197.726241, 1725436376.962984, 1725509827.494619], "data": {"selected": [0, 0, 41, 41], "assigned": [0, 0, 25, 50], "preselecStu": [0, 0, 41, 41], "stuGender": [{"male": 0, "Female": 0}, {"male": 0, "Female": 0}, {"male": 39, "Female": 2}, {"male": 39, "Female": 2}]}}