{"timestamp": [1707541901.702618, 1707545138.897728], "data": {"selected": [27, 27], "assigned": [0, 0], "preselecStu": [27, 27], "stuGender": [{"male": 19, "Female": 8}, {"male": 19, "Female": 8}]}}