{"timestamp": [1707577329.997439, 1707589044.165781], "data": {"selected": [27, 27], "assigned": [0, 0], "preselecStu": [27, 27], "stuGender": [{"male": 19, "Female": 8}, {"male": 19, "Female": 8}]}}