{"timestamp": [1725444070.079591, 1725516462.109039], "data": {"selected": [0, 0], "assigned": [22, 25], "preselecStu": [0, 0], "stuGender": [{"male": 0, "Female": 0}, {"male": 0, "Female": 0}]}}