{"timestamp": [1725444070.079591, 1725516462.109039, 1725603010.313804], "data": {"selected": [0, 0, 27], "assigned": [22, 25, 2], "preselecStu": [0, 0, 0], "stuGender": [{"male": 0, "Female": 0}, {"male": 0, "Female": 0}, {"male": 18, "Female": 9}]}}