{"timestamp": [1734406463.618569, 1734469198.638814], "data": {"selected": [0, 0], "assigned": [76, 81], "preselecStu": [0, 0], "stuGender": [{"male": 0, "Female": 0}, {"male": 0, "Female": 0}]}}