{"timestamp": [1734406463.618569, 1734469198.638814, 1734555742.494536], "data": {"selected": [0, 0, 0], "assigned": [76, 81, 82], "preselecStu": [0, 0, 0], "stuGender": [{"male": 0, "Female": 0}, {"male": 0, "Female": 0}, {"male": 0, "Female": 0}]}}