{"timestamp": [1734410835.109193, 1734473336.762157, 1734560319.474945, 1734645729.144082], "data": {"selected": [0, 0, 0, 0], "assigned": [17, 18, 18, 18], "preselecStu": [0, 0, 0, 0], "stuGender": [{"male": 0, "Female": 0}, {"male": 0, "Female": 0}, {"male": 0, "Female": 0}, {"male": 0, "Female": 0}]}}