{"timestamp": [1716069343.781551, 1716500390.007209, 1725443979.551594], "data": {"selected": [0, 0, 3], "assigned": [0, 1, 0], "preselecStu": [0, 0, 1], "stuGender": [{"male": 0, "Female": 0}, {"male": 0, "Female": 0}, {"male": 1, "Female": 2}]}}