{"timestamp": [1734404934.847473, 1734467591.620519, 1734554100.101434], "data": {"selected": [0, 0, 0], "assigned": [334, 380, 445], "preselecStu": [0, 0, 0], "stuGender": [{"male": 0, "Female": 0}, {"male": 0, "Female": 0}, {"male": 0, "Female": 0}]}}