{"timestamp": [1707578155.809253, 1707590101.27654], "data": {"selected": [10, 10], "assigned": [0, 0], "preselecStu": [10, 10], "stuGender": [{"male": 9, "Female": 1}, {"male": 9, "Female": 1}]}}