{"timestamp": [1725443633.94219, 1725516031.27284, 1725602544.750654, 1725687872.081752], "data": {"selected": [0, 0, 25, 26], "assigned": [15, 21, 1, 2], "preselecStu": [0, 0, 0, 0], "stuGender": [{"male": 0, "Female": 0}, {"male": 0, "Female": 0}, {"male": 12, "Female": 13}, {"male": 13, "Female": 13}]}}