{"timestamp": [1725443633.94219, 1725516031.27284, 1725602544.750654], "data": {"selected": [0, 0, 25], "assigned": [15, 21, 1], "preselecStu": [0, 0, 0], "stuGender": [{"male": 0, "Female": 0}, {"male": 0, "Female": 0}, {"male": 12, "Female": 13}]}}