{"timestamp": [1707540417.153333, 1707543593.201854], "data": {"selected": [30, 30], "assigned": [0, 0], "preselecStu": [30, 30], "stuGender": [{"male": 5, "Female": 25}, {"male": 5, "Female": 25}]}}