{"timestamp": [1716066817.712772, 1716498061.760001, 1725440971.754652], "data": {"selected": [0, 0, 0], "assigned": [0, 0, 6], "preselecStu": [0, 0, 0], "stuGender": [{"male": 0, "Female": 0}, {"male": 0, "Female": 0}, {"male": 0, "Female": 0}]}}