{"timestamp": [1707578163.92438, 1707590123.990218], "data": {"selected": [41, 41], "assigned": [0, 0], "preselecStu": [41, 41], "stuGender": [{"male": 29, "Female": 12}, {"male": 29, "Female": 12}]}}