{"timestamp": [1707540804.889112, 1707543983.231372], "data": {"selected": [110, 110], "assigned": [0, 0], "preselecStu": [110, 110], "stuGender": [{"male": 83, "Female": 27}, {"male": 83, "Female": 27}]}}