{"timestamp": [1716064372.270523, 1716495805.16952, 1725437333.184396, 1725510625.677966], "data": {"selected": [0, 0, 26, 23], "assigned": [0, 0, 28, 47], "preselecStu": [0, 0, 26, 23], "stuGender": [{"male": 0, "Female": 0}, {"male": 0, "Female": 0}, {"male": 22, "Female": 4}, {"male": 19, "Female": 4}]}}