{"timestamp": [1716068123.316597, 1716499294.535787, 1725442689.064415], "data": {"selected": [0, 0, 43], "assigned": [0, 0, 6], "preselecStu": [0, 0, 43], "stuGender": [{"male": 0, "Female": 0}, {"male": 0, "Female": 0}, {"male": 30, "Female": 13}]}}