{"timestamp": [1707575110.134464, 1707586385.935944], "data": {"selected": [50, 50], "assigned": [0, 0], "preselecStu": [50, 50], "stuGender": [{"male": 28, "Female": 22}, {"male": 28, "Female": 22}]}}