{"timestamp": [1734406281.674798, 1734469006.071684], "data": {"selected": [0, 0], "assigned": [45, 46], "preselecStu": [0, 0], "stuGender": [{"male": 0, "Female": 0}, {"male": 0, "Female": 0}]}}