{"timestamp": [1716063808.034987, 1716495266.570851, 1725436479.553079], "data": {"selected": [0, 0, 39], "assigned": [0, 0, 68], "preselecStu": [0, 0, 39], "stuGender": [{"male": 0, "Female": 0}, {"male": 0, "Female": 0}, {"male": 5, "Female": 34}]}}