{"timestamp": [1707540800.301416, 1707543978.686529], "data": {"selected": [53, 53], "assigned": [0, 0], "preselecStu": [53, 53], "stuGender": [{"male": 30, "Female": 23}, {"male": 30, "Female": 23}]}}