{"timestamp": [1707575300.688268, 1707586612.532694, 1707658697.915672, 1707661298.412322], "data": {"selected": [53, 53, 53, 53], "assigned": [0, 0, 0, 0], "preselecStu": [53, 53, 53, 53], "stuGender": [{"male": 30, "Female": 23}, {"male": 30, "Female": 23}, {"male": 30, "Female": 23}, {"male": 30, "Female": 23}]}}