{"timestamp": [1734410645.408675, 1734473173.378901, 1734560152.958591], "data": {"selected": [0, 0, 0], "assigned": [1, 1, 2], "preselecStu": [0, 0, 0], "stuGender": [{"male": 0, "Female": 0}, {"male": 0, "Female": 0}, {"male": 0, "Female": 0}]}}