{"timestamp": [1734410069.834103, 1734472622.516959], "data": {"selected": [0, 0], "assigned": [42, 43], "preselecStu": [0, 0], "stuGender": [{"male": 0, "Female": 0}, {"male": 0, "Female": 0}]}}