{"timestamp": [1734410069.834103, 1734472622.516959, 1734559589.381276, 1734644983.730825], "data": {"selected": [0, 0, 0, 0], "assigned": [42, 43, 43, 44], "preselecStu": [0, 0, 0, 0], "stuGender": [{"male": 0, "Female": 0}, {"male": 0, "Female": 0}, {"male": 0, "Female": 0}, {"male": 0, "Female": 0}]}}