{"timestamp": [1707577285.356469, 1707588994.155336], "data": {"selected": [39, 39], "assigned": [0, 0], "preselecStu": [39, 39], "stuGender": [{"male": 22, "Female": 17}, {"male": 22, "Female": 17}]}}