{"timestamp": [1734410870.482621, 1734473370.291609, 1734560351.438962, 1734645759.077195], "data": {"selected": [0, 0, 0, 0], "assigned": [5, 5, 5, 5], "preselecStu": [0, 0, 0, 0], "stuGender": [{"male": 0, "Female": 0}, {"male": 0, "Female": 0}, {"male": 0, "Female": 0}, {"male": 0, "Female": 0}]}}