{"timestamp": [1707541674.36545, 1707544887.683122], "data": {"selected": [41, 41], "assigned": [0, 0], "preselecStu": [41, 41], "stuGender": [{"male": 23, "Female": 18}, {"male": 23, "Female": 18}]}}