{"timestamp": [1716065594.503767, 1716496914.152925, 1725439117.683907, 1725512105.700033], "data": {"selected": [0, 0, 52, 48], "assigned": [0, 36, 1, 2], "preselecStu": [0, 0, 52, 48], "stuGender": [{"male": 0, "Female": 0}, {"male": 0, "Female": 0}, {"male": 35, "Female": 17}, {"male": 32, "Female": 16}]}}