{"timestamp": [1716065594.503767, 1716496914.152925, 1725439117.683907], "data": {"selected": [0, 0, 52], "assigned": [0, 36, 1], "preselecStu": [0, 0, 52], "stuGender": [{"male": 0, "Female": 0}, {"male": 0, "Female": 0}, {"male": 35, "Female": 17}]}}