{"timestamp": [1707575414.753364, 1707586748.859845, 1707658765.859587, 1707661365.320244], "data": {"selected": [58, 58, 58, 58], "assigned": [0, 0, 0, 0], "preselecStu": [58, 58, 58, 58], "stuGender": [{"male": 39, "Female": 19}, {"male": 39, "Female": 19}, {"male": 39, "Female": 19}, {"male": 39, "Female": 19}]}}