{"timestamp": [1707540865.125794, 1707544044.154756], "data": {"selected": [58, 58], "assigned": [0, 0], "preselecStu": [58, 58], "stuGender": [{"male": 39, "Female": 19}, {"male": 39, "Female": 19}]}}