{"timestamp": [1734410717.04288, 1734473232.920443, 1734560213.845518, 1734645613.093634], "data": {"selected": [0, 0, 0, 0], "assigned": [9, 9, 9, 9], "preselecStu": [0, 0, 0, 0], "stuGender": [{"male": 0, "Female": 0}, {"male": 0, "Female": 0}, {"male": 0, "Female": 0}, {"male": 0, "Female": 0}]}}