{"timestamp": [1707574627.008296, 1707585788.668608], "data": {"selected": [30, 30], "assigned": [0, 0], "preselecStu": [30, 30], "stuGender": [{"male": 5, "Female": 25}, {"male": 5, "Female": 25}]}}