{"timestamp": [1716066774.108894, 1716498019.395174, 1725440909.975088, 1725513483.043566], "data": {"selected": [0, 0, 63, 63], "assigned": [0, 55, 0, 0], "preselecStu": [0, 0, 63, 63], "stuGender": [{"male": 0, "Female": 0}, {"male": 0, "Female": 0}, {"male": 43, "Female": 20}, {"male": 43, "Female": 20}]}}