{"timestamp": [1707575472.029338, 1707586818.897093, 1707658799.083272, 1707661397.174822], "data": {"selected": [29, 29, 29, 29], "assigned": [0, 0, 0, 0], "preselecStu": [29, 29, 29, 29], "stuGender": [{"male": 22, "Female": 7}, {"male": 22, "Female": 7}, {"male": 22, "Female": 7}, {"male": 22, "Female": 7}]}}