{"timestamp": [1707575472.029338, 1707586818.897093], "data": {"selected": [29, 29], "assigned": [0, 0], "preselecStu": [29, 29], "stuGender": [{"male": 22, "Female": 7}, {"male": 22, "Female": 7}]}}