{"timestamp": [1716064998.550461, 1716496359.892331, 1725438247.518983, 1725511367.120209], "data": {"selected": [0, 0, 0, 0], "assigned": [0, 0, 59, 160], "preselecStu": [0, 0, 0, 0], "stuGender": [{"male": 0, "Female": 0}, {"male": 0, "Female": 0}, {"male": 0, "Female": 0}, {"male": 0, "Female": 0}]}}