{"timestamp": [1707541703.280766, 1707544930.055904], "data": {"selected": [12, 12], "assigned": [0, 0], "preselecStu": [12, 12], "stuGender": [{"male": 6, "Female": 6}, {"male": 6, "Female": 6}]}}