{"timestamp": [1707576061.28593, 1707587489.954484, 1707659121.095593, 1707661719.310435], "data": {"selected": [53, 53, 53, 53], "assigned": [0, 0, 0, 0], "preselecStu": [53, 53, 53, 53], "stuGender": [{"male": 41, "Female": 12}, {"male": 41, "Female": 12}, {"male": 41, "Female": 12}, {"male": 41, "Female": 12}]}}