{"timestamp": [1734407096.584161, 1734469845.941633, 1734556429.201142], "data": {"selected": [0, 0, 0], "assigned": [65, 65, 65], "preselecStu": [0, 0, 0], "stuGender": [{"male": 0, "Female": 0}, {"male": 0, "Female": 0}, {"male": 0, "Female": 0}]}}