{"timestamp": [1707542038.264064, 1707545278.575689], "data": {"selected": [13, 13], "assigned": [0, 0], "preselecStu": [13, 13], "stuGender": [{"male": 3, "Female": 10}, {"male": 3, "Female": 10}]}}