{"timestamp": [1707541001.166398, 1707544180.885029], "data": {"selected": [32, 32], "assigned": [0, 0], "preselecStu": [32, 32], "stuGender": [{"male": 5, "Female": 27}, {"male": 5, "Female": 27}]}}