{"timestamp": [1707541030.631664, 1707544211.777041], "data": {"selected": [16, 16], "assigned": [0, 0], "preselecStu": [16, 16], "stuGender": [{"male": 3, "Female": 13}, {"male": 3, "Female": 13}]}}