{"timestamp": [1716065312.377374, 1716496634.493323, 1725438676.002591, 1725511724.45933], "data": {"selected": [0, 0, 22, 22], "assigned": [0, 22, 0, 0], "preselecStu": [0, 0, 22, 22], "stuGender": [{"male": 0, "Female": 0}, {"male": 0, "Female": 0}, {"male": 3, "Female": 19}, {"male": 3, "Female": 19}]}}