{"timestamp": [1734404895.436417, 1734467545.938469, 1734554017.352491, 1734640345.561369], "data": {"selected": [0, 0, 0, 0], "assigned": [184, 211, 235, 257], "preselecStu": [0, 0, 0, 0], "stuGender": [{"male": 0, "Female": 0}, {"male": 0, "Female": 0}, {"male": 0, "Female": 0}, {"male": 0, "Female": 0}]}}