{"timestamp": [1707577930.771198, 1707589813.472197, 1707660152.944802], "data": {"selected": [40, 40, 40], "assigned": [0, 0, 0], "preselecStu": [40, 40, 40], "stuGender": [{"male": 30, "Female": 10}, {"male": 30, "Female": 10}, {"male": 30, "Female": 10}]}}