{"timestamp": [1707542216.464492, 1707545482.823472], "data": {"selected": [40, 40], "assigned": [0, 0], "preselecStu": [40, 40], "stuGender": [{"male": 30, "Female": 10}, {"male": 30, "Female": 10}]}}