{"timestamp": [1716067878.91401, 1716499087.841348, 1725442354.602143], "data": {"selected": [0, 0, 4], "assigned": [0, 0, 5], "preselecStu": [0, 0, 4], "stuGender": [{"male": 0, "Female": 0}, {"male": 0, "Female": 0}, {"male": 3, "Female": 1}]}}