{"timestamp": [1716066548.032124, 1716497788.7989, 1725440553.328867, 1725513181.117362], "data": {"selected": [0, 0, 53, 53], "assigned": [0, 47, 2, 2], "preselecStu": [0, 0, 53, 53], "stuGender": [{"male": 0, "Female": 0}, {"male": 0, "Female": 0}, {"male": 41, "Female": 12}, {"male": 41, "Female": 12}]}}