{"timestamp": [1707540959.702999, 1707544139.302571], "data": {"selected": [16, 16], "assigned": [0, 0], "preselecStu": [0, 0], "stuGender": [{"male": 6, "Female": 10}, {"male": 6, "Female": 10}]}}