{"timestamp": [1734410016.386846, 1734472570.204042, 1734559535.873945], "data": {"selected": [0, 0, 0], "assigned": [7, 7, 8], "preselecStu": [0, 0, 0], "stuGender": [{"male": 0, "Female": 0}, {"male": 0, "Female": 0}, {"male": 0, "Female": 0}]}}