{"timestamp": [1707578859.721508, 1707591029.163069, 1707660649.649028], "data": {"selected": [2, 2, 2], "assigned": [0, 0, 0], "preselecStu": [2, 2, 2], "stuGender": [{"male": 1, "Female": 1}, {"male": 1, "Female": 1}, {"male": 1, "Female": 1}]}}