{"timestamp": [1707577091.860586, 1707588767.330768, 1707659691.40221], "data": {"selected": [59, 59, 59], "assigned": [0, 0, 0], "preselecStu": [59, 59, 59], "stuGender": [{"male": 25, "Female": 34}, {"male": 25, "Female": 34}, {"male": 25, "Female": 34}]}}