{"timestamp": [1734410784.905355, 1734473291.531464], "data": {"selected": [0, 0], "assigned": [11, 15], "preselecStu": [0, 0], "stuGender": [{"male": 0, "Female": 0}, {"male": 0, "Female": 0}]}}