{"timestamp": [1734410784.905355, 1734473291.531464, 1734560273.224069, 1734645682.307477], "data": {"selected": [0, 0, 0, 0], "assigned": [11, 15, 19, 22], "preselecStu": [0, 0, 0, 0], "stuGender": [{"male": 0, "Female": 0}, {"male": 0, "Female": 0}, {"male": 0, "Female": 0}, {"male": 0, "Female": 0}]}}