{"timestamp": [1716068728.600716, 1716499849.457505, 1725443355.167146, 1725515752.467542], "data": {"selected": [0, 0, 0, 0], "assigned": [0, 0, 1, 2], "preselecStu": [0, 0, 0, 0], "stuGender": [{"male": 0, "Female": 0}, {"male": 0, "Female": 0}, {"male": 0, "Female": 0}, {"male": 0, "Female": 0}]}}