{"timestamp": [1707576216.750676, 1707587706.13327, 1707659206.170849, 1707661804.542975], "data": {"selected": [33, 33, 33, 33], "assigned": [0, 0, 0, 0], "preselecStu": [33, 33, 33, 33], "stuGender": [{"male": 12, "Female": 21}, {"male": 12, "Female": 21}, {"male": 12, "Female": 21}, {"male": 12, "Female": 21}]}}