{"timestamp": [1734409426.673963, 1734472025.093295, 1734558965.792927], "data": {"selected": [0, 0, 0], "assigned": [60, 79, 107], "preselecStu": [0, 0, 0], "stuGender": [{"male": 0, "Female": 0}, {"male": 0, "Female": 0}, {"male": 0, "Female": 0}]}}