{"timestamp": [1716063822.944577, 1716495281.902806, 1725436500.583002, 1725509958.786754], "data": {"selected": [0, 0, 41, 37], "assigned": [0, 0, 26, 52], "preselecStu": [0, 0, 41, 37], "stuGender": [{"male": 0, "Female": 0}, {"male": 0, "Female": 0}, {"male": 9, "Female": 32}, {"male": 9, "Female": 28}]}}