{"timestamp": [1734405322.290042, 1734467992.245406, 1734554516.254307], "data": {"selected": [0, 0, 0], "assigned": [42, 43, 51], "preselecStu": [0, 0, 0], "stuGender": [{"male": 0, "Female": 0}, {"male": 0, "Female": 0}, {"male": 0, "Female": 0}]}}