{"timestamp": [1716065084.890776, 1716496446.612544, 1725438392.324504], "data": {"selected": [0, 0, 37], "assigned": [0, 0, 8], "preselecStu": [0, 0, 37], "stuGender": [{"male": 0, "Female": 0}, {"male": 0, "Female": 0}, {"male": 9, "Female": 28}]}}