{"timestamp": [1716065084.890776, 1716496446.612544, 1725438392.324504, 1725511480.283401], "data": {"selected": [0, 0, 37, 33], "assigned": [0, 0, 8, 13], "preselecStu": [0, 0, 37, 33], "stuGender": [{"male": 0, "Female": 0}, {"male": 0, "Female": 0}, {"male": 9, "Female": 28}, {"male": 7, "Female": 26}]}}