{"timestamp": [1716068551.464586, 1716499691.064847, 1725443164.852037, 1725515569.990787], "data": {"selected": [0, 0, 20, 18], "assigned": [0, 0, 2, 2], "preselecStu": [0, 0, 0, 0], "stuGender": [{"male": 0, "Female": 0}, {"male": 0, "Female": 0}, {"male": 15, "Female": 5}, {"male": 13, "Female": 5}]}}