{"timestamp": [1707541788.626977, 1707545019.146387], "data": {"selected": [14, 14], "assigned": [0, 0], "preselecStu": [14, 14], "stuGender": [{"male": 6, "Female": 8}, {"male": 6, "Female": 8}]}}