{"timestamp": [1707577374.807599, 1707589094.239628, 1707659851.620924], "data": {"selected": [3, 3, 3], "assigned": [0, 0, 0], "preselecStu": [3, 3, 3], "stuGender": [{"male": 2, "Female": 1}, {"male": 2, "Female": 1}, {"male": 2, "Female": 1}]}}