{"timestamp": [1734404878.366795, 1734467516.847787, 1734554000.707959], "data": {"selected": [0, 0, 0], "assigned": [219, 254, 284], "preselecStu": [0, 0, 0], "stuGender": [{"male": 0, "Female": 0}, {"male": 0, "Female": 0}, {"male": 0, "Female": 0}]}}