{"timestamp": [1734404878.366795, 1734467516.847787], "data": {"selected": [0, 0], "assigned": [219, 254], "preselecStu": [0, 0], "stuGender": [{"male": 0, "Female": 0}, {"male": 0, "Female": 0}]}}