{"timestamp": [1734409375.470022, 1734471980.486545], "data": {"selected": [0, 0], "assigned": [60, 61], "preselecStu": [0, 0], "stuGender": [{"male": 0, "Female": 0}, {"male": 0, "Female": 0}]}}