{"timestamp": [1716065826.065792, 1716497125.206382, 1725439440.7159], "data": {"selected": [0, 0, 17], "assigned": [0, 0, 2], "preselecStu": [0, 0, 17], "stuGender": [{"male": 0, "Female": 0}, {"male": 0, "Female": 0}, {"male": 15, "Female": 2}]}}