{"timestamp": [1716065826.065792, 1716497125.206382, 1725439440.7159, 1725512352.276749], "data": {"selected": [0, 0, 17, 17], "assigned": [0, 0, 2, 4], "preselecStu": [0, 0, 17, 17], "stuGender": [{"male": 0, "Female": 0}, {"male": 0, "Female": 0}, {"male": 15, "Female": 2}, {"male": 15, "Female": 2}]}}