{"timestamp": [1707575586.897633, 1707586948.862482, 1707658863.570781, 1707661460.103861], "data": {"selected": [16, 16, 16, 16], "assigned": [0, 0, 0, 0], "preselecStu": [0, 0, 0, 0], "stuGender": [{"male": 2, "Female": 14}, {"male": 2, "Female": 14}, {"male": 2, "Female": 14}, {"male": 2, "Female": 14}]}}