{"timestamp": [1707540961.151324, 1707544140.331126], "data": {"selected": [16, 16], "assigned": [0, 0], "preselecStu": [0, 0], "stuGender": [{"male": 2, "Female": 14}, {"male": 2, "Female": 14}]}}