{"timestamp": [1716065127.082537, 1716496484.373358, 1725438447.952027, 1725511523.392555], "data": {"selected": [0, 0, 7, 7], "assigned": [0, 0, 0, 0], "preselecStu": [0, 0, 7, 7], "stuGender": [{"male": 0, "Female": 0}, {"male": 0, "Female": 0}, {"male": 2, "Female": 5}, {"male": 2, "Female": 5}]}}