{"timestamp": [1716066427.323965, 1716497661.86203, 1725440348.860856, 1725513046.705281], "data": {"selected": [0, 0, 0, 0], "assigned": [0, 0, 2, 4], "preselecStu": [0, 0, 0, 0], "stuGender": [{"male": 0, "Female": 0}, {"male": 0, "Female": 0}, {"male": 0, "Female": 0}, {"male": 0, "Female": 0}]}}