{"timestamp": [1716068125.468937, 1716499296.698849, 1725442691.79676, 1725515080.955412], "data": {"selected": [0, 0, 47, 47], "assigned": [0, 40, 6, 13], "preselecStu": [0, 0, 47, 47], "stuGender": [{"male": 0, "Female": 0}, {"male": 0, "Female": 0}, {"male": 36, "Female": 11}, {"male": 36, "Female": 11}]}}