{"timestamp": [1716068125.468937, 1716499296.698849, 1725442691.79676], "data": {"selected": [0, 0, 47], "assigned": [0, 40, 6], "preselecStu": [0, 0, 47], "stuGender": [{"male": 0, "Female": 0}, {"male": 0, "Female": 0}, {"male": 36, "Female": 11}]}}