{"timestamp": [1707577008.996385, 1707588667.979307, 1707659642.014818, 1707662248.534605], "data": {"selected": [26, 26, 26, 26], "assigned": [0, 0, 0, 0], "preselecStu": [26, 26, 26, 26], "stuGender": [{"male": 19, "Female": 7}, {"male": 19, "Female": 7}, {"male": 19, "Female": 7}, {"male": 19, "Female": 7}]}}