{"timestamp": [1725444067.286695, 1725516459.826075, 1725603007.646863], "data": {"selected": [0, 0, 11], "assigned": [7, 9, 2], "preselecStu": [0, 0, 0], "stuGender": [{"male": 0, "Female": 0}, {"male": 0, "Female": 0}, {"male": 9, "Female": 2}]}}