{"timestamp": [1707577504.613737, 1707589250.648612], "data": {"selected": [27, 27], "assigned": [0, 0], "preselecStu": [27, 27], "stuGender": [{"male": 17, "Female": 10}, {"male": 17, "Female": 10}]}}