{"timestamp": [1707578625.445727, 1707590736.68114], "data": {"selected": [23, 23], "assigned": [0, 0], "preselecStu": [23, 23], "stuGender": [{"male": 12, "Female": 11}, {"male": 12, "Female": 11}]}}