{"timestamp": [1707542005.53796, 1707545246.556926], "data": {"selected": [23, 23], "assigned": [0, 0], "preselecStu": [22, 22], "stuGender": [{"male": 12, "Female": 11}, {"male": 12, "Female": 11}]}}