{"timestamp": [1716067582.835705, 1716498820.647617, 1725442009.492162, 1725514424.017337], "data": {"selected": [0, 0, 7, 7], "assigned": [0, 0, 5, 6], "preselecStu": [0, 0, 7, 7], "stuGender": [{"male": 0, "Female": 0}, {"male": 0, "Female": 0}, {"male": 5, "Female": 2}, {"male": 5, "Female": 2}]}}