{"timestamp": [1734409209.412794, 1734471829.179919, 1734558734.6443, 1734644293.100028], "data": {"selected": [0, 0, 0, 0], "assigned": [22, 22, 22, 22], "preselecStu": [0, 0, 0, 0], "stuGender": [{"male": 0, "Female": 0}, {"male": 0, "Female": 0}, {"male": 0, "Female": 0}, {"male": 0, "Female": 0}]}}