{"timestamp": [1707576084.249307, 1707587517.918443, 1707659133.369298, 1707661732.580701], "data": {"selected": [8, 8, 8, 8], "assigned": [0, 0, 0, 0], "preselecStu": [8, 8, 8, 8], "stuGender": [{"male": 7, "Female": 1}, {"male": 7, "Female": 1}, {"male": 7, "Female": 1}, {"male": 7, "Female": 1}]}}