{"timestamp": [1716065399.273245, 1716496722.060746, 1725438802.821819, 1725511852.555548], "data": {"selected": [0, 0, 18, 17], "assigned": [0, 0, 7, 10], "preselecStu": [0, 0, 18, 17], "stuGender": [{"male": 0, "Female": 0}, {"male": 0, "Female": 0}, {"male": 3, "Female": 15}, {"male": 3, "Female": 14}]}}