{"timestamp": [1716065399.273245, 1716496722.060746, 1725438802.821819], "data": {"selected": [0, 0, 18], "assigned": [0, 0, 7], "preselecStu": [0, 0, 18], "stuGender": [{"male": 0, "Female": 0}, {"male": 0, "Female": 0}, {"male": 3, "Female": 15}]}}