{"timestamp": [1734405657.179056, 1734468378.600694, 1734554885.150324], "data": {"selected": [0, 0, 0], "assigned": [58, 75, 84], "preselecStu": [0, 0, 0], "stuGender": [{"male": 0, "Female": 0}, {"male": 0, "Female": 0}, {"male": 0, "Female": 0}]}}