{"timestamp": [1716065962.054874, 1716497258.739656, 1725439651.746802], "data": {"selected": [0, 0, 46], "assigned": [0, 0, 2], "preselecStu": [0, 0, 46], "stuGender": [{"male": 0, "Female": 0}, {"male": 0, "Female": 0}, {"male": 24, "Female": 22}]}}