{"timestamp": [1707575490.101678, 1707586838.874046], "data": {"selected": [16, 16], "assigned": [0, 0], "preselecStu": [16, 16], "stuGender": [{"male": 7, "Female": 9}, {"male": 7, "Female": 9}]}}