{"timestamp": [1707575490.101678, 1707586838.874046, 1707658808.578858, 1707661406.929707], "data": {"selected": [16, 16, 16, 16], "assigned": [0, 0, 0, 0], "preselecStu": [16, 16, 16, 16], "stuGender": [{"male": 7, "Female": 9}, {"male": 7, "Female": 9}, {"male": 7, "Female": 9}, {"male": 7, "Female": 9}]}}