{"timestamp": [1707540908.223884, 1707544087.008198], "data": {"selected": [16, 16], "assigned": [0, 0], "preselecStu": [16, 16], "stuGender": [{"male": 7, "Female": 9}, {"male": 7, "Female": 9}]}}