{"timestamp": [1707575505.326899, 1707586857.242576, 1707658817.879089, 1707661415.448725], "data": {"selected": [46, 46, 46, 46], "assigned": [0, 0, 0, 0], "preselecStu": [46, 46, 46, 46], "stuGender": [{"male": 16, "Female": 30}, {"male": 16, "Female": 30}, {"male": 16, "Female": 30}, {"male": 16, "Female": 30}]}}