{"timestamp": [1734407749.875848, 1734470451.249187, 1734557124.943575], "data": {"selected": [0, 0, 0], "assigned": [8, 9, 11], "preselecStu": [0, 0, 0], "stuGender": [{"male": 0, "Female": 0}, {"male": 0, "Female": 0}, {"male": 0, "Female": 0}]}}