{"timestamp": [1707541199.928651, 1707544379.632421], "data": {"selected": [67, 67], "assigned": [0, 0], "preselecStu": [67, 67], "stuGender": [{"male": 43, "Female": 24}, {"male": 43, "Female": 24}]}}