{"timestamp": [1707576029.767013, 1707587450.447653], "data": {"selected": [67, 67], "assigned": [0, 0], "preselecStu": [67, 67], "stuGender": [{"male": 43, "Female": 24}, {"male": 43, "Female": 24}]}}