{"timestamp": [1716067856.076664, 1716499065.920256, 1725442328.553793], "data": {"selected": [0, 0, 109], "assigned": [0, 0, 45], "preselecStu": [0, 0, 109], "stuGender": [{"male": 0, "Female": 0}, {"male": 0, "Female": 0}, {"male": 85, "Female": 24}]}}