{"timestamp": [1734405210.384165, 1734467855.482236, 1734554405.995719], "data": {"selected": [0, 0, 0], "assigned": [40, 47, 55], "preselecStu": [0, 0, 0], "stuGender": [{"male": 0, "Female": 0}, {"male": 0, "Female": 0}, {"male": 0, "Female": 0}]}}