{"timestamp": [1707542651.580117, 1707545928.52648], "data": {"selected": [42, 42], "assigned": [0, 0], "preselecStu": [42, 42], "stuGender": [{"male": 25, "Female": 17}, {"male": 25, "Female": 17}]}}