{"timestamp": [1707578692.201281, 1707590827.655287, 1707660560.547488], "data": {"selected": [42, 42, 42], "assigned": [0, 0, 0], "preselecStu": [42, 42, 42], "stuGender": [{"male": 25, "Female": 17}, {"male": 25, "Female": 17}, {"male": 25, "Female": 17}]}}