{"timestamp": [1716066377.35468, 1716497613.310359, 1725440259.286294], "data": {"selected": [0, 0, 2], "assigned": [0, 0, 4], "preselecStu": [0, 0, 2], "stuGender": [{"male": 0, "Female": 0}, {"male": 0, "Female": 0}, {"male": 1, "Female": 1}]}}