{"timestamp": [1734407945.801321, 1734470629.411987, 1734557329.097941, 1734643186.185776], "data": {"selected": [0, 0, 0, 0], "assigned": [45, 50, 49, 49], "preselecStu": [0, 0, 0, 0], "stuGender": [{"male": 0, "Female": 0}, {"male": 0, "Female": 0}, {"male": 0, "Female": 0}, {"male": 0, "Female": 0}]}}