{"timestamp": [1707541335.761019, 1707544523.384941], "data": {"selected": [59, 59], "assigned": [0, 0], "preselecStu": [59, 59], "stuGender": [{"male": 43, "Female": 16}, {"male": 43, "Female": 16}]}}