{"timestamp": [1707540735.835082, 1707543914.067597], "data": {"selected": [36, 36], "assigned": [0, 0], "preselecStu": [0, 0], "stuGender": [{"male": 28, "Female": 8}, {"male": 28, "Female": 8}]}}