{"timestamp": [1716068997.025664, 1716500086.198109, 1725443627.952649, 1725516025.91544], "data": {"selected": [0, 0, 5, 5], "assigned": [0, 0, 5, 6], "preselecStu": [0, 0, 5, 5], "stuGender": [{"male": 0, "Female": 0}, {"male": 0, "Female": 0}, {"male": 2, "Female": 3}, {"male": 2, "Female": 3}]}}