{"timestamp": [1734406749.863767, 1734469499.691268, 1734556056.454685], "data": {"selected": [0, 0, 0], "assigned": [15, 15, 19], "preselecStu": [0, 0, 0], "stuGender": [{"male": 0, "Female": 0}, {"male": 0, "Female": 0}, {"male": 0, "Female": 0}]}}