{"timestamp": [1707542681.101555, 1707545965.175715], "data": {"selected": [10, 10], "assigned": [0, 0], "preselecStu": [10, 10], "stuGender": [{"male": 5, "Female": 5}, {"male": 5, "Female": 5}]}}