{"timestamp": [1725444123.651092, 1725516514.495503, 1725603068.056701, 1725688279.193664], "data": {"selected": [0, 0, 11, 10], "assigned": [11, 13, 0, 0], "preselecStu": [0, 0, 0, 0], "stuGender": [{"male": 0, "Female": 0}, {"male": 0, "Female": 0}, {"male": 10, "Female": 1}, {"male": 9, "Female": 1}]}}