{"timestamp": [1716067876.78237, 1716499085.725576, 1725442352.252479], "data": {"selected": [0, 0, 4], "assigned": [0, 0, 4], "preselecStu": [0, 0, 4], "stuGender": [{"male": 0, "Female": 0}, {"male": 0, "Female": 0}, {"male": 4, "Female": 0}]}}