{"timestamp": [1716065285.336402, 1716496608.023779, 1725438632.675477], "data": {"selected": [0, 0, 20], "assigned": [0, 0, 2], "preselecStu": [0, 0, 0], "stuGender": [{"male": 0, "Female": 0}, {"male": 0, "Female": 0}, {"male": 5, "Female": 15}]}}