{"timestamp": [1734409297.372468, 1734471921.995935, 1734558835.962181, 1734644365.262402], "data": {"selected": [0, 0, 0, 0], "assigned": [1, 1, 1, 2], "preselecStu": [0, 0, 0, 0], "stuGender": [{"male": 0, "Female": 0}, {"male": 0, "Female": 0}, {"male": 0, "Female": 0}, {"male": 0, "Female": 0}]}}