{"timestamp": [1707576634.599408, 1707588231.49921, 1707659435.502694, 1707662039.344535], "data": {"selected": [60, 60, 60, 60], "assigned": [0, 0, 0, 0], "preselecStu": [60, 60, 60, 60], "stuGender": [{"male": 47, "Female": 13}, {"male": 47, "Female": 13}, {"male": 47, "Female": 13}, {"male": 47, "Female": 13}]}}