{"timestamp": [1716064329.122686, 1716495762.580723, 1725437258.36287, 1725510559.184502], "data": {"selected": [0, 0, 44, 44], "assigned": [0, 0, 64, 110], "preselecStu": [0, 0, 44, 44], "stuGender": [{"male": 0, "Female": 0}, {"male": 0, "Female": 0}, {"male": 27, "Female": 17}, {"male": 27, "Female": 17}]}}