{"timestamp": [1716064802.577537, 1716496182.386421, 1725437931.248602, 1725511124.628964], "data": {"selected": [0, 0, 0, 0], "assigned": [0, 0, 331, 589], "preselecStu": [0, 0, 0, 0], "stuGender": [{"male": 0, "Female": 0}, {"male": 0, "Female": 0}, {"male": 0, "Female": 0}, {"male": 0, "Female": 0}]}}