{"timestamp": [1716068669.908435, 1716499789.654089, 1725443284.288218, 1725515680.479313], "data": {"selected": [0, 0, 7, 7], "assigned": [0, 0, 3, 3], "preselecStu": [0, 0, 7, 7], "stuGender": [{"male": 0, "Female": 0}, {"male": 0, "Female": 0}, {"male": 6, "Female": 1}, {"male": 6, "Female": 1}]}}