{"timestamp": [1716064515.295782, 1716495921.199612, 1725437524.756475, 1725510789.82423], "data": {"selected": [0, 0, 46, 46], "assigned": [0, 0, 46, 88], "preselecStu": [0, 0, 46, 46], "stuGender": [{"male": 0, "Female": 0}, {"male": 0, "Female": 0}, {"male": 23, "Female": 23}, {"male": 23, "Female": 23}]}}