{"timestamp": [1716064515.295782, 1716495921.199612, 1725437524.756475], "data": {"selected": [0, 0, 46], "assigned": [0, 0, 46], "preselecStu": [0, 0, 46], "stuGender": [{"male": 0, "Female": 0}, {"male": 0, "Female": 0}, {"male": 23, "Female": 23}]}}