{"timestamp": [1707576870.218935, 1707588501.848216], "data": {"selected": [57, 57], "assigned": [0, 0], "preselecStu": [57, 57], "stuGender": [{"male": 37, "Female": 20}, {"male": 37, "Female": 20}]}}