{"timestamp": [1707541484.048169, 1707544688.269366], "data": {"selected": [28, 28], "assigned": [0, 0], "preselecStu": [28, 28], "stuGender": [{"male": 21, "Female": 7}, {"male": 21, "Female": 7}]}}