{"timestamp": [1716067176.844787, 1716498414.854999, 1725441419.921621], "data": {"selected": [0, 0, 2], "assigned": [0, 0, 4], "preselecStu": [0, 0, 2], "stuGender": [{"male": 0, "Female": 0}, {"male": 0, "Female": 0}, {"male": 2, "Female": 0}]}}