{"timestamp": [1734409957.647022, 1734472500.448772, 1734559474.335654], "data": {"selected": [0, 0, 0], "assigned": [53, 54, 57], "preselecStu": [0, 0, 0], "stuGender": [{"male": 0, "Female": 0}, {"male": 0, "Female": 0}, {"male": 0, "Female": 0}]}}