{"timestamp": [1725442940.02821, 1725515348.743756, 1725601742.378593], "data": {"selected": [0, 0, 1], "assigned": [0, 1, 2], "preselecStu": [0, 0, 0], "stuGender": [{"male": 0, "Female": 0}, {"male": 0, "Female": 0}, {"male": 0, "Female": 1}]}}