{"timestamp": [1726030901.361859, 1726117511.764308, 1726203118.991041, 1726289760.625774], "data": {"selected": [0, 3, 1, 1], "assigned": [0, 0, 0, 0], "preselecStu": [0, 0, 0, 0], "stuGender": [{"male": 0, "Female": 0}, {"male": 3, "Female": 0}, {"male": 1, "Female": 0}, {"male": 1, "Female": 0}]}}