{"timestamp": [1734405161.801871, 1734467818.644499, 1734554367.488292, 1734640584.02385], "data": {"selected": [0, 0, 0, 0], "assigned": [2, 2, 1, 1], "preselecStu": [0, 0, 0, 0], "stuGender": [{"male": 0, "Female": 0}, {"male": 0, "Female": 0}, {"male": 0, "Female": 0}, {"male": 0, "Female": 0}]}}