{"timestamp": [1734410638.272316, 1734473165.798864, 1734560145.384614, 1734645539.565714], "data": {"selected": [0, 0, 0, 0], "assigned": [17, 19, 23, 24], "preselecStu": [0, 0, 0, 0], "stuGender": [{"male": 0, "Female": 0}, {"male": 0, "Female": 0}, {"male": 0, "Female": 0}, {"male": 0, "Female": 0}]}}