{"timestamp": [1707540930.870304, 1707544109.573121], "data": {"selected": [50, 50], "assigned": [0, 0], "preselecStu": [50, 50], "stuGender": [{"male": 15, "Female": 35}, {"male": 15, "Female": 35}]}}