{"timestamp": [1707575530.695896, 1707586886.598802, 1707658833.546425], "data": {"selected": [50, 50, 50], "assigned": [0, 0, 0], "preselecStu": [50, 50, 50], "stuGender": [{"male": 15, "Female": 35}, {"male": 15, "Female": 35}, {"male": 15, "Female": 35}]}}