{"timestamp": [1734407451.835767, 1734470190.819561], "data": {"selected": [0, 0], "assigned": [60, 60], "preselecStu": [0, 0], "stuGender": [{"male": 0, "Female": 0}, {"male": 0, "Female": 0}]}}