{"timestamp": [1707576032.092711, 1707587453.264144, 1707659105.618868, 1707661703.427702], "data": {"selected": [64, 64, 64, 64], "assigned": [0, 0, 0, 0], "preselecStu": [64, 64, 64, 64], "stuGender": [{"male": 48, "Female": 16}, {"male": 48, "Female": 16}, {"male": 48, "Female": 16}, {"male": 48, "Female": 16}]}}