{"timestamp": [1707577341.949468, 1707589057.651383], "data": {"selected": [28, 28], "assigned": [0, 0], "preselecStu": [26, 26], "stuGender": [{"male": 21, "Female": 7}, {"male": 21, "Female": 7}]}}