{"timestamp": [1716066409.76503, 1716497644.370165, 1725440317.671229], "data": {"selected": [0, 0, 7], "assigned": [0, 0, 6], "preselecStu": [0, 0, 7], "stuGender": [{"male": 0, "Female": 0}, {"male": 0, "Female": 0}, {"male": 5, "Female": 2}]}}