{"timestamp": [1707541342.22027, 1707544530.22471], "data": {"selected": [58, 58], "assigned": [0, 0], "preselecStu": [58, 58], "stuGender": [{"male": 39, "Female": 19}, {"male": 39, "Female": 19}]}}