{"timestamp": [1716069096.607912, 1716500183.785995, 1725443753.677987, 1725516152.939346], "data": {"selected": [0, 0, 16, 16], "assigned": [0, 0, 2, 3], "preselecStu": [0, 0, 16, 16], "stuGender": [{"male": 0, "Female": 0}, {"male": 0, "Female": 0}, {"male": 8, "Female": 8}, {"male": 8, "Female": 8}]}}