{"timestamp": [1716068317.93406, 1716499470.237128, 1725442902.227223], "data": {"selected": [0, 0, 11], "assigned": [0, 0, 0], "preselecStu": [0, 0, 11], "stuGender": [{"male": 0, "Female": 0}, {"male": 0, "Female": 0}, {"male": 8, "Female": 3}]}}