{"timestamp": [1716068317.93406, 1716499470.237128, 1725442902.227223, 1725515311.392105], "data": {"selected": [0, 0, 11, 11], "assigned": [0, 0, 0, 2], "preselecStu": [0, 0, 11, 11], "stuGender": [{"male": 0, "Female": 0}, {"male": 0, "Female": 0}, {"male": 8, "Female": 3}, {"male": 8, "Female": 3}]}}