{"timestamp": [1707542148.053895, 1707545404.58403], "data": {"selected": [140, 140], "assigned": [0, 0], "preselecStu": [140, 140], "stuGender": [{"male": 110, "Female": 30}, {"male": 110, "Female": 30}]}}