{"timestamp": [1734405689.578249, 1734468425.878027, 1734554925.35621], "data": {"selected": [0, 0, 0], "assigned": [159, 195, 245], "preselecStu": [0, 0, 0], "stuGender": [{"male": 0, "Female": 0}, {"male": 0, "Female": 0}, {"male": 0, "Female": 0}]}}