{"timestamp": [1734405689.578249, 1734468425.878027], "data": {"selected": [0, 0], "assigned": [159, 195], "preselecStu": [0, 0], "stuGender": [{"male": 0, "Female": 0}, {"male": 0, "Female": 0}]}}