{"timestamp": [1734406616.56931, 1734469366.521302, 1734555908.732549], "data": {"selected": [0, 0, 0], "assigned": [13, 14, 15], "preselecStu": [0, 0, 0], "stuGender": [{"male": 0, "Female": 0}, {"male": 0, "Female": 0}, {"male": 0, "Female": 0}]}}