{"timestamp": [1716066399.707454, 1716497637.584034, 1725440295.081985, 1725513016.6447], "data": {"selected": [0, 0, 2, 2], "assigned": [0, 0, 1, 1], "preselecStu": [0, 0, 2, 2], "stuGender": [{"male": 0, "Female": 0}, {"male": 0, "Female": 0}, {"male": 2, "Female": 0}, {"male": 2, "Female": 0}]}}