{"timestamp": [1716065164.69141, 1716496513.748545, 1725438484.306115, 1725511556.768548], "data": {"selected": [0, 0, 0, 0], "assigned": [0, 0, 0, 1], "preselecStu": [0, 0, 0, 0], "stuGender": [{"male": 0, "Female": 0}, {"male": 0, "Female": 0}, {"male": 0, "Female": 0}, {"male": 0, "Female": 0}]}}