{"timestamp": [1707541903.877297, 1707545141.164489], "data": {"selected": [41, 41], "assigned": [0, 0], "preselecStu": [41, 41], "stuGender": [{"male": 16, "Female": 25}, {"male": 16, "Female": 25}]}}