{"timestamp": [1707541557.914294, 1707544763.437824], "data": {"selected": [55, 55], "assigned": [0, 0], "preselecStu": [55, 55], "stuGender": [{"male": 48, "Female": 7}, {"male": 48, "Female": 7}]}}