{"timestamp": [1716068282.485027, 1716499434.205642, 1725442858.952214, 1725515267.52717], "data": {"selected": [0, 0, 41, 41], "assigned": [0, 33, 1, 4], "preselecStu": [0, 0, 41, 41], "stuGender": [{"male": 0, "Female": 0}, {"male": 0, "Female": 0}, {"male": 18, "Female": 23}, {"male": 18, "Female": 23}]}}