{"timestamp": [1716069091.243247, 1716500179.456343, 1725443748.693532, 1725516147.644381], "data": {"selected": [0, 0, 49, 49], "assigned": [0, 45, 3, 4], "preselecStu": [0, 0, 49, 49], "stuGender": [{"male": 0, "Female": 0}, {"male": 0, "Female": 0}, {"male": 16, "Female": 33}, {"male": 16, "Female": 33}]}}