{"timestamp": [1716064086.310058, 1716495530.547629, 1725436882.422329], "data": {"selected": [0, 0, 0], "assigned": [0, 0, 8], "preselecStu": [0, 0, 0], "stuGender": [{"male": 0, "Female": 0}, {"male": 0, "Female": 0}, {"male": 0, "Female": 0}]}}