{"timestamp": [1707575566.06119, 1707586926.791478, 1707658852.863041], "data": {"selected": [3, 3, 3], "assigned": [0, 0, 0], "preselecStu": [3, 3, 3], "stuGender": [{"male": 0, "Female": 3}, {"male": 0, "Female": 3}, {"male": 0, "Female": 3}]}}