{"timestamp": [1707575688.054853, 1707587064.108902, 1707658918.223592, 1707661515.60613], "data": {"selected": [32, 32, 32, 32], "assigned": [0, 0, 0, 0], "preselecStu": [32, 32, 32, 32], "stuGender": [{"male": 9, "Female": 23}, {"male": 9, "Female": 23}, {"male": 9, "Female": 23}, {"male": 9, "Female": 23}]}}