{"timestamp": [1707541016.436047, 1707544196.815127], "data": {"selected": [32, 32], "assigned": [0, 0], "preselecStu": [32, 32], "stuGender": [{"male": 9, "Female": 23}, {"male": 9, "Female": 23}]}}