{"timestamp": [1707576804.348765, 1707588434.523484, 1707659529.313717], "data": {"selected": [6, 6, 6], "assigned": [0, 0, 0], "preselecStu": [6, 6, 6], "stuGender": [{"male": 5, "Female": 1}, {"male": 5, "Female": 1}, {"male": 5, "Female": 1}]}}