{"timestamp": [1734407529.275044, 1734470259.030826, 1734556915.275347, 1734642813.784249], "data": {"selected": [0, 0, 0, 0], "assigned": [3, 3, 4, 4], "preselecStu": [0, 0, 0, 0], "stuGender": [{"male": 0, "Female": 0}, {"male": 0, "Female": 0}, {"male": 0, "Female": 0}, {"male": 0, "Female": 0}]}}