{"timestamp": [1716066931.057827, 1716498175.78096, 1725441116.295632], "data": {"selected": [0, 0, 11], "assigned": [0, 0, 9], "preselecStu": [0, 0, 11], "stuGender": [{"male": 0, "Female": 0}, {"male": 0, "Female": 0}, {"male": 6, "Female": 5}]}}