{"timestamp": [1734408093.116501, 1734470772.776961], "data": {"selected": [0, 0], "assigned": [32, 32], "preselecStu": [0, 0], "stuGender": [{"male": 0, "Female": 0}, {"male": 0, "Female": 0}]}}