{"timestamp": [1707575444.75744, 1707586785.117475, 1707658782.97138], "data": {"selected": [18, 18, 18], "assigned": [0, 0, 0], "preselecStu": [18, 18, 18], "stuGender": [{"male": 7, "Female": 11}, {"male": 7, "Female": 11}, {"male": 7, "Female": 11}]}}