{"timestamp": [1707541956.186974, 1707545196.151014], "data": {"selected": [13, 13], "assigned": [0, 0], "preselecStu": [13, 13], "stuGender": [{"male": 7, "Female": 6}, {"male": 7, "Female": 6}]}}