{"timestamp": [1707575742.644115, 1707587126.96009, 1707658948.990906], "data": {"selected": [20, 20, 20], "assigned": [0, 0, 0], "preselecStu": [20, 20, 20], "stuGender": [{"male": 8, "Female": 12}, {"male": 8, "Female": 12}, {"male": 8, "Female": 12}]}}