{"timestamp": [1707575742.644115, 1707587126.96009], "data": {"selected": [20, 20], "assigned": [0, 0], "preselecStu": [20, 20], "stuGender": [{"male": 8, "Female": 12}, {"male": 8, "Female": 12}]}}