{"timestamp": [1734406461.245877, 1734469195.716017, 1734555738.319385], "data": {"selected": [0, 0, 0], "assigned": [39, 40, 42], "preselecStu": [0, 0, 0], "stuGender": [{"male": 0, "Female": 0}, {"male": 0, "Female": 0}, {"male": 0, "Female": 0}]}}