{"timestamp": [1707574445.10243, 1707585581.391075], "data": {"selected": [51, 51], "assigned": [0, 0], "preselecStu": [51, 51], "stuGender": [{"male": 39, "Female": 12}, {"male": 39, "Female": 12}]}}