{"timestamp": [1707540298.233149, 1707543474.114508], "data": {"selected": [51, 51], "assigned": [0, 0], "preselecStu": [51, 51], "stuGender": [{"male": 39, "Female": 12}, {"male": 39, "Female": 12}]}}