{"timestamp": [1716068346.773267, 1716499498.469923, 1725442942.407153], "data": {"selected": [0, 0, 54], "assigned": [0, 0, 3], "preselecStu": [0, 0, 0], "stuGender": [{"male": 0, "Female": 0}, {"male": 0, "Female": 0}, {"male": 40, "Female": 14}]}}