{"timestamp": [1716068326.98144, 1716499478.735463, 1725442911.630725], "data": {"selected": [0, 0, 5], "assigned": [0, 0, 8], "preselecStu": [0, 0, 5], "stuGender": [{"male": 0, "Female": 0}, {"male": 0, "Female": 0}, {"male": 4, "Female": 1}]}}