{"timestamp": [1716068326.98144, 1716499478.735463, 1725442911.630725, 1725515321.482181], "data": {"selected": [0, 0, 5, 4], "assigned": [0, 0, 8, 9], "preselecStu": [0, 0, 5, 4], "stuGender": [{"male": 0, "Female": 0}, {"male": 0, "Female": 0}, {"male": 4, "Female": 1}, {"male": 3, "Female": 1}]}}