{"timestamp": [1716068962.472825, 1716500064.864043, 1725443601.221919], "data": {"selected": [0, 0, 5], "assigned": [0, 0, 5], "preselecStu": [0, 0, 5], "stuGender": [{"male": 0, "Female": 0}, {"male": 0, "Female": 0}, {"male": 3, "Female": 2}]}}