{"timestamp": [1716068962.472825, 1716500064.864043, 1725443601.221919, 1725515997.430281], "data": {"selected": [0, 0, 5, 5], "assigned": [0, 0, 5, 6], "preselecStu": [0, 0, 5, 5], "stuGender": [{"male": 0, "Female": 0}, {"male": 0, "Female": 0}, {"male": 3, "Female": 2}, {"male": 3, "Female": 2}]}}