{"timestamp": [1707577024.506869, 1707588686.432459, 1707659651.312949], "data": {"selected": [50, 50, 50], "assigned": [0, 0, 0], "preselecStu": [50, 50, 50], "stuGender": [{"male": 43, "Female": 7}, {"male": 43, "Female": 7}, {"male": 43, "Female": 7}]}}