{"timestamp": [1734409727.370774, 1734472306.569014, 1734559292.706206], "data": {"selected": [0, 0, 0], "assigned": [15, 16, 19], "preselecStu": [0, 0, 0], "stuGender": [{"male": 0, "Female": 0}, {"male": 0, "Female": 0}, {"male": 0, "Female": 0}]}}