{"timestamp": [1734409727.370774, 1734472306.569014], "data": {"selected": [0, 0], "assigned": [15, 16], "preselecStu": [0, 0], "stuGender": [{"male": 0, "Female": 0}, {"male": 0, "Female": 0}]}}