{"timestamp": [1707577331.888632, 1707589046.402043, 1707659827.500554, 1707662438.046065], "data": {"selected": [31, 31, 31, 31], "assigned": [0, 0, 0, 0], "preselecStu": [30, 30, 30, 30], "stuGender": [{"male": 16, "Female": 15}, {"male": 16, "Female": 15}, {"male": 16, "Female": 15}, {"male": 16, "Female": 15}]}}