{"timestamp": [1734405474.840271, 1734468132.834075, 1734554652.778664, 1734640878.370577], "data": {"selected": [0, 0, 0, 0], "assigned": [47, 47, 47, 47], "preselecStu": [0, 0, 0, 0], "stuGender": [{"male": 0, "Female": 0}, {"male": 0, "Female": 0}, {"male": 0, "Female": 0}, {"male": 0, "Female": 0}]}}