{"timestamp": [1734405474.840271, 1734468132.834075], "data": {"selected": [0, 0], "assigned": [47, 47], "preselecStu": [0, 0], "stuGender": [{"male": 0, "Female": 0}, {"male": 0, "Female": 0}]}}