{"timestamp": [1707540758.920796, 1707543937.100478], "data": {"selected": [43, 43], "assigned": [0, 0], "preselecStu": [0, 0], "stuGender": [{"male": 23, "Female": 20}, {"male": 23, "Female": 20}]}}