{"timestamp": [1707575378.138962, 1707586704.954949, 1707658746.029346, 1707661343.864533], "data": {"selected": [6, 6, 6, 6], "assigned": [0, 0, 0, 0], "preselecStu": [6, 6, 6, 6], "stuGender": [{"male": 4, "Female": 2}, {"male": 4, "Female": 2}, {"male": 4, "Female": 2}, {"male": 4, "Female": 2}]}}