{"timestamp": [1707576082.40114, 1707587515.698174], "data": {"selected": [33, 33], "assigned": [0, 0], "preselecStu": [33, 33], "stuGender": [{"male": 29, "Female": 4}, {"male": 29, "Female": 4}]}}