{"timestamp": [1734405484.77681, 1734468139.937182, 1734554660.152513], "data": {"selected": [0, 0, 0], "assigned": [50, 50, 51], "preselecStu": [0, 0, 0], "stuGender": [{"male": 0, "Female": 0}, {"male": 0, "Female": 0}, {"male": 0, "Female": 0}]}}