{"timestamp": [1734406563.297793, 1734469310.224908, 1734555857.708402, 1734641997.554743], "data": {"selected": [17, 17, 17, 17], "assigned": [1, 1, 1, 1], "preselecStu": [0, 0, 0, 0], "stuGender": [{"male": 4, "Female": 13}, {"male": 4, "Female": 13}, {"male": 4, "Female": 13}, {"male": 4, "Female": 13}]}}