{"timestamp": [1716068841.949074, 1716499955.715597, 1725443472.205932, 1725515867.239857], "data": {"selected": [0, 0, 6, 6], "assigned": [0, 0, 0, 2], "preselecStu": [0, 0, 6, 6], "stuGender": [{"male": 0, "Female": 0}, {"male": 0, "Female": 0}, {"male": 3, "Female": 3}, {"male": 3, "Female": 3}]}}