{"timestamp": [1734406558.447694, 1734469305.457504, 1734555852.839631], "data": {"selected": [0, 0, 0], "assigned": [22, 22, 25], "preselecStu": [0, 0, 0], "stuGender": [{"male": 0, "Female": 0}, {"male": 0, "Female": 0}, {"male": 0, "Female": 0}]}}