{"timestamp": [1707542053.460034, 1707545299.962708], "data": {"selected": [13, 13], "assigned": [0, 0], "preselecStu": [13, 13], "stuGender": [{"male": 2, "Female": 11}, {"male": 2, "Female": 11}]}}