{"timestamp": [1734406344.456712, 1734469079.844206], "data": {"selected": [0, 0], "assigned": [52, 52], "preselecStu": [0, 0], "stuGender": [{"male": 0, "Female": 0}, {"male": 0, "Female": 0}]}}