{"timestamp": [1707575550.488702, 1707586908.821799, 1707658844.217678], "data": {"selected": [3, 3, 3], "assigned": [0, 0, 0], "preselecStu": [3, 3, 3], "stuGender": [{"male": 1, "Female": 2}, {"male": 1, "Female": 2}, {"male": 1, "Female": 2}]}}