{"timestamp": [1707576383.262648, 1707587946.843282], "data": {"selected": [11, 11], "assigned": [0, 0], "preselecStu": [11, 11], "stuGender": [{"male": 8, "Female": 3}, {"male": 8, "Female": 3}]}}