{"timestamp": [1707540726.699241, 1707543904.409558], "data": {"selected": [43, 43], "assigned": [0, 0], "preselecStu": [43, 43], "stuGender": [{"male": 16, "Female": 27}, {"male": 16, "Female": 27}]}}