{"timestamp": [1716067245.636294, 1716498478.609647, 1725441498.242572], "data": {"selected": [0, 0, 14], "assigned": [0, 0, 0], "preselecStu": [0, 0, 14], "stuGender": [{"male": 0, "Female": 0}, {"male": 0, "Female": 0}, {"male": 8, "Female": 6}]}}