{"timestamp": [1716067590.330644, 1716498827.057594, 1725442017.782094, 1725514432.513722], "data": {"selected": [0, 0, 7, 7], "assigned": [0, 0, 2, 2], "preselecStu": [0, 0, 7, 7], "stuGender": [{"male": 0, "Female": 0}, {"male": 0, "Female": 0}, {"male": 3, "Female": 4}, {"male": 3, "Female": 4}]}}