{"timestamp": [1734405570.76271, 1734468247.274448, 1734554772.006116, 1734640995.181456], "data": {"selected": [0, 0, 0, 0], "assigned": [19, 19, 23, 20], "preselecStu": [0, 0, 0, 0], "stuGender": [{"male": 0, "Female": 0}, {"male": 0, "Female": 0}, {"male": 0, "Female": 0}, {"male": 0, "Female": 0}]}}