{"timestamp": [1716066098.081156, 1716497375.056074, 1725439877.851643], "data": {"selected": [0, 0, 3], "assigned": [0, 0, 3], "preselecStu": [0, 0, 3], "stuGender": [{"male": 0, "Female": 0}, {"male": 0, "Female": 0}, {"male": 1, "Female": 2}]}}