{"timestamp": [1716064815.937609, 1716496193.847324, 1725437947.972804], "data": {"selected": [0, 0, 0], "assigned": [0, 0, 257], "preselecStu": [0, 0, 0], "stuGender": [{"male": 0, "Female": 0}, {"male": 0, "Female": 0}, {"male": 0, "Female": 0}]}}