{"timestamp": [1716065950.636384, 1716497247.250152, 1725439633.607673, 1725512496.450792], "data": {"selected": [0, 0, 49, 49], "assigned": [0, 37, 0, 0], "preselecStu": [0, 0, 49, 49], "stuGender": [{"male": 0, "Female": 0}, {"male": 0, "Female": 0}, {"male": 22, "Female": 27}, {"male": 22, "Female": 27}]}}