{"timestamp": [1734405970.503825, 1734468695.539414, 1734555206.799605, 1734641457.569975], "data": {"selected": [0, 0, 0, 0], "assigned": [39, 40, 42, 49], "preselecStu": [0, 0, 0, 0], "stuGender": [{"male": 0, "Female": 0}, {"male": 0, "Female": 0}, {"male": 0, "Female": 0}, {"male": 0, "Female": 0}]}}