{"timestamp": [1734406326.785363, 1734469062.358698, 1734555564.609924], "data": {"selected": [0, 0, 0], "assigned": [73, 86, 101], "preselecStu": [0, 0, 0], "stuGender": [{"male": 0, "Female": 0}, {"male": 0, "Female": 0}, {"male": 0, "Female": 0}]}}