{"timestamp": [1734405692.109765, 1734468429.470394, 1734554928.597436, 1734641175.456192], "data": {"selected": [0, 0, 2, 2], "assigned": [178, 213, 236, 276], "preselecStu": [0, 0, 0, 0], "stuGender": [{"male": 0, "Female": 0}, {"male": 0, "Female": 0}, {"male": 1, "Female": 1}, {"male": 1, "Female": 1}]}}