{"timestamp": [1734410934.363676, 1734473426.269303, 1734560409.819562], "data": {"selected": [0, 0, 0], "assigned": [19, 28, 32], "preselecStu": [0, 0, 0], "stuGender": [{"male": 0, "Female": 0}, {"male": 0, "Female": 0}, {"male": 0, "Female": 0}]}}