{"timestamp": [1707576270.06335, 1707587780.401971], "data": {"selected": [74, 74], "assigned": [0, 0], "preselecStu": [74, 74], "stuGender": [{"male": 40, "Female": 34}, {"male": 40, "Female": 34}]}}