{"timestamp": [1707541582.197851, 1707544788.247195], "data": {"selected": [47, 47], "assigned": [0, 0], "preselecStu": [47, 47], "stuGender": [{"male": 36, "Female": 11}, {"male": 36, "Female": 11}]}}