{"timestamp": [1707541917.582122, 1707545155.93687], "data": {"selected": [42, 42], "assigned": [0, 0], "preselecStu": [40, 40], "stuGender": [{"male": 31, "Female": 11}, {"male": 31, "Female": 11}]}}