{"timestamp": [1707541125.171559, 1707544305.943587], "data": {"selected": [90, 90], "assigned": [0, 0], "preselecStu": [90, 90], "stuGender": [{"male": 69, "Female": 21}, {"male": 69, "Female": 21}]}}