{"timestamp": [1716067288.138195, 1716498521.015094, 1725441591.855492, 1725514081.765532], "data": {"selected": [0, 0, 11, 11], "assigned": [0, 0, 0, 0], "preselecStu": [0, 0, 11, 11], "stuGender": [{"male": 0, "Female": 0}, {"male": 0, "Female": 0}, {"male": 6, "Female": 5}, {"male": 6, "Female": 5}]}}