{"timestamp": [1707577150.23339, 1707588837.128945, 1707659725.258285], "data": {"selected": [55, 55, 55], "assigned": [0, 0, 0], "preselecStu": [55, 55, 55], "stuGender": [{"male": 27, "Female": 28}, {"male": 27, "Female": 28}, {"male": 27, "Female": 28}]}}