{"timestamp": [1707576639.842188, 1707588235.993611], "data": {"selected": [41, 41], "assigned": [0, 0], "preselecStu": [41, 41], "stuGender": [{"male": 32, "Female": 9}, {"male": 32, "Female": 9}]}}