{"timestamp": [1734408789.410423, 1734471418.586975, 1734558235.340998], "data": {"selected": [0, 0, 0], "assigned": [72, 75, 76], "preselecStu": [0, 0, 0], "stuGender": [{"male": 0, "Female": 0}, {"male": 0, "Female": 0}, {"male": 0, "Female": 0}]}}