{"timestamp": [1716068650.411767, 1716499767.831386, 1725443260.261629], "data": {"selected": [0, 0, 31], "assigned": [0, 0, 3], "preselecStu": [0, 0, 31], "stuGender": [{"male": 0, "Female": 0}, {"male": 0, "Female": 0}, {"male": 21, "Female": 10}]}}