{"timestamp": [1716063819.977889, 1716495278.876677, 1725436495.087646], "data": {"selected": [0, 0, 42], "assigned": [0, 0, 23], "preselecStu": [0, 0, 42], "stuGender": [{"male": 0, "Female": 0}, {"male": 0, "Female": 0}, {"male": 8, "Female": 34}]}}