{"timestamp": [1716063819.977889, 1716495278.876677, 1725436495.087646, 1725509954.849886], "data": {"selected": [0, 0, 42, 41], "assigned": [0, 0, 23, 40], "preselecStu": [0, 0, 42, 41], "stuGender": [{"male": 0, "Female": 0}, {"male": 0, "Female": 0}, {"male": 8, "Female": 34}, {"male": 7, "Female": 34}]}}