{"timestamp": [1716067915.697767, 1716499113.912886, 1725442399.664995, 1725514804.066983], "data": {"selected": [0, 0, 0, 0], "assigned": [0, 0, 18, 22], "preselecStu": [0, 0, 0, 0], "stuGender": [{"male": 0, "Female": 0}, {"male": 0, "Female": 0}, {"male": 0, "Female": 0}, {"male": 0, "Female": 0}]}}