{"timestamp": [1716068520.28055, 1716499659.722968, 1725443127.500166], "data": {"selected": [0, 0, 10], "assigned": [0, 0, 0], "preselecStu": [0, 0, 0], "stuGender": [{"male": 0, "Female": 0}, {"male": 0, "Female": 0}, {"male": 4, "Female": 6}]}}