{"timestamp": [1707576346.794368, 1707587889.020713, 1707659277.1559], "data": {"selected": [31, 31, 31], "assigned": [0, 0, 0], "preselecStu": [31, 31, 31], "stuGender": [{"male": 23, "Female": 8}, {"male": 23, "Female": 8}, {"male": 23, "Female": 8}]}}