{"timestamp": [1734404982.273894, 1734467630.009464, 1734554149.284892], "data": {"selected": [0, 0, 0], "assigned": [250, 288, 313], "preselecStu": [0, 0, 0], "stuGender": [{"male": 0, "Female": 0}, {"male": 0, "Female": 0}, {"male": 0, "Female": 0}]}}