{"timestamp": [1716067254.318976, 1716498487.461549, 1725441509.381403, 1725514042.277693], "data": {"selected": [0, 0, 21, 21], "assigned": [0, 0, 3, 4], "preselecStu": [0, 0, 21, 21], "stuGender": [{"male": 0, "Female": 0}, {"male": 0, "Female": 0}, {"male": 14, "Female": 7}, {"male": 14, "Female": 7}]}}