{"timestamp": [1716067254.318976, 1716498487.461549, 1725441509.381403], "data": {"selected": [0, 0, 21], "assigned": [0, 0, 3], "preselecStu": [0, 0, 21], "stuGender": [{"male": 0, "Female": 0}, {"male": 0, "Female": 0}, {"male": 14, "Female": 7}]}}