{"timestamp": [1716066525.921683, 1716497767.711699, 1725440501.474165, 1725513158.762042], "data": {"selected": [0, 0, 77, 77], "assigned": [0, 68, 14, 18], "preselecStu": [0, 0, 77, 77], "stuGender": [{"male": 0, "Female": 0}, {"male": 0, "Female": 0}, {"male": 65, "Female": 12}, {"male": 65, "Female": 12}]}}