{"timestamp": [1707540660.892879, 1707543838.082844], "data": {"selected": [120, 120], "assigned": [0, 0], "preselecStu": [120, 120], "stuGender": [{"male": 69, "Female": 51}, {"male": 69, "Female": 51}]}}