{"timestamp": [1707575286.564576, 1707586596.136353, 1707658690.058837, 1707661291.001329], "data": {"selected": [47, 47, 47, 47], "assigned": [0, 0, 0, 0], "preselecStu": [47, 47, 47, 47], "stuGender": [{"male": 18, "Female": 29}, {"male": 18, "Female": 29}, {"male": 18, "Female": 29}, {"male": 18, "Female": 29}]}}