{"timestamp": [1734408951.712895, 1734471556.802599, 1734558421.633219, 1734644058.849327], "data": {"selected": [0, 0, 0, 0], "assigned": [1, 1, 1, 2], "preselecStu": [0, 0, 0, 0], "stuGender": [{"male": 0, "Female": 0}, {"male": 0, "Female": 0}, {"male": 0, "Female": 0}, {"male": 0, "Female": 0}]}}