{"timestamp": [1716063723.625202, 1716495194.591221, 1725436371.140701], "data": {"selected": [0, 0, 39], "assigned": [0, 0, 14], "preselecStu": [0, 0, 38], "stuGender": [{"male": 0, "Female": 0}, {"male": 0, "Female": 0}, {"male": 34, "Female": 5}]}}