{"timestamp": [1734409471.687395, 1734472077.006422, 1734559030.756065, 1734644502.108619], "data": {"selected": [0, 0, 0, 0], "assigned": [11, 11, 11, 11], "preselecStu": [0, 0, 0, 0], "stuGender": [{"male": 0, "Female": 0}, {"male": 0, "Female": 0}, {"male": 0, "Female": 0}, {"male": 0, "Female": 0}]}}