{"timestamp": [1707541899.723623, 1707545136.894595], "data": {"selected": [40, 40], "assigned": [0, 0], "preselecStu": [40, 40], "stuGender": [{"male": 23, "Female": 17}, {"male": 23, "Female": 17}]}}