{"timestamp": [1707577326.262963, 1707589039.764988, 1707659824.405022], "data": {"selected": [40, 40, 40], "assigned": [0, 0, 0], "preselecStu": [40, 40, 40], "stuGender": [{"male": 23, "Female": 17}, {"male": 23, "Female": 17}, {"male": 23, "Female": 17}]}}