{"timestamp": [1707575863.99311, 1707587271.688463], "data": {"selected": [42, 42], "assigned": [0, 0], "preselecStu": [42, 42], "stuGender": [{"male": 33, "Female": 9}, {"male": 33, "Female": 9}]}}