{"timestamp": [1707541580.122972, 1707544786.161212], "data": {"selected": [60, 60], "assigned": [0, 0], "preselecStu": [60, 60], "stuGender": [{"male": 49, "Female": 11}, {"male": 49, "Female": 11}]}}