{"timestamp": [1734410562.79732, 1734473106.119201, 1734560082.702212, 1734645468.364539], "data": {"selected": [0, 0, 0, 0], "assigned": [43, 43, 43, 47], "preselecStu": [0, 0, 0, 0], "stuGender": [{"male": 0, "Female": 0}, {"male": 0, "Female": 0}, {"male": 0, "Female": 0}, {"male": 0, "Female": 0}]}}