{"timestamp": [1716065379.164177, 1716496699.978531, 1725438771.223385, 1725511824.769592], "data": {"selected": [0, 0, 2, 2], "assigned": [0, 0, 1, 2], "preselecStu": [0, 0, 2, 2], "stuGender": [{"male": 0, "Female": 0}, {"male": 0, "Female": 0}, {"male": 1, "Female": 1}, {"male": 1, "Female": 1}]}}