{"timestamp": [1716066806.242541, 1716498050.245702, 1725440955.755825], "data": {"selected": [0, 0, 94], "assigned": [0, 5, 0], "preselecStu": [0, 0, 11], "stuGender": [{"male": 0, "Female": 0}, {"male": 0, "Female": 0}, {"male": 53, "Female": 41}]}}