{"timestamp": [1707540852.612855, 1707544030.589189], "data": {"selected": [17, 17], "assigned": [0, 0], "preselecStu": [17, 17], "stuGender": [{"male": 4, "Female": 13}, {"male": 4, "Female": 13}]}}