{"timestamp": [1734409976.780004, 1734472518.447, 1734559493.952332, 1734644892.318887], "data": {"selected": [0, 0, 0, 0], "assigned": [39, 41, 42, 46], "preselecStu": [0, 0, 0, 0], "stuGender": [{"male": 0, "Female": 0}, {"male": 0, "Female": 0}, {"male": 0, "Female": 0}, {"male": 0, "Female": 0}]}}