{"timestamp": [1716063916.220059, 1716495381.162512, 1725436646.790744, 1725510103.522286], "data": {"selected": [0, 0, 2, 2], "assigned": [0, 0, 0, 0], "preselecStu": [0, 0, 2, 2], "stuGender": [{"male": 0, "Female": 0}, {"male": 0, "Female": 0}, {"male": 2, "Female": 0}, {"male": 2, "Female": 0}]}}