{"timestamp": [1707576036.69732, 1707587458.079281], "data": {"selected": [46, 46], "assigned": [0, 0], "preselecStu": [46, 46], "stuGender": [{"male": 31, "Female": 15}, {"male": 31, "Female": 15}]}}