{"timestamp": [1707541972.84314, 1707545212.712532], "data": {"selected": [11, 11], "assigned": [0, 0], "preselecStu": [11, 11], "stuGender": [{"male": 3, "Female": 8}, {"male": 3, "Female": 8}]}}