{"timestamp": [1707577215.438519, 1707588913.335972], "data": {"selected": [117, 117], "assigned": [0, 0], "preselecStu": [117, 117], "stuGender": [{"male": 71, "Female": 46}, {"male": 71, "Female": 46}]}}