{"timestamp": [1707574555.244214, 1707585707.668899, 1707658257.644035], "data": {"selected": [42, 42, 42], "assigned": [0, 0, 0], "preselecStu": [42, 42, 42], "stuGender": [{"male": 9, "Female": 33}, {"male": 9, "Female": 33}, {"male": 9, "Female": 33}]}}