{"timestamp": [1716063911.836414, 1716495376.848158, 1725436641.200133], "data": {"selected": [0, 0, 3], "assigned": [0, 0, 0], "preselecStu": [0, 0, 3], "stuGender": [{"male": 0, "Female": 0}, {"male": 0, "Female": 0}, {"male": 3, "Female": 0}]}}