{"timestamp": [1716068077.608031, 1716499249.502953, 1725442615.962474, 1725515006.865276], "data": {"selected": [0, 0, 161, 158], "assigned": [0, 4, 0, 2], "preselecStu": [0, 0, 0, 0], "stuGender": [{"male": 0, "Female": 0}, {"male": 0, "Female": 0}, {"male": 114, "Female": 47}, {"male": 111, "Female": 47}]}}