{"timestamp": [1716068077.608031, 1716499249.502953, 1725442615.962474], "data": {"selected": [0, 0, 161], "assigned": [0, 4, 0], "preselecStu": [0, 0, 0], "stuGender": [{"male": 0, "Female": 0}, {"male": 0, "Female": 0}, {"male": 114, "Female": 47}]}}