{"timestamp": [1716064579.845883, 1716495985.710027, 1725437618.815867], "data": {"selected": [0, 0, 23], "assigned": [0, 0, 6], "preselecStu": [0, 0, 23], "stuGender": [{"male": 0, "Female": 0}, {"male": 0, "Female": 0}, {"male": 6, "Female": 17}]}}