{"timestamp": [1716064579.845883, 1716495985.710027, 1725437618.815867, 1725510862.085978], "data": {"selected": [0, 0, 23, 22], "assigned": [0, 0, 6, 7], "preselecStu": [0, 0, 23, 22], "stuGender": [{"male": 0, "Female": 0}, {"male": 0, "Female": 0}, {"male": 6, "Female": 17}, {"male": 6, "Female": 16}]}}