{"timestamp": [1716067772.764016, 1716498987.085832, 1725442232.24176, 1725514639.978328], "data": {"selected": [0, 0, 83, 81], "assigned": [0, 0, 15, 20], "preselecStu": [0, 0, 8, 8], "stuGender": [{"male": 0, "Female": 0}, {"male": 0, "Female": 0}, {"male": 67, "Female": 16}, {"male": 65, "Female": 16}]}}