{"timestamp": [1716065392.20271, 1716496715.490968, 1725438790.261359, 1725511844.039311], "data": {"selected": [0, 0, 16, 16], "assigned": [0, 0, 1, 3], "preselecStu": [0, 0, 16, 16], "stuGender": [{"male": 0, "Female": 0}, {"male": 0, "Female": 0}, {"male": 6, "Female": 10}, {"male": 6, "Female": 10}]}}