{"timestamp": [1734409204.550919, 1734471824.490983, 1734558728.452747, 1734644288.633288], "data": {"selected": [0, 0, 0, 0], "assigned": [22, 22, 22, 22], "preselecStu": [0, 0, 0, 0], "stuGender": [{"male": 0, "Female": 0}, {"male": 0, "Female": 0}, {"male": 0, "Female": 0}, {"male": 0, "Female": 0}]}}