{"timestamp": [1734410467.636432, 1734473007.399348, 1734559984.258395], "data": {"selected": [0, 0, 0], "assigned": [0, 1, 1], "preselecStu": [0, 0, 0], "stuGender": [{"male": 0, "Female": 0}, {"male": 0, "Female": 0}, {"male": 0, "Female": 0}]}}