{"timestamp": [1707578560.076142, 1707590649.717897, 1707660487.918261], "data": {"selected": [22, 22, 22], "assigned": [0, 0, 0], "preselecStu": [22, 22, 22], "stuGender": [{"male": 7, "Female": 15}, {"male": 7, "Female": 15}, {"male": 7, "Female": 15}]}}