{"timestamp": [1707576745.050554, 1707588364.828739, 1707659496.635329], "data": {"selected": [18, 18, 18], "assigned": [0, 0, 0], "preselecStu": [18, 18, 18], "stuGender": [{"male": 12, "Female": 6}, {"male": 12, "Female": 6}, {"male": 12, "Female": 6}]}}