{"timestamp": [1707575380.024803, 1707586707.173479, 1707658747.083128, 1707661344.940855], "data": {"selected": [30, 30, 30, 30], "assigned": [0, 0, 0, 0], "preselecStu": [30, 30, 30, 30], "stuGender": [{"male": 11, "Female": 19}, {"male": 11, "Female": 19}, {"male": 11, "Female": 19}, {"male": 11, "Female": 19}]}}