{"timestamp": [1707540845.894069, 1707544024.372406], "data": {"selected": [30, 30], "assigned": [0, 0], "preselecStu": [30, 30], "stuGender": [{"male": 11, "Female": 19}, {"male": 11, "Female": 19}]}}