{"timestamp": [1734409085.109844, 1734471702.150261, 1734558581.472824], "data": {"selected": [0, 0, 0], "assigned": [21, 21, 20], "preselecStu": [0, 0, 0], "stuGender": [{"male": 0, "Female": 0}, {"male": 0, "Female": 0}, {"male": 0, "Female": 0}]}}