{"timestamp": [1734410518.421927, 1734473061.412837, 1734560038.097955], "data": {"selected": [0, 0, 0], "assigned": [3, 3, 3], "preselecStu": [0, 0, 0], "stuGender": [{"male": 0, "Female": 0}, {"male": 0, "Female": 0}, {"male": 0, "Female": 0}]}}