{"timestamp": [1707577756.619976, 1707589572.549064, 1707660066.363026, 1707662672.68028], "data": {"selected": [29, 29, 29, 29], "assigned": [0, 0, 0, 0], "preselecStu": [29, 29, 29, 29], "stuGender": [{"male": 21, "Female": 8}, {"male": 21, "Female": 8}, {"male": 21, "Female": 8}, {"male": 21, "Female": 8}]}}