{"timestamp": [1734411101.602427, 1734473571.688678, 1734560564.181226, 1734645964.921736], "data": {"selected": [0, 0, 0, 0], "assigned": [4, 5, 8, 10], "preselecStu": [0, 0, 0, 0], "stuGender": [{"male": 0, "Female": 0}, {"male": 0, "Female": 0}, {"male": 0, "Female": 0}, {"male": 0, "Female": 0}]}}