{"timestamp": [1707578339.725511, 1707590349.590436], "data": {"selected": [31, 31], "assigned": [0, 0], "preselecStu": [31, 31], "stuGender": [{"male": 21, "Female": 10}, {"male": 21, "Female": 10}]}}