{"timestamp": [1707575949.026674, 1707587364.865219, 1707659063.858822], "data": {"selected": [13, 13, 13], "assigned": [0, 0, 0], "preselecStu": [13, 13, 13], "stuGender": [{"male": 11, "Female": 2}, {"male": 11, "Female": 2}, {"male": 11, "Female": 2}]}}