{"timestamp": [1707541311.404744, 1707544498.066283], "data": {"selected": [145, 145], "assigned": [0, 0], "preselecStu": [145, 145], "stuGender": [{"male": 77, "Female": 68}, {"male": 77, "Female": 68}]}}