{"timestamp": [1734407730.190073, 1734470431.806794, 1734557104.140384], "data": {"selected": [0, 0, 0], "assigned": [43, 46, 51], "preselecStu": [0, 0, 0], "stuGender": [{"male": 0, "Female": 0}, {"male": 0, "Female": 0}, {"male": 0, "Female": 0}]}}