{"timestamp": [1707540870.606214, 1707544050.062672], "data": {"selected": [58, 58], "assigned": [0, 0], "preselecStu": [58, 58], "stuGender": [{"male": 53, "Female": 5}, {"male": 53, "Female": 5}]}}