{"timestamp": [1734406367.999579, 1734469102.173492], "data": {"selected": [0, 0], "assigned": [44, 44], "preselecStu": [0, 0], "stuGender": [{"male": 0, "Female": 0}, {"male": 0, "Female": 0}]}}