{"timestamp": [1734406848.081793, 1734469596.302457, 1734556167.384605, 1734642250.264259], "data": {"selected": [0, 0, 0, 0], "assigned": [6, 8, 9, 9], "preselecStu": [0, 0, 0, 0], "stuGender": [{"male": 0, "Female": 0}, {"male": 0, "Female": 0}, {"male": 0, "Female": 0}, {"male": 0, "Female": 0}]}}