{"timestamp": [1707575480.726494, 1707586827.895158, 1707658803.340886], "data": {"selected": [29, 29, 29], "assigned": [0, 0, 0], "preselecStu": [29, 29, 29], "stuGender": [{"male": 9, "Female": 20}, {"male": 9, "Female": 20}, {"male": 9, "Female": 20}]}}