{"timestamp": [1707540901.251907, 1707544081.315269], "data": {"selected": [29, 29], "assigned": [0, 0], "preselecStu": [29, 29], "stuGender": [{"male": 9, "Female": 20}, {"male": 9, "Female": 20}]}}