{"timestamp": [1734409805.851165, 1734472348.727559], "data": {"selected": [0, 0], "assigned": [42, 47], "preselecStu": [0, 0], "stuGender": [{"male": 0, "Female": 0}, {"male": 0, "Female": 0}]}}