{"timestamp": [1707576659.216021, 1707588254.056541, 1707659447.142826], "data": {"selected": [73, 73, 73], "assigned": [0, 0, 0], "preselecStu": [73, 73, 73], "stuGender": [{"male": 64, "Female": 9}, {"male": 64, "Female": 9}, {"male": 64, "Female": 9}]}}