{"timestamp": [1707542105.923481, 1707545354.842245], "data": {"selected": [100, 100], "assigned": [0, 0], "preselecStu": [100, 100], "stuGender": [{"male": 78, "Female": 22}, {"male": 78, "Female": 22}]}}