{"timestamp": [1707577708.445004, 1707589518.260023, 1707660039.070795], "data": {"selected": [100, 100, 100], "assigned": [0, 0, 0], "preselecStu": [100, 100, 100], "stuGender": [{"male": 78, "Female": 22}, {"male": 78, "Female": 22}, {"male": 78, "Female": 22}]}}