{"timestamp": [1716065983.171602, 1716497274.476245, 1725439677.224627], "data": {"selected": [0, 0, 36], "assigned": [0, 1, 0], "preselecStu": [0, 0, 0], "stuGender": [{"male": 0, "Female": 0}, {"male": 0, "Female": 0}, {"male": 17, "Female": 19}]}}