{"timestamp": [1707575294.601508, 1707586605.421754, 1707658694.369533, 1707661295.208106], "data": {"selected": [8, 8, 8, 8], "assigned": [0, 0, 0, 0], "preselecStu": [8, 8, 8, 8], "stuGender": [{"male": 8, "Female": 0}, {"male": 8, "Female": 0}, {"male": 8, "Female": 0}, {"male": 8, "Female": 0}]}}