{"timestamp": [1734410108.476494, 1734472661.720872, 1734559628.717163], "data": {"selected": [0, 0, 0], "assigned": [11, 18, 25], "preselecStu": [0, 0, 0], "stuGender": [{"male": 0, "Female": 0}, {"male": 0, "Female": 0}, {"male": 0, "Female": 0}]}}