{"timestamp": [1734405630.062343, 1734468326.813755, 1734554845.375488], "data": {"selected": [0, 0, 0], "assigned": [21, 22, 25], "preselecStu": [0, 0, 0], "stuGender": [{"male": 0, "Female": 0}, {"male": 0, "Female": 0}, {"male": 0, "Female": 0}]}}