{"timestamp": [1734406729.899792, 1734469470.541865, 1734556039.14361, 1734642150.771468], "data": {"selected": [0, 0, 0, 0], "assigned": [6, 6, 6, 6], "preselecStu": [0, 0, 0, 0], "stuGender": [{"male": 0, "Female": 0}, {"male": 0, "Female": 0}, {"male": 0, "Female": 0}, {"male": 0, "Female": 0}]}}