{"timestamp": [1707542045.681809, 1707545292.70371], "data": {"selected": [12, 12], "assigned": [0, 0], "preselecStu": [12, 12], "stuGender": [{"male": 3, "Female": 9}, {"male": 3, "Female": 9}]}}