{"timestamp": [1734408434.96126, 1734471077.54539, 1734557839.372016, 1734643617.077081], "data": {"selected": [0, 0, 0, 0], "assigned": [16, 19, 21, 24], "preselecStu": [0, 0, 0, 0], "stuGender": [{"male": 0, "Female": 0}, {"male": 0, "Female": 0}, {"male": 0, "Female": 0}, {"male": 0, "Female": 0}]}}