{"timestamp": [1716065841.339576, 1716497140.824447, 1725439469.787035], "data": {"selected": [0, 0, 0], "assigned": [0, 0, 14], "preselecStu": [0, 0, 0], "stuGender": [{"male": 0, "Female": 0}, {"male": 0, "Female": 0}, {"male": 0, "Female": 0}]}}