{"timestamp": [1707575997.362568, 1707587419.444212, 1707659089.95613], "data": {"selected": [47, 47, 47], "assigned": [0, 0, 0], "preselecStu": [47, 47, 47], "stuGender": [{"male": 31, "Female": 16}, {"male": 31, "Female": 16}, {"male": 31, "Female": 16}]}}