{"timestamp": [1734407415.079336, 1734470155.333806], "data": {"selected": [0, 0], "assigned": [66, 66], "preselecStu": [0, 0], "stuGender": [{"male": 0, "Female": 0}, {"male": 0, "Female": 0}]}}