{"timestamp": [1734407980.920004, 1734470661.743197, 1734557363.881925], "data": {"selected": [0, 0, 0], "assigned": [26, 30, 33], "preselecStu": [0, 0, 0], "stuGender": [{"male": 0, "Female": 0}, {"male": 0, "Female": 0}, {"male": 0, "Female": 0}]}}