{"timestamp": [1734410719.664774, 1734473235.28853, 1734560216.250064, 1734645615.345556], "data": {"selected": [0, 0, 0, 0], "assigned": [7, 8, 8, 8], "preselecStu": [0, 0, 0, 0], "stuGender": [{"male": 0, "Female": 0}, {"male": 0, "Female": 0}, {"male": 0, "Female": 0}, {"male": 0, "Female": 0}]}}