{"timestamp": [1734409684.685328, 1734472271.211846], "data": {"selected": [0, 0], "assigned": [108, 130], "preselecStu": [0, 0], "stuGender": [{"male": 0, "Female": 0}, {"male": 0, "Female": 0}]}}