{"timestamp": [1716066002.382347, 1716497283.747792, 1725439688.984186], "data": {"selected": [0, 0, 0], "assigned": [0, 0, 26], "preselecStu": [0, 0, 0], "stuGender": [{"male": 0, "Female": 0}, {"male": 0, "Female": 0}, {"male": 0, "Female": 0}]}}