{"timestamp": [1716066906.304044, 1716498149.108527, 1725441087.322563, 1725513654.642844], "data": {"selected": [0, 0, 3, 3], "assigned": [0, 0, 10, 13], "preselecStu": [0, 0, 3, 3], "stuGender": [{"male": 0, "Female": 0}, {"male": 0, "Female": 0}, {"male": 3, "Female": 0}, {"male": 3, "Female": 0}]}}