{"timestamp": [1716068945.072022, 1716500047.766497, 1725443579.191746], "data": {"selected": [0, 0, 25], "assigned": [0, 0, 5], "preselecStu": [0, 0, 25], "stuGender": [{"male": 0, "Female": 0}, {"male": 0, "Female": 0}, {"male": 9, "Female": 16}]}}