{"timestamp": [1707542192.908543, 1707545453.272426], "data": {"selected": [40, 40], "assigned": [1, 1], "preselecStu": [40, 40], "stuGender": [{"male": 31, "Female": 10}, {"male": 31, "Female": 10}]}}