{"timestamp": [1716068792.024665, 1716499908.122195, 1725443422.182869], "data": {"selected": [0, 0, 6], "assigned": [0, 6, 0], "preselecStu": [0, 0, 6], "stuGender": [{"male": 0, "Female": 0}, {"male": 0, "Female": 0}, {"male": 2, "Female": 4}]}}