{"timestamp": [1734407341.758506, 1734470080.001725, 1734556709.321165, 1734642655.264786], "data": {"selected": [0, 0, 0, 0], "assigned": [44, 47, 49, 51], "preselecStu": [0, 0, 0, 0], "stuGender": [{"male": 0, "Female": 0}, {"male": 0, "Female": 0}, {"male": 0, "Female": 0}, {"male": 0, "Female": 0}]}}