{"timestamp": [1725442175.383056, 1725514586.829971, 1725600985.179914], "data": {"selected": [0, 0, 3], "assigned": [1, 3, 0], "preselecStu": [0, 0, 0], "stuGender": [{"male": 0, "Female": 0}, {"male": 0, "Female": 0}, {"male": 0, "Female": 3}]}}