{"timestamp": [1707542082.271063, 1707545330.267316], "data": {"selected": [66, 66], "assigned": [0, 0], "preselecStu": [66, 66], "stuGender": [{"male": 56, "Female": 10}, {"male": 56, "Female": 10}]}}