{"timestamp": [1716063962.845473, 1716495425.140254, 1725436711.281721], "data": {"selected": [0, 0, 4], "assigned": [0, 0, 0], "preselecStu": [0, 0, 4], "stuGender": [{"male": 0, "Female": 0}, {"male": 0, "Female": 0}, {"male": 4, "Female": 0}]}}