{"timestamp": [1707542046.73938, 1707545293.748327], "data": {"selected": [24, 24], "assigned": [0, 0], "preselecStu": [24, 24], "stuGender": [{"male": 6, "Female": 18}, {"male": 6, "Female": 18}]}}