{"timestamp": [1707577601.620092, 1707589367.104307], "data": {"selected": [24, 24], "assigned": [0, 0], "preselecStu": [24, 24], "stuGender": [{"male": 6, "Female": 18}, {"male": 6, "Female": 18}]}}