{"timestamp": [1707577601.620092, 1707589367.104307, 1707659977.819942, 1707662586.060187], "data": {"selected": [24, 24, 24, 24], "assigned": [0, 0, 0, 0], "preselecStu": [24, 24, 24, 24], "stuGender": [{"male": 6, "Female": 18}, {"male": 6, "Female": 18}, {"male": 6, "Female": 18}, {"male": 6, "Female": 18}]}}