{"timestamp": [1734407448.866045, 1734470187.899075, 1734556846.556887], "data": {"selected": [0, 0, 0], "assigned": [51, 52, 55], "preselecStu": [0, 0, 0], "stuGender": [{"male": 0, "Female": 0}, {"male": 0, "Female": 0}, {"male": 0, "Female": 0}]}}