{"timestamp": [1707541497.734251, 1707544702.624216], "data": {"selected": [21, 21], "assigned": [0, 0], "preselecStu": [21, 21], "stuGender": [{"male": 19, "Female": 2}, {"male": 19, "Female": 2}]}}