{"timestamp": [1707540762.163686, 1707543940.338315], "data": {"selected": [42, 42], "assigned": [0, 0], "preselecStu": [0, 0], "stuGender": [{"male": 28, "Female": 14}, {"male": 28, "Female": 14}]}}