{"timestamp": [1707575232.855976, 1707586531.604281, 1707658659.483458], "data": {"selected": [42, 42, 42], "assigned": [0, 0, 0], "preselecStu": [0, 0, 0], "stuGender": [{"male": 28, "Female": 14}, {"male": 28, "Female": 14}, {"male": 28, "Female": 14}]}}