{"timestamp": [1707575188.049409, 1707586477.972013], "data": {"selected": [42, 42], "assigned": [0, 0], "preselecStu": [0, 0], "stuGender": [{"male": 35, "Female": 7}, {"male": 35, "Female": 7}]}}