{"timestamp": [1707577303.289639, 1707589012.227187, 1707659809.924621], "data": {"selected": [77, 77, 77], "assigned": [0, 0, 0], "preselecStu": [77, 77, 77], "stuGender": [{"male": 35, "Female": 42}, {"male": 35, "Female": 42}, {"male": 35, "Female": 42}]}}