{"timestamp": [1707541886.709949, 1707545123.762575], "data": {"selected": [77, 77], "assigned": [0, 0], "preselecStu": [77, 77], "stuGender": [{"male": 35, "Female": 42}, {"male": 35, "Female": 42}]}}