{"timestamp": [1716064944.865273, 1716496309.851316, 1725438143.934116], "data": {"selected": [0, 0, 0], "assigned": [0, 0, 82], "preselecStu": [0, 0, 0], "stuGender": [{"male": 0, "Female": 0}, {"male": 0, "Female": 0}, {"male": 0, "Female": 0}]}}