{"timestamp": [1734405899.846552, 1734468626.348523, 1734555131.363668, 1734641363.859059], "data": {"selected": [38, 38, 38, 38], "assigned": [0, 0, 0, 0], "preselecStu": [0, 0, 0, 0], "stuGender": [{"male": 25, "Female": 13}, {"male": 25, "Female": 13}, {"male": 25, "Female": 13}, {"male": 25, "Female": 13}]}}