{"timestamp": [1734410077.086076, 1734472629.716737], "data": {"selected": [0, 0], "assigned": [39, 40], "preselecStu": [0, 0], "stuGender": [{"male": 0, "Female": 0}, {"male": 0, "Female": 0}]}}