{"timestamp": [1734406446.318005, 1734469177.109223, 1734555711.757171], "data": {"selected": [0, 0, 0], "assigned": [3, 3, 3], "preselecStu": [0, 0, 0], "stuGender": [{"male": 0, "Female": 0}, {"male": 0, "Female": 0}, {"male": 0, "Female": 0}]}}