{"timestamp": [1734410839.739905, 1734473341.416161, 1734560325.011353, 1734645734.463924], "data": {"selected": [0, 0, 0, 0], "assigned": [5, 8, 11, 11], "preselecStu": [0, 0, 0, 0], "stuGender": [{"male": 0, "Female": 0}, {"male": 0, "Female": 0}, {"male": 0, "Female": 0}, {"male": 0, "Female": 0}]}}