{"timestamp": [1707577213.463839, 1707588911.006485], "data": {"selected": [60, 60], "assigned": [0, 0], "preselecStu": [60, 60], "stuGender": [{"male": 35, "Female": 25}, {"male": 35, "Female": 25}]}}