{"timestamp": [1734408771.38288, 1734471400.190948, 1734558217.80066, 1734643920.215315], "data": {"selected": [0, 0, 0, 0], "assigned": [9, 11, 11, 11], "preselecStu": [0, 0, 0, 0], "stuGender": [{"male": 0, "Female": 0}, {"male": 0, "Female": 0}, {"male": 0, "Female": 0}, {"male": 0, "Female": 0}]}}