{"timestamp": [1716066271.551907, 1716497534.260809, 1725440124.890548, 1725512891.256914], "data": {"selected": [0, 0, 0, 0], "assigned": [0, 0, 37, 52], "preselecStu": [0, 0, 0, 0], "stuGender": [{"male": 0, "Female": 0}, {"male": 0, "Female": 0}, {"male": 0, "Female": 0}, {"male": 0, "Female": 0}]}}