{"timestamp": [1734406947.201128, 1734469694.713584, 1734556271.605134], "data": {"selected": [0, 0, 0], "assigned": [15, 20, 19], "preselecStu": [0, 0, 0], "stuGender": [{"male": 0, "Female": 0}, {"male": 0, "Female": 0}, {"male": 0, "Female": 0}]}}