{"timestamp": [1734404780.002633, 1734467409.056403], "data": {"selected": [0, 0], "assigned": [56, 57], "preselecStu": [0, 0], "stuGender": [{"male": 0, "Female": 0}, {"male": 0, "Female": 0}]}}