{"timestamp": [1734408138.093339, 1734470813.429773], "data": {"selected": [0, 0], "assigned": [51, 54], "preselecStu": [0, 0], "stuGender": [{"male": 0, "Female": 0}, {"male": 0, "Female": 0}]}}