{"timestamp": [1734408138.093339, 1734470813.429773, 1734557548.596557], "data": {"selected": [0, 0, 0], "assigned": [51, 54, 55], "preselecStu": [0, 0, 0], "stuGender": [{"male": 0, "Female": 0}, {"male": 0, "Female": 0}, {"male": 0, "Female": 0}]}}