{"timestamp": [1716067846.585378, 1716499061.24406, 1725442322.803033], "data": {"selected": [0, 0, 13], "assigned": [0, 0, 11], "preselecStu": [0, 0, 13], "stuGender": [{"male": 0, "Female": 0}, {"male": 0, "Female": 0}, {"male": 10, "Female": 3}]}}