{"timestamp": [1707542155.865902, 1707545412.754496], "data": {"selected": [115, 115], "assigned": [0, 0], "preselecStu": [115, 115], "stuGender": [{"male": 91, "Female": 24}, {"male": 91, "Female": 24}]}}