{"timestamp": [1707577804.340508, 1707589627.718681, 1707660091.802367, 1707662699.89119], "data": {"selected": [115, 115, 115, 115], "assigned": [0, 0, 0, 0], "preselecStu": [115, 115, 115, 115], "stuGender": [{"male": 91, "Female": 24}, {"male": 91, "Female": 24}, {"male": 91, "Female": 24}, {"male": 91, "Female": 24}]}}