{"timestamp": [1708506744.304045, 1708549150.31055, 1708635472.149597, 1708722052.709218], "data": {"selected": [0, 0, 3, 2], "assigned": [1, 3, 1, 0], "preselecStu": [0, 0, 0, 0], "stuGender": [{"male": 0, "Female": 0}, {"male": 0, "Female": 0}, {"male": 3, "Female": 0}, {"male": 2, "Female": 0}]}}