{"timestamp": [1734408540.437833, 1734471179.996037, 1734557970.844999, 1734643730.607203], "data": {"selected": [0, 0, 0, 0], "assigned": [57, 57, 57, 57], "preselecStu": [0, 0, 0, 0], "stuGender": [{"male": 0, "Female": 0}, {"male": 0, "Female": 0}, {"male": 0, "Female": 0}, {"male": 0, "Female": 0}]}}