{"timestamp": [1707541585.346136, 1707544791.399981], "data": {"selected": [18, 18], "assigned": [0, 0], "preselecStu": [18, 18], "stuGender": [{"male": 12, "Female": 6}, {"male": 12, "Female": 6}]}}