{"timestamp": [1716068088.426077, 1716499261.614043, 1725442630.900791], "data": {"selected": [0, 0, 0], "assigned": [0, 0, 2], "preselecStu": [0, 0, 0], "stuGender": [{"male": 0, "Female": 0}, {"male": 0, "Female": 0}, {"male": 0, "Female": 0}]}}