{"timestamp": [1707542260.016092, 1707545535.152187], "data": {"selected": [23, 23], "assigned": [0, 0], "preselecStu": [23, 23], "stuGender": [{"male": 18, "Female": 5}, {"male": 18, "Female": 5}]}}