{"timestamp": [1707578015.916708, 1707589904.063188], "data": {"selected": [23, 23], "assigned": [0, 0], "preselecStu": [23, 23], "stuGender": [{"male": 18, "Female": 5}, {"male": 18, "Female": 5}]}}