{"timestamp": [1707578757.039775, 1707590907.026757, 1707660597.350841, 1707663216.057687], "data": {"selected": [1, 1, 1, 1], "assigned": [0, 0, 0, 0], "preselecStu": [1, 1, 1, 1], "stuGender": [{"male": 0, "Female": 1}, {"male": 0, "Female": 1}, {"male": 0, "Female": 1}, {"male": 0, "Female": 1}]}}