{"timestamp": [1707540903.379612, 1707544083.509512], "data": {"selected": [29, 29], "assigned": [0, 0], "preselecStu": [29, 29], "stuGender": [{"male": 15, "Female": 14}, {"male": 15, "Female": 14}]}}