{"timestamp": [1707575484.480985, 1707586832.29608], "data": {"selected": [29, 29], "assigned": [0, 0], "preselecStu": [29, 29], "stuGender": [{"male": 15, "Female": 14}, {"male": 15, "Female": 14}]}}