{"timestamp": [1734411025.809668, 1734473513.488646], "data": {"selected": [0, 0], "assigned": [52, 59], "preselecStu": [0, 0], "stuGender": [{"male": 0, "Female": 0}, {"male": 0, "Female": 0}]}}