{"timestamp": [1734407857.804214, 1734470551.941645, 1734557241.066404, 1734643103.683778], "data": {"selected": [0, 0, 0, 0], "assigned": [5, 7, 8, 8], "preselecStu": [0, 0, 0, 0], "stuGender": [{"male": 0, "Female": 0}, {"male": 0, "Female": 0}, {"male": 0, "Female": 0}, {"male": 0, "Female": 0}]}}