{"timestamp": [1707578589.858583, 1707590684.956706], "data": {"selected": [25, 25], "assigned": [0, 0], "preselecStu": [25, 25], "stuGender": [{"male": 15, "Female": 10}, {"male": 15, "Female": 10}]}}