{"timestamp": [1707574581.013077, 1707585735.790451, 1707658274.47689, 1707660869.632115], "data": {"selected": [42, 42, 42, 42], "assigned": [0, 0, 0, 0], "preselecStu": [42, 42, 42, 42], "stuGender": [{"male": 19, "Female": 23}, {"male": 19, "Female": 23}, {"male": 19, "Female": 23}, {"male": 19, "Female": 23}]}}