{"timestamp": [1707575279.030609, 1707586587.162008], "data": {"selected": [16, 16], "assigned": [0, 0], "preselecStu": [16, 16], "stuGender": [{"male": 13, "Female": 3}, {"male": 13, "Female": 3}]}}