{"timestamp": [1707540788.192336, 1707543966.99319], "data": {"selected": [16, 16], "assigned": [0, 0], "preselecStu": [16, 16], "stuGender": [{"male": 13, "Female": 3}, {"male": 13, "Female": 3}]}}