{"timestamp": [1707576818.004888, 1707588450.077982, 1707659537.014646], "data": {"selected": [7, 7, 7], "assigned": [0, 0, 0], "preselecStu": [7, 7, 7], "stuGender": [{"male": 7, "Female": 0}, {"male": 7, "Female": 0}, {"male": 7, "Female": 0}]}}