{"timestamp": [1734408439.616945, 1734471082.303204, 1734557844.351013], "data": {"selected": [0, 0, 0], "assigned": [7, 9, 10], "preselecStu": [0, 0, 0], "stuGender": [{"male": 0, "Female": 0}, {"male": 0, "Female": 0}, {"male": 0, "Female": 0}]}}