{"timestamp": [1716069366.652259, 1716500412.727153, 1725444007.472568, 1725516403.383331], "data": {"selected": [0, 0, 3, 3], "assigned": [0, 0, 0, 0], "preselecStu": [0, 0, 0, 0], "stuGender": [{"male": 0, "Female": 0}, {"male": 0, "Female": 0}, {"male": 1, "Female": 2}, {"male": 1, "Female": 2}]}}