{"timestamp": [1734406934.046539, 1734469682.669276], "data": {"selected": [0, 0], "assigned": [60, 62], "preselecStu": [0, 0], "stuGender": [{"male": 0, "Female": 0}, {"male": 0, "Female": 0}]}}