{"timestamp": [1734406934.046539, 1734469682.669276, 1734556256.528857], "data": {"selected": [0, 0, 0], "assigned": [60, 62, 68], "preselecStu": [0, 0, 0], "stuGender": [{"male": 0, "Female": 0}, {"male": 0, "Female": 0}, {"male": 0, "Female": 0}]}}