{"timestamp": [1707577531.155795, 1707589281.759476], "data": {"selected": [21, 21], "assigned": [0, 0], "preselecStu": [20, 20], "stuGender": [{"male": 11, "Female": 10}, {"male": 11, "Female": 10}]}}