{"timestamp": [1707578263.646428, 1707590245.273099, 1707660329.318028], "data": {"selected": [4, 4, 4], "assigned": [0, 0, 0], "preselecStu": [4, 4, 4], "stuGender": [{"male": 3, "Female": 1}, {"male": 3, "Female": 1}, {"male": 3, "Female": 1}]}}