{"timestamp": [1734406577.750101, 1734469327.448566, 1734555872.321952], "data": {"selected": [0, 0, 0], "assigned": [24, 24, 25], "preselecStu": [0, 0, 0], "stuGender": [{"male": 0, "Female": 0}, {"male": 0, "Female": 0}, {"male": 0, "Female": 0}]}}