{"timestamp": [1734406577.750101, 1734469327.448566], "data": {"selected": [0, 0], "assigned": [24, 24], "preselecStu": [0, 0], "stuGender": [{"male": 0, "Female": 0}, {"male": 0, "Female": 0}]}}