{"timestamp": [1716067048.106256, 1716498284.571015, 1725441266.372298, 1725513803.392741], "data": {"selected": [0, 0, 29, 26], "assigned": [0, 0, 2, 7], "preselecStu": [0, 0, 29, 26], "stuGender": [{"male": 0, "Female": 0}, {"male": 0, "Female": 0}, {"male": 11, "Female": 18}, {"male": 10, "Female": 16}]}}