{"timestamp": [1716067048.106256, 1716498284.571015, 1725441266.372298], "data": {"selected": [0, 0, 29], "assigned": [0, 0, 2], "preselecStu": [0, 0, 29], "stuGender": [{"male": 0, "Female": 0}, {"male": 0, "Female": 0}, {"male": 11, "Female": 18}]}}