{"timestamp": [1734410798.200908, 1734473303.36207, 1734560285.676, 1734645695.714553], "data": {"selected": [0, 0, 0, 0], "assigned": [15, 14, 14, 14], "preselecStu": [0, 0, 0, 0], "stuGender": [{"male": 0, "Female": 0}, {"male": 0, "Female": 0}, {"male": 0, "Female": 0}, {"male": 0, "Female": 0}]}}