{"timestamp": [1707541013.169556, 1707544192.547745], "data": {"selected": [22, 22], "assigned": [0, 0], "preselecStu": [22, 22], "stuGender": [{"male": 3, "Female": 19}, {"male": 3, "Female": 19}]}}