{"timestamp": [1707575682.358634, 1707587056.912807, 1707658915.010316], "data": {"selected": [22, 22, 22], "assigned": [0, 0, 0], "preselecStu": [22, 22, 22], "stuGender": [{"male": 3, "Female": 19}, {"male": 3, "Female": 19}, {"male": 3, "Female": 19}]}}