{"timestamp": [1707542030.707864, 1707545271.261901], "data": {"selected": [23, 23], "assigned": [0, 0], "preselecStu": [23, 23], "stuGender": [{"male": 8, "Female": 15}, {"male": 8, "Female": 15}]}}