{"timestamp": [1707577573.315568, 1707589333.031343, 1707659961.723291], "data": {"selected": [23, 23, 23], "assigned": [0, 0, 0], "preselecStu": [23, 23, 23], "stuGender": [{"male": 8, "Female": 15}, {"male": 8, "Female": 15}, {"male": 8, "Female": 15}]}}