{"timestamp": [1734406664.81935, 1734469412.859989, 1734555955.542674, 1734642092.824362], "data": {"selected": [0, 0, 0, 0], "assigned": [14, 16, 20, 22], "preselecStu": [0, 0, 0, 0], "stuGender": [{"male": 0, "Female": 0}, {"male": 0, "Female": 0}, {"male": 0, "Female": 0}, {"male": 0, "Female": 0}]}}