{"timestamp": [1707542164.619282, 1707545423.695104], "data": {"selected": [70, 70], "assigned": [0, 0], "preselecStu": [70, 70], "stuGender": [{"male": 56, "Female": 14}, {"male": 56, "Female": 14}]}}