{"timestamp": [1734410745.306379, 1734473259.88878, 1734560240.562341], "data": {"selected": [0, 0, 0], "assigned": [52, 52, 53], "preselecStu": [0, 0, 0], "stuGender": [{"male": 0, "Female": 0}, {"male": 0, "Female": 0}, {"male": 0, "Female": 0}]}}