{"timestamp": [1707542289.208436, 1707545557.94876], "data": {"selected": [39, 39], "assigned": [0, 0], "preselecStu": [39, 39], "stuGender": [{"male": 20, "Female": 19}, {"male": 20, "Female": 19}]}}