{"timestamp": [1707541908.035605, 1707545145.790097], "data": {"selected": [28, 28], "assigned": [0, 0], "preselecStu": [26, 26], "stuGender": [{"male": 21, "Female": 7}, {"male": 21, "Female": 7}]}}