{"timestamp": [1707541328.428949, 1707544515.924815], "data": {"selected": [68, 68], "assigned": [0, 0], "preselecStu": [68, 68], "stuGender": [{"male": 35, "Female": 33}, {"male": 35, "Female": 33}]}}