{"timestamp": [1725437491.133666, 1725510762.500852, 1725597085.180909], "data": {"selected": [0, 0, 49], "assigned": [47, 102, 28], "preselecStu": [0, 0, 0], "stuGender": [{"male": 0, "Female": 0}, {"male": 0, "Female": 0}, {"male": 41, "Female": 8}]}}