{"timestamp": [1725437491.133666, 1725510762.500852], "data": {"selected": [0, 0], "assigned": [47, 102], "preselecStu": [0, 0], "stuGender": [{"male": 0, "Female": 0}, {"male": 0, "Female": 0}]}}