{"timestamp": [1707540993.169324, 1707544172.961299], "data": {"selected": [15, 15], "assigned": [0, 0], "preselecStu": [0, 0], "stuGender": [{"male": 1, "Female": 14}, {"male": 1, "Female": 14}]}}