{"timestamp": [1734410387.11667, 1734472929.986844, 1734559896.794153, 1734645294.390179], "data": {"selected": [0, 0, 0, 0], "assigned": [3, 7, 8, 8], "preselecStu": [0, 0, 0, 0], "stuGender": [{"male": 0, "Female": 0}, {"male": 0, "Female": 0}, {"male": 0, "Female": 0}, {"male": 0, "Female": 0}]}}