{"timestamp": [1734406309.468591, 1734469040.431505], "data": {"selected": [0, 0], "assigned": [70, 82], "preselecStu": [0, 0], "stuGender": [{"male": 0, "Female": 0}, {"male": 0, "Female": 0}]}}