{"timestamp": [1734408481.311008, 1734471119.398383], "data": {"selected": [0, 0], "assigned": [63, 64], "preselecStu": [0, 0], "stuGender": [{"male": 0, "Female": 0}, {"male": 0, "Female": 0}]}}