{"timestamp": [1734405289.927557, 1734467960.546566, 1734554494.927239], "data": {"selected": [0, 0, 0], "assigned": [27, 30, 35], "preselecStu": [0, 0, 0], "stuGender": [{"male": 0, "Female": 0}, {"male": 0, "Female": 0}, {"male": 0, "Female": 0}]}}