{"timestamp": [1707575941.026953, 1707587356.059746, 1707659059.696705], "data": {"selected": [15, 15, 15], "assigned": [0, 0, 0], "preselecStu": [15, 15, 15], "stuGender": [{"male": 10, "Female": 5}, {"male": 10, "Female": 5}, {"male": 10, "Female": 5}]}}