{"timestamp": [1734406679.112768, 1734469427.980111, 1734555996.816067, 1734642108.346684], "data": {"selected": [0, 0, 0, 0], "assigned": [29, 30, 33, 35], "preselecStu": [0, 0, 0, 0], "stuGender": [{"male": 0, "Female": 0}, {"male": 0, "Female": 0}, {"male": 0, "Female": 0}, {"male": 0, "Female": 0}]}}