{"timestamp": [1734407192.563695, 1734469933.154402], "data": {"selected": [0, 0], "assigned": [10, 11], "preselecStu": [0, 0], "stuGender": [{"male": 0, "Female": 0}, {"male": 0, "Female": 0}]}}