{"timestamp": [1734410767.013189, 1734473281.851559, 1734560262.953741], "data": {"selected": [0, 0, 0], "assigned": [41, 41, 41], "preselecStu": [0, 0, 0], "stuGender": [{"male": 0, "Female": 0}, {"male": 0, "Female": 0}, {"male": 0, "Female": 0}]}}