{"timestamp": [1707542043.641957, 1707545283.927749], "data": {"selected": [22, 22], "assigned": [0, 0], "preselecStu": [22, 22], "stuGender": [{"male": 5, "Female": 17}, {"male": 5, "Female": 17}]}}