{"timestamp": [1716064848.140733, 1716496227.724072, 1725438007.667004], "data": {"selected": [0, 0, 1], "assigned": [0, 0, 3], "preselecStu": [0, 0, 1], "stuGender": [{"male": 0, "Female": 0}, {"male": 0, "Female": 0}, {"male": 1, "Female": 0}]}}