{"timestamp": [1707577588.569999, 1707589350.928824, 1707659970.076773, 1707662578.31115], "data": {"selected": [13, 13, 13, 13], "assigned": [0, 0, 0, 0], "preselecStu": [13, 13, 13, 13], "stuGender": [{"male": 3, "Female": 10}, {"male": 3, "Female": 10}, {"male": 3, "Female": 10}, {"male": 3, "Female": 10}]}}