{"timestamp": [1725442430.076163, 1725514835.951247, 1725601224.15881, 1725686838.917515], "data": {"selected": [67, 66, 120, 129], "assigned": [36, 44, 2, 1], "preselecStu": [67, 66, 65, 65], "stuGender": [{"male": 52, "Female": 15}, {"male": 52, "Female": 14}, {"male": 96, "Female": 24}, {"male": 104, "Female": 25}]}}