{"timestamp": [1725442430.076163, 1725514835.951247], "data": {"selected": [67, 66], "assigned": [36, 44], "preselecStu": [67, 66], "stuGender": [{"male": 52, "Female": 15}, {"male": 52, "Female": 14}]}}