{"timestamp": [1716067115.86745, 1716498357.370399, 1725441347.179161], "data": {"selected": [0, 0, 77], "assigned": [0, 1, 1], "preselecStu": [0, 0, 9], "stuGender": [{"male": 0, "Female": 0}, {"male": 0, "Female": 0}, {"male": 29, "Female": 48}]}}