{"timestamp": [1707578572.950038, 1707590664.146352], "data": {"selected": [17, 17], "assigned": [0, 0], "preselecStu": [17, 17], "stuGender": [{"male": 4, "Female": 13}, {"male": 4, "Female": 13}]}}