{"timestamp": [1716064530.361511, 1716495936.690215, 1725437546.282339, 1725510806.67148], "data": {"selected": [0, 0, 50, 49], "assigned": [0, 0, 24, 38], "preselecStu": [0, 0, 50, 49], "stuGender": [{"male": 0, "Female": 0}, {"male": 0, "Female": 0}, {"male": 27, "Female": 23}, {"male": 27, "Female": 22}]}}