{"timestamp": [1734407548.45912, 1734470278.160473, 1734556935.734598], "data": {"selected": [0, 0, 0], "assigned": [24, 39, 48], "preselecStu": [0, 0, 0], "stuGender": [{"male": 0, "Female": 0}, {"male": 0, "Female": 0}, {"male": 0, "Female": 0}]}}