{"timestamp": [1716064886.645888, 1716496267.34014, 1725438074.691115, 1725511258.477381], "data": {"selected": [0, 0, 0, 0], "assigned": [0, 0, 5, 5], "preselecStu": [0, 0, 0, 0], "stuGender": [{"male": 0, "Female": 0}, {"male": 0, "Female": 0}, {"male": 0, "Female": 0}, {"male": 0, "Female": 0}]}}