{"timestamp": [1707540311.523426, 1707543487.735865], "data": {"selected": [47, 47], "assigned": [0, 0], "preselecStu": [47, 47], "stuGender": [{"male": 29, "Female": 18}, {"male": 29, "Female": 18}]}}