{"timestamp": [1707574621.545623, 1707585782.548476], "data": {"selected": [42, 42], "assigned": [0, 0], "preselecStu": [42, 42], "stuGender": [{"male": 32, "Female": 10}, {"male": 32, "Female": 10}]}}