{"timestamp": [1734409890.172209, 1734472406.968754, 1734559396.479674], "data": {"selected": [0, 0, 0], "assigned": [28, 29, 30], "preselecStu": [0, 0, 0], "stuGender": [{"male": 0, "Female": 0}, {"male": 0, "Female": 0}, {"male": 0, "Female": 0}]}}