{"timestamp": [1707575029.382613, 1707586288.802271], "data": {"selected": [50, 50], "assigned": [0, 0], "preselecStu": [50, 50], "stuGender": [{"male": 32, "Female": 18}, {"male": 32, "Female": 18}]}}