{"timestamp": [1707540649.343845, 1707543825.207667], "data": {"selected": [50, 50], "assigned": [0, 0], "preselecStu": [50, 50], "stuGender": [{"male": 32, "Female": 18}, {"male": 32, "Female": 18}]}}