{"timestamp": [1716068535.711393, 1716499675.583122, 1725443147.335887], "data": {"selected": [0, 0, 0], "assigned": [0, 0, 5], "preselecStu": [0, 0, 0], "stuGender": [{"male": 0, "Female": 0}, {"male": 0, "Female": 0}, {"male": 0, "Female": 0}]}}