{"timestamp": [1734409023.446045, 1734471650.026065, 1734558511.869944, 1734644126.849065], "data": {"selected": [0, 0, 0, 0], "assigned": [25, 25, 26, 27], "preselecStu": [0, 0, 0, 0], "stuGender": [{"male": 0, "Female": 0}, {"male": 0, "Female": 0}, {"male": 0, "Female": 0}, {"male": 0, "Female": 0}]}}