{"timestamp": [1707577690.984142, 1707589496.537562], "data": {"selected": [135, 135], "assigned": [0, 0], "preselecStu": [135, 135], "stuGender": [{"male": 113, "Female": 22}, {"male": 113, "Female": 22}]}}