{"timestamp": [1707542096.720101, 1707545345.731224], "data": {"selected": [135, 135], "assigned": [0, 0], "preselecStu": [135, 135], "stuGender": [{"male": 113, "Female": 22}, {"male": 113, "Female": 22}]}}