{"timestamp": [1734408753.785015, 1734471376.512447], "data": {"selected": [0, 0], "assigned": [43, 51], "preselecStu": [0, 0], "stuGender": [{"male": 0, "Female": 0}, {"male": 0, "Female": 0}]}}