{"timestamp": [1734408753.785015, 1734471376.512447, 1734558198.052931, 1734643903.762339], "data": {"selected": [0, 0, 0, 0], "assigned": [43, 51, 58, 64], "preselecStu": [0, 0, 0, 0], "stuGender": [{"male": 0, "Female": 0}, {"male": 0, "Female": 0}, {"male": 0, "Female": 0}, {"male": 0, "Female": 0}]}}