{"timestamp": [1716064011.495206, 1716495458.042009, 1725436766.623839, 1725510192.987517], "data": {"selected": [0, 0, 0, 0], "assigned": [0, 0, 0, 1], "preselecStu": [0, 0, 0, 0], "stuGender": [{"male": 0, "Female": 0}, {"male": 0, "Female": 0}, {"male": 0, "Female": 0}, {"male": 0, "Female": 0}]}}