{"timestamp": [1716067448.988104, 1716498684.296838, 1725441831.118035], "data": {"selected": [0, 0, 31], "assigned": [0, 0, 15], "preselecStu": [0, 0, 30], "stuGender": [{"male": 0, "Female": 0}, {"male": 0, "Female": 0}, {"male": 12, "Female": 19}]}}