{"timestamp": [1734407125.61285, 1734469873.366791, 1734556477.734988], "data": {"selected": [0, 0, 0], "assigned": [56, 56, 57], "preselecStu": [0, 0, 0], "stuGender": [{"male": 0, "Female": 0}, {"male": 0, "Female": 0}, {"male": 0, "Female": 0}]}}