{"timestamp": [1734409783.665936, 1734472335.403155], "data": {"selected": [0, 0], "assigned": [66, 66], "preselecStu": [0, 0], "stuGender": [{"male": 0, "Female": 0}, {"male": 0, "Female": 0}]}}