{"timestamp": [1734408103.901855, 1734470782.258062, 1734557515.023964], "data": {"selected": [0, 0, 0], "assigned": [17, 17, 19], "preselecStu": [0, 0, 0], "stuGender": [{"male": 0, "Female": 0}, {"male": 0, "Female": 0}, {"male": 0, "Female": 0}]}}