{"timestamp": [1716066700.510213, 1716497948.244361, 1725440790.202904, 1725513393.334424], "data": {"selected": [0, 0, 41, 39], "assigned": [0, 0, 8, 9], "preselecStu": [0, 0, 41, 39], "stuGender": [{"male": 0, "Female": 0}, {"male": 0, "Female": 0}, {"male": 32, "Female": 9}, {"male": 31, "Female": 8}]}}