{"timestamp": [1734405668.534854, 1734468393.426585, 1734554897.265076], "data": {"selected": [0, 0, 0], "assigned": [81, 103, 117], "preselecStu": [0, 0, 0], "stuGender": [{"male": 0, "Female": 0}, {"male": 0, "Female": 0}, {"male": 0, "Female": 0}]}}