{"timestamp": [1734409149.405211, 1734471766.420562], "data": {"selected": [0, 0], "assigned": [18, 17], "preselecStu": [0, 0], "stuGender": [{"male": 0, "Female": 0}, {"male": 0, "Female": 0}]}}