{"timestamp": [1716067981.307896, 1716499169.126992, 1725442481.31542], "data": {"selected": [0, 0, 67], "assigned": [0, 54, 10], "preselecStu": [0, 0, 67], "stuGender": [{"male": 0, "Female": 0}, {"male": 0, "Female": 0}, {"male": 59, "Female": 8}]}}