{"timestamp": [1707576893.449935, 1707588527.222902], "data": {"selected": [81, 81], "assigned": [0, 0], "preselecStu": [81, 81], "stuGender": [{"male": 56, "Female": 25}, {"male": 56, "Female": 25}]}}