{"timestamp": [1707575761.778449, 1707587148.902743, 1707658959.394999, 1707661556.937387], "data": {"selected": [10, 10, 10, 10], "assigned": [1, 1, 1, 1], "preselecStu": [10, 10, 10, 10], "stuGender": [{"male": 6, "Female": 5}, {"male": 6, "Female": 5}, {"male": 6, "Female": 5}, {"male": 6, "Female": 5}]}}