{"timestamp": [1707575761.778449, 1707587148.902743], "data": {"selected": [10, 10], "assigned": [1, 1], "preselecStu": [10, 10], "stuGender": [{"male": 6, "Female": 5}, {"male": 6, "Female": 5}]}}