{"timestamp": [1707578507.1996, 1707590561.759413, 1707660458.180268], "data": {"selected": [2, 2, 2], "assigned": [0, 0, 0], "preselecStu": [2, 2, 2], "stuGender": [{"male": 1, "Female": 1}, {"male": 1, "Female": 1}, {"male": 1, "Female": 1}]}}