{"timestamp": [1716067821.584624, 1716499035.742478, 1725442294.473678, 1725514695.367906], "data": {"selected": [0, 0, 70, 70], "assigned": [0, 59, 7, 9], "preselecStu": [0, 0, 66, 66], "stuGender": [{"male": 0, "Female": 0}, {"male": 0, "Female": 0}, {"male": 60, "Female": 10}, {"male": 60, "Female": 10}]}}