{"timestamp": [1707542255.008788, 1707545530.669166], "data": {"selected": [32, 32], "assigned": [0, 0], "preselecStu": [32, 32], "stuGender": [{"male": 28, "Female": 4}, {"male": 28, "Female": 4}]}}