{"timestamp": [1716067574.154702, 1716498812.113532, 1725441998.119181], "data": {"selected": [0, 0, 8], "assigned": [0, 0, 4], "preselecStu": [0, 0, 8], "stuGender": [{"male": 0, "Female": 0}, {"male": 0, "Female": 0}, {"male": 5, "Female": 3}]}}