{"timestamp": [1716066563.807429, 1716497808.391051, 1725440574.75988, 1725513198.468772], "data": {"selected": [0, 0, 49, 49], "assigned": [0, 0, 13, 21], "preselecStu": [0, 0, 49, 49], "stuGender": [{"male": 0, "Female": 0}, {"male": 0, "Female": 0}, {"male": 42, "Female": 7}, {"male": 42, "Female": 7}]}}