{"timestamp": [1707574952.434274, 1707586176.555761], "data": {"selected": [65, 65], "assigned": [0, 0], "preselecStu": [65, 65], "stuGender": [{"male": 31, "Female": 34}, {"male": 31, "Female": 34}]}}