{"timestamp": [1707541531.566668, 1707544736.352963], "data": {"selected": [100, 100], "assigned": [0, 0], "preselecStu": [100, 100], "stuGender": [{"male": 81, "Female": 19}, {"male": 81, "Female": 19}]}}