{"timestamp": [1707576644.736441, 1707588240.531016], "data": {"selected": [100, 100], "assigned": [0, 0], "preselecStu": [100, 100], "stuGender": [{"male": 81, "Female": 19}, {"male": 81, "Female": 19}]}}