{"timestamp": [1707540361.187985, 1707543537.018993], "data": {"selected": [42, 42], "assigned": [0, 0], "preselecStu": [42, 42], "stuGender": [{"male": 33, "Female": 9}, {"male": 33, "Female": 9}]}}