{"timestamp": [1734410668.659556, 1734473196.690161, 1734560177.20524], "data": {"selected": [0, 0, 0], "assigned": [22, 22, 23], "preselecStu": [0, 0, 0], "stuGender": [{"male": 0, "Female": 0}, {"male": 0, "Female": 0}, {"male": 0, "Female": 0}]}}