{"timestamp": [1707577992.890099, 1707589873.482736, 1707660179.6551], "data": {"selected": [30, 30, 30], "assigned": [0, 0, 0], "preselecStu": [30, 30, 30], "stuGender": [{"male": 25, "Female": 5}, {"male": 25, "Female": 5}, {"male": 25, "Female": 5}]}}