{"timestamp": [1716064820.454082, 1716496198.220898, 1725437955.153386, 1725511155.629535], "data": {"selected": [0, 0, 0, 0], "assigned": [0, 0, 46, 79], "preselecStu": [0, 0, 0, 0], "stuGender": [{"male": 0, "Female": 0}, {"male": 0, "Female": 0}, {"male": 0, "Female": 0}, {"male": 0, "Female": 0}]}}