{"timestamp": [1707541028.250803, 1707544209.710598], "data": {"selected": [31, 31], "assigned": [0, 0], "preselecStu": [31, 31], "stuGender": [{"male": 8, "Female": 23}, {"male": 8, "Female": 23}]}}