{"timestamp": [1707575709.372336, 1707587088.946643, 1707658931.145843, 1707661528.086173], "data": {"selected": [31, 31, 31, 31], "assigned": [0, 0, 0, 0], "preselecStu": [31, 31, 31, 31], "stuGender": [{"male": 8, "Female": 23}, {"male": 8, "Female": 23}, {"male": 8, "Female": 23}, {"male": 8, "Female": 23}]}}