{"timestamp": [1716064734.144763, 1716496126.294206, 1725437844.854734, 1725511045.069678], "data": {"selected": [0, 0, 27, 27], "assigned": [0, 28, 1, 9], "preselecStu": [0, 0, 27, 27], "stuGender": [{"male": 0, "Female": 0}, {"male": 0, "Female": 0}, {"male": 21, "Female": 6}, {"male": 21, "Female": 6}]}}