{"timestamp": [1725443646.421293, 1725516041.536643, 1725602553.991934], "data": {"selected": [0, 0, 5], "assigned": [5, 5, 1], "preselecStu": [0, 0, 0], "stuGender": [{"male": 0, "Female": 0}, {"male": 0, "Female": 0}, {"male": 4, "Female": 1}]}}