{"timestamp": [1707542205.941936, 1707545472.211724], "data": {"selected": [161, 161], "assigned": [0, 0], "preselecStu": [161, 161], "stuGender": [{"male": 116, "Female": 45}, {"male": 116, "Female": 45}]}}