{"timestamp": [1716065953.350936, 1716497249.855623, 1725439638.160152, 1725512499.906435], "data": {"selected": [0, 0, 51, 51], "assigned": [0, 37, 0, 0], "preselecStu": [0, 0, 51, 51], "stuGender": [{"male": 0, "Female": 0}, {"male": 0, "Female": 0}, {"male": 28, "Female": 23}, {"male": 28, "Female": 23}]}}