{"timestamp": [1716066228.83495, 1716497499.752356, 1725440073.637189], "data": {"selected": [0, 0, 46], "assigned": [0, 0, 3], "preselecStu": [0, 0, 0], "stuGender": [{"male": 0, "Female": 0}, {"male": 0, "Female": 0}, {"male": 37, "Female": 9}]}}