{"timestamp": [1716064547.642527, 1716495955.301319, 1725437574.884067, 1725510826.548297], "data": {"selected": [0, 0, 47, 44], "assigned": [0, 0, 22, 37], "preselecStu": [0, 0, 47, 44], "stuGender": [{"male": 0, "Female": 0}, {"male": 0, "Female": 0}, {"male": 20, "Female": 27}, {"male": 18, "Female": 26}]}}