{"timestamp": [1716064547.642527, 1716495955.301319, 1725437574.884067], "data": {"selected": [0, 0, 47], "assigned": [0, 0, 22], "preselecStu": [0, 0, 47], "stuGender": [{"male": 0, "Female": 0}, {"male": 0, "Female": 0}, {"male": 20, "Female": 27}]}}