{"timestamp": [1734406962.388145, 1734469713.619768], "data": {"selected": [0, 0], "assigned": [29, 38], "preselecStu": [0, 0], "stuGender": [{"male": 0, "Female": 0}, {"male": 0, "Female": 0}]}}