{"timestamp": [1725442180.713972, 1725514591.410802, 1725600989.819796], "data": {"selected": [0, 0, 7], "assigned": [5, 5, 1], "preselecStu": [0, 0, 0], "stuGender": [{"male": 0, "Female": 0}, {"male": 0, "Female": 0}, {"male": 3, "Female": 4}]}}