{"timestamp": [1734409219.351289, 1734471841.289608, 1734558751.669249], "data": {"selected": [0, 0, 0], "assigned": [6, 14, 15], "preselecStu": [0, 0, 0], "stuGender": [{"male": 0, "Female": 0}, {"male": 0, "Female": 0}, {"male": 0, "Female": 0}]}}