{"timestamp": [1707578503.478698, 1707590556.926256, 1707660456.142479], "data": {"selected": [4, 4, 4], "assigned": [0, 0, 0], "preselecStu": [4, 4, 4], "stuGender": [{"male": 0, "Female": 4}, {"male": 0, "Female": 4}, {"male": 0, "Female": 4}]}}