{"timestamp": [1734405363.07724, 1734468021.550691, 1734554548.453139], "data": {"selected": [0, 0, 0], "assigned": [28, 31, 39], "preselecStu": [0, 0, 0], "stuGender": [{"male": 0, "Female": 0}, {"male": 0, "Female": 0}, {"male": 0, "Female": 0}]}}