{"timestamp": [1707540663.070149, 1707543840.205689], "data": {"selected": [18, 18], "assigned": [0, 0], "preselecStu": [18, 18], "stuGender": [{"male": 5, "Female": 13}, {"male": 5, "Female": 13}]}}