{"timestamp": [1707577536.809573, 1707589288.491928, 1707659941.316679], "data": {"selected": [21, 21, 21], "assigned": [0, 0, 0], "preselecStu": [21, 21, 21], "stuGender": [{"male": 4, "Female": 17}, {"male": 4, "Female": 17}, {"male": 4, "Female": 17}]}}