{"timestamp": [1716068120.127354, 1716499292.402678, 1725442686.330776, 1725515076.260063], "data": {"selected": [0, 0, 42, 42], "assigned": [0, 1, 13, 18], "preselecStu": [0, 0, 0, 0], "stuGender": [{"male": 0, "Female": 0}, {"male": 0, "Female": 0}, {"male": 27, "Female": 15}, {"male": 27, "Female": 15}]}}