{"timestamp": [1716068040.692393, 1716499225.31261, 1725442572.286993, 1725514978.25386], "data": {"selected": [0, 0, 80, 80], "assigned": [0, 0, 113, 141], "preselecStu": [0, 0, 80, 80], "stuGender": [{"male": 0, "Female": 0}, {"male": 0, "Female": 0}, {"male": 60, "Female": 20}, {"male": 60, "Female": 20}]}}