{"timestamp": [1734405717.388863, 1734468450.794849], "data": {"selected": [0, 0], "assigned": [350, 407], "preselecStu": [0, 0], "stuGender": [{"male": 0, "Female": 0}, {"male": 0, "Female": 0}]}}