{"timestamp": [1734405717.388863, 1734468450.794849, 1734554941.4996, 1734641198.518603], "data": {"selected": [0, 0, 0, 0], "assigned": [350, 407, 477, 542], "preselecStu": [0, 0, 0, 0], "stuGender": [{"male": 0, "Female": 0}, {"male": 0, "Female": 0}, {"male": 0, "Female": 0}, {"male": 0, "Female": 0}]}}