{"timestamp": [1734407951.656226, 1734470634.213899, 1734557335.696974], "data": {"selected": [0, 0, 0], "assigned": [49, 51, 53], "preselecStu": [0, 0, 0], "stuGender": [{"male": 0, "Female": 0}, {"male": 0, "Female": 0}, {"male": 0, "Female": 0}]}}