{"timestamp": [1734408132.315508, 1734470808.648519], "data": {"selected": [0, 0], "assigned": [62, 63], "preselecStu": [0, 0], "stuGender": [{"male": 0, "Female": 0}, {"male": 0, "Female": 0}]}}