{"timestamp": [1734407263.214802, 1734469998.255121, 1734556636.895854, 1734642594.151411], "data": {"selected": [0, 0, 0, 0], "assigned": [0, 0, 1, 0], "preselecStu": [0, 0, 0, 0], "stuGender": [{"male": 0, "Female": 0}, {"male": 0, "Female": 0}, {"male": 0, "Female": 0}, {"male": 0, "Female": 0}]}}