{"timestamp": [1734409403.840226, 1734471997.712321], "data": {"selected": [0, 0], "assigned": [19, 22], "preselecStu": [0, 0], "stuGender": [{"male": 0, "Female": 0}, {"male": 0, "Female": 0}]}}