{"timestamp": [1734409403.840226, 1734471997.712321, 1734558944.06388, 1734644436.922025], "data": {"selected": [0, 0, 0, 0], "assigned": [19, 22, 26, 31], "preselecStu": [0, 0, 0, 0], "stuGender": [{"male": 0, "Female": 0}, {"male": 0, "Female": 0}, {"male": 0, "Female": 0}, {"male": 0, "Female": 0}]}}