{"timestamp": [1716066403.679985, 1716497639.780665, 1725440298.808345, 1725513019.30661], "data": {"selected": [0, 0, 0, 0], "assigned": [0, 0, 1, 1], "preselecStu": [0, 0, 0, 0], "stuGender": [{"male": 0, "Female": 0}, {"male": 0, "Female": 0}, {"male": 0, "Female": 0}, {"male": 0, "Female": 0}]}}