{"timestamp": [1707541805.912219, 1707545035.571898], "data": {"selected": [55, 55], "assigned": [0, 0], "preselecStu": [55, 55], "stuGender": [{"male": 19, "Female": 36}, {"male": 19, "Female": 36}]}}