{"timestamp": [1716064413.635321, 1716495844.980004, 1725437394.728743, 1725510685.102706], "data": {"selected": [0, 0, 108, 105], "assigned": [0, 0, 79, 135], "preselecStu": [0, 0, 108, 105], "stuGender": [{"male": 0, "Female": 0}, {"male": 0, "Female": 0}, {"male": 69, "Female": 39}, {"male": 68, "Female": 37}]}}