{"timestamp": [1716064413.635321, 1716495844.980004, 1725437394.728743], "data": {"selected": [0, 0, 108], "assigned": [0, 0, 79], "preselecStu": [0, 0, 108], "stuGender": [{"male": 0, "Female": 0}, {"male": 0, "Female": 0}, {"male": 69, "Female": 39}]}}