{"timestamp": [1707541561.17179, 1707544766.704363], "data": {"selected": [59, 59], "assigned": [0, 0], "preselecStu": [59, 59], "stuGender": [{"male": 52, "Female": 7}, {"male": 52, "Female": 7}]}}