{"timestamp": [1716068949.450331, 1716500052.053156, 1725443584.328241, 1725515982.7848], "data": {"selected": [0, 0, 6, 5], "assigned": [0, 0, 10, 10], "preselecStu": [0, 0, 6, 5], "stuGender": [{"male": 0, "Female": 0}, {"male": 0, "Female": 0}, {"male": 2, "Female": 4}, {"male": 2, "Female": 3}]}}