{"timestamp": [1707578165.842323, 1707590127.828173], "data": {"selected": [69, 69], "assigned": [0, 0], "preselecStu": [69, 69], "stuGender": [{"male": 38, "Female": 31}, {"male": 38, "Female": 31}]}}