{"timestamp": [1707542347.487202, 1707545621.54928], "data": {"selected": [69, 69], "assigned": [0, 0], "preselecStu": [69, 69], "stuGender": [{"male": 38, "Female": 31}, {"male": 38, "Female": 31}]}}