{"timestamp": [1707540372.45777, 1707543548.450655], "data": {"selected": [31, 31], "assigned": [0, 0], "preselecStu": [31, 31], "stuGender": [{"male": 6, "Female": 25}, {"male": 6, "Female": 25}]}}