{"timestamp": [1707542230.833542, 1707545507.283055], "data": {"selected": [75, 75], "assigned": [0, 0], "preselecStu": [75, 75], "stuGender": [{"male": 56, "Female": 19}, {"male": 56, "Female": 19}]}}