{"timestamp": [1707577963.841329, 1707589843.960059, 1707660167.064619], "data": {"selected": [75, 75, 75], "assigned": [0, 0, 0], "preselecStu": [75, 75, 75], "stuGender": [{"male": 56, "Female": 19}, {"male": 56, "Female": 19}, {"male": 56, "Female": 19}]}}