{"timestamp": [1707540937.516551, 1707544117.215667], "data": {"selected": [40, 40], "assigned": [0, 0], "preselecStu": [40, 40], "stuGender": [{"male": 16, "Female": 24}, {"male": 16, "Female": 24}]}}