{"timestamp": [1707575542.581873, 1707586899.992823], "data": {"selected": [40, 40], "assigned": [0, 0], "preselecStu": [40, 40], "stuGender": [{"male": 16, "Female": 24}, {"male": 16, "Female": 24}]}}