{"timestamp": [1707541456.155503, 1707544656.895532], "data": {"selected": [21, 21], "assigned": [0, 0], "preselecStu": [21, 21], "stuGender": [{"male": 15, "Female": 6}, {"male": 15, "Female": 6}]}}