{"timestamp": [1707576411.958648, 1707587982.144166, 1707659314.612473, 1707661914.771651], "data": {"selected": [9, 9, 9, 9], "assigned": [0, 0, 0, 0], "preselecStu": [9, 9, 9, 9], "stuGender": [{"male": 8, "Female": 1}, {"male": 8, "Female": 1}, {"male": 8, "Female": 1}, {"male": 8, "Female": 1}]}}