{"timestamp": [1734407321.361364, 1734470056.396189], "data": {"selected": [0, 0], "assigned": [35, 34], "preselecStu": [0, 0], "stuGender": [{"male": 0, "Female": 0}, {"male": 0, "Female": 0}]}}