{"timestamp": [1734407321.361364, 1734470056.396189, 1734556688.119755, 1734642637.084776], "data": {"selected": [0, 0, 0, 0], "assigned": [35, 34, 35, 35], "preselecStu": [0, 0, 0, 0], "stuGender": [{"male": 0, "Female": 0}, {"male": 0, "Female": 0}, {"male": 0, "Female": 0}, {"male": 0, "Female": 0}]}}