{"timestamp": [1716064884.499201, 1716496265.180051, 1725438071.051139, 1725511256.164814], "data": {"selected": [0, 0, 3, 3], "assigned": [0, 3, 0, 0], "preselecStu": [0, 0, 3, 3], "stuGender": [{"male": 0, "Female": 0}, {"male": 0, "Female": 0}, {"male": 1, "Female": 2}, {"male": 1, "Female": 2}]}}