{"timestamp": [1716065068.680678, 1716496431.2264, 1725438364.018901, 1725511463.414703], "data": {"selected": [0, 0, 16, 16], "assigned": [0, 0, 1, 4], "preselecStu": [0, 0, 16, 16], "stuGender": [{"male": 0, "Female": 0}, {"male": 0, "Female": 0}, {"male": 10, "Female": 6}, {"male": 10, "Female": 6}]}}