{"timestamp": [1707541706.899395, 1707544934.178744], "data": {"selected": [21, 21], "assigned": [0, 0], "preselecStu": [21, 21], "stuGender": [{"male": 9, "Female": 12}, {"male": 9, "Female": 12}]}}