{"timestamp": [1707576978.557805, 1707588629.978837, 1707659625.32005], "data": {"selected": [21, 21, 21], "assigned": [0, 0, 0], "preselecStu": [21, 21, 21], "stuGender": [{"male": 9, "Female": 12}, {"male": 9, "Female": 12}, {"male": 9, "Female": 12}]}}