{"timestamp": [1734409161.816367, 1734471778.763773], "data": {"selected": [0, 0], "assigned": [21, 21], "preselecStu": [0, 0], "stuGender": [{"male": 0, "Female": 0}, {"male": 0, "Female": 0}]}}