{"timestamp": [1707576579.965711, 1707588173.848524, 1707659407.519365, 1707662010.878566], "data": {"selected": [1, 1, 1, 1], "assigned": [0, 0, 0, 0], "preselecStu": [1, 1, 1, 1], "stuGender": [{"male": 1, "Female": 0}, {"male": 1, "Female": 0}, {"male": 1, "Female": 0}, {"male": 1, "Female": 0}]}}