{"timestamp": [1734409678.816337, 1734472265.289743, 1734559249.06506, 1734644684.280397], "data": {"selected": [0, 0, 0, 0], "assigned": [92, 108, 120, 133], "preselecStu": [0, 0, 0, 0], "stuGender": [{"male": 0, "Female": 0}, {"male": 0, "Female": 0}, {"male": 0, "Female": 0}, {"male": 0, "Female": 0}]}}