{"timestamp": [1707578705.721992, 1707590846.088609, 1707660567.763634], "data": {"selected": [38, 38, 38], "assigned": [0, 0, 0], "preselecStu": [38, 38, 38], "stuGender": [{"male": 13, "Female": 25}, {"male": 13, "Female": 25}, {"male": 13, "Female": 25}]}}