{"timestamp": [1734407693.077144, 1734470397.974927, 1734557067.710116, 1734642951.110208], "data": {"selected": [0, 0, 0, 0], "assigned": [46, 48, 49, 49], "preselecStu": [0, 0, 0, 0], "stuGender": [{"male": 0, "Female": 0}, {"male": 0, "Female": 0}, {"male": 0, "Female": 0}, {"male": 0, "Female": 0}]}}