{"timestamp": [1707576001.683839, 1707587421.679098, 1707659091.063578, 1707661688.693132], "data": {"selected": [41, 41, 41, 41], "assigned": [0, 0, 0, 0], "preselecStu": [41, 41, 41, 41], "stuGender": [{"male": 28, "Female": 13}, {"male": 28, "Female": 13}, {"male": 28, "Female": 13}, {"male": 28, "Female": 13}]}}