{"timestamp": [1707540314.17229, 1707543489.948615], "data": {"selected": [48, 48], "assigned": [0, 0], "preselecStu": [48, 48], "stuGender": [{"male": 43, "Female": 5}, {"male": 43, "Female": 5}]}}