{"timestamp": [1707574473.233297, 1707585614.879325], "data": {"selected": [48, 48], "assigned": [0, 0], "preselecStu": [48, 48], "stuGender": [{"male": 43, "Female": 5}, {"male": 43, "Female": 5}]}}