{"timestamp": [1734408776.65707, 1734471405.94986, 1734558222.699659], "data": {"selected": [0, 0, 0], "assigned": [72, 74, 74], "preselecStu": [0, 0, 0], "stuGender": [{"male": 0, "Female": 0}, {"male": 0, "Female": 0}, {"male": 0, "Female": 0}]}}