{"timestamp": [1716066536.217366, 1716497777.655238, 1725440534.039309, 1725513168.734328], "data": {"selected": [0, 0, 56, 56], "assigned": [0, 47, 1, 1], "preselecStu": [0, 0, 56, 56], "stuGender": [{"male": 0, "Female": 0}, {"male": 0, "Female": 0}, {"male": 44, "Female": 12}, {"male": 44, "Female": 12}]}}