{"timestamp": [1734406355.966874, 1734469089.323991, 1734555601.462816, 1734641795.399729], "data": {"selected": [0, 0, 0, 0], "assigned": [36, 40, 45, 49], "preselecStu": [0, 0, 0, 0], "stuGender": [{"male": 0, "Female": 0}, {"male": 0, "Female": 0}, {"male": 0, "Female": 0}, {"male": 0, "Female": 0}]}}