{"timestamp": [1734410481.582889, 1734473022.142256, 1734559998.570145, 1734645378.027421], "data": {"selected": [0, 0, 0, 0], "assigned": [7, 7, 7, 7], "preselecStu": [0, 0, 0, 0], "stuGender": [{"male": 0, "Female": 0}, {"male": 0, "Female": 0}, {"male": 0, "Female": 0}, {"male": 0, "Female": 0}]}}