{"timestamp": [1716067352.942059, 1716498594.347145, 1725441716.057547], "data": {"selected": [0, 0, 21], "assigned": [0, 0, 8], "preselecStu": [0, 0, 18], "stuGender": [{"male": 0, "Female": 0}, {"male": 0, "Female": 0}, {"male": 13, "Female": 8}]}}