{"timestamp": [1707541339.440415, 1707544527.044078], "data": {"selected": [43, 43], "assigned": [0, 0], "preselecStu": [43, 43], "stuGender": [{"male": 32, "Female": 11}, {"male": 32, "Female": 11}]}}