{"timestamp": [1716064066.091291, 1716495512.002291, 1725436853.894708], "data": {"selected": [0, 0, 0], "assigned": [0, 0, 14], "preselecStu": [0, 0, 0], "stuGender": [{"male": 0, "Female": 0}, {"male": 0, "Female": 0}, {"male": 0, "Female": 0}]}}