{"timestamp": [1707541555.684485, 1707544760.847228], "data": {"selected": [70, 70], "assigned": [0, 0], "preselecStu": [70, 70], "stuGender": [{"male": 56, "Female": 14}, {"male": 56, "Female": 14}]}}