{"timestamp": [1707576690.180903, 1707588289.70605], "data": {"selected": [70, 70], "assigned": [0, 0], "preselecStu": [70, 70], "stuGender": [{"male": 56, "Female": 14}, {"male": 56, "Female": 14}]}}