{"timestamp": [1734409464.75902, 1734472066.2581, 1734559020.188433, 1734644494.811948], "data": {"selected": [0, 0, 0, 0], "assigned": [36, 39, 45, 53], "preselecStu": [0, 0, 0, 0], "stuGender": [{"male": 0, "Female": 0}, {"male": 0, "Female": 0}, {"male": 0, "Female": 0}, {"male": 0, "Female": 0}]}}