{"timestamp": [1716068915.039235, 1716500019.004158, 1725443546.100395], "data": {"selected": [0, 0, 19], "assigned": [0, 0, 10], "preselecStu": [0, 0, 19], "stuGender": [{"male": 0, "Female": 0}, {"male": 0, "Female": 0}, {"male": 5, "Female": 14}]}}