{"timestamp": [1716064246.639253, 1716495686.067516, 1725437121.189684], "data": {"selected": [0, 0, 56], "assigned": [0, 0, 80], "preselecStu": [0, 0, 56], "stuGender": [{"male": 0, "Female": 0}, {"male": 0, "Female": 0}, {"male": 56, "Female": 0}]}}