{"timestamp": [1716065489.225054, 1716496810.662482, 1725438923.40397], "data": {"selected": [0, 0, 1], "assigned": [0, 0, 2], "preselecStu": [0, 0, 1], "stuGender": [{"male": 0, "Female": 0}, {"male": 0, "Female": 0}, {"male": 1, "Female": 0}]}}