{"timestamp": [1716066065.723408, 1716497343.830931, 1725439821.952166], "data": {"selected": [0, 0, 23], "assigned": [0, 22, 3], "preselecStu": [0, 0, 23], "stuGender": [{"male": 0, "Female": 0}, {"male": 0, "Female": 0}, {"male": 15, "Female": 8}]}}