{"timestamp": [1707542612.699192, 1707545887.980348], "data": {"selected": [20, 20], "assigned": [0, 0], "preselecStu": [20, 20], "stuGender": [{"male": 12, "Female": 8}, {"male": 12, "Female": 8}]}}