{"timestamp": [1707578618.054581, 1707590726.927886], "data": {"selected": [20, 20], "assigned": [0, 0], "preselecStu": [20, 20], "stuGender": [{"male": 12, "Female": 8}, {"male": 12, "Female": 8}]}}