{"timestamp": [1716066848.498244, 1716498091.286434, 1725441010.424699, 1725513591.839516], "data": {"selected": [0, 0, 14, 14], "assigned": [0, 17, 0, 1], "preselecStu": [0, 0, 14, 14], "stuGender": [{"male": 0, "Female": 0}, {"male": 0, "Female": 0}, {"male": 3, "Female": 11}, {"male": 3, "Female": 11}]}}