{"timestamp": [1707577425.121923, 1707589146.320876], "data": {"selected": [28, 28], "assigned": [0, 0], "preselecStu": [28, 28], "stuGender": [{"male": 9, "Female": 19}, {"male": 9, "Female": 19}]}}