{"timestamp": [1716066855.619895, 1716498097.891573, 1725441022.934293], "data": {"selected": [0, 0, 13], "assigned": [0, 0, 0], "preselecStu": [0, 0, 0], "stuGender": [{"male": 0, "Female": 0}, {"male": 0, "Female": 0}, {"male": 11, "Female": 2}]}}