{"timestamp": [1707575229.070372, 1707586527.102832, 1707658657.366217], "data": {"selected": [43, 43, 43], "assigned": [0, 0, 0], "preselecStu": [0, 0, 0], "stuGender": [{"male": 32, "Female": 11}, {"male": 32, "Female": 11}, {"male": 32, "Female": 11}]}}