{"timestamp": [1707540760.003086, 1707543938.189704], "data": {"selected": [43, 43], "assigned": [0, 0], "preselecStu": [0, 0], "stuGender": [{"male": 32, "Female": 11}, {"male": 32, "Female": 11}]}}