{"timestamp": [1707540780.876406, 1707543959.693764], "data": {"selected": [30, 30], "assigned": [0, 0], "preselecStu": [30, 30], "stuGender": [{"male": 15, "Female": 15}, {"male": 15, "Female": 15}]}}