{"timestamp": [1734409015.557075, 1734471642.693884, 1734558504.57459, 1734644119.825021], "data": {"selected": [0, 0, 0, 0], "assigned": [14, 16, 15, 15], "preselecStu": [0, 0, 0, 0], "stuGender": [{"male": 0, "Female": 0}, {"male": 0, "Female": 0}, {"male": 0, "Female": 0}, {"male": 0, "Female": 0}]}}