{"timestamp": [1734409015.557075, 1734471642.693884], "data": {"selected": [0, 0], "assigned": [14, 16], "preselecStu": [0, 0], "stuGender": [{"male": 0, "Female": 0}, {"male": 0, "Female": 0}]}}