{"timestamp": [1707578426.81356, 1707590460.798915, 1707660415.79004], "data": {"selected": [3, 3, 3], "assigned": [0, 0, 0], "preselecStu": [3, 3, 3], "stuGender": [{"male": 2, "Female": 1}, {"male": 2, "Female": 1}, {"male": 2, "Female": 1}]}}