{"timestamp": [1716065832.616626, 1716497132.071468, 1725439453.175515], "data": {"selected": [0, 0, 0], "assigned": [0, 0, 0], "preselecStu": [0, 0, 0], "stuGender": [{"male": 0, "Female": 0}, {"male": 0, "Female": 0}, {"male": 0, "Female": 0}]}}