{"timestamp": [1716067273.008695, 1716498505.145333, 1725441547.133312], "data": {"selected": [0, 0, 68], "assigned": [0, 0, 0], "preselecStu": [0, 0, 0], "stuGender": [{"male": 0, "Female": 0}, {"male": 0, "Female": 0}, {"male": 34, "Female": 34}]}}