{"timestamp": [1716063674.14891, 1716495148.679223, 1725436308.771928], "data": {"selected": [0, 0, 56], "assigned": [0, 0, 0], "preselecStu": [0, 0, 0], "stuGender": [{"male": 0, "Female": 0}, {"male": 0, "Female": 0}, {"male": 33, "Female": 23}]}}