{"timestamp": [1716063674.14891, 1716495148.679223, 1725436308.771928, 1725509774.125067], "data": {"selected": [0, 0, 56, 55], "assigned": [0, 0, 0, 1], "preselecStu": [0, 0, 0, 0], "stuGender": [{"male": 0, "Female": 0}, {"male": 0, "Female": 0}, {"male": 33, "Female": 23}, {"male": 32, "Female": 23}]}}