{"timestamp": [1734410446.959439, 1734472988.585999, 1734559961.912301, 1734645347.289349], "data": {"selected": [0, 0, 0, 0], "assigned": [0, 2, 1, 1], "preselecStu": [0, 0, 0, 0], "stuGender": [{"male": 0, "Female": 0}, {"male": 0, "Female": 0}, {"male": 0, "Female": 0}, {"male": 0, "Female": 0}]}}