{"timestamp": [1734406215.445181, 1734468957.377638], "data": {"selected": [0, 0], "assigned": [112, 121], "preselecStu": [0, 0], "stuGender": [{"male": 0, "Female": 0}, {"male": 0, "Female": 0}]}}