{"timestamp": [1707575645.933536, 1707587013.744768], "data": {"selected": [16, 16], "assigned": [0, 0], "preselecStu": [1, 1], "stuGender": [{"male": 3, "Female": 13}, {"male": 3, "Female": 13}]}}