{"timestamp": [1716065328.139979, 1716496650.505356, 1725438698.729877, 1725511741.705172], "data": {"selected": [0, 0, 35, 34], "assigned": [0, 0, 4, 7], "preselecStu": [0, 0, 35, 34], "stuGender": [{"male": 0, "Female": 0}, {"male": 0, "Female": 0}, {"male": 6, "Female": 29}, {"male": 5, "Female": 29}]}}