{"timestamp": [1734406840.920955, 1734469588.817266], "data": {"selected": [0, 0], "assigned": [24, 22], "preselecStu": [0, 0], "stuGender": [{"male": 0, "Female": 0}, {"male": 0, "Female": 0}]}}