{"timestamp": [1716065070.851777, 1716496433.391018, 1725438367.276503], "data": {"selected": [0, 0, 42], "assigned": [0, 0, 9], "preselecStu": [0, 0, 42], "stuGender": [{"male": 0, "Female": 0}, {"male": 0, "Female": 0}, {"male": 22, "Female": 20}]}}