{"timestamp": [1716065070.851777, 1716496433.391018, 1725438367.276503, 1725511465.744842], "data": {"selected": [0, 0, 42, 40], "assigned": [0, 0, 9, 15], "preselecStu": [0, 0, 42, 40], "stuGender": [{"male": 0, "Female": 0}, {"male": 0, "Female": 0}, {"male": 22, "Female": 20}, {"male": 20, "Female": 20}]}}