{"timestamp": [1716064793.101984, 1716496173.076338, 1725437916.168439], "data": {"selected": [0, 0, 0], "assigned": [0, 0, 76], "preselecStu": [0, 0, 0], "stuGender": [{"male": 0, "Female": 0}, {"male": 0, "Female": 0}, {"male": 0, "Female": 0}]}}