{"timestamp": [1707578854.128539, 1707591022.512243, 1707660646.332514], "data": {"selected": [2, 2, 2], "assigned": [0, 0, 0], "preselecStu": [2, 2, 2], "stuGender": [{"male": 0, "Female": 2}, {"male": 0, "Female": 2}, {"male": 0, "Female": 2}]}}