{"timestamp": [1716064063.089272, 1716495509.013531, 1725436848.906403], "data": {"selected": [0, 0, 0], "assigned": [0, 0, 16], "preselecStu": [0, 0, 0], "stuGender": [{"male": 0, "Female": 0}, {"male": 0, "Female": 0}, {"male": 0, "Female": 0}]}}