{"timestamp": [1734408470.403687, 1734471109.381854], "data": {"selected": [0, 0], "assigned": [53, 54], "preselecStu": [0, 0], "stuGender": [{"male": 0, "Female": 0}, {"male": 0, "Female": 0}]}}