{"timestamp": [1716065425.483522, 1716496745.680318, 1725438835.555803, 1725511876.035984], "data": {"selected": [0, 0, 2, 2], "assigned": [0, 0, 3, 3], "preselecStu": [0, 0, 2, 2], "stuGender": [{"male": 0, "Female": 0}, {"male": 0, "Female": 0}, {"male": 2, "Female": 0}, {"male": 2, "Female": 0}]}}