{"timestamp": [1734409357.200092, 1734471968.400546, 1734558885.470236], "data": {"selected": [0, 0, 0], "assigned": [100, 101, 102], "preselecStu": [0, 0, 0], "stuGender": [{"male": 0, "Female": 0}, {"male": 0, "Female": 0}, {"male": 0, "Female": 0}]}}