{"timestamp": [1734409357.200092, 1734471968.400546], "data": {"selected": [0, 0], "assigned": [100, 101], "preselecStu": [0, 0], "stuGender": [{"male": 0, "Female": 0}, {"male": 0, "Female": 0}]}}