{"timestamp": [1734410928.959693, 1734473421.494707], "data": {"selected": [0, 0], "assigned": [28, 31], "preselecStu": [0, 0], "stuGender": [{"male": 0, "Female": 0}, {"male": 0, "Female": 0}]}}