{"timestamp": [1707542229.730908, 1707545506.137438], "data": {"selected": [64, 64], "assigned": [0, 0], "preselecStu": [64, 64], "stuGender": [{"male": 52, "Female": 12}, {"male": 52, "Female": 12}]}}