{"timestamp": [1707577959.786626, 1707589841.701362], "data": {"selected": [64, 64], "assigned": [0, 0], "preselecStu": [64, 64], "stuGender": [{"male": 52, "Female": 12}, {"male": 52, "Female": 12}]}}