{"timestamp": [1734409650.191633, 1734472247.83449, 1734559218.299137, 1734644664.51604], "data": {"selected": [0, 0, 0, 0], "assigned": [40, 43, 52, 57], "preselecStu": [0, 0, 0, 0], "stuGender": [{"male": 0, "Female": 0}, {"male": 0, "Female": 0}, {"male": 0, "Female": 0}, {"male": 0, "Female": 0}]}}