{"timestamp": [1707542600.112291, 1707545875.212995], "data": {"selected": [40, 40], "assigned": [0, 0], "preselecStu": [40, 40], "stuGender": [{"male": 16, "Female": 24}, {"male": 16, "Female": 24}]}}