{"timestamp": [1707578595.527793, 1707590691.681902], "data": {"selected": [40, 40], "assigned": [0, 0], "preselecStu": [40, 40], "stuGender": [{"male": 16, "Female": 24}, {"male": 16, "Female": 24}]}}