{"timestamp": [1716066164.459246, 1716497439.589414, 1725439977.41484], "data": {"selected": [0, 0, 7], "assigned": [0, 0, 13], "preselecStu": [0, 0, 7], "stuGender": [{"male": 0, "Female": 0}, {"male": 0, "Female": 0}, {"male": 5, "Female": 2}]}}