{"timestamp": [1707575199.813394, 1707586492.035521], "data": {"selected": [34, 34], "assigned": [0, 0], "preselecStu": [0, 0], "stuGender": [{"male": 26, "Female": 8}, {"male": 26, "Female": 8}]}}