{"timestamp": [1734405745.745136, 1734468470.713485, 1734554958.466519], "data": {"selected": [0, 0, 0], "assigned": [130, 142, 163], "preselecStu": [0, 0, 0], "stuGender": [{"male": 0, "Female": 0}, {"male": 0, "Female": 0}, {"male": 0, "Female": 0}]}}