{"timestamp": [1734405745.745136, 1734468470.713485], "data": {"selected": [0, 0], "assigned": [130, 142], "preselecStu": [0, 0], "stuGender": [{"male": 0, "Female": 0}, {"male": 0, "Female": 0}]}}