{"timestamp": [1734406568.302949, 1734469314.977974], "data": {"selected": [16, 16], "assigned": [1, 1], "preselecStu": [0, 0], "stuGender": [{"male": 1, "Female": 15}, {"male": 1, "Female": 15}]}}