{"timestamp": [1707578195.52144, 1707590165.640652, 1707660293.598704, 1707662903.51985], "data": {"selected": [0, 0, 0, 0], "assigned": [0, 0, 0, 0], "preselecStu": [0, 0, 0, 0], "stuGender": [{"male": 0, "Female": 0}, {"male": 0, "Female": 0}, {"male": 0, "Female": 0}, {"male": 0, "Female": 0}]}}