{"timestamp": [1716065531.225131, 1716496851.158518, 1725439025.288915, 1725512001.74626], "data": {"selected": [0, 0, 51, 51], "assigned": [0, 0, 2, 3], "preselecStu": [0, 0, 1, 1], "stuGender": [{"male": 0, "Female": 0}, {"male": 0, "Female": 0}, {"male": 39, "Female": 12}, {"male": 39, "Female": 12}]}}