{"timestamp": [1707576707.820348, 1707588318.387784], "data": {"selected": [45, 45], "assigned": [0, 0], "preselecStu": [45, 45], "stuGender": [{"male": 39, "Female": 6}, {"male": 39, "Female": 6}]}}