{"timestamp": [1707542675.995846, 1707545953.969488], "data": {"selected": [45, 45], "assigned": [0, 0], "preselecStu": [45, 45], "stuGender": [{"male": 28, "Female": 17}, {"male": 28, "Female": 17}]}}