{"timestamp": [1707574532.947764, 1707585683.140595, 1707658242.542454, 1707660837.496385], "data": {"selected": [16, 16, 16, 16], "assigned": [0, 0, 0, 0], "preselecStu": [16, 16, 16, 16], "stuGender": [{"male": 12, "Female": 4}, {"male": 12, "Female": 4}, {"male": 12, "Female": 4}, {"male": 12, "Female": 4}]}}