{"timestamp": [1707574532.947764, 1707585683.140595], "data": {"selected": [16, 16], "assigned": [0, 0], "preselecStu": [16, 16], "stuGender": [{"male": 12, "Female": 4}, {"male": 12, "Female": 4}]}}