{"timestamp": [1734409802.785238, 1734472346.361796, 1734559335.628581, 1734644761.051182], "data": {"selected": [0, 0, 0, 0], "assigned": [67, 69, 73, 77], "preselecStu": [0, 0, 0, 0], "stuGender": [{"male": 0, "Female": 0}, {"male": 0, "Female": 0}, {"male": 0, "Female": 0}, {"male": 0, "Female": 0}]}}