{"timestamp": [1734409756.731078, 1734472316.278239, 1734559303.894368], "data": {"selected": [0, 0, 0], "assigned": [87, 99, 113], "preselecStu": [0, 0, 0], "stuGender": [{"male": 0, "Female": 0}, {"male": 0, "Female": 0}, {"male": 0, "Female": 0}]}}