{"timestamp": [1716066687.460306, 1716497934.722736, 1725440769.967556], "data": {"selected": [0, 3, 39], "assigned": [0, 22, 4], "preselecStu": [0, 0, 21], "stuGender": [{"male": 0, "Female": 0}, {"male": 3, "Female": 0}, {"male": 35, "Female": 4}]}}