{"timestamp": [1716068796.353744, 1716499912.409771, 1725443427.236237], "data": {"selected": [0, 0, 6], "assigned": [0, 6, 0], "preselecStu": [0, 0, 6], "stuGender": [{"male": 0, "Female": 0}, {"male": 0, "Female": 0}, {"male": 2, "Female": 4}]}}