{"timestamp": [1707540802.546313, 1707543980.927621], "data": {"selected": [91, 91], "assigned": [0, 0], "preselecStu": [91, 91], "stuGender": [{"male": 52, "Female": 39}, {"male": 52, "Female": 39}]}}