{"timestamp": [1716064388.346921, 1716495820.888984, 1725437355.139576, 1725510649.498545], "data": {"selected": [0, 0, 48, 43], "assigned": [0, 0, 87, 160], "preselecStu": [0, 0, 48, 43], "stuGender": [{"male": 0, "Female": 0}, {"male": 0, "Female": 0}, {"male": 33, "Female": 15}, {"male": 31, "Female": 12}]}}