{"timestamp": [1734410520.721687, 1734473063.734414, 1734560040.496906, 1734645426.946519], "data": {"selected": [0, 0, 0, 0], "assigned": [3, 3, 3, 3], "preselecStu": [0, 0, 0, 0], "stuGender": [{"male": 0, "Female": 0}, {"male": 0, "Female": 0}, {"male": 0, "Female": 0}, {"male": 0, "Female": 0}]}}