{"timestamp": [1734410145.130685, 1734472692.325467, 1734559657.985933, 1734645057.840639], "data": {"selected": [0, 0, 0, 0], "assigned": [4, 6, 7, 9], "preselecStu": [0, 0, 0, 0], "stuGender": [{"male": 0, "Female": 0}, {"male": 0, "Female": 0}, {"male": 0, "Female": 0}, {"male": 0, "Female": 0}]}}