{"timestamp": [1707576051.785684, 1707587473.792452, 1707659115.648035, 1707661713.443957], "data": {"selected": [60, 60, 60, 60], "assigned": [0, 0, 0, 0], "preselecStu": [60, 60, 60, 60], "stuGender": [{"male": 43, "Female": 17}, {"male": 43, "Female": 17}, {"male": 43, "Female": 17}, {"male": 43, "Female": 17}]}}