{"timestamp": [1707576051.785684, 1707587473.792452], "data": {"selected": [60, 60], "assigned": [0, 0], "preselecStu": [60, 60], "stuGender": [{"male": 43, "Female": 17}, {"male": 43, "Female": 17}]}}