{"timestamp": [1734405584.115739, 1734468276.568633, 1734554787.351911], "data": {"selected": [0, 0, 0], "assigned": [154, 180, 207], "preselecStu": [0, 0, 0], "stuGender": [{"male": 0, "Female": 0}, {"male": 0, "Female": 0}, {"male": 0, "Female": 0}]}}