{"timestamp": [1734408042.99346, 1734470722.520693, 1734557434.393453], "data": {"selected": [0, 0, 0], "assigned": [14, 15, 16], "preselecStu": [0, 0, 0], "stuGender": [{"male": 0, "Female": 0}, {"male": 0, "Female": 0}, {"male": 0, "Female": 0}]}}