{"timestamp": [1716064404.361984, 1716495836.048203, 1725437379.984633], "data": {"selected": [0, 0, 47], "assigned": [0, 0, 73], "preselecStu": [0, 0, 47], "stuGender": [{"male": 0, "Female": 0}, {"male": 0, "Female": 0}, {"male": 34, "Female": 13}]}}