{"timestamp": [1707540588.615602, 1707543762.531723], "data": {"selected": [52, 52], "assigned": [0, 0], "preselecStu": [52, 52], "stuGender": [{"male": 35, "Female": 17}, {"male": 35, "Female": 17}]}}