{"timestamp": [1734405762.152798, 1734468485.556044, 1734554971.495057, 1734641231.704921], "data": {"selected": [0, 0, 0, 0], "assigned": [73, 83, 105, 116], "preselecStu": [0, 0, 0, 0], "stuGender": [{"male": 0, "Female": 0}, {"male": 0, "Female": 0}, {"male": 0, "Female": 0}, {"male": 0, "Female": 0}]}}