{"timestamp": [1734407973.299938, 1734470654.007369, 1734557356.141678, 1734643209.551514], "data": {"selected": [0, 0, 0, 0], "assigned": [44, 43, 45, 45], "preselecStu": [0, 0, 0, 0], "stuGender": [{"male": 0, "Female": 0}, {"male": 0, "Female": 0}, {"male": 0, "Female": 0}, {"male": 0, "Female": 0}]}}