{"timestamp": [1734408313.756867, 1734470970.670866, 1734557726.136444, 1734643518.827319], "data": {"selected": [0, 0, 0, 0], "assigned": [14, 15, 15, 19], "preselecStu": [0, 0, 0, 0], "stuGender": [{"male": 0, "Female": 0}, {"male": 0, "Female": 0}, {"male": 0, "Female": 0}, {"male": 0, "Female": 0}]}}