{"timestamp": [1734408313.756867, 1734470970.670866], "data": {"selected": [0, 0], "assigned": [14, 15], "preselecStu": [0, 0], "stuGender": [{"male": 0, "Female": 0}, {"male": 0, "Female": 0}]}}