{"timestamp": [1707576530.501225, 1707588114.689975, 1707659378.529749, 1707661982.323968], "data": {"selected": [7, 7, 7, 7], "assigned": [0, 0, 0, 0], "preselecStu": [7, 7, 7, 7], "stuGender": [{"male": 5, "Female": 2}, {"male": 5, "Female": 2}, {"male": 5, "Female": 2}, {"male": 5, "Female": 2}]}}