{"timestamp": [1716066475.173297, 1716497709.389158, 1725440408.999941], "data": {"selected": [0, 0, 3], "assigned": [0, 0, 5], "preselecStu": [0, 0, 3], "stuGender": [{"male": 0, "Female": 0}, {"male": 0, "Female": 0}, {"male": 2, "Female": 1}]}}