{"timestamp": [1707578550.562678, 1707590634.992322], "data": {"selected": [27, 27], "assigned": [0, 0], "preselecStu": [27, 27], "stuGender": [{"male": 8, "Female": 19}, {"male": 8, "Female": 19}]}}