{"timestamp": [1707575318.659917, 1707586633.850349], "data": {"selected": [125, 125], "assigned": [0, 0], "preselecStu": [125, 125], "stuGender": [{"male": 87, "Female": 38}, {"male": 87, "Female": 38}]}}