{"timestamp": [1707577481.971119, 1707589222.196322], "data": {"selected": [12, 12], "assigned": [0, 0], "preselecStu": [12, 12], "stuGender": [{"male": 1, "Female": 11}, {"male": 1, "Female": 11}]}}