{"timestamp": [1707541979.993206, 1707545219.845243], "data": {"selected": [12, 12], "assigned": [0, 0], "preselecStu": [12, 12], "stuGender": [{"male": 1, "Female": 11}, {"male": 1, "Female": 11}]}}