{"timestamp": [1707540925.43567, 1707544104.261344], "data": {"selected": [24, 24], "assigned": [1, 1], "preselecStu": [24, 24], "stuGender": [{"male": 6, "Female": 19}, {"male": 6, "Female": 19}]}}