{"timestamp": [1716063645.61015, 1716495122.744027, 1725436268.70463, 1725509746.838865], "data": {"selected": [0, 0, 57, 57], "assigned": [0, 0, 0, 2], "preselecStu": [0, 0, 0, 0], "stuGender": [{"male": 0, "Female": 0}, {"male": 0, "Female": 0}, {"male": 23, "Female": 34}, {"male": 23, "Female": 34}]}}