{"timestamp": [1716063645.61015, 1716495122.744027, 1725436268.70463], "data": {"selected": [0, 0, 57], "assigned": [0, 0, 0], "preselecStu": [0, 0, 0], "stuGender": [{"male": 0, "Female": 0}, {"male": 0, "Female": 0}, {"male": 23, "Female": 34}]}}