{"timestamp": [1734410021.080907, 1734472575.699044, 1734559540.582749, 1734644933.391061], "data": {"selected": [0, 0, 0, 0], "assigned": [2, 1, 1, 1], "preselecStu": [0, 0, 0, 0], "stuGender": [{"male": 0, "Female": 0}, {"male": 0, "Female": 0}, {"male": 0, "Female": 0}, {"male": 0, "Female": 0}]}}