{"timestamp": [1716064856.741841, 1716496236.986293, 1725438021.798672], "data": {"selected": [0, 0, 11], "assigned": [0, 1, 0], "preselecStu": [0, 0, 0], "stuGender": [{"male": 0, "Female": 0}, {"male": 0, "Female": 0}, {"male": 9, "Female": 2}]}}