{"timestamp": [1707540917.925029, 1707544096.724838], "data": {"selected": [48, 48], "assigned": [0, 0], "preselecStu": [48, 48], "stuGender": [{"male": 17, "Female": 31}, {"male": 17, "Female": 31}]}}