{"timestamp": [1707576188.315378, 1707587656.354387, 1707659190.716256, 1707661789.51896], "data": {"selected": [80, 80, 80, 80], "assigned": [0, 0, 0, 0], "preselecStu": [80, 80, 80, 80], "stuGender": [{"male": 38, "Female": 42}, {"male": 38, "Female": 42}, {"male": 38, "Female": 42}, {"male": 38, "Female": 42}]}}