{"timestamp": [1707541284.155438, 1707544468.298517], "data": {"selected": [80, 80], "assigned": [0, 0], "preselecStu": [80, 80], "stuGender": [{"male": 38, "Female": 42}, {"male": 38, "Female": 42}]}}