{"timestamp": [1716064845.959136, 1716496225.564925, 1725438004.930571], "data": {"selected": [0, 0, 7], "assigned": [0, 0, 0], "preselecStu": [0, 0, 7], "stuGender": [{"male": 0, "Female": 0}, {"male": 0, "Female": 0}, {"male": 6, "Female": 1}]}}