{"timestamp": [1716064845.959136, 1716496225.564925, 1725438004.930571, 1725511209.396249], "data": {"selected": [0, 0, 7, 7], "assigned": [0, 0, 0, 1], "preselecStu": [0, 0, 7, 7], "stuGender": [{"male": 0, "Female": 0}, {"male": 0, "Female": 0}, {"male": 6, "Female": 1}, {"male": 6, "Female": 1}]}}