{"timestamp": [1716064561.253441, 1716495968.531801, 1725437594.901852, 1725510842.595052], "data": {"selected": [0, 0, 25, 22], "assigned": [0, 0, 6, 9], "preselecStu": [0, 0, 25, 22], "stuGender": [{"male": 0, "Female": 0}, {"male": 0, "Female": 0}, {"male": 8, "Female": 17}, {"male": 7, "Female": 15}]}}