{"timestamp": [1707540711.622374, 1707543888.762217], "data": {"selected": [17, 17], "assigned": [0, 0], "preselecStu": [17, 17], "stuGender": [{"male": 7, "Female": 10}, {"male": 7, "Female": 10}]}}