{"timestamp": [1716067496.835104, 1716498729.956585, 1725441889.970883], "data": {"selected": [0, 0, 0], "assigned": [0, 0, 12], "preselecStu": [0, 0, 0], "stuGender": [{"male": 0, "Female": 0}, {"male": 0, "Female": 0}, {"male": 0, "Female": 0}]}}