{"timestamp": [1707576678.48676, 1707588275.682745, 1707659458.982062], "data": {"selected": [60, 60, 60], "assigned": [0, 0, 0], "preselecStu": [60, 60, 60], "stuGender": [{"male": 50, "Female": 10}, {"male": 50, "Female": 10}, {"male": 50, "Female": 10}]}}