{"timestamp": [1707540924.384545, 1707544103.148148], "data": {"selected": [50, 50], "assigned": [1, 1], "preselecStu": [50, 50], "stuGender": [{"male": 21, "Female": 30}, {"male": 21, "Female": 30}]}}