{"timestamp": [1707575519.190448, 1707586873.125086], "data": {"selected": [50, 50], "assigned": [1, 1], "preselecStu": [50, 50], "stuGender": [{"male": 21, "Female": 30}, {"male": 21, "Female": 30}]}}