{"timestamp": [1707541891.036791, 1707545128.134808], "data": {"selected": [28, 28], "assigned": [0, 0], "preselecStu": [28, 28], "stuGender": [{"male": 10, "Female": 18}, {"male": 10, "Female": 18}]}}