{"timestamp": [1707575217.262628, 1707586512.64966], "data": {"selected": [38, 38], "assigned": [0, 0], "preselecStu": [0, 0], "stuGender": [{"male": 25, "Female": 13}, {"male": 25, "Female": 13}]}}