{"timestamp": [1734408794.625834, 1734471423.332535], "data": {"selected": [0, 0], "assigned": [40, 40], "preselecStu": [0, 0], "stuGender": [{"male": 0, "Female": 0}, {"male": 0, "Female": 0}]}}