{"timestamp": [1716068304.57681, 1716499457.049742, 1725442885.318906, 1725515294.730464], "data": {"selected": [0, 0, 28, 27], "assigned": [0, 0, 2, 6], "preselecStu": [0, 0, 28, 27], "stuGender": [{"male": 0, "Female": 0}, {"male": 0, "Female": 0}, {"male": 16, "Female": 12}, {"male": 16, "Female": 11}]}}