{"timestamp": [1716068304.57681, 1716499457.049742, 1725442885.318906], "data": {"selected": [0, 0, 28], "assigned": [0, 0, 2], "preselecStu": [0, 0, 28], "stuGender": [{"male": 0, "Female": 0}, {"male": 0, "Female": 0}, {"male": 16, "Female": 12}]}}