{"timestamp": [1716064181.477423, 1716495621.461758, 1725437017.175152], "data": {"selected": [0, 0, 0], "assigned": [0, 0, 9], "preselecStu": [0, 0, 0], "stuGender": [{"male": 0, "Female": 0}, {"male": 0, "Female": 0}, {"male": 0, "Female": 0}]}}