{"timestamp": [1716065937.907162, 1716497235.791507, 1725439616.891861], "data": {"selected": [0, 0, 92], "assigned": [0, 0, 33], "preselecStu": [0, 0, 0], "stuGender": [{"male": 0, "Female": 0}, {"male": 0, "Female": 0}, {"male": 68, "Female": 24}]}}