{"timestamp": [1707577510.230691, 1707589257.30477, 1707659925.663008, 1707662534.858704], "data": {"selected": [7, 7, 7, 7], "assigned": [0, 0, 0, 0], "preselecStu": [7, 7, 7, 7], "stuGender": [{"male": 5, "Female": 2}, {"male": 5, "Female": 2}, {"male": 5, "Female": 2}, {"male": 5, "Female": 2}]}}