{"timestamp": [1734407047.686922, 1734469803.001413, 1734556386.554441, 1734642423.145062], "data": {"selected": [0, 0, 0, 0], "assigned": [8, 7, 8, 9], "preselecStu": [0, 0, 0, 0], "stuGender": [{"male": 0, "Female": 0}, {"male": 0, "Female": 0}, {"male": 0, "Female": 0}, {"male": 0, "Female": 0}]}}