{"timestamp": [1734409712.802926, 1734472296.152606, 1734559282.725958, 1734644714.156112], "data": {"selected": [0, 0, 0, 0], "assigned": [31, 38, 46, 54], "preselecStu": [0, 0, 0, 0], "stuGender": [{"male": 0, "Female": 0}, {"male": 0, "Female": 0}, {"male": 0, "Female": 0}, {"male": 0, "Female": 0}]}}