{"timestamp": [1734409712.802926, 1734472296.152606], "data": {"selected": [0, 0], "assigned": [31, 38], "preselecStu": [0, 0], "stuGender": [{"male": 0, "Female": 0}, {"male": 0, "Female": 0}]}}