{"timestamp": [1734409246.590184, 1734471877.201309, 1734558791.094086, 1734644327.261058], "data": {"selected": [0, 0, 0, 0], "assigned": [1, 1, 2, 2], "preselecStu": [0, 0, 0, 0], "stuGender": [{"male": 0, "Female": 0}, {"male": 0, "Female": 0}, {"male": 0, "Female": 0}, {"male": 0, "Female": 0}]}}