{"timestamp": [1707542128.718873, 1707545384.304453], "data": {"selected": [80, 80], "assigned": [2, 2], "preselecStu": [80, 80], "stuGender": [{"male": 66, "Female": 16}, {"male": 66, "Female": 16}]}}