{"timestamp": [1734410184.61505, 1734472729.27778, 1734559696.463044], "data": {"selected": [0, 0, 0], "assigned": [1, 0, 1], "preselecStu": [0, 0, 0], "stuGender": [{"male": 0, "Female": 0}, {"male": 0, "Female": 0}, {"male": 0, "Female": 0}]}}