{"timestamp": [1707540319.606438, 1707543495.764927], "data": {"selected": [60, 60], "assigned": [0, 0], "preselecStu": [60, 60], "stuGender": [{"male": 36, "Female": 24}, {"male": 36, "Female": 24}]}}