{"timestamp": [1707574482.803342, 1707585626.857225, 1707658208.540353, 1707660803.558106], "data": {"selected": [60, 60, 60, 60], "assigned": [0, 0, 0, 0], "preselecStu": [60, 60, 60, 60], "stuGender": [{"male": 36, "Female": 24}, {"male": 36, "Female": 24}, {"male": 36, "Female": 24}, {"male": 36, "Female": 24}]}}