{"timestamp": [1716066055.854115, 1716497334.892005, 1725439801.618115, 1725512625.896503], "data": {"selected": [0, 0, 49, 49], "assigned": [0, 48, 7, 9], "preselecStu": [0, 0, 49, 49], "stuGender": [{"male": 0, "Female": 0}, {"male": 0, "Female": 0}, {"male": 32, "Female": 17}, {"male": 32, "Female": 17}]}}