{"timestamp": [1734405106.700864, 1734467763.486052, 1734554293.907301, 1734640533.843617], "data": {"selected": [0, 0, 0, 0], "assigned": [1, 1, 1, 0], "preselecStu": [0, 0, 0, 0], "stuGender": [{"male": 0, "Female": 0}, {"male": 0, "Female": 0}, {"male": 0, "Female": 0}, {"male": 0, "Female": 0}]}}