{"timestamp": [1707575828.721481, 1707587228.365188], "data": {"selected": [21, 21], "assigned": [0, 0], "preselecStu": [21, 21], "stuGender": [{"male": 7, "Female": 14}, {"male": 7, "Female": 14}]}}