{"timestamp": [1707541094.833853, 1707544276.759186], "data": {"selected": [21, 21], "assigned": [0, 0], "preselecStu": [21, 21], "stuGender": [{"male": 7, "Female": 14}, {"male": 7, "Female": 14}]}}