{"timestamp": [1716065305.935515, 1716496627.959774, 1725438665.256287, 1725511716.5552], "data": {"selected": [0, 0, 15, 15], "assigned": [0, 0, 0, 0], "preselecStu": [0, 0, 0, 0], "stuGender": [{"male": 0, "Female": 0}, {"male": 0, "Female": 0}, {"male": 1, "Female": 14}, {"male": 1, "Female": 14}]}}