{"timestamp": [1707575486.389901, 1707586834.534478, 1707658806.50611], "data": {"selected": [29, 29, 29], "assigned": [0, 0, 0], "preselecStu": [29, 29, 29], "stuGender": [{"male": 10, "Female": 19}, {"male": 10, "Female": 19}, {"male": 10, "Female": 19}]}}