{"timestamp": [1707540906.132404, 1707544084.947134], "data": {"selected": [29, 29], "assigned": [0, 0], "preselecStu": [29, 29], "stuGender": [{"male": 10, "Female": 19}, {"male": 10, "Female": 19}]}}