{"timestamp": [1707574475.094688, 1707585617.171802], "data": {"selected": [35, 35], "assigned": [0, 0], "preselecStu": [35, 35], "stuGender": [{"male": 25, "Female": 10}, {"male": 25, "Female": 10}]}}