{"timestamp": [1734410652.50003, 1734473180.37476, 1734560160.453481], "data": {"selected": [0, 0, 0], "assigned": [9, 9, 10], "preselecStu": [0, 0, 0], "stuGender": [{"male": 0, "Female": 0}, {"male": 0, "Female": 0}, {"male": 0, "Female": 0}]}}