{"timestamp": [1716067124.522261, 1716498366.306383, 1725441358.838605], "data": {"selected": [0, 0, 32], "assigned": [0, 0, 0], "preselecStu": [0, 0, 32], "stuGender": [{"male": 0, "Female": 0}, {"male": 0, "Female": 0}, {"male": 13, "Female": 19}]}}