{"timestamp": [1707576947.03493, 1707588593.439605, 1707659607.789649, 1707662213.96863], "data": {"selected": [9, 9, 9, 9], "assigned": [0, 0, 0, 0], "preselecStu": [9, 9, 9, 9], "stuGender": [{"male": 8, "Female": 1}, {"male": 8, "Female": 1}, {"male": 8, "Female": 1}, {"male": 8, "Female": 1}]}}