{"timestamp": [1725442661.911714, 1725515054.09895, 1725601417.008977], "data": {"selected": [42, 42, 44], "assigned": [0, 1, 0], "preselecStu": [0, 0, 0], "stuGender": [{"male": 35, "Female": 7}, {"male": 35, "Female": 7}, {"male": 37, "Female": 7}]}}