{"timestamp": [1725442661.911714, 1725515054.09895], "data": {"selected": [42, 42], "assigned": [0, 1], "preselecStu": [0, 0], "stuGender": [{"male": 35, "Female": 7}, {"male": 35, "Female": 7}]}}