{"timestamp": [1716065445.761492, 1716496766.579187, 1725438864.938708, 1725511897.525695], "data": {"selected": [0, 0, 7, 7], "assigned": [0, 0, 2, 2], "preselecStu": [0, 0, 7, 7], "stuGender": [{"male": 0, "Female": 0}, {"male": 0, "Female": 0}, {"male": 1, "Female": 6}, {"male": 1, "Female": 6}]}}