{"timestamp": [1716067200.214283, 1716498436.928871, 1725441447.729342, 1725513968.860023], "data": {"selected": [0, 0, 37, 35], "assigned": [0, 0, 3, 4], "preselecStu": [0, 0, 37, 35], "stuGender": [{"male": 0, "Female": 0}, {"male": 0, "Female": 0}, {"male": 14, "Female": 23}, {"male": 14, "Female": 21}]}}