{"timestamp": [1707574488.502455, 1707585633.587017], "data": {"selected": [37, 37], "assigned": [0, 0], "preselecStu": [37, 37], "stuGender": [{"male": 10, "Female": 27}, {"male": 10, "Female": 27}]}}