{"timestamp": [1716067346.417995, 1716498587.753574, 1725441706.967595], "data": {"selected": [0, 0, 37], "assigned": [0, 35, 0], "preselecStu": [0, 0, 37], "stuGender": [{"male": 0, "Female": 0}, {"male": 0, "Female": 0}, {"male": 18, "Female": 19}]}}