{"timestamp": [1707540766.720988, 1707543945.126889], "data": {"selected": [39, 39], "assigned": [0, 0], "preselecStu": [0, 0], "stuGender": [{"male": 21, "Female": 18}, {"male": 21, "Female": 18}]}}