{"timestamp": [1707575240.529317, 1707586540.683268, 1707658664.174765], "data": {"selected": [39, 39, 39], "assigned": [0, 0, 0], "preselecStu": [0, 0, 0], "stuGender": [{"male": 21, "Female": 18}, {"male": 21, "Female": 18}, {"male": 21, "Female": 18}]}}