{"timestamp": [1716065207.751914, 1716496536.637307, 1725438518.514996, 1725511583.632925], "data": {"selected": [0, 0, 0, 0], "assigned": [0, 0, 24, 46], "preselecStu": [0, 0, 0, 0], "stuGender": [{"male": 0, "Female": 0}, {"male": 0, "Female": 0}, {"male": 0, "Female": 0}, {"male": 0, "Female": 0}]}}