{"timestamp": [1707542250.857441, 1707545526.383155], "data": {"selected": [27, 27], "assigned": [0, 0], "preselecStu": [27, 27], "stuGender": [{"male": 23, "Female": 4}, {"male": 23, "Female": 4}]}}