{"timestamp": [1707578000.39519, 1707589884.857477, 1707660183.879169, 1707662793.821323], "data": {"selected": [27, 27, 27, 27], "assigned": [0, 0, 0, 0], "preselecStu": [27, 27, 27, 27], "stuGender": [{"male": 23, "Female": 4}, {"male": 23, "Female": 4}, {"male": 23, "Female": 4}, {"male": 23, "Female": 4}]}}