{"timestamp": [1707577067.13098, 1707588736.627979], "data": {"selected": [48, 48], "assigned": [0, 0], "preselecStu": [48, 48], "stuGender": [{"male": 20, "Female": 28}, {"male": 20, "Female": 28}]}}