{"timestamp": [1707541756.022407, 1707544985.751107], "data": {"selected": [48, 48], "assigned": [0, 0], "preselecStu": [48, 48], "stuGender": [{"male": 20, "Female": 28}, {"male": 20, "Female": 28}]}}