{"timestamp": [1734407867.74356, 1734470561.275042, 1734557251.834144, 1734643112.435857], "data": {"selected": [0, 0, 0, 0], "assigned": [2, 2, 3, 5], "preselecStu": [0, 0, 0, 0], "stuGender": [{"male": 0, "Female": 0}, {"male": 0, "Female": 0}, {"male": 0, "Female": 0}, {"male": 0, "Female": 0}]}}