{"timestamp": [1707540703.52209, 1707543882.067511], "data": {"selected": [50, 50], "assigned": [0, 0], "preselecStu": [50, 50], "stuGender": [{"male": 33, "Female": 17}, {"male": 33, "Female": 17}]}}