{"timestamp": [1716067943.861379, 1716499136.175934, 1725442435.550137], "data": {"selected": [0, 0, 125], "assigned": [0, 0, 29], "preselecStu": [0, 0, 0], "stuGender": [{"male": 0, "Female": 0}, {"male": 0, "Female": 0}, {"male": 99, "Female": 26}]}}