{"timestamp": [1707542163.50944, 1707545421.501009], "data": {"selected": [70, 70], "assigned": [0, 0], "preselecStu": [70, 70], "stuGender": [{"male": 61, "Female": 9}, {"male": 61, "Female": 9}]}}