{"timestamp": [1716065133.571174, 1716496490.90187, 1725438458.447455], "data": {"selected": [0, 0, 4], "assigned": [0, 0, 2], "preselecStu": [0, 0, 4], "stuGender": [{"male": 0, "Female": 0}, {"male": 0, "Female": 0}, {"male": 2, "Female": 2}]}}