{"timestamp": [1734405613.770325, 1734468309.146501], "data": {"selected": [0, 0], "assigned": [179, 230], "preselecStu": [0, 0], "stuGender": [{"male": 0, "Female": 0}, {"male": 0, "Female": 0}]}}