{"timestamp": [1734405613.770325, 1734468309.146501, 1734554821.955275, 1734641060.368497], "data": {"selected": [0, 0, 0, 0], "assigned": [179, 230, 260, 311], "preselecStu": [0, 0, 0, 0], "stuGender": [{"male": 0, "Female": 0}, {"male": 0, "Female": 0}, {"male": 0, "Female": 0}, {"male": 0, "Female": 0}]}}