{"timestamp": [1707541752.848808, 1707544982.387483], "data": {"selected": [66, 66], "assigned": [0, 0], "preselecStu": [66, 66], "stuGender": [{"male": 33, "Female": 33}, {"male": 33, "Female": 33}]}}