{"timestamp": [1734409384.501784, 1734471985.350618, 1734558925.394987, 1734644425.028032], "data": {"selected": [0, 0, 0, 0], "assigned": [66, 69, 71, 73], "preselecStu": [0, 0, 0, 0], "stuGender": [{"male": 0, "Female": 0}, {"male": 0, "Female": 0}, {"male": 0, "Female": 0}, {"male": 0, "Female": 0}]}}