{"timestamp": [1734409384.501784, 1734471985.350618], "data": {"selected": [0, 0], "assigned": [66, 69], "preselecStu": [0, 0], "stuGender": [{"male": 0, "Female": 0}, {"male": 0, "Female": 0}]}}