{"timestamp": [1707541976.904326, 1707545216.81294], "data": {"selected": [10, 10], "assigned": [0, 0], "preselecStu": [10, 10], "stuGender": [{"male": 4, "Female": 6}, {"male": 4, "Female": 6}]}}