{"timestamp": [1716068132.036337, 1716499303.204881, 1725442701.018471], "data": {"selected": [0, 0, 51], "assigned": [0, 47, 1], "preselecStu": [0, 0, 51], "stuGender": [{"male": 0, "Female": 0}, {"male": 0, "Female": 0}, {"male": 39, "Female": 12}]}}