{"timestamp": [1734408253.352453, 1734470919.514017], "data": {"selected": [0, 0], "assigned": [26, 26], "preselecStu": [0, 0], "stuGender": [{"male": 0, "Female": 0}, {"male": 0, "Female": 0}]}}