{"timestamp": [1734408253.352453, 1734470919.514017, 1734557669.326217, 1734643470.557694], "data": {"selected": [0, 0, 0, 0], "assigned": [26, 26, 26, 26], "preselecStu": [0, 0, 0, 0], "stuGender": [{"male": 0, "Female": 0}, {"male": 0, "Female": 0}, {"male": 0, "Female": 0}, {"male": 0, "Female": 0}]}}