{"timestamp": [1716067691.445705, 1716498916.656888, 1725442127.001178, 1725514540.324129], "data": {"selected": [0, 0, 23, 23], "assigned": [0, 0, 1, 1], "preselecStu": [0, 0, 23, 23], "stuGender": [{"male": 0, "Female": 0}, {"male": 0, "Female": 0}, {"male": 5, "Female": 18}, {"male": 5, "Female": 18}]}}