{"timestamp": [1707542623.550206, 1707545899.823187], "data": {"selected": [21, 21], "assigned": [0, 0], "preselecStu": [21, 21], "stuGender": [{"male": 14, "Female": 7}, {"male": 14, "Female": 7}]}}