{"timestamp": [1734405912.095371, 1734468638.195985, 1734555145.785446], "data": {"selected": [38, 38, 38], "assigned": [0, 0, 0], "preselecStu": [0, 0, 0], "stuGender": [{"male": 19, "Female": 19}, {"male": 19, "Female": 19}, {"male": 19, "Female": 19}]}}