{"timestamp": [1734410690.087812, 1734473218.280862], "data": {"selected": [0, 0], "assigned": [22, 23], "preselecStu": [0, 0], "stuGender": [{"male": 0, "Female": 0}, {"male": 0, "Female": 0}]}}