{"timestamp": [1734405587.544114, 1734468279.491125, 1734554790.892719], "data": {"selected": [0, 0, 0], "assigned": [63, 76, 92], "preselecStu": [0, 0, 0], "stuGender": [{"male": 0, "Female": 0}, {"male": 0, "Female": 0}, {"male": 0, "Female": 0}]}}