{"timestamp": [1734410654.798375, 1734473182.715285], "data": {"selected": [0, 0], "assigned": [11, 11], "preselecStu": [0, 0], "stuGender": [{"male": 0, "Female": 0}, {"male": 0, "Female": 0}]}}