{"timestamp": [1707542479.362724, 1707545758.788767], "data": {"selected": [33, 33], "assigned": [0, 0], "preselecStu": [33, 33], "stuGender": [{"male": 22, "Female": 11}, {"male": 22, "Female": 11}]}}