{"timestamp": [1707576017.781675, 1707587436.896995], "data": {"selected": [61, 61], "assigned": [0, 0], "preselecStu": [61, 61], "stuGender": [{"male": 46, "Female": 15}, {"male": 46, "Female": 15}]}}