{"timestamp": [1707541874.881074, 1707545110.54099], "data": {"selected": [42, 42], "assigned": [0, 0], "preselecStu": [42, 42], "stuGender": [{"male": 24, "Female": 18}, {"male": 24, "Female": 18}]}}