{"timestamp": [1734410086.890161, 1734472639.067357, 1734559606.049788, 1734645000.355331], "data": {"selected": [0, 0, 0, 0], "assigned": [1, 4, 4, 8], "preselecStu": [0, 0, 0, 0], "stuGender": [{"male": 0, "Female": 0}, {"male": 0, "Female": 0}, {"male": 0, "Female": 0}, {"male": 0, "Female": 0}]}}