{"timestamp": [1734405909.570323, 1734468635.828318, 1734555143.357893], "data": {"selected": [45, 45, 45], "assigned": [0, 0, 0], "preselecStu": [0, 0, 0], "stuGender": [{"male": 19, "Female": 26}, {"male": 19, "Female": 26}, {"male": 19, "Female": 26}]}}