{"timestamp": [1716065011.993881, 1716496373.824512, 1725438268.081184], "data": {"selected": [0, 0, 0], "assigned": [0, 0, 49], "preselecStu": [0, 0, 0], "stuGender": [{"male": 0, "Female": 0}, {"male": 0, "Female": 0}, {"male": 0, "Female": 0}]}}