{"timestamp": [1707576047.69073, 1707587469.282842], "data": {"selected": [43, 43], "assigned": [0, 0], "preselecStu": [43, 43], "stuGender": [{"male": 31, "Female": 12}, {"male": 31, "Female": 12}]}}