{"timestamp": [1716066631.576967, 1716497881.176636, 1725440663.668261], "data": {"selected": [0, 0, 38], "assigned": [0, 0, 25], "preselecStu": [0, 0, 38], "stuGender": [{"male": 0, "Female": 0}, {"male": 0, "Female": 0}, {"male": 32, "Female": 6}]}}