{"timestamp": [1707574505.338917, 1707585652.073046], "data": {"selected": [42, 42], "assigned": [0, 0], "preselecStu": [42, 42], "stuGender": [{"male": 30, "Female": 12}, {"male": 30, "Female": 12}]}}