{"timestamp": [1707574505.338917, 1707585652.073046, 1707658223.073241, 1707660818.257076], "data": {"selected": [42, 42, 42, 42], "assigned": [0, 0, 0, 0], "preselecStu": [42, 42, 42, 42], "stuGender": [{"male": 30, "Female": 12}, {"male": 30, "Female": 12}, {"male": 30, "Female": 12}, {"male": 30, "Female": 12}]}}