{"timestamp": [1707577623.079806, 1707589392.18077, 1707659989.568295], "data": {"selected": [6, 6, 6], "assigned": [0, 0, 0], "preselecStu": [6, 6, 6], "stuGender": [{"male": 1, "Female": 5}, {"male": 1, "Female": 5}, {"male": 1, "Female": 5}]}}