{"timestamp": [1707577071.024022, 1707588741.232603, 1707659679.551398], "data": {"selected": [66, 66, 66], "assigned": [0, 0, 0], "preselecStu": [65, 65, 65], "stuGender": [{"male": 32, "Female": 34}, {"male": 32, "Female": 34}, {"male": 32, "Female": 34}]}}