{"timestamp": [1707541758.696582, 1707544988.345431], "data": {"selected": [66, 66], "assigned": [0, 0], "preselecStu": [65, 65], "stuGender": [{"male": 32, "Female": 34}, {"male": 32, "Female": 34}]}}