{"timestamp": [1707576886.815497, 1707588520.412309], "data": {"selected": [41, 41], "assigned": [0, 0], "preselecStu": [41, 41], "stuGender": [{"male": 34, "Female": 7}, {"male": 34, "Female": 7}]}}