{"timestamp": [1734407927.018841, 1734470615.107046], "data": {"selected": [0, 0], "assigned": [63, 65], "preselecStu": [0, 0], "stuGender": [{"male": 0, "Female": 0}, {"male": 0, "Female": 0}]}}