{"timestamp": [1734407927.018841, 1734470615.107046, 1734557311.981998, 1734643171.176748], "data": {"selected": [0, 0, 0, 0], "assigned": [63, 65, 68, 70], "preselecStu": [0, 0, 0, 0], "stuGender": [{"male": 0, "Female": 0}, {"male": 0, "Female": 0}, {"male": 0, "Female": 0}, {"male": 0, "Female": 0}]}}