{"timestamp": [1734407860.098709, 1734470554.272282, 1734557243.482862, 1734643105.877733], "data": {"selected": [0, 0, 0, 0], "assigned": [9, 10, 11, 13], "preselecStu": [0, 0, 0, 0], "stuGender": [{"male": 0, "Female": 0}, {"male": 0, "Female": 0}, {"male": 0, "Female": 0}, {"male": 0, "Female": 0}]}}