{"timestamp": [1716069029.321845, 1716500117.746572, 1725443682.21972, 1725516075.879629], "data": {"selected": [0, 0, 3, 3], "assigned": [0, 0, 5, 8], "preselecStu": [0, 0, 3, 3], "stuGender": [{"male": 0, "Female": 0}, {"male": 0, "Female": 0}, {"male": 0, "Female": 3}, {"male": 0, "Female": 3}]}}