{"timestamp": [1716066656.805585, 1716497903.484769, 1725440691.93813], "data": {"selected": [0, 0, 23], "assigned": [0, 0, 24], "preselecStu": [0, 0, 23], "stuGender": [{"male": 0, "Female": 0}, {"male": 0, "Female": 0}, {"male": 18, "Female": 5}]}}