{"timestamp": [1716066656.805585, 1716497903.484769, 1725440691.93813, 1725513318.805908], "data": {"selected": [0, 0, 23, 23], "assigned": [0, 0, 24, 40], "preselecStu": [0, 0, 23, 23], "stuGender": [{"male": 0, "Female": 0}, {"male": 0, "Female": 0}, {"male": 18, "Female": 5}, {"male": 18, "Female": 5}]}}