{"timestamp": [1716069010.83658, 1716500099.573089, 1725443660.844256, 1725516056.066331], "data": {"selected": [0, 0, 5, 5], "assigned": [0, 0, 7, 9], "preselecStu": [0, 0, 5, 5], "stuGender": [{"male": 0, "Female": 0}, {"male": 0, "Female": 0}, {"male": 4, "Female": 1}, {"male": 4, "Female": 1}]}}