{"timestamp": [1707575393.269164, 1707586723.785292, 1707658754.350903], "data": {"selected": [9, 9, 9], "assigned": [0, 0, 0], "preselecStu": [9, 9, 9], "stuGender": [{"male": 4, "Female": 5}, {"male": 4, "Female": 5}, {"male": 4, "Female": 5}]}}