{"timestamp": [1734411057.268287, 1734473532.335899, 1734560516.00389], "data": {"selected": [0, 0, 0], "assigned": [12, 14, 15], "preselecStu": [0, 0, 0], "stuGender": [{"male": 0, "Female": 0}, {"male": 0, "Female": 0}, {"male": 0, "Female": 0}]}}