{"timestamp": [1707540761.08336, 1707543939.236901], "data": {"selected": [34, 34], "assigned": [0, 0], "preselecStu": [0, 0], "stuGender": [{"male": 17, "Female": 17}, {"male": 17, "Female": 17}]}}