{"timestamp": [1716067211.468024, 1716498448.581985, 1725441462.096906], "data": {"selected": [0, 0, 122], "assigned": [0, 100, 16], "preselecStu": [0, 0, 117], "stuGender": [{"male": 0, "Female": 0}, {"male": 0, "Female": 0}, {"male": 70, "Female": 52}]}}