{"timestamp": [1716067211.468024, 1716498448.581985], "data": {"selected": [0, 0], "assigned": [0, 100], "preselecStu": [0, 0], "stuGender": [{"male": 0, "Female": 0}, {"male": 0, "Female": 0}]}}