{"timestamp": [1716067211.468024, 1716498448.581985, 1725441462.096906, 1725513989.787418], "data": {"selected": [0, 0, 122, 122], "assigned": [0, 100, 16, 30], "preselecStu": [0, 0, 117, 117], "stuGender": [{"male": 0, "Female": 0}, {"male": 0, "Female": 0}, {"male": 70, "Female": 52}, {"male": 70, "Female": 52}]}}