{"timestamp": [1707542123.324123, 1707545378.084544], "data": {"selected": [12, 12], "assigned": [0, 0], "preselecStu": [0, 0], "stuGender": [{"male": 9, "Female": 3}, {"male": 9, "Female": 3}]}}