{"timestamp": [1707577109.347912, 1707588788.372047, 1707659701.664781], "data": {"selected": [100, 100, 100], "assigned": [1, 1, 1], "preselecStu": [100, 100, 100], "stuGender": [{"male": 42, "Female": 59}, {"male": 42, "Female": 59}, {"male": 42, "Female": 59}]}}