{"timestamp": [1707542640.086405, 1707545917.718536], "data": {"selected": [25, 25], "assigned": [0, 0], "preselecStu": [25, 25], "stuGender": [{"male": 7, "Female": 18}, {"male": 7, "Female": 18}]}}