{"timestamp": [1734405676.018602, 1734468403.671838, 1734554906.710539], "data": {"selected": [0, 0, 0], "assigned": [170, 206, 246], "preselecStu": [0, 0, 0], "stuGender": [{"male": 0, "Female": 0}, {"male": 0, "Female": 0}, {"male": 0, "Female": 0}]}}