{"timestamp": [1734405676.018602, 1734468403.671838], "data": {"selected": [0, 0], "assigned": [170, 206], "preselecStu": [0, 0], "stuGender": [{"male": 0, "Female": 0}, {"male": 0, "Female": 0}]}}