{"timestamp": [1707578337.804032, 1707590346.737486, 1707660368.659035, 1707662983.465563], "data": {"selected": [33, 33, 33, 33], "assigned": [0, 0, 0, 0], "preselecStu": [33, 33, 33, 33], "stuGender": [{"male": 22, "Female": 11}, {"male": 22, "Female": 11}, {"male": 22, "Female": 11}, {"male": 22, "Female": 11}]}}