{"timestamp": [1734407853.204481, 1734470546.861627, 1734557236.226078], "data": {"selected": [0, 0, 0], "assigned": [6, 8, 9], "preselecStu": [0, 0, 0], "stuGender": [{"male": 0, "Female": 0}, {"male": 0, "Female": 0}, {"male": 0, "Female": 0}]}}