{"timestamp": [1734405233.047652, 1734467890.295249, 1734554430.829175], "data": {"selected": [0, 0, 0], "assigned": [89, 95, 114], "preselecStu": [0, 0, 0], "stuGender": [{"male": 0, "Female": 0}, {"male": 0, "Female": 0}, {"male": 0, "Female": 0}]}}