{"timestamp": [1725444116.360903, 1725516507.558451], "data": {"selected": [21, 20], "assigned": [0, 1], "preselecStu": [0, 0], "stuGender": [{"male": 17, "Female": 4}, {"male": 16, "Female": 4}]}}