{"timestamp": [1725444116.360903, 1725516507.558451, 1725603060.247706], "data": {"selected": [21, 20, 20], "assigned": [0, 1, 0], "preselecStu": [0, 0, 0], "stuGender": [{"male": 17, "Female": 4}, {"male": 16, "Female": 4}, {"male": 16, "Female": 4}]}}