{"timestamp": [1716064138.227369, 1716495577.756652, 1725436957.35745], "data": {"selected": [0, 0, 0], "assigned": [0, 0, 8], "preselecStu": [0, 0, 0], "stuGender": [{"male": 0, "Female": 0}, {"male": 0, "Female": 0}, {"male": 0, "Female": 0}]}}