{"timestamp": [1707541987.358314, 1707545226.663018], "data": {"selected": [11, 11], "assigned": [0, 0], "preselecStu": [11, 11], "stuGender": [{"male": 5, "Female": 6}, {"male": 5, "Female": 6}]}}