{"timestamp": [1734409010.922581, 1734471635.591968], "data": {"selected": [0, 0], "assigned": [26, 31], "preselecStu": [0, 0], "stuGender": [{"male": 0, "Female": 0}, {"male": 0, "Female": 0}]}}