{"timestamp": [1734409010.922581, 1734471635.591968, 1734558499.705072, 1734644115.463849], "data": {"selected": [0, 0, 0, 0], "assigned": [26, 31, 33, 36], "preselecStu": [0, 0, 0, 0], "stuGender": [{"male": 0, "Female": 0}, {"male": 0, "Female": 0}, {"male": 0, "Female": 0}, {"male": 0, "Female": 0}]}}