{"timestamp": [1716066502.060302, 1716497740.819559, 1725440447.811997], "data": {"selected": [0, 0, 4], "assigned": [0, 0, 3], "preselecStu": [0, 0, 4], "stuGender": [{"male": 0, "Female": 0}, {"male": 0, "Female": 0}, {"male": 4, "Female": 0}]}}