{"timestamp": [1734407187.081713, 1734469928.475582, 1734556562.237976], "data": {"selected": [0, 0, 0], "assigned": [10, 11, 13], "preselecStu": [0, 0, 0], "stuGender": [{"male": 0, "Female": 0}, {"male": 0, "Female": 0}, {"male": 0, "Female": 0}]}}