{"timestamp": [1734407187.081713, 1734469928.475582], "data": {"selected": [0, 0], "assigned": [10, 11], "preselecStu": [0, 0], "stuGender": [{"male": 0, "Female": 0}, {"male": 0, "Female": 0}]}}