{"timestamp": [1707541371.51694, 1707544564.905162], "data": {"selected": [31, 31], "assigned": [0, 0], "preselecStu": [31, 31], "stuGender": [{"male": 23, "Female": 8}, {"male": 23, "Female": 8}]}}