{"timestamp": [1734410419.938318, 1734472958.098038, 1734559932.346851], "data": {"selected": [0, 0, 0], "assigned": [3, 7, 11], "preselecStu": [0, 0, 0], "stuGender": [{"male": 0, "Female": 0}, {"male": 0, "Female": 0}, {"male": 0, "Female": 0}]}}