{"timestamp": [1734406132.49829, 1734468866.459338, 1734555386.864347], "data": {"selected": [0, 0, 0], "assigned": [7, 6, 9], "preselecStu": [0, 0, 0], "stuGender": [{"male": 0, "Female": 0}, {"male": 0, "Female": 0}, {"male": 0, "Female": 0}]}}