{"timestamp": [1734409620.195785, 1734472237.764411, 1734559206.528376], "data": {"selected": [0, 0, 0], "assigned": [34, 34, 34], "preselecStu": [0, 0, 0], "stuGender": [{"male": 0, "Female": 0}, {"male": 0, "Female": 0}, {"male": 0, "Female": 0}]}}