{"timestamp": [1716066731.279327, 1716497976.011578, 1725440826.967848, 1725513422.089464], "data": {"selected": [0, 0, 3, 3], "assigned": [0, 0, 11, 12], "preselecStu": [0, 0, 3, 3], "stuGender": [{"male": 0, "Female": 0}, {"male": 0, "Female": 0}, {"male": 2, "Female": 1}, {"male": 2, "Female": 1}]}}