{"timestamp": [1734405611.149683, 1734468306.009538], "data": {"selected": [0, 0], "assigned": [163, 197], "preselecStu": [0, 0], "stuGender": [{"male": 0, "Female": 0}, {"male": 0, "Female": 0}]}}