{"timestamp": [1734406394.974072, 1734469130.827027, 1734555654.762063], "data": {"selected": [0, 0, 0], "assigned": [23, 28, 32], "preselecStu": [0, 0, 0], "stuGender": [{"male": 0, "Female": 0}, {"male": 0, "Female": 0}, {"male": 0, "Female": 0}]}}