{"timestamp": [1734406394.974072, 1734469130.827027], "data": {"selected": [0, 0], "assigned": [23, 28], "preselecStu": [0, 0], "stuGender": [{"male": 0, "Female": 0}, {"male": 0, "Female": 0}]}}