{"timestamp": [1707541770.576138, 1707544999.873603], "data": {"selected": [59, 59], "assigned": [0, 0], "preselecStu": [59, 59], "stuGender": [{"male": 25, "Female": 34}, {"male": 25, "Female": 34}]}}