{"timestamp": [1716067653.263236, 1716498889.725876, 1725442090.759993], "data": {"selected": [0, 0, 24], "assigned": [0, 0, 0], "preselecStu": [0, 0, 0], "stuGender": [{"male": 0, "Female": 0}, {"male": 0, "Female": 0}, {"male": 6, "Female": 18}]}}