{"timestamp": [1707578670.026868, 1707590799.823347, 1707660548.729678], "data": {"selected": [4, 4, 4], "assigned": [0, 0, 0], "preselecStu": [4, 4, 4], "stuGender": [{"male": 0, "Female": 4}, {"male": 0, "Female": 4}, {"male": 0, "Female": 4}]}}