{"timestamp": [1734405514.350121, 1734468164.15813, 1734554692.179666], "data": {"selected": [0, 0, 0], "assigned": [49, 49, 50], "preselecStu": [0, 0, 0], "stuGender": [{"male": 0, "Female": 0}, {"male": 0, "Female": 0}, {"male": 0, "Female": 0}]}}