{"timestamp": [1716065452.85134, 1716496773.11816, 1725438872.873916, 1725511904.491905], "data": {"selected": [0, 0, 2, 2], "assigned": [0, 0, 4, 5], "preselecStu": [0, 0, 2, 2], "stuGender": [{"male": 0, "Female": 0}, {"male": 0, "Female": 0}, {"male": 2, "Female": 0}, {"male": 2, "Female": 0}]}}