{"timestamp": [1707576830.288529, 1707588463.458442], "data": {"selected": [60, 60], "assigned": [0, 0], "preselecStu": [60, 60], "stuGender": [{"male": 45, "Female": 15}, {"male": 45, "Female": 15}]}}