{"timestamp": [1707541631.18364, 1707544841.888645], "data": {"selected": [60, 60], "assigned": [0, 0], "preselecStu": [60, 60], "stuGender": [{"male": 45, "Female": 15}, {"male": 45, "Female": 15}]}}