{"timestamp": [1716066395.378275, 1716497632.008101, 1725440279.96193, 1725513010.005111], "data": {"selected": [0, 0, 2, 2], "assigned": [0, 0, 6, 6], "preselecStu": [0, 0, 2, 2], "stuGender": [{"male": 0, "Female": 0}, {"male": 0, "Female": 0}, {"male": 2, "Female": 0}, {"male": 2, "Female": 0}]}}