{"timestamp": [1707575316.60282, 1707586631.513548, 1707658709.437254], "data": {"selected": [47, 47, 47], "assigned": [0, 0, 0], "preselecStu": [47, 47, 47], "stuGender": [{"male": 38, "Female": 9}, {"male": 38, "Female": 9}, {"male": 38, "Female": 9}]}}