{"timestamp": [1707540809.300629, 1707543988.001759], "data": {"selected": [47, 47], "assigned": [0, 0], "preselecStu": [47, 47], "stuGender": [{"male": 38, "Female": 9}, {"male": 38, "Female": 9}]}}