{"timestamp": [1734406032.314859, 1734468736.366378, 1734555280.618639], "data": {"selected": [0, 0, 0], "assigned": [15, 19, 18], "preselecStu": [0, 0, 0], "stuGender": [{"male": 0, "Female": 0}, {"male": 0, "Female": 0}, {"male": 0, "Female": 0}]}}