{"timestamp": [1734406032.314859, 1734468736.366378], "data": {"selected": [0, 0], "assigned": [15, 19], "preselecStu": [0, 0], "stuGender": [{"male": 0, "Female": 0}, {"male": 0, "Female": 0}]}}