{"timestamp": [1734407575.748469, 1734470304.592219, 1734556963.583763], "data": {"selected": [0, 0, 0], "assigned": [8, 10, 14], "preselecStu": [0, 0, 0], "stuGender": [{"male": 0, "Female": 0}, {"male": 0, "Female": 0}, {"male": 0, "Female": 0}]}}