{"timestamp": [1734406222.557036, 1734468963.863085, 1734555472.757009], "data": {"selected": [0, 0, 0], "assigned": [93, 104, 114], "preselecStu": [0, 0, 0], "stuGender": [{"male": 0, "Female": 0}, {"male": 0, "Female": 0}, {"male": 0, "Female": 0}]}}