{"timestamp": [1707540936.428898, 1707544116.154127], "data": {"selected": [50, 50], "assigned": [0, 0], "preselecStu": [50, 50], "stuGender": [{"male": 11, "Female": 39}, {"male": 11, "Female": 39}]}}