{"timestamp": [1716064625.521759, 1716496025.225555, 1725437681.831692, 1725510905.077432], "data": {"selected": [0, 0, 0, 40], "assigned": [0, 0, 0, 0], "preselecStu": [0, 0, 0, 0], "stuGender": [{"male": 0, "Female": 0}, {"male": 0, "Female": 0}, {"male": 0, "Female": 0}, {"male": 30, "Female": 10}]}}