{"timestamp": [1707578372.04577, 1707590397.915559], "data": {"selected": [17, 17], "assigned": [0, 0], "preselecStu": [17, 17], "stuGender": [{"male": 13, "Female": 4}, {"male": 13, "Female": 4}]}}