{"timestamp": [1707542468.61127, 1707545747.408782], "data": {"selected": [17, 17], "assigned": [0, 0], "preselecStu": [17, 17], "stuGender": [{"male": 13, "Female": 4}, {"male": 13, "Female": 4}]}}