{"timestamp": [1707578582.309577, 1707590675.374919, 1707660499.955106, 1707663120.181045], "data": {"selected": [13, 13, 13, 13], "assigned": [0, 0, 0, 0], "preselecStu": [13, 13, 13, 13], "stuGender": [{"male": 3, "Female": 10}, {"male": 3, "Female": 10}, {"male": 3, "Female": 10}, {"male": 3, "Female": 10}]}}