{"timestamp": [1734405317.844725, 1734467988.26432, 1734554512.663365, 1734640751.474521], "data": {"selected": [0, 0, 0, 0], "assigned": [39, 39, 47, 57], "preselecStu": [0, 0, 0, 0], "stuGender": [{"male": 0, "Female": 0}, {"male": 0, "Female": 0}, {"male": 0, "Female": 0}, {"male": 0, "Female": 0}]}}