{"timestamp": [1734409289.878247, 1734471914.299849, 1734558828.753279], "data": {"selected": [0, 0, 0], "assigned": [2, 2, 3], "preselecStu": [0, 0, 0], "stuGender": [{"male": 0, "Female": 0}, {"male": 0, "Female": 0}, {"male": 0, "Female": 0}]}}