{"timestamp": [1734408844.616066, 1734471477.644577, 1734558310.248441], "data": {"selected": [0, 0, 0], "assigned": [97, 100, 101], "preselecStu": [0, 0, 0], "stuGender": [{"male": 0, "Female": 0}, {"male": 0, "Female": 0}, {"male": 0, "Female": 0}]}}