{"timestamp": [1734404775.283192, 1734467404.270226, 1734553906.644336], "data": {"selected": [0, 0, 0], "assigned": [69, 68, 70], "preselecStu": [0, 0, 0], "stuGender": [{"male": 0, "Female": 0}, {"male": 0, "Female": 0}, {"male": 0, "Female": 0}]}}