{"timestamp": [1734404775.283192, 1734467404.270226], "data": {"selected": [0, 0], "assigned": [69, 68], "preselecStu": [0, 0], "stuGender": [{"male": 0, "Female": 0}, {"male": 0, "Female": 0}]}}