{"timestamp": [1716067730.843923, 1716498945.165049, 1725442160.750672], "data": {"selected": [0, 0, 2], "assigned": [0, 0, 3], "preselecStu": [0, 0, 2], "stuGender": [{"male": 0, "Female": 0}, {"male": 0, "Female": 0}, {"male": 1, "Female": 1}]}}