{"timestamp": [1707578597.445147, 1707590693.891069, 1707660508.830825, 1707663129.125401], "data": {"selected": [16, 16, 16, 16], "assigned": [0, 0, 0, 0], "preselecStu": [16, 16, 16, 16], "stuGender": [{"male": 7, "Female": 9}, {"male": 7, "Female": 9}, {"male": 7, "Female": 9}, {"male": 7, "Female": 9}]}}