{"timestamp": [1734407910.597098, 1734470603.10251, 1734557299.558802, 1734643155.055461], "data": {"selected": [0, 0, 0, 0], "assigned": [48, 48, 49, 50], "preselecStu": [0, 0, 0, 0], "stuGender": [{"male": 0, "Female": 0}, {"male": 0, "Female": 0}, {"male": 0, "Female": 0}, {"male": 0, "Female": 0}]}}