{"timestamp": [1707575880.358065, 1707587290.175726, 1707659027.910687], "data": {"selected": [86, 86, 86], "assigned": [0, 0, 0], "preselecStu": [86, 86, 86], "stuGender": [{"male": 64, "Female": 22}, {"male": 64, "Female": 22}, {"male": 64, "Female": 22}]}}