{"timestamp": [1716064075.436275, 1716495520.95993, 1725436869.819447, 1725510263.814101], "data": {"selected": [0, 0, 0, 0], "assigned": [0, 0, 11, 20], "preselecStu": [0, 0, 0, 0], "stuGender": [{"male": 0, "Female": 0}, {"male": 0, "Female": 0}, {"male": 0, "Female": 0}, {"male": 0, "Female": 0}]}}