{"timestamp": [1734410196.373144, 1734472741.25447, 1734559709.061446], "data": {"selected": [0, 0, 0], "assigned": [5, 5, 6], "preselecStu": [0, 0, 0], "stuGender": [{"male": 0, "Female": 0}, {"male": 0, "Female": 0}, {"male": 0, "Female": 0}]}}