{"timestamp": [1716066959.450077, 1716498206.586338, 1725441151.25034], "data": {"selected": [0, 0, 2], "assigned": [0, 0, 37], "preselecStu": [0, 0, 2], "stuGender": [{"male": 0, "Female": 0}, {"male": 0, "Female": 0}, {"male": 1, "Female": 1}]}}