{"timestamp": [1716066959.450077, 1716498206.586338, 1725441151.25034, 1725513718.145406], "data": {"selected": [0, 0, 2, 2], "assigned": [0, 0, 37, 42], "preselecStu": [0, 0, 2, 2], "stuGender": [{"male": 0, "Female": 0}, {"male": 0, "Female": 0}, {"male": 1, "Female": 1}, {"male": 1, "Female": 1}]}}