{"timestamp": [1707542480.376461, 1707545759.790138], "data": {"selected": [18, 18], "assigned": [0, 0], "preselecStu": [18, 18], "stuGender": [{"male": 10, "Female": 8}, {"male": 10, "Female": 8}]}}