{"timestamp": [1716064324.957871, 1716495760.419799, 1725437253.591902, 1725510556.678884], "data": {"selected": [0, 0, 109, 102], "assigned": [0, 0, 81, 164], "preselecStu": [0, 0, 109, 102], "stuGender": [{"male": 0, "Female": 0}, {"male": 0, "Female": 0}, {"male": 80, "Female": 29}, {"male": 74, "Female": 28}]}}