{"timestamp": [1716064324.957871, 1716495760.419799, 1725437253.591902], "data": {"selected": [0, 0, 109], "assigned": [0, 0, 81], "preselecStu": [0, 0, 109], "stuGender": [{"male": 0, "Female": 0}, {"male": 0, "Female": 0}, {"male": 80, "Female": 29}]}}