{"timestamp": [1707542039.299605, 1707545279.607813], "data": {"selected": [13, 13], "assigned": [0, 0], "preselecStu": [13, 13], "stuGender": [{"male": 3, "Female": 10}, {"male": 3, "Female": 10}]}}