{"timestamp": [1734408653.259869, 1734471291.10466, 1734558113.605802], "data": {"selected": [0, 0, 0], "assigned": [26, 29, 33], "preselecStu": [0, 0, 0], "stuGender": [{"male": 0, "Female": 0}, {"male": 0, "Female": 0}, {"male": 0, "Female": 0}]}}