{"timestamp": [1707541906.988843, 1707545144.725423], "data": {"selected": [10, 10], "assigned": [0, 0], "preselecStu": [10, 10], "stuGender": [{"male": 6, "Female": 4}, {"male": 6, "Female": 4}]}}