{"timestamp": [1734405914.640937, 1734468640.540163, 1734555148.228444], "data": {"selected": [45, 45, 45], "assigned": [0, 0, 0], "preselecStu": [0, 0, 0], "stuGender": [{"male": 23, "Female": 22}, {"male": 23, "Female": 22}, {"male": 23, "Female": 22}]}}