{"timestamp": [1707542341.017134, 1707545614.169527], "data": {"selected": [56, 56], "assigned": [0, 0], "preselecStu": [56, 56], "stuGender": [{"male": 35, "Female": 21}, {"male": 35, "Female": 21}]}}