{"timestamp": [1707577884.689029, 1707589759.578293, 1707660130.074461], "data": {"selected": [60, 60, 60], "assigned": [0, 0, 0], "preselecStu": [60, 60, 60], "stuGender": [{"male": 44, "Female": 16}, {"male": 44, "Female": 16}, {"male": 44, "Female": 16}]}}