{"timestamp": [1707542195.152716, 1707545455.774103], "data": {"selected": [60, 60], "assigned": [0, 0], "preselecStu": [60, 60], "stuGender": [{"male": 44, "Female": 16}, {"male": 44, "Female": 16}]}}