{"timestamp": [1716065598.83799, 1716496918.576262, 1725439122.889961], "data": {"selected": [0, 0, 23], "assigned": [0, 0, 2], "preselecStu": [0, 0, 22], "stuGender": [{"male": 0, "Female": 0}, {"male": 0, "Female": 0}, {"male": 22, "Female": 1}]}}