{"timestamp": [1716067605.575551, 1716498842.070736, 1725442036.31494, 1725514451.213198], "data": {"selected": [0, 0, 1, 1], "assigned": [0, 0, 15, 17], "preselecStu": [0, 0, 1, 1], "stuGender": [{"male": 0, "Female": 0}, {"male": 0, "Female": 0}, {"male": 0, "Female": 1}, {"male": 0, "Female": 1}]}}