{"timestamp": [1707542087.828229, 1707545335.876744], "data": {"selected": [71, 71], "assigned": [0, 0], "preselecStu": [71, 71], "stuGender": [{"male": 59, "Female": 12}, {"male": 59, "Female": 12}]}}