{"timestamp": [1707577675.213787, 1707589466.764088], "data": {"selected": [71, 71], "assigned": [0, 0], "preselecStu": [71, 71], "stuGender": [{"male": 59, "Female": 12}, {"male": 59, "Female": 12}]}}