{"timestamp": [1716067034.531906, 1716498271.616279, 1725441250.536566], "data": {"selected": [0, 0, 7], "assigned": [0, 0, 17], "preselecStu": [0, 0, 7], "stuGender": [{"male": 0, "Female": 0}, {"male": 0, "Female": 0}, {"male": 4, "Female": 3}]}}