{"timestamp": [1707542116.081379, 1707545365.138236], "data": {"selected": [40, 40], "assigned": [0, 0], "preselecStu": [40, 40], "stuGender": [{"male": 31, "Female": 9}, {"male": 31, "Female": 9}]}}