{"timestamp": [1716066020.738435, 1716497299.041906, 1725439711.899013, 1725512573.680369], "data": {"selected": [0, 0, 0, 0], "assigned": [0, 0, 3, 4], "preselecStu": [0, 0, 0, 0], "stuGender": [{"male": 0, "Female": 0}, {"male": 0, "Female": 0}, {"male": 0, "Female": 0}, {"male": 0, "Female": 0}]}}