{"timestamp": [1725437483.574404, 1725510757.817321, 1725597080.409467], "data": {"selected": [45, 43, 48], "assigned": [31, 61, 17], "preselecStu": [45, 43, 39], "stuGender": [{"male": 33, "Female": 12}, {"male": 32, "Female": 11}, {"male": 34, "Female": 14}]}}