{"timestamp": [1716069008.530508, 1716500096.8661, 1725443658.377517], "data": {"selected": [0, 0, 7], "assigned": [0, 3, 0], "preselecStu": [0, 0, 1], "stuGender": [{"male": 0, "Female": 0}, {"male": 0, "Female": 0}, {"male": 3, "Female": 4}]}}