{"timestamp": [1707576107.063949, 1707587546.202254, 1707659146.787406], "data": {"selected": [37, 37, 37], "assigned": [0, 0, 0], "preselecStu": [37, 37, 37], "stuGender": [{"male": 31, "Female": 6}, {"male": 31, "Female": 6}, {"male": 31, "Female": 6}]}}