{"timestamp": [1707541241.492449, 1707544423.069499], "data": {"selected": [37, 37], "assigned": [0, 0], "preselecStu": [37, 37], "stuGender": [{"male": 31, "Female": 6}, {"male": 31, "Female": 6}]}}