{"timestamp": [1716066599.939398, 1716497845.436748, 1725440621.841501], "data": {"selected": [0, 0, 74], "assigned": [0, 64, 7], "preselecStu": [0, 0, 74], "stuGender": [{"male": 0, "Female": 0}, {"male": 0, "Female": 0}, {"male": 61, "Female": 13}]}}