{"timestamp": [1707540380.01646, 1707543555.988701], "data": {"selected": [42, 42], "assigned": [0, 0], "preselecStu": [42, 42], "stuGender": [{"male": 24, "Female": 18}, {"male": 24, "Female": 18}]}}