{"timestamp": [1707575051.700743, 1707586318.681676], "data": {"selected": [50, 50], "assigned": [0, 0], "preselecStu": [50, 50], "stuGender": [{"male": 18, "Female": 32}, {"male": 18, "Female": 32}]}}