{"timestamp": [1707578660.781079, 1707590787.374057, 1707660543.696757, 1707663163.858415], "data": {"selected": [6, 6, 6, 6], "assigned": [0, 0, 0, 0], "preselecStu": [6, 6, 6, 6], "stuGender": [{"male": 3, "Female": 3}, {"male": 3, "Female": 3}, {"male": 3, "Female": 3}, {"male": 3, "Female": 3}]}}