{"timestamp": [1707540869.497216, 1707544048.503462], "data": {"selected": [37, 37], "assigned": [0, 0], "preselecStu": [37, 37], "stuGender": [{"male": 25, "Female": 12}, {"male": 25, "Female": 12}]}}