{"timestamp": [1734408098.629545, 1734470777.538632], "data": {"selected": [0, 0], "assigned": [29, 29], "preselecStu": [0, 0], "stuGender": [{"male": 0, "Female": 0}, {"male": 0, "Female": 0}]}}