{"timestamp": [1734408263.255051, 1734470928.989791], "data": {"selected": [0, 0], "assigned": [13, 11], "preselecStu": [0, 0], "stuGender": [{"male": 0, "Female": 0}, {"male": 0, "Female": 0}]}}