{"timestamp": [1707541466.736667, 1707544668.288753], "data": {"selected": [47, 47], "assigned": [0, 0], "preselecStu": [47, 47], "stuGender": [{"male": 36, "Female": 11}, {"male": 36, "Female": 11}]}}