{"timestamp": [1707578062.452973, 1707589987.519846, 1707660218.777221], "data": {"selected": [27, 27, 27], "assigned": [0, 0, 0], "preselecStu": [27, 27, 27], "stuGender": [{"male": 19, "Female": 8}, {"male": 19, "Female": 8}, {"male": 19, "Female": 8}]}}