{"timestamp": [1707576543.860762, 1707588130.665032, 1707659386.988332, 1707661989.691983], "data": {"selected": [3, 3, 3, 3], "assigned": [2, 2, 2, 2], "preselecStu": [3, 3, 3, 3], "stuGender": [{"male": 4, "Female": 1}, {"male": 4, "Female": 1}, {"male": 4, "Female": 1}, {"male": 4, "Female": 1}]}}