{"timestamp": [1707575596.368724, 1707586960.517918, 1707658869.35689, 1707661465.915987], "data": {"selected": [35, 35, 35, 35], "assigned": [0, 0, 0, 0], "preselecStu": [35, 35, 35, 35], "stuGender": [{"male": 8, "Female": 27}, {"male": 8, "Female": 27}, {"male": 8, "Female": 27}, {"male": 8, "Female": 27}]}}