{"timestamp": [1734406196.468955, 1734468940.54999, 1734555450.420866, 1734641637.955337], "data": {"selected": [0, 0, 0, 0], "assigned": [2, 2, 3, 3], "preselecStu": [0, 0, 0, 0], "stuGender": [{"male": 0, "Female": 0}, {"male": 0, "Female": 0}, {"male": 0, "Female": 0}, {"male": 0, "Female": 0}]}}