{"timestamp": [1734409459.185722, 1734472058.712472, 1734559010.313296], "data": {"selected": [0, 0, 0], "assigned": [23, 28, 33], "preselecStu": [0, 0, 0], "stuGender": [{"male": 0, "Female": 0}, {"male": 0, "Female": 0}, {"male": 0, "Female": 0}]}}