{"timestamp": [1734406008.623229, 1734468714.620605, 1734555229.03214], "data": {"selected": [0, 0, 0], "assigned": [16, 17, 18], "preselecStu": [0, 0, 0], "stuGender": [{"male": 0, "Female": 0}, {"male": 0, "Female": 0}, {"male": 0, "Female": 0}]}}