{"timestamp": [1734405557.529082, 1734468225.297756, 1734554757.488073, 1734640973.109439], "data": {"selected": [0, 0, 0, 0], "assigned": [166, 189, 224, 265], "preselecStu": [0, 0, 0, 0], "stuGender": [{"male": 0, "Female": 0}, {"male": 0, "Female": 0}, {"male": 0, "Female": 0}, {"male": 0, "Female": 0}]}}