{"timestamp": [1707542125.414122, 1707545380.642396], "data": {"selected": [20, 20], "assigned": [0, 0], "preselecStu": [0, 0], "stuGender": [{"male": 18, "Female": 2}, {"male": 18, "Female": 2}]}}