{"timestamp": [1734405939.328404, 1734468664.762891, 1734555174.534363], "data": {"selected": [0, 0, 0], "assigned": [2, 2, 3], "preselecStu": [0, 0, 0], "stuGender": [{"male": 0, "Female": 0}, {"male": 0, "Female": 0}, {"male": 0, "Female": 0}]}}