{"timestamp": [1716066488.994546, 1716497725.435242, 1725440426.22554], "data": {"selected": [0, 0, 0], "assigned": [0, 0, 7], "preselecStu": [0, 0, 0], "stuGender": [{"male": 0, "Female": 0}, {"male": 0, "Female": 0}, {"male": 0, "Female": 0}]}}