{"timestamp": [1716067131.571802, 1716498372.833344, 1725441366.893743], "data": {"selected": [0, 0, 49], "assigned": [0, 0, 9], "preselecStu": [0, 0, 49], "stuGender": [{"male": 0, "Female": 0}, {"male": 0, "Female": 0}, {"male": 16, "Female": 33}]}}