{"timestamp": [1716067131.571802, 1716498372.833344, 1725441366.893743, 1725513892.538616], "data": {"selected": [0, 0, 49, 46], "assigned": [0, 0, 9, 13], "preselecStu": [0, 0, 49, 46], "stuGender": [{"male": 0, "Female": 0}, {"male": 0, "Female": 0}, {"male": 16, "Female": 33}, {"male": 16, "Female": 30}]}}