{"timestamp": [1707575720.708281, 1707587102.273253], "data": {"selected": [34, 34], "assigned": [0, 0], "preselecStu": [34, 34], "stuGender": [{"male": 10, "Female": 24}, {"male": 10, "Female": 24}]}}