{"timestamp": [1707541034.891625, 1707544216.032371], "data": {"selected": [34, 34], "assigned": [0, 0], "preselecStu": [34, 34], "stuGender": [{"male": 10, "Female": 24}, {"male": 10, "Female": 24}]}}