{"timestamp": [1707577670.383399, 1707589457.993206], "data": {"selected": [70, 70], "assigned": [0, 0], "preselecStu": [70, 70], "stuGender": [{"male": 60, "Female": 10}, {"male": 60, "Female": 10}]}}