{"timestamp": [1707577670.383399, 1707589457.993206, 1707660018.504283, 1707662626.122775], "data": {"selected": [70, 70, 70, 70], "assigned": [0, 0, 0, 0], "preselecStu": [70, 70, 70, 70], "stuGender": [{"male": 60, "Female": 10}, {"male": 60, "Female": 10}, {"male": 60, "Female": 10}, {"male": 60, "Female": 10}]}}