{"timestamp": [1734410476.972616, 1734473017.36192, 1734559993.831418, 1734645373.688664], "data": {"selected": [0, 0, 0, 0], "assigned": [2, 3, 5, 7], "preselecStu": [0, 0, 0, 0], "stuGender": [{"male": 0, "Female": 0}, {"male": 0, "Female": 0}, {"male": 0, "Female": 0}, {"male": 0, "Female": 0}]}}