{"timestamp": [1734405175.999261, 1734467833.586288, 1734554382.677096, 1734640597.066506], "data": {"selected": [0, 0, 0, 0], "assigned": [1, 1, 1, 1], "preselecStu": [0, 0, 0, 0], "stuGender": [{"male": 0, "Female": 0}, {"male": 0, "Female": 0}, {"male": 0, "Female": 0}, {"male": 0, "Female": 0}]}}