{"timestamp": [1716064141.203821, 1716495580.751311, 1725436960.65646], "data": {"selected": [0, 0, 0], "assigned": [0, 0, 15], "preselecStu": [0, 0, 0], "stuGender": [{"male": 0, "Female": 0}, {"male": 0, "Female": 0}, {"male": 0, "Female": 0}]}}