{"timestamp": [1716067684.948416, 1716498909.930569, 1725442118.619586], "data": {"selected": [0, 0, 3], "assigned": [0, 0, 8], "preselecStu": [0, 0, 3], "stuGender": [{"male": 0, "Female": 0}, {"male": 0, "Female": 0}, {"male": 0, "Female": 3}]}}