{"timestamp": [1707577017.031438, 1707588676.969898, 1707659646.718122, 1707662252.788341], "data": {"selected": [18, 18, 18, 18], "assigned": [0, 0, 0, 0], "preselecStu": [18, 18, 18, 18], "stuGender": [{"male": 14, "Female": 4}, {"male": 14, "Female": 4}, {"male": 14, "Female": 4}, {"male": 14, "Female": 4}]}}