{"timestamp": [1707540992.115505, 1707544171.92568], "data": {"selected": [16, 16], "assigned": [0, 0], "preselecStu": [1, 1], "stuGender": [{"male": 3, "Female": 13}, {"male": 3, "Female": 13}]}}