{"timestamp": [1734407134.210509, 1734469880.587778, 1734556487.788614], "data": {"selected": [0, 0, 0], "assigned": [41, 41, 42], "preselecStu": [0, 0, 0], "stuGender": [{"male": 0, "Female": 0}, {"male": 0, "Female": 0}, {"male": 0, "Female": 0}]}}