{"timestamp": [1707541527.124613, 1707544731.524893], "data": {"selected": [60, 60], "assigned": [0, 0], "preselecStu": [60, 60], "stuGender": [{"male": 47, "Female": 13}, {"male": 47, "Female": 13}]}}