{"timestamp": [1734407143.997996, 1734469890.463018, 1734556515.978091, 1734642492.9501], "data": {"selected": [0, 0, 0, 0], "assigned": [78, 89, 105, 117], "preselecStu": [0, 0, 0, 0], "stuGender": [{"male": 0, "Female": 0}, {"male": 0, "Female": 0}, {"male": 0, "Female": 0}, {"male": 0, "Female": 0}]}}