{"timestamp": [1707575196.008259, 1707586487.526444, 1707658638.71251], "data": {"selected": [43, 43, 43], "assigned": [0, 0, 0], "preselecStu": [0, 0, 0], "stuGender": [{"male": 34, "Female": 9}, {"male": 34, "Female": 9}, {"male": 34, "Female": 9}]}}