{"timestamp": [1734409533.298604, 1734472152.09655, 1734559103.986928], "data": {"selected": [0, 0, 0], "assigned": [9, 10, 11], "preselecStu": [0, 0, 0], "stuGender": [{"male": 0, "Female": 0}, {"male": 0, "Female": 0}, {"male": 0, "Female": 0}]}}