{"timestamp": [1734409771.899825, 1734472326.031918, 1734559313.943594, 1734644742.944161], "data": {"selected": [0, 0, 0, 0], "assigned": [82, 83, 89, 96], "preselecStu": [0, 0, 0, 0], "stuGender": [{"male": 0, "Female": 0}, {"male": 0, "Female": 0}, {"male": 0, "Female": 0}, {"male": 0, "Female": 0}]}}