{"timestamp": [1734408796.981433, 1734471425.972801, 1734558242.716618, 1734643943.782819], "data": {"selected": [0, 0, 0, 0], "assigned": [36, 36, 36, 38], "preselecStu": [0, 0, 0, 0], "stuGender": [{"male": 0, "Female": 0}, {"male": 0, "Female": 0}, {"male": 0, "Female": 0}, {"male": 0, "Female": 0}]}}