{"timestamp": [1734408796.981433, 1734471425.972801], "data": {"selected": [0, 0], "assigned": [36, 36], "preselecStu": [0, 0], "stuGender": [{"male": 0, "Female": 0}, {"male": 0, "Female": 0}]}}