{"timestamp": [1707577413.38175, 1707589135.062488], "data": {"selected": [50, 50], "assigned": [0, 0], "preselecStu": [50, 50], "stuGender": [{"male": 24, "Female": 26}, {"male": 24, "Female": 26}]}}