{"timestamp": [1716068637.754733, 1716499759.378957, 1725443249.74011], "data": {"selected": [0, 0, 25], "assigned": [0, 28, 5], "preselecStu": [0, 0, 25], "stuGender": [{"male": 0, "Female": 0}, {"male": 0, "Female": 0}, {"male": 17, "Female": 8}]}}