{"timestamp": [1707575139.186324, 1707586417.863438], "data": {"selected": [50, 50], "assigned": [0, 0], "preselecStu": [50, 50], "stuGender": [{"male": 39, "Female": 11}, {"male": 39, "Female": 11}]}}