{"timestamp": [1707542157.997228, 1707545416.022969], "data": {"selected": [60, 60], "assigned": [0, 0], "preselecStu": [60, 60], "stuGender": [{"male": 47, "Female": 13}, {"male": 47, "Female": 13}]}}