{"timestamp": [1734410917.979825, 1734473414.336661], "data": {"selected": [0, 0], "assigned": [28, 32], "preselecStu": [0, 0], "stuGender": [{"male": 0, "Female": 0}, {"male": 0, "Female": 0}]}}