{"timestamp": [1734410757.486993, 1734473272.292223, 1734560252.699839], "data": {"selected": [0, 0, 0], "assigned": [40, 40, 41], "preselecStu": [0, 0, 0], "stuGender": [{"male": 0, "Female": 0}, {"male": 0, "Female": 0}, {"male": 0, "Female": 0}]}}