{"timestamp": [1707542595.730961, 1707545870.969323], "data": {"selected": [32, 32], "assigned": [0, 0], "preselecStu": [32, 32], "stuGender": [{"male": 11, "Female": 21}, {"male": 11, "Female": 21}]}}