{"timestamp": [1707576897.326587, 1707588531.776721], "data": {"selected": [28, 28], "assigned": [0, 0], "preselecStu": [28, 28], "stuGender": [{"male": 22, "Female": 6}, {"male": 22, "Female": 6}]}}