{"timestamp": [1734410352.306536, 1734472889.841998, 1734559868.289186, 1734645265.899935], "data": {"selected": [0, 0, 0, 0], "assigned": [8, 8, 8, 11], "preselecStu": [0, 0, 0, 0], "stuGender": [{"male": 0, "Female": 0}, {"male": 0, "Female": 0}, {"male": 0, "Female": 0}, {"male": 0, "Female": 0}]}}