{"timestamp": [1707541760.822907, 1707544990.561567], "data": {"selected": [33, 33], "assigned": [0, 0], "preselecStu": [33, 33], "stuGender": [{"male": 20, "Female": 13}, {"male": 20, "Female": 13}]}}