{"timestamp": [1707577074.848349, 1707588745.715753, 1707659682.086536], "data": {"selected": [33, 33, 33], "assigned": [0, 0, 0], "preselecStu": [33, 33, 33], "stuGender": [{"male": 20, "Female": 13}, {"male": 20, "Female": 13}, {"male": 20, "Female": 13}]}}