{"timestamp": [1707576494.489514, 1707588072.294659, 1707659358.05746], "data": {"selected": [70, 70, 70], "assigned": [0, 0, 0], "preselecStu": [70, 70, 70], "stuGender": [{"male": 57, "Female": 13}, {"male": 57, "Female": 13}, {"male": 57, "Female": 13}]}}