{"timestamp": [1716067530.981594, 1716498766.341735, 1725441931.529902], "data": {"selected": [0, 0, 29], "assigned": [0, 0, 0], "preselecStu": [0, 0, 29], "stuGender": [{"male": 0, "Female": 0}, {"male": 0, "Female": 0}, {"male": 5, "Female": 24}]}}