{"timestamp": [1716067603.377587, 1716498839.913416, 1725442033.30252], "data": {"selected": [0, 0, 44], "assigned": [0, 21, 0], "preselecStu": [0, 0, 21], "stuGender": [{"male": 0, "Female": 0}, {"male": 0, "Female": 0}, {"male": 11, "Female": 33}]}}