{"timestamp": [1716063905.150776, 1716495370.37143, 1725436630.194556], "data": {"selected": [0, 0, 9], "assigned": [0, 0, 0], "preselecStu": [0, 0, 9], "stuGender": [{"male": 0, "Female": 0}, {"male": 0, "Female": 0}, {"male": 9, "Female": 0}]}}