{"timestamp": [1707540294.917247, 1707543470.846534], "data": {"selected": [56, 56], "assigned": [0, 0], "preselecStu": [56, 56], "stuGender": [{"male": 23, "Female": 33}, {"male": 23, "Female": 33}]}}