{"timestamp": [1707578229.30312, 1707590205.829687, 1707660312.705793], "data": {"selected": [4, 4, 4], "assigned": [0, 0, 0], "preselecStu": [4, 4, 4], "stuGender": [{"male": 1, "Female": 3}, {"male": 1, "Female": 3}, {"male": 1, "Female": 3}]}}