{"timestamp": [1734408027.550085, 1734470708.234917, 1734557419.586197], "data": {"selected": [0, 0, 0], "assigned": [7, 8, 7], "preselecStu": [0, 0, 0], "stuGender": [{"male": 0, "Female": 0}, {"male": 0, "Female": 0}, {"male": 0, "Female": 0}]}}