{"timestamp": [1716065196.463165, 1716496530.099924, 1725438508.80162, 1725511576.234049], "data": {"selected": [0, 0, 0, 0], "assigned": [0, 0, 25, 42], "preselecStu": [0, 0, 0, 0], "stuGender": [{"male": 0, "Female": 0}, {"male": 0, "Female": 0}, {"male": 0, "Female": 0}, {"male": 0, "Female": 0}]}}