{"timestamp": [1716067059.628943, 1716498296.310798, 1725441281.015745, 1725513815.203117], "data": {"selected": [0, 0, 57, 57], "assigned": [0, 56, 0, 0], "preselecStu": [0, 0, 57, 57], "stuGender": [{"male": 0, "Female": 0}, {"male": 0, "Female": 0}, {"male": 23, "Female": 34}, {"male": 23, "Female": 34}]}}