{"timestamp": [1707542719.553552, 1707546006.249683], "data": {"selected": [31, 31], "assigned": [0, 0], "preselecStu": [31, 31], "stuGender": [{"male": 17, "Female": 14}, {"male": 17, "Female": 14}]}}