{"timestamp": [1707575905.776505, 1707587319.617749, 1707659041.809952], "data": {"selected": [35, 35, 35], "assigned": [0, 0, 0], "preselecStu": [35, 35, 35], "stuGender": [{"male": 23, "Female": 12}, {"male": 23, "Female": 12}, {"male": 23, "Female": 12}]}}