{"timestamp": [1707541138.225334, 1707544318.687683], "data": {"selected": [35, 35], "assigned": [0, 0], "preselecStu": [35, 35], "stuGender": [{"male": 23, "Female": 12}, {"male": 23, "Female": 12}]}}