{"timestamp": [1707577233.5131, 1707588934.503075, 1707659773.525618], "data": {"selected": [10, 10, 10], "assigned": [0, 0, 0], "preselecStu": [10, 10, 10], "stuGender": [{"male": 6, "Female": 4}, {"male": 6, "Female": 4}, {"male": 6, "Female": 4}]}}