{"timestamp": [1734408813.419623, 1734471442.465442], "data": {"selected": [0, 0], "assigned": [94, 95], "preselecStu": [0, 0], "stuGender": [{"male": 0, "Female": 0}, {"male": 0, "Female": 0}]}}