{"timestamp": [1716063739.252713, 1716495210.245472, 1725436396.143263], "data": {"selected": [0, 0, 40], "assigned": [0, 0, 43], "preselecStu": [0, 0, 40], "stuGender": [{"male": 0, "Female": 0}, {"male": 0, "Female": 0}, {"male": 28, "Female": 12}]}}