{"timestamp": [1734411127.036087, 1734473595.689549], "data": {"selected": [0, 0], "assigned": [12, 13], "preselecStu": [0, 0], "stuGender": [{"male": 0, "Female": 0}, {"male": 0, "Female": 0}]}}