{"timestamp": [1716063688.717357, 1716495157.807611, 1725436322.457198], "data": {"selected": [0, 0, 55], "assigned": [0, 0, 1], "preselecStu": [0, 0, 0], "stuGender": [{"male": 0, "Female": 0}, {"male": 0, "Female": 0}, {"male": 27, "Female": 28}]}}