{"timestamp": [1708833636.863022, 1708894401.029088, 1708980955.383134], "data": {"selected": [0, 0, 0], "assigned": [0, 0, 1], "preselecStu": [0, 0, 0], "stuGender": [{"male": 0, "Female": 0}, {"male": 0, "Female": 0}, {"male": 0, "Female": 0}]}}