{"timestamp": [1707575592.572121, 1707586956.063497], "data": {"selected": [24, 24], "assigned": [0, 0], "preselecStu": [24, 24], "stuGender": [{"male": 8, "Female": 16}, {"male": 8, "Female": 16}]}}