{"timestamp": [1716066663.63258, 1716497910.050794, 1725440726.537458], "data": {"selected": [0, 0, 29], "assigned": [0, 0, 17], "preselecStu": [0, 0, 29], "stuGender": [{"male": 0, "Female": 0}, {"male": 0, "Female": 0}, {"male": 23, "Female": 6}]}}