{"timestamp": [1716066663.63258, 1716497910.050794, 1725440726.537458, 1725513327.508569], "data": {"selected": [0, 0, 29, 27], "assigned": [0, 0, 17, 29], "preselecStu": [0, 0, 29, 27], "stuGender": [{"male": 0, "Female": 0}, {"male": 0, "Female": 0}, {"male": 23, "Female": 6}, {"male": 21, "Female": 6}]}}