{"timestamp": [1734405442.267763, 1734468109.668705], "data": {"selected": [0, 0], "assigned": [42, 41], "preselecStu": [0, 0], "stuGender": [{"male": 0, "Female": 0}, {"male": 0, "Female": 0}]}}