{"timestamp": [1707541622.866466, 1707544831.939906], "data": {"selected": [29, 29], "assigned": [0, 0], "preselecStu": [29, 29], "stuGender": [{"male": 24, "Female": 5}, {"male": 24, "Female": 5}]}}