{"timestamp": [1707576813.752375, 1707588445.659797], "data": {"selected": [29, 29], "assigned": [0, 0], "preselecStu": [29, 29], "stuGender": [{"male": 24, "Female": 5}, {"male": 24, "Female": 5}]}}