{"timestamp": [1716069354.602378, 1716500400.683271, 1725443994.004564], "data": {"selected": [0, 0, 4], "assigned": [0, 0, 2], "preselecStu": [0, 0, 1], "stuGender": [{"male": 0, "Female": 0}, {"male": 0, "Female": 0}, {"male": 4, "Female": 0}]}}