{"timestamp": [1734404836.026497, 1734467462.488195], "data": {"selected": [0, 0], "assigned": [39, 38], "preselecStu": [0, 0], "stuGender": [{"male": 0, "Female": 0}, {"male": 0, "Female": 0}]}}