{"timestamp": [1716069230.196196, 1716500294.239512, 1725443865.932464], "data": {"selected": [0, 0, 32], "assigned": [0, 32, 5], "preselecStu": [0, 0, 32], "stuGender": [{"male": 0, "Female": 0}, {"male": 0, "Female": 0}, {"male": 23, "Female": 9}]}}