{"timestamp": [1716067375.664976, 1716498618.557054, 1725441753.710214], "data": {"selected": [0, 0, 23], "assigned": [0, 0, 6], "preselecStu": [0, 0, 23], "stuGender": [{"male": 0, "Female": 0}, {"male": 0, "Female": 0}, {"male": 13, "Female": 10}]}}