{"timestamp": [1716067375.664976, 1716498618.557054, 1725441753.710214, 1725514187.724845], "data": {"selected": [0, 0, 23, 21], "assigned": [0, 0, 6, 11], "preselecStu": [0, 0, 23, 21], "stuGender": [{"male": 0, "Female": 0}, {"male": 0, "Female": 0}, {"male": 13, "Female": 10}, {"male": 13, "Female": 8}]}}