{"timestamp": [1716067894.596616, 1716499103.1764, 1725442382.008849, 1725514790.929061], "data": {"selected": [0, 0, 21, 20], "assigned": [0, 0, 29, 35], "preselecStu": [0, 0, 21, 20], "stuGender": [{"male": 0, "Female": 0}, {"male": 0, "Female": 0}, {"male": 15, "Female": 6}, {"male": 15, "Female": 5}]}}