{"timestamp": [1716066819.890855, 1716498064.296396, 1725440974.943458], "data": {"selected": [0, 0, 4], "assigned": [0, 0, 8], "preselecStu": [0, 0, 4], "stuGender": [{"male": 0, "Female": 0}, {"male": 0, "Female": 0}, {"male": 3, "Female": 1}]}}