{"timestamp": [1716068106.191345, 1716499279.645945, 1725442653.974992], "data": {"selected": [0, 0, 13], "assigned": [0, 0, 9], "preselecStu": [0, 0, 13], "stuGender": [{"male": 0, "Female": 0}, {"male": 0, "Female": 0}, {"male": 8, "Female": 5}]}}