{"timestamp": [1716066898.933436, 1716498141.91794, 1725441079.219487, 1725513646.872859], "data": {"selected": [0, 0, 0, 0], "assigned": [0, 0, 11, 12], "preselecStu": [0, 0, 0, 0], "stuGender": [{"male": 0, "Female": 0}, {"male": 0, "Female": 0}, {"male": 0, "Female": 0}, {"male": 0, "Female": 0}]}}