{"timestamp": [1716066978.031132, 1716498222.965418, 1725441173.189614, 1725513736.107301], "data": {"selected": [0, 0, 62, 62], "assigned": [0, 0, 18, 35], "preselecStu": [0, 0, 0, 0], "stuGender": [{"male": 0, "Female": 0}, {"male": 0, "Female": 0}, {"male": 27, "Female": 35}, {"male": 27, "Female": 35}]}}