{"timestamp": [1716068184.464597, 1716499351.660284, 1725442760.858283, 1725515152.500351], "data": {"selected": [0, 0, 2, 2], "assigned": [0, 0, 18, 20], "preselecStu": [0, 0, 2, 2], "stuGender": [{"male": 0, "Female": 0}, {"male": 0, "Female": 0}, {"male": 2, "Female": 0}, {"male": 2, "Female": 0}]}}