{"timestamp": [1707574561.03528, 1707585713.822653], "data": {"selected": [31, 31], "assigned": [0, 0], "preselecStu": [31, 31], "stuGender": [{"male": 6, "Female": 25}, {"male": 6, "Female": 25}]}}