{"timestamp": [1707578578.590877, 1707590670.895938, 1707660497.855618], "data": {"selected": [27, 27, 27], "assigned": [0, 0, 0], "preselecStu": [27, 27, 27], "stuGender": [{"male": 7, "Female": 20}, {"male": 7, "Female": 20}, {"male": 7, "Female": 20}]}}