{"timestamp": [1707577235.454662, 1707588937.397772, 1707659774.735669], "data": {"selected": [109, 109, 109], "assigned": [0, 0, 0], "preselecStu": [109, 109, 109], "stuGender": [{"male": 67, "Female": 42}, {"male": 67, "Female": 42}, {"male": 67, "Female": 42}]}}