{"timestamp": [1707541851.097665, 1707545082.499672], "data": {"selected": [109, 109], "assigned": [0, 0], "preselecStu": [109, 109], "stuGender": [{"male": 67, "Female": 42}, {"male": 67, "Female": 42}]}}