{"timestamp": [1716066473.015318, 1716497707.182888, 1725440406.641615], "data": {"selected": [0, 0, 7], "assigned": [0, 0, 5], "preselecStu": [0, 0, 7], "stuGender": [{"male": 0, "Female": 0}, {"male": 0, "Female": 0}, {"male": 6, "Female": 1}]}}