{"timestamp": [1716068932.530508, 1716500036.761419, 1725443565.5849, 1725515960.238638], "data": {"selected": [0, 0, 12, 11], "assigned": [0, 0, 2, 3], "preselecStu": [0, 0, 12, 11], "stuGender": [{"male": 0, "Female": 0}, {"male": 0, "Female": 0}, {"male": 5, "Female": 7}, {"male": 5, "Female": 6}]}}