{"timestamp": [1707541853.288648, 1707545084.734964], "data": {"selected": [66, 66], "assigned": [0, 0], "preselecStu": [66, 66], "stuGender": [{"male": 37, "Female": 29}, {"male": 37, "Female": 29}]}}