{"timestamp": [1716069364.488816, 1716500409.508956, 1725444004.424451], "data": {"selected": [0, 0, 19], "assigned": [0, 6, 0], "preselecStu": [0, 0, 6], "stuGender": [{"male": 0, "Female": 0}, {"male": 0, "Female": 0}, {"male": 10, "Female": 9}]}}