{"timestamp": [1707542108.63793, 1707545357.096553], "data": {"selected": [65, 65], "assigned": [0, 0], "preselecStu": [65, 65], "stuGender": [{"male": 48, "Female": 17}, {"male": 48, "Female": 17}]}}