{"timestamp": [1707577712.26306, 1707589523.184591, 1707660041.219772, 1707662650.456415], "data": {"selected": [65, 65, 65, 65], "assigned": [0, 0, 0, 0], "preselecStu": [65, 65, 65, 65], "stuGender": [{"male": 48, "Female": 17}, {"male": 48, "Female": 17}, {"male": 48, "Female": 17}, {"male": 48, "Female": 17}]}}