{"timestamp": [1734405941.627814, 1734468666.968055], "data": {"selected": [0, 0], "assigned": [23, 27], "preselecStu": [0, 0], "stuGender": [{"male": 0, "Female": 0}, {"male": 0, "Female": 0}]}}