{"timestamp": [1734407665.76432, 1734470379.099557, 1734557047.250772, 1734642931.930957], "data": {"selected": [0, 0, 0, 0], "assigned": [42, 44, 47, 55], "preselecStu": [0, 0, 0, 0], "stuGender": [{"male": 0, "Female": 0}, {"male": 0, "Female": 0}, {"male": 0, "Female": 0}, {"male": 0, "Female": 0}]}}