{"timestamp": [1707542667.687838, 1707545945.664772], "data": {"selected": [13, 13], "assigned": [0, 0], "preselecStu": [13, 13], "stuGender": [{"male": 6, "Female": 7}, {"male": 6, "Female": 7}]}}