{"timestamp": [1707578721.966851, 1707590864.980314, 1707660576.739019, 1707663197.607724], "data": {"selected": [13, 13, 13, 13], "assigned": [0, 0, 0, 0], "preselecStu": [13, 13, 13, 13], "stuGender": [{"male": 6, "Female": 7}, {"male": 6, "Female": 7}, {"male": 6, "Female": 7}, {"male": 6, "Female": 7}]}}