{"timestamp": [1707578721.966851, 1707590864.980314], "data": {"selected": [13, 13], "assigned": [0, 0], "preselecStu": [13, 13], "stuGender": [{"male": 6, "Female": 7}, {"male": 6, "Female": 7}]}}