{"timestamp": [1716065482.749941, 1716496803.888868, 1725438913.384031], "data": {"selected": [0, 0, 37], "assigned": [0, 0, 11], "preselecStu": [0, 0, 37], "stuGender": [{"male": 0, "Female": 0}, {"male": 0, "Female": 0}, {"male": 8, "Female": 29}]}}