{"timestamp": [1734408376.04491, 1734471023.536057, 1734557781.005333, 1734643566.393574], "data": {"selected": [0, 0, 0, 0], "assigned": [11, 12, 17, 24], "preselecStu": [0, 0, 0, 0], "stuGender": [{"male": 0, "Female": 0}, {"male": 0, "Female": 0}, {"male": 0, "Female": 0}, {"male": 0, "Female": 0}]}}