{"timestamp": [1734409495.46474, 1734472113.483903], "data": {"selected": [0, 0], "assigned": [91, 110], "preselecStu": [0, 0], "stuGender": [{"male": 0, "Female": 0}, {"male": 0, "Female": 0}]}}