{"timestamp": [1734409495.46474, 1734472113.483903, 1734559061.751075], "data": {"selected": [0, 0, 0], "assigned": [91, 110, 120], "preselecStu": [0, 0, 0], "stuGender": [{"male": 0, "Female": 0}, {"male": 0, "Female": 0}, {"male": 0, "Female": 0}]}}