{"timestamp": [1707542293.839708, 1707545563.598609], "data": {"selected": [54, 54], "assigned": [0, 0], "preselecStu": [54, 54], "stuGender": [{"male": 29, "Female": 25}, {"male": 29, "Female": 25}]}}