{"timestamp": [1707578066.19091, 1707589992.94879], "data": {"selected": [54, 54], "assigned": [0, 0], "preselecStu": [54, 54], "stuGender": [{"male": 29, "Female": 25}, {"male": 29, "Female": 25}]}}