{"timestamp": [1707541526.039907, 1707544730.443192], "data": {"selected": [110, 110], "assigned": [0, 0], "preselecStu": [110, 110], "stuGender": [{"male": 89, "Female": 21}, {"male": 89, "Female": 21}]}}