{"timestamp": [1707576632.046807, 1707588229.111759], "data": {"selected": [110, 110], "assigned": [0, 0], "preselecStu": [110, 110], "stuGender": [{"male": 89, "Female": 21}, {"male": 89, "Female": 21}]}}