{"timestamp": [1734405930.019032, 1734468655.08867, 1734555162.897142, 1734641390.064326], "data": {"selected": [35, 35, 35, 35], "assigned": [0, 0, 0, 0], "preselecStu": [0, 0, 0, 0], "stuGender": [{"male": 7, "Female": 28}, {"male": 7, "Female": 28}, {"male": 7, "Female": 28}, {"male": 7, "Female": 28}]}}