{"timestamp": [1707575899.28284, 1707587312.893732], "data": {"selected": [53, 53], "assigned": [0, 0], "preselecStu": [53, 53], "stuGender": [{"male": 39, "Female": 14}, {"male": 39, "Female": 14}]}}