{"timestamp": [1707541134.612384, 1707544315.414819], "data": {"selected": [53, 53], "assigned": [0, 0], "preselecStu": [53, 53], "stuGender": [{"male": 39, "Female": 14}, {"male": 39, "Female": 14}]}}