{"timestamp": [1734410164.988267, 1734472710.819729, 1734559676.900527], "data": {"selected": [0, 0, 0], "assigned": [1, 2, 4], "preselecStu": [0, 0, 0], "stuGender": [{"male": 0, "Female": 0}, {"male": 0, "Female": 0}, {"male": 0, "Female": 0}]}}