{"timestamp": [1707575324.591599, 1707586641.318675], "data": {"selected": [100, 100], "assigned": [0, 0], "preselecStu": [100, 100], "stuGender": [{"male": 57, "Female": 43}, {"male": 57, "Female": 43}]}}