{"timestamp": [1707576424.407313, 1707587995.327527, 1707659321.542917], "data": {"selected": [8, 8, 8], "assigned": [0, 0, 0], "preselecStu": [8, 8, 8], "stuGender": [{"male": 8, "Female": 0}, {"male": 8, "Female": 0}, {"male": 8, "Female": 0}]}}