{"timestamp": [1734405481.788834, 1734468137.563927], "data": {"selected": [0, 0], "assigned": [48, 48], "preselecStu": [0, 0], "stuGender": [{"male": 0, "Female": 0}, {"male": 0, "Female": 0}]}}