{"timestamp": [1707540897.012272, 1707544077.113702], "data": {"selected": [29, 29], "assigned": [0, 0], "preselecStu": [29, 29], "stuGender": [{"male": 22, "Female": 7}, {"male": 22, "Female": 7}]}}