{"timestamp": [1734408346.6963, 1734470993.65082, 1734557747.89806, 1734643539.010104], "data": {"selected": [0, 0, 0, 0], "assigned": [22, 22, 22, 22], "preselecStu": [0, 0, 0, 0], "stuGender": [{"male": 0, "Female": 0}, {"male": 0, "Female": 0}, {"male": 0, "Female": 0}, {"male": 0, "Female": 0}]}}