{"timestamp": [1734407625.967475, 1734470347.294973], "data": {"selected": [0, 0], "assigned": [48, 51], "preselecStu": [0, 0], "stuGender": [{"male": 0, "Female": 0}, {"male": 0, "Female": 0}]}}