{"timestamp": [1716066935.406899, 1716498180.726145, 1725441122.562294, 1725513690.787896], "data": {"selected": [0, 0, 15, 15], "assigned": [0, 0, 0, 0], "preselecStu": [0, 0, 0, 0], "stuGender": [{"male": 0, "Female": 0}, {"male": 0, "Female": 0}, {"male": 9, "Female": 6}, {"male": 9, "Female": 6}]}}