{"timestamp": [1734407531.586483, 1734470261.362206], "data": {"selected": [0, 0], "assigned": [14, 16], "preselecStu": [0, 0], "stuGender": [{"male": 0, "Female": 0}, {"male": 0, "Female": 0}]}}