{"timestamp": [1734407531.586483, 1734470261.362206, 1734556917.711751, 1734642816.010613], "data": {"selected": [0, 0, 0, 0], "assigned": [14, 16, 18, 18], "preselecStu": [0, 0, 0, 0], "stuGender": [{"male": 0, "Female": 0}, {"male": 0, "Female": 0}, {"male": 0, "Female": 0}, {"male": 0, "Female": 0}]}}