{"timestamp": [1716068672.043308, 1716499791.774645, 1725443286.596083, 1725515682.889873], "data": {"selected": [0, 0, 25, 23], "assigned": [0, 0, 2, 2], "preselecStu": [0, 0, 25, 23], "stuGender": [{"male": 0, "Female": 0}, {"male": 0, "Female": 0}, {"male": 16, "Female": 9}, {"male": 16, "Female": 7}]}}