{"timestamp": [1716068672.043308, 1716499791.774645, 1725443286.596083], "data": {"selected": [0, 0, 25], "assigned": [0, 0, 2], "preselecStu": [0, 0, 25], "stuGender": [{"male": 0, "Female": 0}, {"male": 0, "Female": 0}, {"male": 16, "Female": 9}]}}