{"timestamp": [1707575334.353722, 1707586653.951, 1707658721.308789], "data": {"selected": [70, 70, 70], "assigned": [0, 0, 0], "preselecStu": [70, 70, 70], "stuGender": [{"male": 49, "Female": 21}, {"male": 49, "Female": 21}, {"male": 49, "Female": 21}]}}