{"timestamp": [1734406989.50993, 1734469740.924301, 1734556324.143227], "data": {"selected": [0, 0, 0], "assigned": [12, 14, 16], "preselecStu": [0, 0, 0], "stuGender": [{"male": 0, "Female": 0}, {"male": 0, "Female": 0}, {"male": 0, "Female": 0}]}}