{"timestamp": [1707540816.119815, 1707543995.91951], "data": {"selected": [50, 50], "assigned": [0, 0], "preselecStu": [50, 50], "stuGender": [{"male": 24, "Female": 26}, {"male": 24, "Female": 26}]}}