{"timestamp": [1734408897.772014, 1734471519.069702, 1734558383.998768], "data": {"selected": [0, 0, 0], "assigned": [41, 44, 46], "preselecStu": [0, 0, 0], "stuGender": [{"male": 0, "Female": 0}, {"male": 0, "Female": 0}, {"male": 0, "Female": 0}]}}