{"timestamp": [1734408897.772014, 1734471519.069702], "data": {"selected": [0, 0], "assigned": [41, 44], "preselecStu": [0, 0], "stuGender": [{"male": 0, "Female": 0}, {"male": 0, "Female": 0}]}}