{"timestamp": [1734405812.609565, 1734468543.04963], "data": {"selected": [0, 0], "assigned": [89, 103], "preselecStu": [0, 0], "stuGender": [{"male": 0, "Female": 0}, {"male": 0, "Female": 0}]}}