{"timestamp": [1734405812.609565, 1734468543.04963, 1734555043.653585, 1734641287.686418], "data": {"selected": [0, 0, 0, 0], "assigned": [89, 103, 123, 136], "preselecStu": [0, 0, 0, 0], "stuGender": [{"male": 0, "Female": 0}, {"male": 0, "Female": 0}, {"male": 0, "Female": 0}, {"male": 0, "Female": 0}]}}