{"timestamp": [1716065235.005706, 1716496563.83455, 1725438555.173421, 1725511626.375271], "data": {"selected": [0, 0, 20, 20], "assigned": [0, 0, 11, 15], "preselecStu": [0, 0, 20, 20], "stuGender": [{"male": 0, "Female": 0}, {"male": 0, "Female": 0}, {"male": 6, "Female": 14}, {"male": 6, "Female": 14}]}}