{"timestamp": [1734405541.476968, 1734468198.930839, 1734554735.820763], "data": {"selected": [0, 0, 0], "assigned": [84, 100, 117], "preselecStu": [0, 0, 0], "stuGender": [{"male": 0, "Female": 0}, {"male": 0, "Female": 0}, {"male": 0, "Female": 0}]}}