{"timestamp": [1707542658.177573, 1707545935.127239], "data": {"selected": [38, 38], "assigned": [0, 0], "preselecStu": [38, 38], "stuGender": [{"male": 17, "Female": 21}, {"male": 17, "Female": 21}]}}