{"timestamp": [1707542287.450843, 1707545555.836062], "data": {"selected": [42, 42], "assigned": [0, 0], "preselecStu": [42, 42], "stuGender": [{"male": 17, "Female": 25}, {"male": 17, "Female": 25}]}}