{"timestamp": [1707540964.369324, 1707544143.960731], "data": {"selected": [24, 24], "assigned": [0, 0], "preselecStu": [24, 24], "stuGender": [{"male": 8, "Female": 16}, {"male": 8, "Female": 16}]}}