{"timestamp": [1716067206.894698, 1716498444.060597, 1725441455.984063], "data": {"selected": [0, 0, 56], "assigned": [0, 0, 17], "preselecStu": [0, 0, 0], "stuGender": [{"male": 0, "Female": 0}, {"male": 0, "Female": 0}, {"male": 29, "Female": 27}]}}