{"timestamp": [1716067045.953734, 1716498282.392756, 1725441263.587995, 1725513801.03889], "data": {"selected": [0, 0, 55, 50], "assigned": [0, 0, 16, 21], "preselecStu": [0, 0, 55, 50], "stuGender": [{"male": 0, "Female": 0}, {"male": 0, "Female": 0}, {"male": 17, "Female": 38}, {"male": 16, "Female": 34}]}}