{"timestamp": [1716067045.953734, 1716498282.392756, 1725441263.587995], "data": {"selected": [0, 0, 55], "assigned": [0, 0, 16], "preselecStu": [0, 0, 55], "stuGender": [{"male": 0, "Female": 0}, {"male": 0, "Female": 0}, {"male": 17, "Female": 38}]}}