{"timestamp": [1734409572.778717, 1734472190.556156, 1734559151.586957], "data": {"selected": [0, 0, 0], "assigned": [136, 138, 152], "preselecStu": [0, 0, 0], "stuGender": [{"male": 0, "Female": 0}, {"male": 0, "Female": 0}, {"male": 0, "Female": 0}]}}