{"timestamp": [1734410623.603512, 1734473153.781715, 1734560133.438514, 1734645525.995256], "data": {"selected": [0, 0, 0, 0], "assigned": [3, 3, 3, 3], "preselecStu": [0, 0, 0, 0], "stuGender": [{"male": 0, "Female": 0}, {"male": 0, "Female": 0}, {"male": 0, "Female": 0}, {"male": 0, "Female": 0}]}}