{"timestamp": [1716064736.305554, 1716496128.498343, 1725437848.555416], "data": {"selected": [0, 0, 28], "assigned": [0, 31, 1], "preselecStu": [0, 0, 28], "stuGender": [{"male": 0, "Female": 0}, {"male": 0, "Female": 0}, {"male": 22, "Female": 6}]}}