{"timestamp": [1716067258.652245, 1716498491.958475, 1725441514.984368], "data": {"selected": [0, 0, 116], "assigned": [0, 105, 2], "preselecStu": [0, 0, 116], "stuGender": [{"male": 0, "Female": 0}, {"male": 0, "Female": 0}, {"male": 63, "Female": 53}]}}