{"timestamp": [1716067258.652245, 1716498491.958475], "data": {"selected": [0, 0], "assigned": [0, 105], "preselecStu": [0, 0], "stuGender": [{"male": 0, "Female": 0}, {"male": 0, "Female": 0}]}}