{"timestamp": [1716063636.37783, 1716495113.622592, 1725436249.976865, 1725509735.293299], "data": {"selected": [0, 0, 53, 53], "assigned": [0, 0, 0, 1], "preselecStu": [0, 0, 0, 0], "stuGender": [{"male": 0, "Female": 0}, {"male": 0, "Female": 0}, {"male": 43, "Female": 10}, {"male": 43, "Female": 10}]}}