{"timestamp": [1716064281.578726, 1716495718.404009, 1725437185.246817, 1725510508.685796], "data": {"selected": [0, 0, 46, 46], "assigned": [0, 0, 0, 0], "preselecStu": [0, 0, 0, 0], "stuGender": [{"male": 0, "Female": 0}, {"male": 0, "Female": 0}, {"male": 37, "Female": 9}, {"male": 37, "Female": 9}]}}