{"timestamp": [1734409341.071932, 1734471960.913638, 1734558876.322316], "data": {"selected": [0, 0, 0], "assigned": [60, 60, 59], "preselecStu": [0, 0, 0], "stuGender": [{"male": 0, "Female": 0}, {"male": 0, "Female": 0}, {"male": 0, "Female": 0}]}}