{"timestamp": [1734408373.756287, 1734471021.194141], "data": {"selected": [0, 0], "assigned": [52, 52], "preselecStu": [0, 0], "stuGender": [{"male": 0, "Female": 0}, {"male": 0, "Female": 0}]}}