{"timestamp": [1716064060.118803, 1716495506.024565, 1725436844.793092], "data": {"selected": [0, 0, 0], "assigned": [0, 0, 15], "preselecStu": [0, 0, 0], "stuGender": [{"male": 0, "Female": 0}, {"male": 0, "Female": 0}, {"male": 0, "Female": 0}]}}