{"timestamp": [1734406414.80233, 1734469146.34221, 1734555673.324956], "data": {"selected": [0, 0, 0], "assigned": [14, 16, 16], "preselecStu": [0, 0, 0], "stuGender": [{"male": 0, "Female": 0}, {"male": 0, "Female": 0}, {"male": 0, "Female": 0}]}}