{"timestamp": [1707541415.966476, 1707544612.975455], "data": {"selected": [122, 122], "assigned": [0, 0], "preselecStu": [122, 122], "stuGender": [{"male": 91, "Female": 31}, {"male": 91, "Female": 31}]}}