{"timestamp": [1707540364.939562, 1707543540.772222], "data": {"selected": [16, 16], "assigned": [0, 0], "preselecStu": [16, 16], "stuGender": [{"male": 14, "Female": 2}, {"male": 14, "Female": 2}]}}