{"timestamp": [1716065538.245766, 1716496857.700775, 1725439039.43543], "data": {"selected": [0, 0, 80], "assigned": [0, 0, 6], "preselecStu": [0, 0, 6], "stuGender": [{"male": 0, "Female": 0}, {"male": 0, "Female": 0}, {"male": 59, "Female": 21}]}}