{"timestamp": [1734408343.854213, 1734470991.296599, 1734557745.466205, 1734643536.795725], "data": {"selected": [0, 0, 0, 0], "assigned": [10, 10, 10, 10], "preselecStu": [0, 0, 0, 0], "stuGender": [{"male": 0, "Female": 0}, {"male": 0, "Female": 0}, {"male": 0, "Female": 0}, {"male": 0, "Female": 0}]}}