{"timestamp": [1716066889.612094, 1716498132.572776, 1725441067.95751], "data": {"selected": [0, 0, 28], "assigned": [0, 0, 0], "preselecStu": [0, 0, 0], "stuGender": [{"male": 0, "Female": 0}, {"male": 0, "Female": 0}, {"male": 21, "Female": 7}]}}