{"timestamp": [1734410437.461959, 1734472977.099407, 1734559951.787048], "data": {"selected": [0, 0, 0], "assigned": [1, 0, 2], "preselecStu": [0, 0, 0], "stuGender": [{"male": 0, "Female": 0}, {"male": 0, "Female": 0}, {"male": 0, "Female": 0}]}}