{"timestamp": [1707577972.02582, 1707589848.501748], "data": {"selected": [68, 68], "assigned": [0, 0], "preselecStu": [68, 68], "stuGender": [{"male": 48, "Female": 20}, {"male": 48, "Female": 20}]}}