{"timestamp": [1707541123.984626, 1707544304.796466], "data": {"selected": [86, 86], "assigned": [0, 0], "preselecStu": [86, 86], "stuGender": [{"male": 64, "Female": 22}, {"male": 64, "Female": 22}]}}