{"timestamp": [1734408165.381627, 1734470841.689028, 1734557575.955489, 1734643393.241719], "data": {"selected": [0, 0, 0, 0], "assigned": [29, 34, 40, 42], "preselecStu": [0, 0, 0, 0], "stuGender": [{"male": 0, "Female": 0}, {"male": 0, "Female": 0}, {"male": 0, "Female": 0}, {"male": 0, "Female": 0}]}}