{"timestamp": [1734408165.381627, 1734470841.689028], "data": {"selected": [0, 0], "assigned": [29, 34], "preselecStu": [0, 0], "stuGender": [{"male": 0, "Female": 0}, {"male": 0, "Female": 0}]}}