{"timestamp": [1716065655.687922, 1716496972.798011, 1725439196.051259], "data": {"selected": [0, 0, 11], "assigned": [0, 0, 2], "preselecStu": [0, 0, 11], "stuGender": [{"male": 0, "Female": 0}, {"male": 0, "Female": 0}, {"male": 11, "Female": 0}]}}