{"timestamp": [1716064628.671823, 1716496027.37206, 1725437685.052558, 1725510913.612241], "data": {"selected": [0, 0, 0, 33], "assigned": [0, 0, 0, 0], "preselecStu": [0, 0, 0, 0], "stuGender": [{"male": 0, "Female": 0}, {"male": 0, "Female": 0}, {"male": 0, "Female": 0}, {"male": 28, "Female": 5}]}}