{"timestamp": [1707542597.136109, 1707545872.011921], "data": {"selected": [25, 25], "assigned": [0, 0], "preselecStu": [25, 25], "stuGender": [{"male": 15, "Female": 10}, {"male": 15, "Female": 10}]}}