{"timestamp": [1707578584.183645, 1707590677.628702, 1707660501.019191], "data": {"selected": [21, 21, 21], "assigned": [0, 0, 0], "preselecStu": [21, 21, 21], "stuGender": [{"male": 6, "Female": 15}, {"male": 6, "Female": 15}, {"male": 6, "Female": 15}]}}