{"timestamp": [1707577241.243066, 1707588944.245326], "data": {"selected": [50, 50], "assigned": [0, 0], "preselecStu": [50, 50], "stuGender": [{"male": 27, "Female": 23}, {"male": 27, "Female": 23}]}}