{"timestamp": [1716066875.902218, 1716498119.153544, 1725441049.279359], "data": {"selected": [0, 0, 9], "assigned": [0, 0, 1], "preselecStu": [0, 0, 9], "stuGender": [{"male": 0, "Female": 0}, {"male": 0, "Female": 0}, {"male": 5, "Female": 4}]}}