{"timestamp": [1716068094.935711, 1716499268.420021, 1725442640.329898], "data": {"selected": [0, 0, 7], "assigned": [0, 0, 15], "preselecStu": [0, 0, 7], "stuGender": [{"male": 0, "Female": 0}, {"male": 0, "Female": 0}, {"male": 2, "Female": 5}]}}