{"timestamp": [1716064800.179574, 1716496180.219793, 1725437927.170996], "data": {"selected": [0, 0, 0], "assigned": [0, 0, 69], "preselecStu": [0, 0, 0], "stuGender": [{"male": 0, "Female": 0}, {"male": 0, "Female": 0}, {"male": 0, "Female": 0}]}}