{"timestamp": [1734405711.499161, 1734468441.949868, 1734554937.513296, 1734641189.300591], "data": {"selected": [0, 0, 0, 0], "assigned": [232, 276, 322, 355], "preselecStu": [0, 0, 0, 0], "stuGender": [{"male": 0, "Female": 0}, {"male": 0, "Female": 0}, {"male": 0, "Female": 0}, {"male": 0, "Female": 0}]}}