{"timestamp": [1734406478.859435, 1734469219.662111], "data": {"selected": [0, 0], "assigned": [24, 25], "preselecStu": [0, 0], "stuGender": [{"male": 0, "Female": 0}, {"male": 0, "Female": 0}]}}