{"timestamp": [1725442178.108501, 1725514589.14059, 1725600987.480979], "data": {"selected": [0, 0, 6], "assigned": [5, 6, 1], "preselecStu": [0, 0, 0], "stuGender": [{"male": 0, "Female": 0}, {"male": 0, "Female": 0}, {"male": 2, "Female": 4}]}}