{"timestamp": [1734407228.564025, 1734469966.543301, 1734556602.72064], "data": {"selected": [0, 0, 0], "assigned": [4, 4, 6], "preselecStu": [0, 0, 0], "stuGender": [{"male": 0, "Female": 0}, {"male": 0, "Female": 0}, {"male": 0, "Female": 0}]}}