{"timestamp": [1716064333.604785, 1716495766.907413, 1725437268.157264, 1725510565.24956], "data": {"selected": [0, 0, 47, 46], "assigned": [0, 0, 60, 95], "preselecStu": [0, 0, 47, 46], "stuGender": [{"male": 0, "Female": 0}, {"male": 0, "Female": 0}, {"male": 16, "Female": 31}, {"male": 15, "Female": 31}]}}