{"timestamp": [1716068051.184202, 1716499234.474072, 1725442584.745428], "data": {"selected": [0, 0, 57], "assigned": [0, 0, 64], "preselecStu": [0, 0, 57], "stuGender": [{"male": 0, "Female": 0}, {"male": 0, "Female": 0}, {"male": 45, "Female": 12}]}}