{"timestamp": [1716066636.495994, 1716497885.973637, 1725440669.405688, 1725513290.512726], "data": {"selected": [0, 0, 23, 23], "assigned": [0, 0, 31, 39], "preselecStu": [0, 0, 23, 23], "stuGender": [{"male": 0, "Female": 0}, {"male": 0, "Female": 0}, {"male": 20, "Female": 3}, {"male": 20, "Female": 3}]}}