{"timestamp": [1734410439.742848, 1734472980.023278, 1734559954.162095], "data": {"selected": [0, 0, 0], "assigned": [2, 2, 4], "preselecStu": [0, 0, 0], "stuGender": [{"male": 0, "Female": 0}, {"male": 0, "Female": 0}, {"male": 0, "Female": 0}]}}