{"timestamp": [1734408818.177926, 1734471450.319054, 1734558267.528079, 1734643963.760161], "data": {"selected": [0, 0, 0, 0], "assigned": [27, 30, 35, 38], "preselecStu": [0, 0, 0, 0], "stuGender": [{"male": 0, "Female": 0}, {"male": 0, "Female": 0}, {"male": 0, "Female": 0}, {"male": 0, "Female": 0}]}}