{"timestamp": [1707575332.406106, 1707586651.631357, 1707658719.764805], "data": {"selected": [120, 120, 120], "assigned": [0, 0, 0], "preselecStu": [120, 120, 120], "stuGender": [{"male": 48, "Female": 72}, {"male": 48, "Female": 72}, {"male": 48, "Female": 72}]}}