{"timestamp": [1716068665.549483, 1716499784.722168, 1725443278.301203, 1725515675.715281], "data": {"selected": [0, 0, 46, 46], "assigned": [0, 0, 9, 20], "preselecStu": [0, 0, 46, 46], "stuGender": [{"male": 0, "Female": 0}, {"male": 0, "Female": 0}, {"male": 29, "Female": 17}, {"male": 29, "Female": 17}]}}