{"timestamp": [1707577594.170755, 1707589358.170785], "data": {"selected": [33, 33], "assigned": [0, 0], "preselecStu": [33, 33], "stuGender": [{"male": 8, "Female": 25}, {"male": 8, "Female": 25}]}}