{"timestamp": [1716064144.430433, 1716495583.741597, 1725436966.361378], "data": {"selected": [0, 0, 0], "assigned": [0, 0, 14], "preselecStu": [0, 0, 0], "stuGender": [{"male": 0, "Female": 0}, {"male": 0, "Female": 0}, {"male": 0, "Female": 0}]}}