{"timestamp": [1707577059.372866, 1707588727.44422, 1707659672.949369], "data": {"selected": [120, 120, 120], "assigned": [0, 0, 0], "preselecStu": [120, 120, 120], "stuGender": [{"male": 70, "Female": 50}, {"male": 70, "Female": 50}, {"male": 70, "Female": 50}]}}