{"timestamp": [1716065689.376299, 1716497007.237246, 1725439243.216858, 1725512208.02762], "data": {"selected": [0, 0, 6, 6], "assigned": [0, 0, 5, 12], "preselecStu": [0, 0, 6, 6], "stuGender": [{"male": 0, "Female": 0}, {"male": 0, "Female": 0}, {"male": 6, "Female": 0}, {"male": 6, "Female": 0}]}}