{"timestamp": [1707574508.054212, 1707585655.148732, 1707658224.952237], "data": {"selected": [42, 42, 42], "assigned": [0, 0, 0], "preselecStu": [42, 42, 42], "stuGender": [{"male": 28, "Female": 14}, {"male": 28, "Female": 14}, {"male": 28, "Female": 14}]}}