{"timestamp": [1707540336.402369, 1707543512.120223], "data": {"selected": [42, 42], "assigned": [0, 0], "preselecStu": [42, 42], "stuGender": [{"male": 28, "Female": 14}, {"male": 28, "Female": 14}]}}