{"timestamp": [1707541776.229111, 1707545005.620032], "data": {"selected": [52, 52], "assigned": [0, 0], "preselecStu": [52, 52], "stuGender": [{"male": 22, "Female": 30}, {"male": 22, "Female": 30}]}}