{"timestamp": [1707575793.1156, 1707587185.600707, 1707658976.89485], "data": {"selected": [3, 3, 3], "assigned": [0, 0, 0], "preselecStu": [3, 3, 3], "stuGender": [{"male": 1, "Female": 2}, {"male": 1, "Female": 2}, {"male": 1, "Female": 2}]}}