{"timestamp": [1707575534.963323, 1707586891.075416, 1707658835.640794], "data": {"selected": [30, 30, 30], "assigned": [0, 0, 0], "preselecStu": [30, 30, 30], "stuGender": [{"male": 10, "Female": 20}, {"male": 10, "Female": 20}, {"male": 10, "Female": 20}]}}