{"timestamp": [1734406311.848509, 1734469044.331578, 1734555543.127715], "data": {"selected": [0, 0, 0], "assigned": [63, 74, 87], "preselecStu": [0, 0, 0], "stuGender": [{"male": 0, "Female": 0}, {"male": 0, "Female": 0}, {"male": 0, "Female": 0}]}}