{"timestamp": [1734408082.535206, 1734470761.892733, 1734557495.540885, 1734643311.439274], "data": {"selected": [0, 0, 0, 0], "assigned": [94, 107, 113, 120], "preselecStu": [0, 0, 0, 0], "stuGender": [{"male": 0, "Female": 0}, {"male": 0, "Female": 0}, {"male": 0, "Female": 0}, {"male": 0, "Female": 0}]}}