{"timestamp": [1734408082.535206, 1734470761.892733], "data": {"selected": [0, 0], "assigned": [94, 107], "preselecStu": [0, 0], "stuGender": [{"male": 0, "Female": 0}, {"male": 0, "Female": 0}]}}