{"timestamp": [1716068700.741125, 1716499820.847006, 1725443320.756829, 1725515718.404451], "data": {"selected": [0, 0, 1, 0], "assigned": [0, 0, 1, 1], "preselecStu": [0, 0, 1, 0], "stuGender": [{"male": 0, "Female": 0}, {"male": 0, "Female": 0}, {"male": 1, "Female": 0}, {"male": 0, "Female": 0}]}}