{"timestamp": [1707576826.109585, 1707588458.97789, 1707659541.623471], "data": {"selected": [7, 7, 7], "assigned": [0, 0, 0], "preselecStu": [7, 7, 7], "stuGender": [{"male": 6, "Female": 1}, {"male": 6, "Female": 1}, {"male": 6, "Female": 1}]}}