{"timestamp": [1707575215.363983, 1707586510.413935, 1707658649.45328], "data": {"selected": [33, 33, 33], "assigned": [0, 0, 0], "preselecStu": [0, 0, 0], "stuGender": [{"male": 25, "Female": 8}, {"male": 25, "Female": 8}, {"male": 25, "Female": 8}]}}