{"timestamp": [1707540752.038223, 1707543930.179051], "data": {"selected": [33, 33], "assigned": [0, 0], "preselecStu": [0, 0], "stuGender": [{"male": 25, "Female": 8}, {"male": 25, "Female": 8}]}}