{"timestamp": [1716063638.553368, 1716495115.923981, 1725436254.736473], "data": {"selected": [0, 0, 66], "assigned": [0, 0, 0], "preselecStu": [0, 0, 0], "stuGender": [{"male": 0, "Female": 0}, {"male": 0, "Female": 0}, {"male": 28, "Female": 38}]}}