{"timestamp": [1707542621.582403, 1707545897.406747], "data": {"selected": [17, 17], "assigned": [0, 0], "preselecStu": [17, 17], "stuGender": [{"male": 9, "Female": 8}, {"male": 9, "Female": 8}]}}