{"timestamp": [1716066499.885882, 1716497738.426136, 1725440443.938665, 1725513127.18311], "data": {"selected": [0, 0, 7, 7], "assigned": [0, 0, 8, 14], "preselecStu": [0, 0, 7, 7], "stuGender": [{"male": 0, "Female": 0}, {"male": 0, "Female": 0}, {"male": 5, "Female": 2}, {"male": 5, "Female": 2}]}}