{"timestamp": [1734411070.494083, 1734473543.941141, 1734560528.774364], "data": {"selected": [0, 0, 0], "assigned": [1, 1, 3], "preselecStu": [0, 0, 0], "stuGender": [{"male": 0, "Female": 0}, {"male": 0, "Female": 0}, {"male": 0, "Female": 0}]}}