{"timestamp": [1734409483.791203, 1734472089.715442, 1734559046.999198, 1734644513.973441], "data": {"selected": [0, 0, 0, 0], "assigned": [8, 8, 9, 11], "preselecStu": [0, 0, 0, 0], "stuGender": [{"male": 0, "Female": 0}, {"male": 0, "Female": 0}, {"male": 0, "Female": 0}, {"male": 0, "Female": 0}]}}