{"timestamp": [1707576428.314636, 1707587999.835218], "data": {"selected": [122, 122], "assigned": [0, 0], "preselecStu": [122, 122], "stuGender": [{"male": 91, "Female": 31}, {"male": 91, "Female": 31}]}}