{"timestamp": [1707542650.487161, 1707545927.035787], "data": {"selected": [44, 44], "assigned": [0, 0], "preselecStu": [44, 44], "stuGender": [{"male": 17, "Female": 27}, {"male": 17, "Female": 27}]}}