{"timestamp": [1716067941.697924, 1716499134.049415, 1725442425.781083], "data": {"selected": [0, 0, 42], "assigned": [0, 0, 40], "preselecStu": [0, 0, 42], "stuGender": [{"male": 0, "Female": 0}, {"male": 0, "Female": 0}, {"male": 34, "Female": 8}]}}