{"timestamp": [1716067941.697924, 1716499134.049415, 1725442425.781083, 1725514829.66776], "data": {"selected": [0, 0, 42, 41], "assigned": [0, 0, 40, 48], "preselecStu": [0, 0, 42, 41], "stuGender": [{"male": 0, "Female": 0}, {"male": 0, "Female": 0}, {"male": 34, "Female": 8}, {"male": 33, "Female": 8}]}}