{"timestamp": [1734405738.994381, 1734468467.72014, 1734554955.784369], "data": {"selected": [0, 0, 0], "assigned": [69, 83, 99], "preselecStu": [0, 0, 0], "stuGender": [{"male": 0, "Female": 0}, {"male": 0, "Female": 0}, {"male": 0, "Female": 0}]}}