{"timestamp": [1716064464.375325, 1716495889.042214, 1725437461.870217, 1725510737.761791], "data": {"selected": [0, 0, 111, 107], "assigned": [0, 0, 102, 177], "preselecStu": [0, 0, 111, 107], "stuGender": [{"male": 0, "Female": 0}, {"male": 0, "Female": 0}, {"male": 63, "Female": 48}, {"male": 61, "Female": 46}]}}