{"timestamp": [1716064464.375325, 1716495889.042214, 1725437461.870217], "data": {"selected": [0, 0, 111], "assigned": [0, 0, 102], "preselecStu": [0, 0, 111], "stuGender": [{"male": 0, "Female": 0}, {"male": 0, "Female": 0}, {"male": 63, "Female": 48}]}}