{"timestamp": [1716067528.864446, 1716498762.807232, 1725441928.656291], "data": {"selected": [0, 0, 22], "assigned": [0, 0, 1], "preselecStu": [0, 0, 0], "stuGender": [{"male": 0, "Female": 0}, {"male": 0, "Female": 0}, {"male": 9, "Female": 13}]}}