{"timestamp": [1707540850.091305, 1707544028.497844], "data": {"selected": [11, 11], "assigned": [0, 0], "preselecStu": [11, 11], "stuGender": [{"male": 3, "Female": 8}, {"male": 3, "Female": 8}]}}