{"timestamp": [1734410575.277155, 1734473118.333336], "data": {"selected": [0, 0], "assigned": [33, 39], "preselecStu": [0, 0], "stuGender": [{"male": 0, "Female": 0}, {"male": 0, "Female": 0}]}}