{"timestamp": [1716068320.126209, 1716499472.364514, 1725442904.655862], "data": {"selected": [0, 0, 2], "assigned": [0, 0, 4], "preselecStu": [0, 0, 2], "stuGender": [{"male": 0, "Female": 0}, {"male": 0, "Female": 0}, {"male": 2, "Female": 0}]}}