{"timestamp": [1707541937.205709, 1707545177.586882], "data": {"selected": [93, 93], "assigned": [0, 0], "preselecStu": [93, 93], "stuGender": [{"male": 41, "Female": 52}, {"male": 41, "Female": 52}]}}