{"timestamp": [1716065116.286092, 1716496473.537595, 1725438429.855357], "data": {"selected": [0, 0, 28], "assigned": [0, 0, 3], "preselecStu": [0, 0, 28], "stuGender": [{"male": 0, "Female": 0}, {"male": 0, "Female": 0}, {"male": 7, "Female": 21}]}}