{"timestamp": [1716065116.286092, 1716496473.537595, 1725438429.855357, 1725511511.003987], "data": {"selected": [0, 0, 28, 26], "assigned": [0, 0, 3, 8], "preselecStu": [0, 0, 28, 26], "stuGender": [{"male": 0, "Female": 0}, {"male": 0, "Female": 0}, {"male": 7, "Female": 21}, {"male": 5, "Female": 21}]}}