{"timestamp": [1716067662.57384, 1716498898.330474, 1725442106.338961], "data": {"selected": [0, 0, 2], "assigned": [0, 0, 6], "preselecStu": [0, 0, 0], "stuGender": [{"male": 0, "Female": 0}, {"male": 0, "Female": 0}, {"male": 1, "Female": 1}]}}