{"timestamp": [1716064691.442001, 1716496081.870945, 1725437779.50343, 1725510980.904802], "data": {"selected": [0, 0, 2, 2], "assigned": [0, 0, 1, 3], "preselecStu": [0, 0, 2, 2], "stuGender": [{"male": 0, "Female": 0}, {"male": 0, "Female": 0}, {"male": 1, "Female": 1}, {"male": 1, "Female": 1}]}}