{"timestamp": [1734409123.116894, 1734471740.206227], "data": {"selected": [0, 0], "assigned": [13, 13], "preselecStu": [0, 0], "stuGender": [{"male": 0, "Female": 0}, {"male": 0, "Female": 0}]}}