{"timestamp": [1734409123.116894, 1734471740.206227, 1734558626.073011, 1734644211.968144], "data": {"selected": [0, 0, 0, 0], "assigned": [13, 13, 17, 16], "preselecStu": [0, 0, 0, 0], "stuGender": [{"male": 0, "Female": 0}, {"male": 0, "Female": 0}, {"male": 0, "Female": 0}, {"male": 0, "Female": 0}]}}