{"timestamp": [1707574569.212025, 1707585723.4773, 1707658267.024005, 1707660862.064411], "data": {"selected": [42, 42, 42, 42], "assigned": [0, 0, 0, 0], "preselecStu": [42, 42, 42, 42], "stuGender": [{"male": 29, "Female": 13}, {"male": 29, "Female": 13}, {"male": 29, "Female": 13}, {"male": 29, "Female": 13}]}}