{"timestamp": [1734406095.319905, 1734468816.291048, 1734555350.53073], "data": {"selected": [0, 0, 0], "assigned": [243, 292, 332], "preselecStu": [0, 0, 0], "stuGender": [{"male": 0, "Female": 0}, {"male": 0, "Female": 0}, {"male": 0, "Female": 0}]}}