{"timestamp": [1734408349.352302, 1734470996.516263, 1734557750.322783], "data": {"selected": [0, 0, 0], "assigned": [8, 9, 9], "preselecStu": [0, 0, 0], "stuGender": [{"male": 0, "Female": 0}, {"male": 0, "Female": 0}, {"male": 0, "Female": 0}]}}