{"timestamp": [1716067698.534068, 1716498923.069306, 1725442134.612764, 1725514547.220447], "data": {"selected": [0, 0, 1, 1], "assigned": [0, 0, 6, 9], "preselecStu": [0, 0, 1, 1], "stuGender": [{"male": 0, "Female": 0}, {"male": 0, "Female": 0}, {"male": 0, "Female": 1}, {"male": 0, "Female": 1}]}}