{"timestamp": [1707577577.35953, 1707589337.502987, 1707659963.805891], "data": {"selected": [23, 23, 23], "assigned": [0, 0, 0], "preselecStu": [23, 23, 23], "stuGender": [{"male": 9, "Female": 14}, {"male": 9, "Female": 14}, {"male": 9, "Female": 14}]}}