{"timestamp": [1716064155.515301, 1716495593.342593, 1725436980.453744], "data": {"selected": [0, 0, 0], "assigned": [0, 0, 10], "preselecStu": [0, 0, 0], "stuGender": [{"male": 0, "Female": 0}, {"male": 0, "Female": 0}, {"male": 0, "Female": 0}]}}