{"timestamp": [1716065712.615841, 1716497029.69424, 1725439279.62555], "data": {"selected": [0, 0, 42], "assigned": [0, 1, 9], "preselecStu": [0, 0, 0], "stuGender": [{"male": 0, "Female": 0}, {"male": 0, "Female": 0}, {"male": 27, "Female": 15}]}}