{"timestamp": [1734411108.648832, 1734473576.302741, 1734560568.947661, 1734645970.258207], "data": {"selected": [0, 0, 0, 0], "assigned": [1, 2, 5, 5], "preselecStu": [0, 0, 0, 0], "stuGender": [{"male": 0, "Female": 0}, {"male": 0, "Female": 0}, {"male": 0, "Female": 0}, {"male": 0, "Female": 0}]}}