{"timestamp": [1716068284.808951, 1716499436.345104, 1725442861.372578], "data": {"selected": [0, 0, 19], "assigned": [0, 0, 1], "preselecStu": [0, 0, 19], "stuGender": [{"male": 0, "Female": 0}, {"male": 0, "Female": 0}, {"male": 4, "Female": 15}]}}