{"timestamp": [1707576867.857716, 1707588499.535603, 1707659561.019079, 1707662169.473963], "data": {"selected": [60, 60, 60, 60], "assigned": [0, 0, 0, 0], "preselecStu": [60, 60, 60, 60], "stuGender": [{"male": 42, "Female": 18}, {"male": 42, "Female": 18}, {"male": 42, "Female": 18}, {"male": 42, "Female": 18}]}}