{"timestamp": [1707541648.74413, 1707544859.312994], "data": {"selected": [60, 60], "assigned": [0, 0], "preselecStu": [60, 60], "stuGender": [{"male": 42, "Female": 18}, {"male": 42, "Female": 18}]}}