{"timestamp": [1716063946.596242, 1716495414.210294, 1725436691.283385, 1725510140.611932], "data": {"selected": [0, 0, 4, 4], "assigned": [0, 0, 1, 0], "preselecStu": [0, 0, 4, 4], "stuGender": [{"male": 0, "Female": 0}, {"male": 0, "Female": 0}, {"male": 4, "Female": 0}, {"male": 4, "Female": 0}]}}