{"timestamp": [1716063771.371231, 1716495232.402475, 1725436430.33107, 1725509874.461729], "data": {"selected": [0, 0, 21, 18], "assigned": [0, 0, 123, 210], "preselecStu": [0, 0, 21, 18], "stuGender": [{"male": 0, "Female": 0}, {"male": 0, "Female": 0}, {"male": 17, "Female": 4}, {"male": 15, "Female": 3}]}}