{"timestamp": [1716063771.371231, 1716495232.402475, 1725436430.33107], "data": {"selected": [0, 0, 21], "assigned": [0, 0, 123], "preselecStu": [0, 0, 21], "stuGender": [{"male": 0, "Female": 0}, {"male": 0, "Female": 0}, {"male": 17, "Female": 4}]}}