{"timestamp": [1716066119.821284, 1716497398.19952, 1725439917.398072], "data": {"selected": [0, 0, 9], "assigned": [0, 0, 8], "preselecStu": [0, 0, 9], "stuGender": [{"male": 0, "Female": 0}, {"male": 0, "Female": 0}, {"male": 5, "Female": 4}]}}