{"timestamp": [1716066119.821284, 1716497398.19952, 1725439917.398072, 1725512710.051323], "data": {"selected": [0, 0, 9, 8], "assigned": [0, 0, 8, 7], "preselecStu": [0, 0, 9, 8], "stuGender": [{"male": 0, "Female": 0}, {"male": 0, "Female": 0}, {"male": 5, "Female": 4}, {"male": 4, "Female": 4}]}}