{"timestamp": [1707577798.226482, 1707589620.883483, 1707660088.144573], "data": {"selected": [60, 60, 60], "assigned": [0, 0, 0], "preselecStu": [60, 60, 60], "stuGender": [{"male": 44, "Female": 16}, {"male": 44, "Female": 16}, {"male": 44, "Female": 16}]}}