{"timestamp": [1707542253.948546, 1707545529.551168], "data": {"selected": [20, 20], "assigned": [0, 0], "preselecStu": [20, 20], "stuGender": [{"male": 17, "Female": 3}, {"male": 17, "Female": 3}]}}