{"timestamp": [1707540772.16263, 1707543950.945138], "data": {"selected": [37, 37], "assigned": [0, 0], "preselecStu": [0, 0], "stuGender": [{"male": 10, "Female": 27}, {"male": 10, "Female": 27}]}}