{"timestamp": [1716066780.677833, 1716498026.224556, 1725440923.413925, 1725513490.855183], "data": {"selected": [0, 0, 77, 77], "assigned": [0, 55, 0, 0], "preselecStu": [0, 0, 77, 77], "stuGender": [{"male": 0, "Female": 0}, {"male": 0, "Female": 0}, {"male": 52, "Female": 25}, {"male": 52, "Female": 25}]}}