{"timestamp": [1707574785.823524, 1707585979.294747, 1707658403.987092, 1707660999.574025], "data": {"selected": [2, 2, 2, 2], "assigned": [0, 0, 0, 0], "preselecStu": [2, 2, 2, 2], "stuGender": [{"male": 0, "Female": 2}, {"male": 0, "Female": 2}, {"male": 0, "Female": 2}, {"male": 0, "Female": 2}]}}