{"timestamp": [1707540674.826471, 1707543852.111264], "data": {"selected": [80, 80], "assigned": [0, 0], "preselecStu": [80, 80], "stuGender": [{"male": 67, "Female": 13}, {"male": 67, "Female": 13}]}}