{"timestamp": [1707575076.480071, 1707586347.823418], "data": {"selected": [80, 80], "assigned": [0, 0], "preselecStu": [80, 80], "stuGender": [{"male": 67, "Female": 13}, {"male": 67, "Female": 13}]}}