{"timestamp": [1707541552.355339, 1707544757.543526], "data": {"selected": [41, 41], "assigned": [0, 0], "preselecStu": [41, 41], "stuGender": [{"male": 31, "Female": 10}, {"male": 31, "Female": 10}]}}