{"timestamp": [1716064462.225456, 1716495886.302225, 1725437456.320386], "data": {"selected": [0, 0, 57], "assigned": [0, 0, 28], "preselecStu": [0, 0, 57], "stuGender": [{"male": 0, "Female": 0}, {"male": 0, "Female": 0}, {"male": 34, "Female": 23}]}}