{"timestamp": [1716064462.225456, 1716495886.302225, 1725437456.320386, 1725510734.490036], "data": {"selected": [0, 0, 57, 51], "assigned": [0, 0, 28, 56], "preselecStu": [0, 0, 57, 51], "stuGender": [{"male": 0, "Female": 0}, {"male": 0, "Female": 0}, {"male": 34, "Female": 23}, {"male": 29, "Female": 22}]}}