{"timestamp": [1716064356.741261, 1716495790.047111, 1725437304.456635, 1725510600.118684], "data": {"selected": [0, 0, 48, 46], "assigned": [0, 0, 26, 47], "preselecStu": [0, 0, 48, 46], "stuGender": [{"male": 0, "Female": 0}, {"male": 0, "Female": 0}, {"male": 23, "Female": 25}, {"male": 23, "Female": 23}]}}