{"timestamp": [1734407886.536674, 1734470578.620736], "data": {"selected": [0, 0], "assigned": [99, 100], "preselecStu": [0, 0], "stuGender": [{"male": 0, "Female": 0}, {"male": 0, "Female": 0}]}}