{"timestamp": [1734407886.536674, 1734470578.620736, 1734557271.7397, 1734643129.542763], "data": {"selected": [0, 0, 0, 0], "assigned": [99, 100, 101, 105], "preselecStu": [0, 0, 0, 0], "stuGender": [{"male": 0, "Female": 0}, {"male": 0, "Female": 0}, {"male": 0, "Female": 0}, {"male": 0, "Female": 0}]}}