{"timestamp": [1734407639.474267, 1734470359.57886, 1734557025.730311], "data": {"selected": [0, 0, 0], "assigned": [2, 4, 7], "preselecStu": [0, 0, 0], "stuGender": [{"male": 0, "Female": 0}, {"male": 0, "Female": 0}, {"male": 0, "Female": 0}]}}