{"timestamp": [1707578848.570101, 1707591014.830207, 1707660643.206619], "data": {"selected": [11, 11, 11], "assigned": [0, 0, 0], "preselecStu": [11, 11, 11], "stuGender": [{"male": 3, "Female": 8}, {"male": 3, "Female": 8}, {"male": 3, "Female": 8}]}}