{"timestamp": [1707542730.741993, 1707546017.834425], "data": {"selected": [11, 11], "assigned": [0, 0], "preselecStu": [11, 11], "stuGender": [{"male": 3, "Female": 8}, {"male": 3, "Female": 8}]}}