{"timestamp": [1716067319.451752, 1716498557.311154, 1725441653.390928, 1725514116.603891], "data": {"selected": [0, 0, 11, 11], "assigned": [0, 0, 1, 1], "preselecStu": [0, 0, 11, 11], "stuGender": [{"male": 0, "Female": 0}, {"male": 0, "Female": 0}, {"male": 7, "Female": 4}, {"male": 7, "Female": 4}]}}