{"timestamp": [1707576373.872982, 1707587933.448757], "data": {"selected": [19, 19], "assigned": [0, 0], "preselecStu": [18, 18], "stuGender": [{"male": 12, "Female": 7}, {"male": 12, "Female": 7}]}}