{"timestamp": [1707541385.603784, 1707544581.873065], "data": {"selected": [19, 19], "assigned": [0, 0], "preselecStu": [18, 18], "stuGender": [{"male": 12, "Female": 7}, {"male": 12, "Female": 7}]}}