{"timestamp": [1707576288.903416, 1707587808.658177], "data": {"selected": [43, 43], "assigned": [0, 0], "preselecStu": [43, 43], "stuGender": [{"male": 32, "Female": 11}, {"male": 32, "Female": 11}]}}