{"timestamp": [1707541338.355757, 1707544525.938171], "data": {"selected": [43, 43], "assigned": [0, 0], "preselecStu": [43, 43], "stuGender": [{"male": 32, "Female": 11}, {"male": 32, "Female": 11}]}}