{"timestamp": [1707542661.409796, 1707545938.819057], "data": {"selected": [21, 21], "assigned": [0, 0], "preselecStu": [21, 21], "stuGender": [{"male": 8, "Female": 13}, {"male": 8, "Female": 13}]}}