{"timestamp": [1707578709.55802, 1707590850.621617], "data": {"selected": [21, 21], "assigned": [0, 0], "preselecStu": [21, 21], "stuGender": [{"male": 8, "Female": 13}, {"male": 8, "Female": 13}]}}