{"timestamp": [1716067802.968967, 1716499017.083242, 1725442271.26768, 1725514674.870608, 1725601073.222514, 1725686681.890506, 1725773275.954797, 1725859718.007264, 1725946697.099589, 1726032730.491429, 1726119308.896065, 1726204719.964902, 1726291474.20096, 1726377772.49316, 1726465153.734037, 1726551379.864831, 1726637758.403025, 1726723823.603648, 1726809476.30285, 1726896879.015827, 1726982449.610957, 1727069861.493753, 1727241955.607684, 1727328187.681998, 1727416297.387073, 1727501101.684847, 1728921202.324419, 1728970851.889519, 1729056751.55447, 1729142747.529749, 1729230058.378789, 1729316543.219326, 1729402997.466837, 1729488775.792637, 1729575556.794829, 1729661830.999434, 1729749512.017252, 1729834276.598986, 1729920867.249104, 1730007609.391966, 1730093461.060593, 1730180151.05631, 1730266613.449851, 1730353809.125599, 1730440288.750964, 1730526089.228269, 1730612993.20974, 1730699779.093502, 1730785572.029688, 1730872025.938558, 1730958000.583899, 1731045943.84362, 1731131054.340286, 1731217390.759088, 1731303356.676793, 1731390140.426579, 1731476070.988191, 1731563598.664823, 1731648981.050068, 1731735494.119195, 1731822264.423005, 1731908084.224684, 1731995170.646004, 1732082561.856588, 1732167637.442223, 1732340678.364062, 1732426475.15757, 1732513130.320446, 1732600025.56275, 1732691197.106343, 1732773010.513752, 1732858291.464227, 1732945354.7408], "data": {"selected": [0, 0, 119, 119, 120, 119, 120, 120, 119, 119, 148, 151, 153, 153, 151, 151, 147, 143, 143, 143, 143, 143, 143, 143, 143, 143, 143, 143, 143, 143, 143, 143, 143, 143, 143, 143, 143, 143, 143, 143, 143, 143, 143, 143, 143, 143, 143, 143, 143, 143, 143, 143, 143, 143, 143, 143, 143, 143, 143, 143, 143, 143, 143, 143, 143, 143, 143, 143, 143, 143, 143, 142, 142], "assigned": [0, 0, 26, 38, 19, 12, 7, 33, 32, 32, 5, 1, 0, 0, 0, 0, 0, 0, 0, 0, 0, 0, 0, 0, 0, 0, 0, 0, 0, 0, 0, 0, 0, 0, 0, 0, 0, 0, 0, 0, 0, 0, 0, 0, 0, 0, 0, 0, 0, 0, 0, 0, 0, 0, 0, 0, 0, 0, 0, 0, 0, 0, 0, 0, 0, 0, 0, 0, 0, 0, 0, 0, 0], "preselecStu": [0, 0, 119, 119, 119, 118, 118, 118, 115, 113, 111, 110, 110, 110, 110, 110, 108, 106, 106, 106, 106, 106, 106, 106, 106, 106, 106, 106, 106, 106, 106, 106, 106, 106, 106, 106, 106, 106, 106, 106, 106, 106, 106, 106, 106, 106, 106, 106, 106, 106, 106, 106, 106, 106, 106, 106, 106, 106, 106, 106, 106, 106, 106, 106, 106, 106, 106, 106, 106, 106, 106, 106, 106], "stuGender": [{"male": 0, "Female": 0}, {"male": 0, "Female": 0}, {"male": 101, "Female": 18}, {"male": 101, "Female": 18}, {"male": 102, "Female": 18}, {"male": 101, "Female": 18}, {"male": 102, "Female": 18}, {"male": 102, "Female": 18}, {"male": 101, "Female": 18}, {"male": 100, "Female": 19}, {"male": 119, "Female": 29}, {"male": 122, "Female": 29}, {"male": 124, "Female": 29}, {"male": 124, "Female": 29}, {"male": 124, "Female": 27}, {"male": 124, "Female": 27}, {"male": 123, "Female": 24}, {"male": 122, "Female": 21}, {"male": 122, "Female": 21}, {"male": 122, "Female": 21}, {"male": 122, "Female": 21}, {"male": 122, "Female": 21}, {"male": 122, "Female": 21}, {"male": 122, "Female": 21}, {"male": 122, "Female": 21}, {"male": 122, "Female": 21}, {"male": 122, "Female": 21}, {"male": 122, "Female": 21}, {"male": 122, "Female": 21}, {"male": 122, "Female": 21}, {"male": 122, "Female": 21}, {"male": 122, "Female": 21}, {"male": 122, "Female": 21}, {"male": 122, "Female": 21}, {"male": 122, "Female": 21}, {"male": 122, "Female": 21}, {"male": 122, "Female": 21}, {"male": 122, "Female": 21}, {"male": 122, "Female": 21}, {"male": 122, "Female": 21}, {"male": 122, "Female": 21}, {"male": 122, "Female": 21}, {"male": 122, "Female": 21}, {"male": 122, "Female": 21}, {"male": 122, "Female": 21}, {"male": 122, "Female": 21}, {"male": 122, "Female": 21}, {"male": 122, "Female": 21}, {"male": 122, "Female": 21}, {"male": 122, "Female": 21}, {"male": 122, "Female": 21}, {"male": 122, "Female": 21}, {"male": 122, "Female": 21}, {"male": 122, "Female": 21}, {"male": 122, "Female": 21}, {"male": 122, "Female": 21}, {"male": 122, "Female": 21}, {"male": 122, "Female": 21}, {"male": 122, "Female": 21}, {"male": 122, "Female": 21}, {"male": 122, "Female": 21}, {"male": 122, "Female": 21}, {"male": 122, "Female": 21}, {"male": 122, "Female": 21}, {"male": 122, "Female": 21}, {"male": 122, "Female": 21}, {"male": 122, "Female": 21}, {"male": 122, "Female": 21}, {"male": 122, "Female": 21}, {"male": 122, "Female": 21}, {"male": 122, "Female": 21}, {"male": 122, "Female": 20}, {"male": 122, "Female": 20}]}}