{"timestamp": [1716067802.968967, 1716499017.083242, 1725442271.26768], "data": {"selected": [0, 0, 119], "assigned": [0, 0, 26], "preselecStu": [0, 0, 119], "stuGender": [{"male": 0, "Female": 0}, {"male": 0, "Female": 0}, {"male": 101, "Female": 18}]}}