{"timestamp": [1716067802.968967, 1716499017.083242, 1725442271.26768, 1725514674.870608], "data": {"selected": [0, 0, 119, 119], "assigned": [0, 0, 26, 38], "preselecStu": [0, 0, 119, 119], "stuGender": [{"male": 0, "Female": 0}, {"male": 0, "Female": 0}, {"male": 101, "Female": 18}, {"male": 101, "Female": 18}]}}