{"timestamp": [1734406587.781947, 1734469338.299657], "data": {"selected": [0, 0], "assigned": [24, 24], "preselecStu": [0, 0], "stuGender": [{"male": 0, "Female": 0}, {"male": 0, "Female": 0}]}}