{"timestamp": [1716064460.057298, 1716495884.176398, 1725437453.517022], "data": {"selected": [0, 0, 49], "assigned": [0, 0, 74], "preselecStu": [0, 0, 49], "stuGender": [{"male": 0, "Female": 0}, {"male": 0, "Female": 0}, {"male": 29, "Female": 20}]}}