{"timestamp": [1716064460.057298, 1716495884.176398, 1725437453.517022, 1725510732.099009], "data": {"selected": [0, 0, 49, 48], "assigned": [0, 0, 74, 128], "preselecStu": [0, 0, 49, 48], "stuGender": [{"male": 0, "Female": 0}, {"male": 0, "Female": 0}, {"male": 29, "Female": 20}, {"male": 28, "Female": 20}]}}