{"timestamp": [1716067792.013023, 1716499006.112787, 1725442256.13722], "data": {"selected": [0, 0, 62], "assigned": [0, 0, 5], "preselecStu": [0, 0, 9], "stuGender": [{"male": 0, "Female": 0}, {"male": 0, "Female": 0}, {"male": 50, "Female": 12}]}}