{"timestamp": [1716067204.607236, 1716498441.31857, 1725441453.563195], "data": {"selected": [0, 0, 55], "assigned": [0, 0, 8], "preselecStu": [0, 0, 0], "stuGender": [{"male": 0, "Female": 0}, {"male": 0, "Female": 0}, {"male": 27, "Female": 28}]}}