{"timestamp": [1734405953.277094, 1734468678.62599, 1734555189.657929], "data": {"selected": [0, 0, 0], "assigned": [15, 15, 17], "preselecStu": [0, 0, 0], "stuGender": [{"male": 0, "Female": 0}, {"male": 0, "Female": 0}, {"male": 0, "Female": 0}]}}