{"timestamp": [1716066815.551375, 1716498059.525241, 1725440969.57283], "data": {"selected": [0, 0, 6], "assigned": [0, 0, 45], "preselecStu": [0, 0, 6], "stuGender": [{"male": 0, "Female": 0}, {"male": 0, "Female": 0}, {"male": 5, "Female": 1}]}}