{"timestamp": [1716065406.273943, 1716496731.585212, 1725438814.45851, 1725511861.235875], "data": {"selected": [0, 0, 15, 14], "assigned": [0, 0, 5, 11], "preselecStu": [0, 0, 15, 14], "stuGender": [{"male": 0, "Female": 0}, {"male": 0, "Female": 0}, {"male": 7, "Female": 8}, {"male": 6, "Female": 8}]}}