{"timestamp": [1716067566.986288, 1716498805.103327, 1725441988.276922], "data": {"selected": [0, 0, 9], "assigned": [0, 0, 2], "preselecStu": [0, 0, 9], "stuGender": [{"male": 0, "Female": 0}, {"male": 0, "Female": 0}, {"male": 6, "Female": 3}]}}