{"timestamp": [1734409850.557953, 1734472380.188727], "data": {"selected": [0, 0], "assigned": [42, 49], "preselecStu": [0, 0], "stuGender": [{"male": 0, "Female": 0}, {"male": 0, "Female": 0}]}}