{"timestamp": [1734409960.64629, 1734472503.422178, 1734559478.030952, 1734644873.989642], "data": {"selected": [0, 0, 0, 0], "assigned": [44, 45, 45, 45], "preselecStu": [0, 0, 0, 0], "stuGender": [{"male": 0, "Female": 0}, {"male": 0, "Female": 0}, {"male": 0, "Female": 0}, {"male": 0, "Female": 0}]}}