{"timestamp": [1734406471.045505, 1734469209.790737, 1734555757.868629], "data": {"selected": [0, 0, 0], "assigned": [40, 43, 43], "preselecStu": [0, 0, 0], "stuGender": [{"male": 0, "Female": 0}, {"male": 0, "Female": 0}, {"male": 0, "Female": 0}]}}