{"timestamp": [1707574931.38712, 1707586151.862964, 1707658488.150507], "data": {"selected": [62, 62, 62], "assigned": [0, 0, 0], "preselecStu": [62, 62, 62], "stuGender": [{"male": 53, "Female": 9}, {"male": 53, "Female": 9}, {"male": 53, "Female": 9}]}}