{"timestamp": [1707540596.272073, 1707543770.368042], "data": {"selected": [62, 62], "assigned": [0, 0], "preselecStu": [62, 62], "stuGender": [{"male": 53, "Female": 9}, {"male": 53, "Female": 9}]}}