{"timestamp": [1707541467.775099, 1707544669.329985], "data": {"selected": [20, 20], "assigned": [0, 0], "preselecStu": [20, 20], "stuGender": [{"male": 19, "Female": 1}, {"male": 19, "Female": 1}]}}