{"timestamp": [1716066416.276072, 1716497650.926306, 1725440330.52864, 1725513034.51693], "data": {"selected": [0, 0, 13, 12], "assigned": [0, 0, 20, 24], "preselecStu": [0, 0, 13, 12], "stuGender": [{"male": 0, "Female": 0}, {"male": 0, "Female": 0}, {"male": 10, "Female": 3}, {"male": 10, "Female": 2}]}}