{"timestamp": [1716066416.276072, 1716497650.926306, 1725440330.52864], "data": {"selected": [0, 0, 13], "assigned": [0, 0, 20], "preselecStu": [0, 0, 13], "stuGender": [{"male": 0, "Female": 0}, {"male": 0, "Female": 0}, {"male": 10, "Female": 3}]}}