{"timestamp": [1734410722.451983, 1734473237.633069, 1734560218.632504], "data": {"selected": [0, 0, 0], "assigned": [12, 14, 11], "preselecStu": [0, 0, 0], "stuGender": [{"male": 0, "Female": 0}, {"male": 0, "Female": 0}, {"male": 0, "Female": 0}]}}