{"timestamp": [1716063667.621641, 1716495144.11001, 1725436302.211614, 1725509769.256432], "data": {"selected": [0, 0, 46, 46], "assigned": [0, 0, 0, 1], "preselecStu": [0, 0, 0, 0], "stuGender": [{"male": 0, "Female": 0}, {"male": 0, "Female": 0}, {"male": 37, "Female": 9}, {"male": 37, "Female": 9}]}}