{"timestamp": [1716068800.65229, 1716499916.685388, 1725443431.787775, 1725515826.826721], "data": {"selected": [0, 0, 0, 0], "assigned": [0, 0, 2, 4], "preselecStu": [0, 0, 0, 0], "stuGender": [{"male": 0, "Female": 0}, {"male": 0, "Female": 0}, {"male": 0, "Female": 0}, {"male": 0, "Female": 0}]}}