{"timestamp": [1734407496.716488, 1734470228.570681], "data": {"selected": [0, 0], "assigned": [73, 92], "preselecStu": [0, 0], "stuGender": [{"male": 0, "Female": 0}, {"male": 0, "Female": 0}]}}