{"timestamp": [1707541830.65079, 1707545060.640457], "data": {"selected": [30, 30], "assigned": [0, 0], "preselecStu": [30, 30], "stuGender": [{"male": 8, "Female": 22}, {"male": 8, "Female": 22}]}}