{"timestamp": [1707577197.066729, 1707588892.133516, 1707659750.666093, 1707662360.401925], "data": {"selected": [30, 30, 30, 30], "assigned": [0, 0, 0, 0], "preselecStu": [30, 30, 30, 30], "stuGender": [{"male": 8, "Female": 22}, {"male": 8, "Female": 22}, {"male": 8, "Female": 22}, {"male": 8, "Female": 22}]}}