{"timestamp": [1716068964.64876, 1716500066.989026, 1725443603.923774, 1725515999.7812], "data": {"selected": [0, 0, 6, 6], "assigned": [0, 0, 4, 6], "preselecStu": [0, 0, 6, 6], "stuGender": [{"male": 0, "Female": 0}, {"male": 0, "Female": 0}, {"male": 1, "Female": 5}, {"male": 1, "Female": 5}]}}