{"timestamp": [1734405621.126968, 1734468317.412628, 1734554833.416205], "data": {"selected": [0, 0, 0], "assigned": [276, 340, 385], "preselecStu": [0, 0, 0], "stuGender": [{"male": 0, "Female": 0}, {"male": 0, "Female": 0}, {"male": 0, "Female": 0}]}}