{"timestamp": [1707577584.829853, 1707589346.48757], "data": {"selected": [12, 12], "assigned": [0, 0], "preselecStu": [12, 12], "stuGender": [{"male": 3, "Female": 9}, {"male": 3, "Female": 9}]}}