{"timestamp": [1707542037.003471, 1707545277.554681], "data": {"selected": [12, 12], "assigned": [0, 0], "preselecStu": [12, 12], "stuGender": [{"male": 3, "Female": 9}, {"male": 3, "Female": 9}]}}