{"timestamp": [1725438059.343744, 1725511247.007401, 1725597580.489165], "data": {"selected": [0, 0, 1], "assigned": [1, 1, 0], "preselecStu": [0, 0, 0], "stuGender": [{"male": 0, "Female": 0}, {"male": 0, "Female": 0}, {"male": 1, "Female": 0}]}}