{"timestamp": [1707540346.128432, 1707543521.597642], "data": {"selected": [40, 40], "assigned": [0, 0], "preselecStu": [40, 40], "stuGender": [{"male": 28, "Female": 12}, {"male": 28, "Female": 12}]}}