{"timestamp": [1707574522.108756, 1707585670.929447, 1707658234.733933], "data": {"selected": [40, 40, 40], "assigned": [0, 0, 0], "preselecStu": [40, 40, 40], "stuGender": [{"male": 28, "Female": 12}, {"male": 28, "Female": 12}, {"male": 28, "Female": 12}]}}