{"timestamp": [1707541533.08759, 1707544737.441774], "data": {"selected": [50, 50], "assigned": [0, 0], "preselecStu": [50, 50], "stuGender": [{"male": 43, "Female": 7}, {"male": 43, "Female": 7}]}}