{"timestamp": [1707576646.952396, 1707588242.798018, 1707659441.384729], "data": {"selected": [50, 50, 50], "assigned": [0, 0, 0], "preselecStu": [50, 50, 50], "stuGender": [{"male": 43, "Female": 7}, {"male": 43, "Female": 7}, {"male": 43, "Female": 7}]}}