{"timestamp": [1716066070.094928, 1716497348.254574, 1725439828.757305, 1725512641.886798], "data": {"selected": [0, 0, 67, 66], "assigned": [0, 43, 2, 2], "preselecStu": [0, 0, 67, 66], "stuGender": [{"male": 0, "Female": 0}, {"male": 0, "Female": 0}, {"male": 45, "Female": 22}, {"male": 44, "Female": 22}]}}