{"timestamp": [1716065057.916942, 1716496419.438403, 1725438339.843331], "data": {"selected": [0, 0, 48], "assigned": [0, 44, 3], "preselecStu": [0, 0, 48], "stuGender": [{"male": 0, "Female": 0}, {"male": 0, "Female": 0}, {"male": 12, "Female": 36}]}}