{"timestamp": [1716065057.916942, 1716496419.438403, 1725438339.843331, 1725511450.699513], "data": {"selected": [0, 0, 48, 47], "assigned": [0, 44, 3, 4], "preselecStu": [0, 0, 48, 47], "stuGender": [{"male": 0, "Female": 0}, {"male": 0, "Female": 0}, {"male": 12, "Female": 36}, {"male": 11, "Female": 36}]}}