{"timestamp": [1716064278.804113, 1716495716.235659, 1725437181.48759, 1725510505.164103], "data": {"selected": [0, 0, 48, 48], "assigned": [0, 0, 1, 2], "preselecStu": [0, 0, 2, 2], "stuGender": [{"male": 0, "Female": 0}, {"male": 0, "Female": 0}, {"male": 40, "Female": 8}, {"male": 40, "Female": 8}]}}