{"timestamp": [1716064278.804113, 1716495716.235659, 1725437181.48759], "data": {"selected": [0, 0, 48], "assigned": [0, 0, 1], "preselecStu": [0, 0, 2], "stuGender": [{"male": 0, "Female": 0}, {"male": 0, "Female": 0}, {"male": 40, "Female": 8}]}}