{"timestamp": [1707578679.47364, 1707590811.339794, 1707660553.965156], "data": {"selected": [20, 20, 20], "assigned": [0, 0, 0], "preselecStu": [20, 20, 20], "stuGender": [{"male": 2, "Female": 18}, {"male": 2, "Female": 18}, {"male": 2, "Female": 18}]}}