{"timestamp": [1716064480.148484, 1716495900.272481, 1725437493.70212], "data": {"selected": [0, 0, 48], "assigned": [0, 0, 74], "preselecStu": [0, 0, 47], "stuGender": [{"male": 0, "Female": 0}, {"male": 0, "Female": 0}, {"male": 29, "Female": 19}]}}