{"timestamp": [1707542351.100543, 1707545625.766485], "data": {"selected": [47, 47], "assigned": [0, 0], "preselecStu": [47, 47], "stuGender": [{"male": 30, "Female": 17}, {"male": 30, "Female": 17}]}}