{"timestamp": [1707542180.440563, 1707545439.293311], "data": {"selected": [30, 30], "assigned": [0, 0], "preselecStu": [30, 30], "stuGender": [{"male": 25, "Female": 5}, {"male": 25, "Female": 5}]}}