{"timestamp": [1707577857.777278, 1707589712.77006, 1707660115.912009, 1707662725.947438], "data": {"selected": [30, 30, 30, 30], "assigned": [0, 0, 0, 0], "preselecStu": [30, 30, 30, 30], "stuGender": [{"male": 25, "Female": 5}, {"male": 25, "Female": 5}, {"male": 25, "Female": 5}, {"male": 25, "Female": 5}]}}