{"timestamp": [1734406466.058327, 1734469201.192019, 1734555750.708406], "data": {"selected": [0, 0, 0], "assigned": [38, 40, 42], "preselecStu": [0, 0, 0], "stuGender": [{"male": 0, "Female": 0}, {"male": 0, "Female": 0}, {"male": 0, "Female": 0}]}}