{"timestamp": [1707576968.234795, 1707588618.503839, 1707659619.779586], "data": {"selected": [9, 9, 9], "assigned": [0, 0, 0], "preselecStu": [9, 9, 9], "stuGender": [{"male": 5, "Female": 4}, {"male": 5, "Female": 4}, {"male": 5, "Female": 4}]}}