{"timestamp": [1707577957.526243, 1707589839.44805], "data": {"selected": [52, 52], "assigned": [0, 0], "preselecStu": [52, 52], "stuGender": [{"male": 34, "Female": 18}, {"male": 34, "Female": 18}]}}