{"timestamp": [1734408386.366798, 1734471033.015561], "data": {"selected": [0, 0], "assigned": [21, 22], "preselecStu": [0, 0], "stuGender": [{"male": 0, "Female": 0}, {"male": 0, "Female": 0}]}}