{"timestamp": [1707578568.579312, 1707590659.273411], "data": {"selected": [21, 21], "assigned": [0, 0], "preselecStu": [21, 21], "stuGender": [{"male": 2, "Female": 19}, {"male": 2, "Female": 19}]}}