{"timestamp": [1734406261.969877, 1734468984.844047], "data": {"selected": [0, 0], "assigned": [157, 174], "preselecStu": [0, 0], "stuGender": [{"male": 0, "Female": 0}, {"male": 0, "Female": 0}]}}