{"timestamp": [1734410486.211872, 1734473027.39493, 1734560003.918007, 1734645382.347454], "data": {"selected": [0, 0, 0, 0], "assigned": [9, 9, 9, 9], "preselecStu": [0, 0, 0, 0], "stuGender": [{"male": 0, "Female": 0}, {"male": 0, "Female": 0}, {"male": 0, "Female": 0}, {"male": 0, "Female": 0}]}}