{"timestamp": [1707577170.455731, 1707588860.492541, 1707659736.173808, 1707662345.875154], "data": {"selected": [17, 17, 17, 17], "assigned": [0, 0, 0, 0], "preselecStu": [17, 17, 17, 17], "stuGender": [{"male": 7, "Female": 10}, {"male": 7, "Female": 10}, {"male": 7, "Female": 10}, {"male": 7, "Female": 10}]}}