{"timestamp": [1707541815.947833, 1707545045.414951], "data": {"selected": [17, 17], "assigned": [0, 0], "preselecStu": [17, 17], "stuGender": [{"male": 7, "Female": 10}, {"male": 7, "Female": 10}]}}