{"timestamp": [1707577170.455731, 1707588860.492541], "data": {"selected": [17, 17], "assigned": [0, 0], "preselecStu": [17, 17], "stuGender": [{"male": 7, "Female": 10}, {"male": 7, "Female": 10}]}}