{"timestamp": [1734406619.615741, 1734469369.58002, 1734555911.21406, 1734642049.937346], "data": {"selected": [7, 7, 7, 7], "assigned": [34, 35, 42, 46], "preselecStu": [0, 0, 0, 0], "stuGender": [{"male": 7, "Female": 0}, {"male": 7, "Female": 0}, {"male": 7, "Female": 0}, {"male": 7, "Female": 0}]}}