{"timestamp": [1716067887.539483, 1716499096.746671, 1725442372.986914, 1725514782.30639], "data": {"selected": [0, 0, 65, 61], "assigned": [0, 0, 34, 42], "preselecStu": [0, 0, 65, 61], "stuGender": [{"male": 0, "Female": 0}, {"male": 0, "Female": 0}, {"male": 51, "Female": 14}, {"male": 47, "Female": 14}]}}