{"timestamp": [1716067887.539483, 1716499096.746671, 1725442372.986914], "data": {"selected": [0, 0, 65], "assigned": [0, 0, 34], "preselecStu": [0, 0, 65], "stuGender": [{"male": 0, "Female": 0}, {"male": 0, "Female": 0}, {"male": 51, "Female": 14}]}}