{"timestamp": [1716068250.683707, 1716499402.207541, 1725442822.109512], "data": {"selected": [0, 0, 19], "assigned": [0, 3, 0], "preselecStu": [0, 0, 0], "stuGender": [{"male": 0, "Female": 0}, {"male": 0, "Female": 0}, {"male": 17, "Female": 2}]}}