{"timestamp": [1707542016.640343, 1707545257.234743], "data": {"selected": [21, 21], "assigned": [0, 0], "preselecStu": [20, 20], "stuGender": [{"male": 4, "Female": 17}, {"male": 4, "Female": 17}]}}