{"timestamp": [1707577548.406685, 1707589303.703623], "data": {"selected": [21, 21], "assigned": [0, 0], "preselecStu": [20, 20], "stuGender": [{"male": 4, "Female": 17}, {"male": 4, "Female": 17}]}}