{"timestamp": [1716068935.09443, 1716500038.934402, 1725443567.972571, 1725515962.788896], "data": {"selected": [0, 0, 26, 25], "assigned": [0, 0, 4, 6], "preselecStu": [0, 0, 26, 25], "stuGender": [{"male": 0, "Female": 0}, {"male": 0, "Female": 0}, {"male": 10, "Female": 16}, {"male": 10, "Female": 15}]}}