{"timestamp": [1716065314.551341, 1716496636.711869, 1725438679.765875, 1725511726.757892], "data": {"selected": [0, 0, 23, 23], "assigned": [0, 23, 0, 0], "preselecStu": [0, 0, 23, 23], "stuGender": [{"male": 0, "Female": 0}, {"male": 0, "Female": 0}, {"male": 4, "Female": 19}, {"male": 4, "Female": 19}]}}