{"timestamp": [1716065185.489433, 1716496518.571486, 1725438490.099863, 1725511561.400966], "data": {"selected": [0, 0, 3, 2], "assigned": [0, 0, 8, 8], "preselecStu": [0, 0, 3, 2], "stuGender": [{"male": 0, "Female": 0}, {"male": 0, "Female": 0}, {"male": 2, "Female": 1}, {"male": 2, "Female": 0}]}}