{"timestamp": [1734405701.049283, 1734468435.34921], "data": {"selected": [0, 0], "assigned": [98, 115], "preselecStu": [0, 0], "stuGender": [{"male": 0, "Female": 0}, {"male": 0, "Female": 0}]}}