{"timestamp": [1734405701.049283, 1734468435.34921, 1734554934.214533], "data": {"selected": [0, 0, 0], "assigned": [98, 115, 135], "preselecStu": [0, 0, 0], "stuGender": [{"male": 0, "Female": 0}, {"male": 0, "Female": 0}, {"male": 0, "Female": 0}]}}