{"timestamp": [1716064014.966279, 1716495461.030084, 1725436772.767638], "data": {"selected": [0, 0, 0], "assigned": [0, 0, 3], "preselecStu": [0, 0, 0], "stuGender": [{"male": 0, "Female": 0}, {"male": 0, "Female": 0}, {"male": 0, "Female": 0}]}}