{"timestamp": [1716066510.732913, 1716497749.527397, 1725440466.28064], "data": {"selected": [0, 0, 47], "assigned": [0, 0, 8], "preselecStu": [0, 0, 0], "stuGender": [{"male": 0, "Female": 0}, {"male": 0, "Female": 0}, {"male": 40, "Female": 7}]}}