{"timestamp": [1707542477.550886, 1707545756.571387], "data": {"selected": [16, 16], "assigned": [0, 0], "preselecStu": [16, 16], "stuGender": [{"male": 13, "Female": 3}, {"male": 13, "Female": 3}]}}