{"timestamp": [1707575625.259908, 1707586990.655342, 1707658883.360507, 1707661480.763978], "data": {"selected": [33, 33, 33, 33], "assigned": [0, 0, 0, 0], "preselecStu": [33, 33, 33, 33], "stuGender": [{"male": 11, "Female": 22}, {"male": 11, "Female": 22}, {"male": 11, "Female": 22}, {"male": 11, "Female": 22}]}}