{"timestamp": [1716066910.472211, 1716498153.509581, 1725441092.521143, 1725513664.910595], "data": {"selected": [0, 0, 14, 14], "assigned": [0, 9, 0, 0], "preselecStu": [0, 0, 9, 9], "stuGender": [{"male": 0, "Female": 0}, {"male": 0, "Female": 0}, {"male": 7, "Female": 7}, {"male": 7, "Female": 7}]}}