{"timestamp": [1707540887.457223, 1707544067.60682], "data": {"selected": [25, 25], "assigned": [0, 0], "preselecStu": [25, 25], "stuGender": [{"male": 14, "Female": 11}, {"male": 14, "Female": 11}]}}