{"timestamp": [1716065520.014971, 1716496839.665581, 1725438990.923067], "data": {"selected": [0, 0, 2], "assigned": [0, 0, 7], "preselecStu": [0, 0, 2], "stuGender": [{"male": 0, "Female": 0}, {"male": 0, "Female": 0}, {"male": 1, "Female": 1}]}}