{"timestamp": [1707540368.678604, 1707543544.590948], "data": {"selected": [42, 42], "assigned": [0, 0], "preselecStu": [42, 42], "stuGender": [{"male": 9, "Female": 33}, {"male": 9, "Female": 33}]}}