{"timestamp": [1707541359.376561, 1707544551.785294], "data": {"selected": [11, 11], "assigned": [0, 0], "preselecStu": [11, 11], "stuGender": [{"male": 5, "Female": 6}, {"male": 5, "Female": 6}]}}