{"timestamp": [1734408157.25759, 1734470834.479382, 1734557568.479483], "data": {"selected": [0, 0, 0], "assigned": [66, 67, 68], "preselecStu": [0, 0, 0], "stuGender": [{"male": 0, "Female": 0}, {"male": 0, "Female": 0}, {"male": 0, "Female": 0}]}}