{"timestamp": [1716068812.115542, 1716499928.126992, 1725443445.057567, 1725515839.415564], "data": {"selected": [0, 0, 4, 4], "assigned": [0, 0, 0, 1], "preselecStu": [0, 0, 4, 4], "stuGender": [{"male": 0, "Female": 0}, {"male": 0, "Female": 0}, {"male": 2, "Female": 2}, {"male": 2, "Female": 2}]}}