{"timestamp": [1716066049.196767, 1716497328.196646, 1725439788.852522, 1725512618.018216], "data": {"selected": [0, 0, 53, 53], "assigned": [0, 48, 8, 13], "preselecStu": [0, 0, 53, 53], "stuGender": [{"male": 0, "Female": 0}, {"male": 0, "Female": 0}, {"male": 35, "Female": 18}, {"male": 35, "Female": 18}]}}