{"timestamp": [1734406527.664782, 1734469268.969861, 1734555819.379802, 1734641962.569575], "data": {"selected": [0, 0, 0, 0], "assigned": [14, 17, 17, 18], "preselecStu": [0, 0, 0, 0], "stuGender": [{"male": 0, "Female": 0}, {"male": 0, "Female": 0}, {"male": 0, "Female": 0}, {"male": 0, "Female": 0}]}}