{"timestamp": [1707575672.977143, 1707587045.880244, 1707658909.673549, 1707661507.072875], "data": {"selected": [22, 22, 22, 22], "assigned": [0, 0, 0, 0], "preselecStu": [22, 22, 22, 22], "stuGender": [{"male": 3, "Female": 19}, {"male": 3, "Female": 19}, {"male": 3, "Female": 19}, {"male": 3, "Female": 19}]}}