{"timestamp": [1707541007.881583, 1707544187.233756], "data": {"selected": [22, 22], "assigned": [0, 0], "preselecStu": [22, 22], "stuGender": [{"male": 3, "Female": 19}, {"male": 3, "Female": 19}]}}