{"timestamp": [1716065723.463844, 1716497044.435131, 1725439294.721225, 1725512251.337035], "data": {"selected": [0, 0, 53, 52], "assigned": [0, 0, 1, 4], "preselecStu": [0, 0, 0, 0], "stuGender": [{"male": 0, "Female": 0}, {"male": 0, "Female": 0}, {"male": 42, "Female": 11}, {"male": 41, "Female": 11}]}}