{"timestamp": [1734410738.303878, 1734473252.858617, 1734560233.354288, 1734645631.416747], "data": {"selected": [0, 0, 0, 0], "assigned": [14, 18, 23, 25], "preselecStu": [0, 0, 0, 0], "stuGender": [{"male": 0, "Female": 0}, {"male": 0, "Female": 0}, {"male": 0, "Female": 0}, {"male": 0, "Female": 0}]}}