{"timestamp": [1734410738.303878, 1734473252.858617], "data": {"selected": [0, 0], "assigned": [14, 18], "preselecStu": [0, 0], "stuGender": [{"male": 0, "Female": 0}, {"male": 0, "Female": 0}]}}