{"timestamp": [1734406837.615251, 1734469586.137686, 1734556151.060211, 1734642241.195813], "data": {"selected": [0, 0, 0, 0], "assigned": [5, 5, 6, 6], "preselecStu": [0, 0, 0, 0], "stuGender": [{"male": 0, "Female": 0}, {"male": 0, "Female": 0}, {"male": 0, "Female": 0}, {"male": 0, "Female": 0}]}}