{"timestamp": [1716066689.656733, 1716497936.906031, 1725440772.318269, 1725513374.129346], "data": {"selected": [0, 0, 19, 18], "assigned": [0, 0, 13, 18], "preselecStu": [0, 0, 19, 18], "stuGender": [{"male": 0, "Female": 0}, {"male": 0, "Female": 0}, {"male": 14, "Female": 5}, {"male": 13, "Female": 5}]}}