{"timestamp": [1734406515.628977, 1734469256.927835], "data": {"selected": [0, 0], "assigned": [59, 64], "preselecStu": [0, 0], "stuGender": [{"male": 0, "Female": 0}, {"male": 0, "Female": 0}]}}