{"timestamp": [1707541960.325584, 1707545200.362191], "data": {"selected": [17, 17], "assigned": [0, 0], "preselecStu": [17, 17], "stuGender": [{"male": 9, "Female": 8}, {"male": 9, "Female": 8}]}}