{"timestamp": [1707576800.60138, 1707588429.500326], "data": {"selected": [60, 60], "assigned": [0, 0], "preselecStu": [60, 60], "stuGender": [{"male": 53, "Female": 7}, {"male": 53, "Female": 7}]}}