{"timestamp": [1716064715.569334, 1716496108.324433, 1725437816.251427], "data": {"selected": [0, 0, 26], "assigned": [0, 0, 8], "preselecStu": [0, 0, 26], "stuGender": [{"male": 0, "Female": 0}, {"male": 0, "Female": 0}, {"male": 9, "Female": 17}]}}