{"timestamp": [1707578608.67166, 1707590707.369319, 1707660515.480746], "data": {"selected": [40, 40, 40], "assigned": [0, 0, 0], "preselecStu": [40, 40, 40], "stuGender": [{"male": 18, "Female": 22}, {"male": 18, "Female": 22}, {"male": 18, "Female": 22}]}}