{"timestamp": [1707540920.131599, 1707544098.921414], "data": {"selected": [50, 50], "assigned": [0, 0], "preselecStu": [50, 50], "stuGender": [{"male": 18, "Female": 32}, {"male": 18, "Female": 32}]}}