{"timestamp": [1707575511.017195, 1707586863.933743], "data": {"selected": [50, 50], "assigned": [0, 0], "preselecStu": [50, 50], "stuGender": [{"male": 18, "Female": 32}, {"male": 18, "Female": 32}]}}