{"timestamp": [1707577808.149066, 1707589632.229581, 1707660093.953224], "data": {"selected": [60, 60, 60], "assigned": [0, 0, 0], "preselecStu": [60, 60, 60], "stuGender": [{"male": 47, "Female": 13}, {"male": 47, "Female": 13}, {"male": 47, "Female": 13}]}}