{"timestamp": [1734410764.569667, 1734473279.48364, 1734560260.430454, 1734645664.156913], "data": {"selected": [0, 0, 0, 0], "assigned": [51, 55, 56, 58], "preselecStu": [0, 0, 0, 0], "stuGender": [{"male": 0, "Female": 0}, {"male": 0, "Female": 0}, {"male": 0, "Female": 0}, {"male": 0, "Female": 0}]}}