{"timestamp": [1734408055.394137, 1734470734.986748, 1734557460.65881, 1734643285.900995], "data": {"selected": [0, 0, 0, 0], "assigned": [55, 67, 73, 80], "preselecStu": [0, 0, 0, 0], "stuGender": [{"male": 0, "Female": 0}, {"male": 0, "Female": 0}, {"male": 0, "Female": 0}, {"male": 0, "Female": 0}]}}