{"timestamp": [1734408055.394137, 1734470734.986748], "data": {"selected": [0, 0], "assigned": [55, 67], "preselecStu": [0, 0], "stuGender": [{"male": 0, "Female": 0}, {"male": 0, "Female": 0}]}}