{"timestamp": [1716065266.984027, 1716496590.546755, 1725438606.647672, 1725511674.398623], "data": {"selected": [0, 0, 9, 9], "assigned": [0, 0, 2, 5], "preselecStu": [0, 0, 9, 9], "stuGender": [{"male": 0, "Female": 0}, {"male": 0, "Female": 0}, {"male": 1, "Female": 8}, {"male": 1, "Female": 8}]}}