{"timestamp": [1716065266.984027, 1716496590.546755, 1725438606.647672], "data": {"selected": [0, 0, 9], "assigned": [0, 0, 2], "preselecStu": [0, 0, 9], "stuGender": [{"male": 0, "Female": 0}, {"male": 0, "Female": 0}, {"male": 1, "Female": 8}]}}