{"timestamp": [1734410432.268612, 1734472972.361317, 1734559947.014465, 1734645334.293018], "data": {"selected": [0, 0, 0, 0], "assigned": [3, 4, 4, 5], "preselecStu": [0, 0, 0, 0], "stuGender": [{"male": 0, "Female": 0}, {"male": 0, "Female": 0}, {"male": 0, "Female": 0}, {"male": 0, "Female": 0}]}}