{"timestamp": [1707542276.588779, 1707545545.247037], "data": {"selected": [19, 19], "assigned": [0, 0], "preselecStu": [19, 19], "stuGender": [{"male": 10, "Female": 9}, {"male": 10, "Female": 9}]}}