{"timestamp": [1716068236.985543, 1716499388.464969, 1725442804.966152], "data": {"selected": [0, 0, 20], "assigned": [0, 0, 13], "preselecStu": [0, 0, 20], "stuGender": [{"male": 0, "Female": 0}, {"male": 0, "Female": 0}, {"male": 12, "Female": 8}]}}