{"timestamp": [1734405822.504273, 1734468554.859652, 1734555056.724839, 1734641297.37186], "data": {"selected": [0, 0, 0, 0], "assigned": [5, 5, 5, 6], "preselecStu": [0, 0, 0, 0], "stuGender": [{"male": 0, "Female": 0}, {"male": 0, "Female": 0}, {"male": 0, "Female": 0}, {"male": 0, "Female": 0}]}}