{"timestamp": [1707574946.222698, 1707586169.024193], "data": {"selected": [52, 52], "assigned": [0, 0], "preselecStu": [52, 52], "stuGender": [{"male": 32, "Female": 20}, {"male": 32, "Female": 20}]}}