{"timestamp": [1734405724.775429, 1734468454.453944], "data": {"selected": [0, 0], "assigned": [126, 148], "preselecStu": [0, 0], "stuGender": [{"male": 0, "Female": 0}, {"male": 0, "Female": 0}]}}