{"timestamp": [1734405724.775429, 1734468454.453944, 1734554945.218453], "data": {"selected": [0, 0, 0], "assigned": [126, 148, 172], "preselecStu": [0, 0, 0], "stuGender": [{"male": 0, "Female": 0}, {"male": 0, "Female": 0}, {"male": 0, "Female": 0}]}}