{"timestamp": [1707574928.946238, 1707586148.593746], "data": {"selected": [50, 50], "assigned": [0, 0], "preselecStu": [50, 50], "stuGender": [{"male": 40, "Female": 10}, {"male": 40, "Female": 10}]}}