{"timestamp": [1716065748.359065, 1716497057.594408, 1725439327.384739, 1725512266.06841], "data": {"selected": [0, 0, 9, 10], "assigned": [0, 0, 0, 0], "preselecStu": [0, 0, 0, 0], "stuGender": [{"male": 0, "Female": 0}, {"male": 0, "Female": 0}, {"male": 7, "Female": 2}, {"male": 8, "Female": 2}]}}