{"timestamp": [1716067881.076542, 1716499089.952578, 1725442357.619301, 1725514769.991836], "data": {"selected": [0, 0, 11, 8], "assigned": [0, 0, 8, 10], "preselecStu": [0, 0, 11, 8], "stuGender": [{"male": 0, "Female": 0}, {"male": 0, "Female": 0}, {"male": 8, "Female": 3}, {"male": 6, "Female": 2}]}}