{"timestamp": [1734406360.692608, 1734469094.014004, 1734555606.341978], "data": {"selected": [0, 0, 0], "assigned": [42, 42, 42], "preselecStu": [0, 0, 0], "stuGender": [{"male": 0, "Female": 0}, {"male": 0, "Female": 0}, {"male": 0, "Female": 0}]}}