{"timestamp": [1707575001.522685, 1707586246.89314, 1707658526.133801], "data": {"selected": [32, 32, 32], "assigned": [0, 0, 0], "preselecStu": [32, 32, 32], "stuGender": [{"male": 22, "Female": 10}, {"male": 22, "Female": 10}, {"male": 22, "Female": 10}]}}