{"timestamp": [1734408039.627266, 1734470720.179786], "data": {"selected": [0, 0], "assigned": [21, 21], "preselecStu": [0, 0], "stuGender": [{"male": 0, "Female": 0}, {"male": 0, "Female": 0}]}}