{"timestamp": [1707575528.770631, 1707586884.376246, 1707658832.055028, 1707661428.231974], "data": {"selected": [23, 23, 23, 23], "assigned": [0, 0, 0, 0], "preselecStu": [23, 23, 23, 23], "stuGender": [{"male": 4, "Female": 19}, {"male": 4, "Female": 19}, {"male": 4, "Female": 19}, {"male": 4, "Female": 19}]}}