{"timestamp": [1707540750.971797, 1707543929.111535], "data": {"selected": [24, 24], "assigned": [0, 0], "preselecStu": [0, 0], "stuGender": [{"male": 21, "Female": 3}, {"male": 21, "Female": 3}]}}