{"timestamp": [1716065447.927657, 1716496768.75361, 1725438867.415044], "data": {"selected": [0, 0, 12], "assigned": [0, 0, 9], "preselecStu": [0, 0, 12], "stuGender": [{"male": 0, "Female": 0}, {"male": 0, "Female": 0}, {"male": 2, "Female": 10}]}}