{"timestamp": [1707574467.339293, 1707585607.438726, 1707658199.445555, 1707660794.541829], "data": {"selected": [50, 50, 50, 50], "assigned": [0, 0, 0, 0], "preselecStu": [50, 50, 50, 50], "stuGender": [{"male": 34, "Female": 16}, {"male": 34, "Female": 16}, {"male": 34, "Female": 16}, {"male": 34, "Female": 16}]}}