{"timestamp": [1716065696.341997, 1716497013.802474, 1725439253.96848, 1725512214.910972], "data": {"selected": [0, 0, 1, 1], "assigned": [0, 0, 0, 0], "preselecStu": [0, 0, 1, 1], "stuGender": [{"male": 0, "Female": 0}, {"male": 0, "Female": 0}, {"male": 1, "Female": 0}, {"male": 1, "Female": 0}]}}