{"timestamp": [1716064893.116114, 1716496273.814646, 1725438082.733521], "data": {"selected": [0, 0, 4], "assigned": [0, 0, 9], "preselecStu": [0, 0, 4], "stuGender": [{"male": 0, "Female": 0}, {"male": 0, "Female": 0}, {"male": 1, "Female": 3}]}}