{"timestamp": [1716064893.116114, 1716496273.814646, 1725438082.733521, 1725511266.194741], "data": {"selected": [0, 0, 4, 4], "assigned": [0, 0, 9, 13], "preselecStu": [0, 0, 4, 4], "stuGender": [{"male": 0, "Female": 0}, {"male": 0, "Female": 0}, {"male": 1, "Female": 3}, {"male": 1, "Female": 3}]}}