{"timestamp": [1707542336.783954, 1707545609.974825], "data": {"selected": [49, 49], "assigned": [0, 0], "preselecStu": [49, 49], "stuGender": [{"male": 33, "Female": 16}, {"male": 33, "Female": 16}]}}