{"timestamp": [1734407735.124064, 1734470436.540211, 1734557109.232797, 1734642990.02878], "data": {"selected": [0, 0, 0, 0], "assigned": [4, 5, 6, 7], "preselecStu": [0, 0, 0, 0], "stuGender": [{"male": 0, "Female": 0}, {"male": 0, "Female": 0}, {"male": 0, "Female": 0}, {"male": 0, "Female": 0}]}}