{"timestamp": [1734408987.910343, 1734471606.798898, 1734558467.457927], "data": {"selected": [0, 0, 0], "assigned": [50, 56, 62], "preselecStu": [0, 0, 0], "stuGender": [{"male": 0, "Female": 0}, {"male": 0, "Female": 0}, {"male": 0, "Female": 0}]}}