{"timestamp": [1707577575.515498, 1707589335.264614], "data": {"selected": [19, 19], "assigned": [0, 0], "preselecStu": [19, 19], "stuGender": [{"male": 8, "Female": 11}, {"male": 8, "Female": 11}]}}