{"timestamp": [1734408152.506688, 1734470829.674898], "data": {"selected": [0, 0], "assigned": [54, 53], "preselecStu": [0, 0], "stuGender": [{"male": 0, "Female": 0}, {"male": 0, "Female": 0}]}}