{"timestamp": [1716067457.674036, 1716498692.990178, 1725441841.937131], "data": {"selected": [0, 0, 49], "assigned": [0, 0, 23], "preselecStu": [0, 0, 49], "stuGender": [{"male": 0, "Female": 0}, {"male": 0, "Female": 0}, {"male": 22, "Female": 27}]}}