{"timestamp": [1716067457.674036, 1716498692.990178, 1725441841.937131, 1725514281.061162], "data": {"selected": [0, 0, 49, 49], "assigned": [0, 0, 23, 42], "preselecStu": [0, 0, 49, 49], "stuGender": [{"male": 0, "Female": 0}, {"male": 0, "Female": 0}, {"male": 22, "Female": 27}, {"male": 22, "Female": 27}]}}