{"timestamp": [1707575907.688504, 1707587321.849924], "data": {"selected": [25, 25], "assigned": [0, 0], "preselecStu": [25, 25], "stuGender": [{"male": 19, "Female": 6}, {"male": 19, "Female": 6}]}}