{"timestamp": [1716065332.503265, 1716496654.890217, 1725438705.815915], "data": {"selected": [0, 0, 29], "assigned": [0, 0, 5], "preselecStu": [0, 0, 29], "stuGender": [{"male": 0, "Female": 0}, {"male": 0, "Female": 0}, {"male": 2, "Female": 27}]}}