{"timestamp": [1734409062.524805, 1734471681.193371, 1734558557.942599, 1734644155.764156], "data": {"selected": [0, 0, 0, 0], "assigned": [8, 8, 10, 12], "preselecStu": [0, 0, 0, 0], "stuGender": [{"male": 0, "Female": 0}, {"male": 0, "Female": 0}, {"male": 0, "Female": 0}, {"male": 0, "Female": 0}]}}