{"timestamp": [1734407099.801384, 1734469848.883716, 1734556432.178672, 1734642453.074645], "data": {"selected": [0, 0, 0, 0], "assigned": [72, 75, 75, 75], "preselecStu": [0, 0, 0, 0], "stuGender": [{"male": 0, "Female": 0}, {"male": 0, "Female": 0}, {"male": 0, "Female": 0}, {"male": 0, "Female": 0}]}}