{"timestamp": [1716068925.979856, 1716500029.712064, 1725443558.117758], "data": {"selected": [0, 0, 3], "assigned": [0, 0, 10], "preselecStu": [0, 0, 3], "stuGender": [{"male": 0, "Female": 0}, {"male": 0, "Female": 0}, {"male": 1, "Female": 2}]}}