{"timestamp": [1734407073.585554, 1734469826.979553], "data": {"selected": [0, 0], "assigned": [48, 52], "preselecStu": [0, 0], "stuGender": [{"male": 0, "Female": 0}, {"male": 0, "Female": 0}]}}