{"timestamp": [1716064812.987687, 1716496191.677749, 1725437943.36259, 1725511136.625925], "data": {"selected": [0, 0, 0, 0], "assigned": [0, 0, 88, 166], "preselecStu": [0, 0, 0, 0], "stuGender": [{"male": 0, "Female": 0}, {"male": 0, "Female": 0}, {"male": 0, "Female": 0}, {"male": 0, "Female": 0}]}}