{"timestamp": [1734408606.422244, 1734471252.716909, 1734558050.196692], "data": {"selected": [0, 0, 0], "assigned": [1, 5, 5], "preselecStu": [0, 0, 0], "stuGender": [{"male": 0, "Female": 0}, {"male": 0, "Female": 0}, {"male": 0, "Female": 0}]}}