{"timestamp": [1716067193.36945, 1716498430.374155, 1725441439.963185], "data": {"selected": [0, 0, 18], "assigned": [0, 0, 0], "preselecStu": [0, 0, 18], "stuGender": [{"male": 0, "Female": 0}, {"male": 0, "Female": 0}, {"male": 5, "Female": 13}]}}