{"timestamp": [1734409025.853536, 1734471652.359566], "data": {"selected": [0, 0], "assigned": [13, 13], "preselecStu": [0, 0], "stuGender": [{"male": 0, "Female": 0}, {"male": 0, "Female": 0}]}}