{"timestamp": [1734410449.302981, 1734472990.97909, 1734559964.27596], "data": {"selected": [0, 0, 0], "assigned": [1, 1, 4], "preselecStu": [0, 0, 0], "stuGender": [{"male": 0, "Female": 0}, {"male": 0, "Female": 0}, {"male": 0, "Female": 0}]}}