{"timestamp": [1716065794.369364, 1716497093.641826, 1725439398.769946, 1725512305.957902], "data": {"selected": [0, 0, 42, 42], "assigned": [0, 42, 1, 1], "preselecStu": [0, 0, 42, 42], "stuGender": [{"male": 0, "Female": 0}, {"male": 0, "Female": 0}, {"male": 33, "Female": 9}, {"male": 33, "Female": 9}]}}