{"timestamp": [1734407759.158169, 1734470460.632329, 1734557134.891096], "data": {"selected": [0, 0, 0], "assigned": [13, 13, 15], "preselecStu": [0, 0, 0], "stuGender": [{"male": 0, "Female": 0}, {"male": 0, "Female": 0}, {"male": 0, "Female": 0}]}}