{"timestamp": [1716065338.982505, 1716496661.512654, 1725438715.412534], "data": {"selected": [0, 0, 24], "assigned": [0, 22, 1], "preselecStu": [0, 0, 24], "stuGender": [{"male": 0, "Female": 0}, {"male": 0, "Female": 0}, {"male": 3, "Female": 21}]}}