{"timestamp": [1734408379.374532, 1734471025.897315, 1734557783.475748], "data": {"selected": [0, 0, 0], "assigned": [6, 8, 14], "preselecStu": [0, 0, 0], "stuGender": [{"male": 0, "Female": 0}, {"male": 0, "Female": 0}, {"male": 0, "Female": 0}]}}