{"timestamp": [1734404805.483794, 1734467431.25638, 1734553935.322987, 1734640248.686514], "data": {"selected": [0, 0, 0, 0], "assigned": [47, 48, 49, 49], "preselecStu": [0, 0, 0, 0], "stuGender": [{"male": 0, "Female": 0}, {"male": 0, "Female": 0}, {"male": 0, "Female": 0}, {"male": 0, "Female": 0}]}}