{"timestamp": [1707541189.056133, 1707544368.582589], "data": {"selected": [48, 48], "assigned": [0, 0], "preselecStu": [48, 48], "stuGender": [{"male": 43, "Female": 5}, {"male": 43, "Female": 5}]}}