{"timestamp": [1707576964.501459, 1707588614.047428, 1707659617.721194], "data": {"selected": [13, 13, 13], "assigned": [0, 0, 0], "preselecStu": [12, 12, 12], "stuGender": [{"male": 9, "Female": 4}, {"male": 9, "Female": 4}, {"male": 9, "Female": 4}]}}