{"timestamp": [1707541700.255077, 1707544926.971998], "data": {"selected": [13, 13], "assigned": [0, 0], "preselecStu": [12, 12], "stuGender": [{"male": 9, "Female": 4}, {"male": 9, "Female": 4}]}}