{"timestamp": [1734406551.048914, 1734469297.782041], "data": {"selected": [0, 0], "assigned": [22, 22], "preselecStu": [0, 0], "stuGender": [{"male": 0, "Female": 0}, {"male": 0, "Female": 0}]}}