{"timestamp": [1707541057.509563, 1707544239.054087], "data": {"selected": [10, 10], "assigned": [1, 1], "preselecStu": [10, 10], "stuGender": [{"male": 6, "Female": 5}, {"male": 6, "Female": 5}]}}