{"timestamp": [1707540678.089073, 1707543855.761975], "data": {"selected": [40, 40], "assigned": [0, 0], "preselecStu": [40, 40], "stuGender": [{"male": 19, "Female": 21}, {"male": 19, "Female": 21}]}}