{"timestamp": [1707578576.705752, 1707590668.658472, 1707660496.797133], "data": {"selected": [23, 23, 23], "assigned": [0, 0, 0], "preselecStu": [23, 23, 23], "stuGender": [{"male": 8, "Female": 15}, {"male": 8, "Female": 15}, {"male": 8, "Female": 15}]}}