{"timestamp": [1707542577.039992, 1707545864.212745], "data": {"selected": [23, 23], "assigned": [0, 0], "preselecStu": [23, 23], "stuGender": [{"male": 8, "Female": 15}, {"male": 8, "Female": 15}]}}