{"timestamp": [1707540882.877246, 1707544063.423157], "data": {"selected": [29, 29], "assigned": [0, 0], "preselecStu": [29, 29], "stuGender": [{"male": 12, "Female": 17}, {"male": 12, "Female": 17}]}}