{"timestamp": [1734409636.586657, 1734472245.101899, 1734559215.895055, 1734644661.843649], "data": {"selected": [0, 0, 0, 0], "assigned": [98, 115, 123, 134], "preselecStu": [0, 0, 0, 0], "stuGender": [{"male": 0, "Female": 0}, {"male": 0, "Female": 0}, {"male": 0, "Female": 0}, {"male": 0, "Female": 0}]}}