{"timestamp": [1707542333.684126, 1707545606.761045], "data": {"selected": [53, 53], "assigned": [0, 0], "preselecStu": [53, 53], "stuGender": [{"male": 33, "Female": 20}, {"male": 33, "Female": 20}]}}