{"timestamp": [1734409843.966653, 1734472376.780767], "data": {"selected": [0, 0], "assigned": [73, 78], "preselecStu": [0, 0], "stuGender": [{"male": 0, "Female": 0}, {"male": 0, "Female": 0}]}}