{"timestamp": [1716068168.297608, 1716499336.211244, 1725442742.230317], "data": {"selected": [0, 0, 0], "assigned": [0, 0, 22], "preselecStu": [0, 0, 0], "stuGender": [{"male": 0, "Female": 0}, {"male": 0, "Female": 0}, {"male": 0, "Female": 0}]}}