{"timestamp": [1707576472.356474, 1707588048.002354], "data": {"selected": [55, 55], "assigned": [0, 0], "preselecStu": [55, 55], "stuGender": [{"male": 43, "Female": 12}, {"male": 43, "Female": 12}]}}