{"timestamp": [1716066785.667134, 1716498030.818086, 1725440929.218212], "data": {"selected": [0, 0, 23], "assigned": [0, 0, 0], "preselecStu": [0, 0, 23], "stuGender": [{"male": 0, "Female": 0}, {"male": 0, "Female": 0}, {"male": 22, "Female": 1}]}}