{"timestamp": [1716066769.438887, 1716498014.462553, 1725440902.881937], "data": {"selected": [0, 0, 37], "assigned": [0, 0, 10], "preselecStu": [0, 0, 37], "stuGender": [{"male": 0, "Female": 0}, {"male": 0, "Female": 0}, {"male": 23, "Female": 14}]}}