{"timestamp": [1707577527.417355, 1707589277.288555], "data": {"selected": [22, 22], "assigned": [0, 0], "preselecStu": [21, 21], "stuGender": [{"male": 12, "Female": 10}, {"male": 12, "Female": 10}]}}