{"timestamp": [1716067027.808538, 1716498264.656834, 1725441241.513289, 1725513780.646164], "data": {"selected": [0, 0, 72, 69], "assigned": [0, 61, 10, 28], "preselecStu": [0, 0, 72, 69], "stuGender": [{"male": 0, "Female": 0}, {"male": 0, "Female": 0}, {"male": 21, "Female": 51}, {"male": 20, "Female": 49}]}}