{"timestamp": [1716067027.808538, 1716498264.656834, 1725441241.513289], "data": {"selected": [0, 0, 72], "assigned": [0, 61, 10], "preselecStu": [0, 0, 72], "stuGender": [{"male": 0, "Female": 0}, {"male": 0, "Female": 0}, {"male": 21, "Female": 51}]}}