{"timestamp": [1716068086.280276, 1716499258.86446, 1725442628.250557, 1725515020.533764], "data": {"selected": [0, 0, 39, 39], "assigned": [0, 0, 64, 104], "preselecStu": [0, 0, 39, 39], "stuGender": [{"male": 0, "Female": 0}, {"male": 0, "Female": 0}, {"male": 24, "Female": 15}, {"male": 24, "Female": 15}]}}