{"timestamp": [1734405624.184771, 1734468320.63541], "data": {"selected": [0, 0], "assigned": [278, 332], "preselecStu": [0, 0], "stuGender": [{"male": 0, "Female": 0}, {"male": 0, "Female": 0}]}}