{"timestamp": [1707576823.68778, 1707588456.74142, 1707659540.171337], "data": {"selected": [25, 25, 25], "assigned": [0, 0, 0], "preselecStu": [25, 25, 25], "stuGender": [{"male": 19, "Female": 6}, {"male": 19, "Female": 6}, {"male": 19, "Female": 6}]}}