{"timestamp": [1734409895.849749, 1734472411.613031], "data": {"selected": [0, 0], "assigned": [15, 17], "preselecStu": [0, 0], "stuGender": [{"male": 0, "Female": 0}, {"male": 0, "Female": 0}]}}