{"timestamp": [1734408229.76961, 1734470895.202537, 1734557642.887084, 1734643445.504024], "data": {"selected": [0, 0, 0, 0], "assigned": [1, 1, 1, 1], "preselecStu": [0, 0, 0, 0], "stuGender": [{"male": 0, "Female": 0}, {"male": 0, "Female": 0}, {"male": 0, "Female": 0}, {"male": 0, "Female": 0}]}}