{"timestamp": [1716068594.751224, 1716499722.829281, 1725443204.77046], "data": {"selected": [0, 0, 1], "assigned": [0, 0, 0], "preselecStu": [0, 0, 0], "stuGender": [{"male": 0, "Female": 0}, {"male": 0, "Female": 0}, {"male": 1, "Female": 0}]}}