{"timestamp": [1716066534.070573, 1716497775.444341, 1725440527.71275, 1725513166.193951], "data": {"selected": [0, 0, 54, 53], "assigned": [0, 47, 2, 2], "preselecStu": [0, 0, 54, 53], "stuGender": [{"male": 0, "Female": 0}, {"male": 0, "Female": 0}, {"male": 44, "Female": 10}, {"male": 43, "Female": 10}]}}