{"timestamp": [1707577778.568888, 1707589596.726668, 1707660077.518381], "data": {"selected": [39, 39, 39], "assigned": [2, 2, 2], "preselecStu": [39, 39, 39], "stuGender": [{"male": 32, "Female": 9}, {"male": 32, "Female": 9}, {"male": 32, "Female": 9}]}}