{"timestamp": [1707542141.602049, 1707545397.563321], "data": {"selected": [39, 39], "assigned": [2, 2], "preselecStu": [39, 39], "stuGender": [{"male": 32, "Female": 9}, {"male": 32, "Female": 9}]}}