{"timestamp": [1725443936.697904, 1725516334.712706, 1725602870.586138], "data": {"selected": [0, 0, 5], "assigned": [3, 4, 0], "preselecStu": [0, 0, 0], "stuGender": [{"male": 0, "Female": 0}, {"male": 0, "Female": 0}, {"male": 3, "Female": 2}]}}