{"timestamp": [1716065627.320191, 1716496942.966556, 1725439155.007687], "data": {"selected": [0, 0, 50], "assigned": [0, 0, 1], "preselecStu": [0, 0, 50], "stuGender": [{"male": 0, "Female": 0}, {"male": 0, "Female": 0}, {"male": 36, "Female": 14}]}}