{"timestamp": [1707541676.543298, 1707544889.943389], "data": {"selected": [168, 168], "assigned": [0, 0], "preselecStu": [168, 168], "stuGender": [{"male": 104, "Female": 64}, {"male": 104, "Female": 64}]}}