{"timestamp": [1707541281.859142, 1707544466.022474], "data": {"selected": [29, 29], "assigned": [0, 0], "preselecStu": [29, 29], "stuGender": [{"male": 14, "Female": 15}, {"male": 14, "Female": 15}]}}