{"timestamp": [1707542304.435153, 1707545573.914061], "data": {"selected": [22, 22], "assigned": [0, 0], "preselecStu": [22, 22], "stuGender": [{"male": 14, "Female": 8}, {"male": 14, "Female": 8}]}}