{"timestamp": [1716066076.214531, 1716497352.584092, 1725439837.575399, 1725512647.031278], "data": {"selected": [0, 0, 53, 53], "assigned": [0, 0, 89, 107], "preselecStu": [0, 0, 53, 53], "stuGender": [{"male": 0, "Female": 0}, {"male": 0, "Female": 0}, {"male": 43, "Female": 10}, {"male": 43, "Female": 10}]}}