{"timestamp": [1707577609.592768, 1707589376.011694], "data": {"selected": [11, 11], "assigned": [0, 0], "preselecStu": [11, 11], "stuGender": [{"male": 2, "Female": 9}, {"male": 2, "Female": 9}]}}