{"timestamp": [1707542051.035184, 1707545297.908814], "data": {"selected": [11, 11], "assigned": [0, 0], "preselecStu": [11, 11], "stuGender": [{"male": 2, "Female": 9}, {"male": 2, "Female": 9}]}}