{"timestamp": [1707576987.945008, 1707588642.132677, 1707659630.617392], "data": {"selected": [11, 11, 11], "assigned": [0, 0, 0], "preselecStu": [11, 11, 11], "stuGender": [{"male": 6, "Female": 5}, {"male": 6, "Female": 5}, {"male": 6, "Female": 5}]}}