{"timestamp": [1734408732.928013, 1734471345.606352, 1734558179.41767], "data": {"selected": [0, 0, 0], "assigned": [96, 104, 108], "preselecStu": [0, 0, 0], "stuGender": [{"male": 0, "Female": 0}, {"male": 0, "Female": 0}, {"male": 0, "Female": 0}]}}