{"timestamp": [1707542300.388343, 1707545570.787756], "data": {"selected": [10, 10], "assigned": [0, 0], "preselecStu": [10, 10], "stuGender": [{"male": 6, "Female": 4}, {"male": 6, "Female": 4}]}}