{"timestamp": [1707578077.80562, 1707590008.13571], "data": {"selected": [10, 10], "assigned": [0, 0], "preselecStu": [10, 10], "stuGender": [{"male": 6, "Female": 4}, {"male": 6, "Female": 4}]}}