{"timestamp": [1707540387.620688, 1707543563.533472], "data": {"selected": [42, 42], "assigned": [0, 0], "preselecStu": [42, 42], "stuGender": [{"male": 25, "Female": 17}, {"male": 25, "Female": 17}]}}