{"timestamp": [1707574583.736456, 1707585738.875682], "data": {"selected": [42, 42], "assigned": [0, 0], "preselecStu": [42, 42], "stuGender": [{"male": 25, "Female": 17}, {"male": 25, "Female": 17}]}}