{"timestamp": [1707541684.067083, 1707544897.271712], "data": {"selected": [17, 17], "assigned": [0, 0], "preselecStu": [17, 17], "stuGender": [{"male": 11, "Female": 6}, {"male": 11, "Female": 6}]}}