{"timestamp": [1734409901.129695, 1734472413.963186, 1734559404.387836, 1734644826.401496], "data": {"selected": [0, 0, 0, 0], "assigned": [25, 29, 30, 31], "preselecStu": [0, 0, 0, 0], "stuGender": [{"male": 0, "Female": 0}, {"male": 0, "Female": 0}, {"male": 0, "Female": 0}, {"male": 0, "Female": 0}]}}