{"timestamp": [1734408068.213119, 1734470747.073851], "data": {"selected": [0, 0], "assigned": [16, 16], "preselecStu": [0, 0], "stuGender": [{"male": 0, "Female": 0}, {"male": 0, "Female": 0}]}}