{"timestamp": [1734408068.213119, 1734470747.073851, 1734557479.740144], "data": {"selected": [0, 0, 0], "assigned": [16, 16, 18], "preselecStu": [0, 0, 0], "stuGender": [{"male": 0, "Female": 0}, {"male": 0, "Female": 0}, {"male": 0, "Female": 0}]}}