{"timestamp": [1734404820.274084, 1734467448.355995], "data": {"selected": [0, 0], "assigned": [46, 45], "preselecStu": [0, 0], "stuGender": [{"male": 0, "Female": 0}, {"male": 0, "Female": 0}]}}