{"timestamp": [1716064172.562198, 1716495612.347086, 1725437004.419652], "data": {"selected": [0, 0, 0], "assigned": [0, 0, 6], "preselecStu": [0, 0, 0], "stuGender": [{"male": 0, "Female": 0}, {"male": 0, "Female": 0}, {"male": 0, "Female": 0}]}}