{"timestamp": [1707576930.076796, 1707588572.256983, 1707659596.608484], "data": {"selected": [9, 9, 9], "assigned": [0, 0, 0], "preselecStu": [9, 9, 9], "stuGender": [{"male": 2, "Female": 7}, {"male": 2, "Female": 7}, {"male": 2, "Female": 7}]}}