{"timestamp": [1725437477.636816, 1725510751.838682], "data": {"selected": [34, 28], "assigned": [46, 86], "preselecStu": [34, 28], "stuGender": [{"male": 23, "Female": 11}, {"male": 17, "Female": 11}]}}