{"timestamp": [1725437477.636816, 1725510751.838682, 1725597075.231021, 1725683321.795021], "data": {"selected": [34, 28, 48, 50], "assigned": [46, 86, 19, 19], "preselecStu": [34, 28, 26, 26], "stuGender": [{"male": 23, "Female": 11}, {"male": 17, "Female": 11}, {"male": 29, "Female": 19}, {"male": 30, "Female": 20}]}}