{"timestamp": [1734409453.38854, 1734472051.627766, 1734558994.619777, 1734644485.661636], "data": {"selected": [0, 0, 0, 0], "assigned": [47, 56, 69, 83], "preselecStu": [0, 0, 0, 0], "stuGender": [{"male": 0, "Female": 0}, {"male": 0, "Female": 0}, {"male": 0, "Female": 0}, {"male": 0, "Female": 0}]}}