{"timestamp": [1734407057.737567, 1734469815.425154], "data": {"selected": [0, 0], "assigned": [17, 25], "preselecStu": [0, 0], "stuGender": [{"male": 0, "Female": 0}, {"male": 0, "Female": 0}]}}