{"timestamp": [1734407057.737567, 1734469815.425154, 1734556397.37365], "data": {"selected": [0, 0, 0], "assigned": [17, 25, 29], "preselecStu": [0, 0, 0], "stuGender": [{"male": 0, "Female": 0}, {"male": 0, "Female": 0}, {"male": 0, "Female": 0}]}}