{"timestamp": [1716068265.856083, 1716499418.697572, 1725442841.366764], "data": {"selected": [0, 0, 20], "assigned": [0, 29, 5], "preselecStu": [0, 0, 19], "stuGender": [{"male": 0, "Female": 0}, {"male": 0, "Female": 0}, {"male": 7, "Female": 13}]}}