{"timestamp": [1734406375.033891, 1734469109.87857, 1734555620.909077], "data": {"selected": [0, 0, 0], "assigned": [13, 15, 16], "preselecStu": [0, 0, 0], "stuGender": [{"male": 0, "Female": 0}, {"male": 0, "Female": 0}, {"male": 0, "Female": 0}]}}