{"timestamp": [1734408974.873983, 1734471584.982886], "data": {"selected": [0, 0], "assigned": [60, 69], "preselecStu": [0, 0], "stuGender": [{"male": 0, "Female": 0}, {"male": 0, "Female": 0}]}}