{"timestamp": [1734408974.873983, 1734471584.982886, 1734558452.125212], "data": {"selected": [0, 0, 0], "assigned": [60, 69, 73], "preselecStu": [0, 0, 0], "stuGender": [{"male": 0, "Female": 0}, {"male": 0, "Female": 0}, {"male": 0, "Female": 0}]}}