{"timestamp": [1707541735.271395, 1707544963.476842], "data": {"selected": [50, 50], "assigned": [0, 0], "preselecStu": [50, 50], "stuGender": [{"male": 36, "Female": 14}, {"male": 36, "Female": 14}]}}