{"timestamp": [1734408665.335163, 1734471302.565563, 1734558126.320277, 1734643838.22379], "data": {"selected": [0, 0, 0, 0], "assigned": [1, 1, 1, 1], "preselecStu": [0, 0, 0, 0], "stuGender": [{"male": 0, "Female": 0}, {"male": 0, "Female": 0}, {"male": 0, "Female": 0}, {"male": 0, "Female": 0}]}}