{"timestamp": [1716066433.823939, 1716497669.023932, 1725440357.705852, 1725513054.362157], "data": {"selected": [0, 0, 8, 8], "assigned": [0, 0, 5, 7], "preselecStu": [0, 0, 8, 8], "stuGender": [{"male": 0, "Female": 0}, {"male": 0, "Female": 0}, {"male": 7, "Female": 1}, {"male": 7, "Female": 1}]}}