{"timestamp": [1734408227.156745, 1734470892.864088, 1734557640.42995], "data": {"selected": [0, 0, 0], "assigned": [9, 9, 13], "preselecStu": [0, 0, 0], "stuGender": [{"male": 0, "Female": 0}, {"male": 0, "Female": 0}, {"male": 0, "Female": 0}]}}