{"timestamp": [1716067978.151281, 1716499166.899927, 1725442478.313732, 1725514909.207591], "data": {"selected": [0, 0, 65, 64], "assigned": [0, 53, 22, 32], "preselecStu": [0, 0, 65, 64], "stuGender": [{"male": 0, "Female": 0}, {"male": 0, "Female": 0}, {"male": 54, "Female": 11}, {"male": 53, "Female": 11}]}}