{"timestamp": [1707575009.25017, 1707586258.261553, 1707658530.88105, 1707661125.562488], "data": {"selected": [50, 50, 50, 50], "assigned": [0, 0, 0, 0], "preselecStu": [50, 50, 50, 50], "stuGender": [{"male": 37, "Female": 13}, {"male": 37, "Female": 13}, {"male": 37, "Female": 13}, {"male": 37, "Female": 13}]}}