{"timestamp": [1707540747.737095, 1707543925.912695], "data": {"selected": [39, 39], "assigned": [0, 0], "preselecStu": [0, 0], "stuGender": [{"male": 29, "Female": 10}, {"male": 29, "Female": 10}]}}