{"timestamp": [1734410098.522173, 1734472651.308502, 1734559618.774877, 1734645011.804558], "data": {"selected": [0, 0, 0, 0], "assigned": [4, 5, 8, 9], "preselecStu": [0, 0, 0, 0], "stuGender": [{"male": 0, "Female": 0}, {"male": 0, "Female": 0}, {"male": 0, "Female": 0}, {"male": 0, "Female": 0}]}}