{"timestamp": [1716065442.988945, 1716496764.398591, 1725438860.691253], "data": {"selected": [0, 0, 4], "assigned": [0, 0, 9], "preselecStu": [0, 0, 4], "stuGender": [{"male": 0, "Female": 0}, {"male": 0, "Female": 0}, {"male": 2, "Female": 2}]}}