{"timestamp": [1707575796.841624, 1707587190.295618, 1707658978.957168], "data": {"selected": [4, 4, 4], "assigned": [0, 0, 0], "preselecStu": [4, 4, 4], "stuGender": [{"male": 3, "Female": 1}, {"male": 3, "Female": 1}, {"male": 3, "Female": 1}]}}