{"timestamp": [1707575952.737531, 1707587369.210321, 1707659065.913288, 1707661663.705634], "data": {"selected": [2, 2, 2, 2], "assigned": [0, 0, 0, 0], "preselecStu": [2, 2, 2, 2], "stuGender": [{"male": 2, "Female": 0}, {"male": 2, "Female": 0}, {"male": 2, "Female": 0}, {"male": 2, "Female": 0}]}}