{"timestamp": [1734408256.264618, 1734470921.850584, 1734557671.740371, 1734643472.739016], "data": {"selected": [0, 0, 0, 0], "assigned": [4, 4, 3, 5], "preselecStu": [0, 0, 0, 0], "stuGender": [{"male": 0, "Female": 0}, {"male": 0, "Female": 0}, {"male": 0, "Female": 0}, {"male": 0, "Female": 0}]}}