{"timestamp": [1734406024.789822, 1734468729.366985, 1734555268.861662], "data": {"selected": [0, 0, 0], "assigned": [32, 36, 43], "preselecStu": [0, 0, 0], "stuGender": [{"male": 0, "Female": 0}, {"male": 0, "Female": 0}, {"male": 0, "Female": 0}]}}