{"timestamp": [1716067140.95947, 1716498381.504052, 1725441377.450123], "data": {"selected": [0, 0, 120], "assigned": [0, 0, 18], "preselecStu": [0, 0, 120], "stuGender": [{"male": 0, "Female": 0}, {"male": 0, "Female": 0}, {"male": 49, "Female": 71}]}}