{"timestamp": [1716067140.95947, 1716498381.504052, 1725441377.450123, 1725513902.708891], "data": {"selected": [0, 0, 120, 116], "assigned": [0, 0, 18, 41], "preselecStu": [0, 0, 120, 116], "stuGender": [{"male": 0, "Female": 0}, {"male": 0, "Female": 0}, {"male": 49, "Female": 71}, {"male": 47, "Female": 69}]}}