{"timestamp": [1734405891.686953, 1734468619.244521], "data": {"selected": [40, 40], "assigned": [0, 0], "preselecStu": [0, 0], "stuGender": [{"male": 26, "Female": 14}, {"male": 26, "Female": 14}]}}