{"timestamp": [1707575428.571107, 1707586765.298917, 1707658774.005608], "data": {"selected": [44, 44, 44], "assigned": [0, 0, 0], "preselecStu": [44, 44, 44], "stuGender": [{"male": 24, "Female": 20}, {"male": 24, "Female": 20}, {"male": 24, "Female": 20}]}}