{"timestamp": [1716064187.425113, 1716495627.415636, 1725437030.047469, 1725510398.873711], "data": {"selected": [0, 0, 0, 0], "assigned": [0, 0, 6, 12], "preselecStu": [0, 0, 0, 0], "stuGender": [{"male": 0, "Female": 0}, {"male": 0, "Female": 0}, {"male": 0, "Female": 0}, {"male": 0, "Female": 0}]}}