{"timestamp": [1707541449.591358, 1707544648.667273], "data": {"selected": [70, 70], "assigned": [0, 0], "preselecStu": [70, 70], "stuGender": [{"male": 57, "Female": 13}, {"male": 57, "Female": 13}]}}