{"timestamp": [1707542471.046497, 1707545749.442096], "data": {"selected": [26, 26], "assigned": [0, 0], "preselecStu": [26, 26], "stuGender": [{"male": 22, "Female": 4}, {"male": 22, "Female": 4}]}}