{"timestamp": [1734405785.225788, 1734468505.449398], "data": {"selected": [0, 0], "assigned": [142, 159], "preselecStu": [0, 0], "stuGender": [{"male": 0, "Female": 0}, {"male": 0, "Female": 0}]}}