{"timestamp": [1734410001.750925, 1734472554.237431, 1734559521.043691], "data": {"selected": [0, 0, 0], "assigned": [13, 17, 18], "preselecStu": [0, 0, 0], "stuGender": [{"male": 0, "Female": 0}, {"male": 0, "Female": 0}, {"male": 0, "Female": 0}]}}