{"timestamp": [1734406532.471396, 1734469273.648769], "data": {"selected": [0, 0], "assigned": [17, 17], "preselecStu": [0, 0], "stuGender": [{"male": 0, "Female": 0}, {"male": 0, "Female": 0}]}}