{"timestamp": [1716067236.894781, 1716498469.86941, 1725441487.289534], "data": {"selected": [0, 0, 112], "assigned": [0, 98, 0], "preselecStu": [0, 0, 111], "stuGender": [{"male": 0, "Female": 0}, {"male": 0, "Female": 0}, {"male": 70, "Female": 42}]}}