{"timestamp": [1734405950.981431, 1734468676.309138, 1734555187.232139], "data": {"selected": [0, 0, 0], "assigned": [21, 29, 35], "preselecStu": [0, 0, 0], "stuGender": [{"male": 0, "Female": 0}, {"male": 0, "Female": 0}, {"male": 0, "Female": 0}]}}