{"timestamp": [1716065299.395171, 1716496621.134519, 1725438650.746393], "data": {"selected": [0, 0, 0], "assigned": [0, 0, 26], "preselecStu": [0, 0, 0], "stuGender": [{"male": 0, "Female": 0}, {"male": 0, "Female": 0}, {"male": 0, "Female": 0}]}}