{"timestamp": [1707541864.515775, 1707545094.504338], "data": {"selected": [71, 71], "assigned": [0, 0], "preselecStu": [71, 71], "stuGender": [{"male": 40, "Female": 31}, {"male": 40, "Female": 31}]}}