{"timestamp": [1707577259.455688, 1707588963.056826, 1707659786.583934], "data": {"selected": [71, 71, 71], "assigned": [0, 0, 0], "preselecStu": [71, 71, 71], "stuGender": [{"male": 40, "Female": 31}, {"male": 40, "Female": 31}, {"male": 40, "Female": 31}]}}