{"timestamp": [1734409429.287945, 1734472027.803454], "data": {"selected": [0, 0], "assigned": [39, 46], "preselecStu": [0, 0], "stuGender": [{"male": 0, "Female": 0}, {"male": 0, "Female": 0}]}}