{"timestamp": [1707575775.295243, 1707587164.75188], "data": {"selected": [14, 14], "assigned": [0, 0], "preselecStu": [14, 14], "stuGender": [{"male": 3, "Female": 11}, {"male": 3, "Female": 11}]}}