{"timestamp": [1707542714.331292, 1707546000.678527], "data": {"selected": [14, 14], "assigned": [0, 0], "preselecStu": [14, 14], "stuGender": [{"male": 10, "Female": 4}, {"male": 10, "Female": 4}]}}