{"timestamp": [1734407585.575345, 1734470313.926165, 1734556974.45679, 1734642869.327784], "data": {"selected": [0, 0, 0, 0], "assigned": [4, 5, 5, 5], "preselecStu": [0, 0, 0, 0], "stuGender": [{"male": 0, "Female": 0}, {"male": 0, "Female": 0}, {"male": 0, "Female": 0}, {"male": 0, "Female": 0}]}}