{"timestamp": [1734404770.549893, 1734467399.108792, 1734553900.472158, 1734640218.274125], "data": {"selected": [0, 0, 0, 0], "assigned": [49, 50, 50, 50], "preselecStu": [0, 0, 0, 0], "stuGender": [{"male": 0, "Female": 0}, {"male": 0, "Female": 0}, {"male": 0, "Female": 0}, {"male": 0, "Female": 0}]}}