{"timestamp": [1734404770.549893, 1734467399.108792], "data": {"selected": [0, 0], "assigned": [49, 50], "preselecStu": [0, 0], "stuGender": [{"male": 0, "Female": 0}, {"male": 0, "Female": 0}]}}