{"timestamp": [1716065122.725477, 1716496480.025413, 1725438442.274562], "data": {"selected": [0, 0, 43], "assigned": [0, 0, 3], "preselecStu": [0, 0, 43], "stuGender": [{"male": 0, "Female": 0}, {"male": 0, "Female": 0}, {"male": 13, "Female": 30}]}}