{"timestamp": [1716065122.725477, 1716496480.025413, 1725438442.274562, 1725511518.675124], "data": {"selected": [0, 0, 43, 41], "assigned": [0, 0, 3, 4], "preselecStu": [0, 0, 43, 41], "stuGender": [{"male": 0, "Female": 0}, {"male": 0, "Female": 0}, {"male": 13, "Female": 30}, {"male": 12, "Female": 29}]}}