{"timestamp": [1707575722.594942, 1707587104.678845, 1707658938.546177, 1707661535.463559], "data": {"selected": [30, 30, 30, 30], "assigned": [0, 0, 0, 0], "preselecStu": [30, 30, 30, 30], "stuGender": [{"male": 12, "Female": 18}, {"male": 12, "Female": 18}, {"male": 12, "Female": 18}, {"male": 12, "Female": 18}]}}