{"timestamp": [1734407344.230132, 1734470083.392129], "data": {"selected": [0, 0], "assigned": [41, 41], "preselecStu": [0, 0], "stuGender": [{"male": 0, "Female": 0}, {"male": 0, "Female": 0}]}}