{"timestamp": [1716065237.145739, 1716496565.993981, 1725438558.908412], "data": {"selected": [0, 0, 42], "assigned": [0, 0, 5], "preselecStu": [0, 0, 42], "stuGender": [{"male": 0, "Female": 0}, {"male": 0, "Female": 0}, {"male": 13, "Female": 29}]}}