{"timestamp": [1716064034.906894, 1716495481.607792, 1725436807.087258, 1725510216.224993], "data": {"selected": [0, 0, 0, 0], "assigned": [0, 0, 16, 31], "preselecStu": [0, 0, 0, 0], "stuGender": [{"male": 0, "Female": 0}, {"male": 0, "Female": 0}, {"male": 0, "Female": 0}, {"male": 0, "Female": 0}]}}