{"timestamp": [1707576333.252327, 1707587873.078697, 1707659269.459243], "data": {"selected": [11, 11, 11], "assigned": [0, 0, 0], "preselecStu": [11, 11, 11], "stuGender": [{"male": 10, "Female": 1}, {"male": 10, "Female": 1}, {"male": 10, "Female": 1}]}}