{"timestamp": [1707541363.636809, 1707544557.029853], "data": {"selected": [11, 11], "assigned": [0, 0], "preselecStu": [11, 11], "stuGender": [{"male": 10, "Female": 1}, {"male": 10, "Female": 1}]}}