{"timestamp": [1707576928.164273, 1707588570.051122, 1707659595.55333, 1707662203.364323], "data": {"selected": [6, 6, 6, 6], "assigned": [0, 0, 0, 0], "preselecStu": [6, 6, 6, 6], "stuGender": [{"male": 3, "Female": 3}, {"male": 3, "Female": 3}, {"male": 3, "Female": 3}, {"male": 3, "Female": 3}]}}