{"timestamp": [1734410215.669621, 1734472755.915566, 1734559724.421109], "data": {"selected": [0, 0, 0], "assigned": [63, 83, 104], "preselecStu": [0, 0, 0], "stuGender": [{"male": 0, "Female": 0}, {"male": 0, "Female": 0}, {"male": 0, "Female": 0}]}}