{"timestamp": [1707540972.252098, 1707544152.486211], "data": {"selected": [20, 20], "assigned": [0, 0], "preselecStu": [20, 20], "stuGender": [{"male": 8, "Female": 12}, {"male": 8, "Female": 12}]}}