{"timestamp": [1716065568.059545, 1716496890.069967, 1725439088.680597], "data": {"selected": [0, 0, 58], "assigned": [0, 0, 4], "preselecStu": [0, 0, 16], "stuGender": [{"male": 0, "Female": 0}, {"male": 0, "Female": 0}, {"male": 39, "Female": 19}]}}