{"timestamp": [1734410356.984102, 1734472896.071493, 1734559874.431427, 1734645270.289787], "data": {"selected": [0, 0, 0, 0], "assigned": [19, 21, 22, 30], "preselecStu": [0, 0, 0, 0], "stuGender": [{"male": 0, "Female": 0}, {"male": 0, "Female": 0}, {"male": 0, "Female": 0}, {"male": 0, "Female": 0}]}}