{"timestamp": [1716066864.941102, 1716498107.229845, 1725441036.27429, 1725513609.65009], "data": {"selected": [0, 0, 1, 1], "assigned": [0, 0, 7, 11], "preselecStu": [0, 0, 1, 1], "stuGender": [{"male": 0, "Female": 0}, {"male": 0, "Female": 0}, {"male": 1, "Female": 0}, {"male": 1, "Female": 0}]}}