{"timestamp": [1716066420.621292, 1716497655.293256, 1725440337.266619], "data": {"selected": [0, 0, 4], "assigned": [0, 0, 19], "preselecStu": [0, 0, 4], "stuGender": [{"male": 0, "Female": 0}, {"male": 0, "Female": 0}, {"male": 2, "Female": 2}]}}