{"timestamp": [1716066420.621292, 1716497655.293256, 1725440337.266619, 1725513039.324399], "data": {"selected": [0, 0, 4, 4], "assigned": [0, 0, 19, 23], "preselecStu": [0, 0, 4, 4], "stuGender": [{"male": 0, "Female": 0}, {"male": 0, "Female": 0}, {"male": 2, "Female": 2}, {"male": 2, "Female": 2}]}}