{"timestamp": [1734408384.029953, 1734471030.634162, 1734557788.52414, 1734643573.028083], "data": {"selected": [0, 0, 0, 0], "assigned": [10, 10, 17, 20], "preselecStu": [0, 0, 0, 0], "stuGender": [{"male": 0, "Female": 0}, {"male": 0, "Female": 0}, {"male": 0, "Female": 0}, {"male": 0, "Female": 0}]}}