{"timestamp": [1734406006.283311, 1734468711.901815], "data": {"selected": [0, 0], "assigned": [26, 29], "preselecStu": [0, 0], "stuGender": [{"male": 0, "Female": 0}, {"male": 0, "Female": 0}]}}