{"timestamp": [1734407737.451082, 1734470438.904598, 1734557111.68702], "data": {"selected": [0, 0, 0], "assigned": [14, 14, 19], "preselecStu": [0, 0, 0], "stuGender": [{"male": 0, "Female": 0}, {"male": 0, "Female": 0}, {"male": 0, "Female": 0}]}}