{"timestamp": [1734407737.451082, 1734470438.904598], "data": {"selected": [0, 0], "assigned": [14, 14], "preselecStu": [0, 0], "stuGender": [{"male": 0, "Female": 0}, {"male": 0, "Female": 0}]}}