{"timestamp": [1716064288.013741, 1716495724.99841, 1725437194.40955, 1725510516.675343], "data": {"selected": [0, 0, 51, 51], "assigned": [0, 0, 8, 11], "preselecStu": [0, 0, 0, 0], "stuGender": [{"male": 0, "Female": 0}, {"male": 0, "Female": 0}, {"male": 43, "Female": 8}, {"male": 43, "Female": 8}]}}