{"timestamp": [1707540391.510128, 1707543567.373565], "data": {"selected": [42, 42], "assigned": [0, 0], "preselecStu": [42, 42], "stuGender": [{"male": 25, "Female": 17}, {"male": 25, "Female": 17}]}}