{"timestamp": [1707578905.356077, 1707591079.238544, 1707660672.824658, 1707663290.094446], "data": {"selected": [1, 1, 1, 1], "assigned": [0, 0, 0, 0], "preselecStu": [1, 1, 1, 1], "stuGender": [{"male": 1, "Female": 0}, {"male": 1, "Female": 0}, {"male": 1, "Female": 0}, {"male": 1, "Female": 0}]}}