{"timestamp": [1707540370.585491, 1707543546.542972], "data": {"selected": [42, 42], "assigned": [0, 0], "preselecStu": [42, 42], "stuGender": [{"male": 9, "Female": 33}, {"male": 9, "Female": 33}]}}