{"timestamp": [1707574558.291116, 1707585710.735235, 1707658259.520426, 1707660854.470425], "data": {"selected": [42, 42, 42, 42], "assigned": [0, 0, 0, 0], "preselecStu": [42, 42, 42, 42], "stuGender": [{"male": 9, "Female": 33}, {"male": 9, "Female": 33}, {"male": 9, "Female": 33}, {"male": 9, "Female": 33}]}}