{"timestamp": [1716064248.833423, 1716495688.223436, 1725437125.896879, 1725510473.441275], "data": {"selected": [0, 0, 92, 88], "assigned": [0, 0, 71, 158], "preselecStu": [0, 0, 92, 88], "stuGender": [{"male": 0, "Female": 0}, {"male": 0, "Female": 0}, {"male": 89, "Female": 3}, {"male": 85, "Female": 3}]}}