{"timestamp": [1716064248.833423, 1716495688.223436, 1725437125.896879], "data": {"selected": [0, 0, 92], "assigned": [0, 0, 71], "preselecStu": [0, 0, 92], "stuGender": [{"male": 0, "Female": 0}, {"male": 0, "Female": 0}, {"male": 89, "Female": 3}]}}