{"timestamp": [1716064633.033078, 1716496031.656044, 1725437692.523391, 1725510920.922013], "data": {"selected": [0, 0, 0, 43], "assigned": [0, 0, 0, 0], "preselecStu": [0, 0, 0, 0], "stuGender": [{"male": 0, "Female": 0}, {"male": 0, "Female": 0}, {"male": 0, "Female": 0}, {"male": 34, "Female": 9}]}}