{"timestamp": [1707578440.796474, 1707590476.972319, 1707660423.013253, 1707663040.663701], "data": {"selected": [6, 6, 6, 6], "assigned": [0, 0, 0, 0], "preselecStu": [6, 6, 6, 6], "stuGender": [{"male": 3, "Female": 3}, {"male": 3, "Female": 3}, {"male": 3, "Female": 3}, {"male": 3, "Female": 3}]}}