{"timestamp": [1707576486.425658, 1707588063.453237], "data": {"selected": [60, 60], "assigned": [0, 0], "preselecStu": [60, 60], "stuGender": [{"male": 39, "Female": 21}, {"male": 39, "Female": 21}]}}