{"timestamp": [1716064971.368166, 1716496332.547774, 1725438190.98235], "data": {"selected": [0, 0, 0], "assigned": [0, 0, 57], "preselecStu": [0, 0, 0], "stuGender": [{"male": 0, "Female": 0}, {"male": 0, "Female": 0}, {"male": 0, "Female": 0}]}}