{"timestamp": [1716068203.25338, 1716499364.497392, 1725442777.029838], "data": {"selected": [0, 0, 23], "assigned": [0, 0, 12], "preselecStu": [0, 0, 0], "stuGender": [{"male": 0, "Female": 0}, {"male": 0, "Female": 0}, {"male": 17, "Female": 6}]}}