{"timestamp": [1716067061.83575, 1716498299.079708, 1725441283.674456, 1725513818.134249], "data": {"selected": [0, 0, 49, 49], "assigned": [0, 49, 0, 0], "preselecStu": [0, 0, 49, 49], "stuGender": [{"male": 0, "Female": 0}, {"male": 0, "Female": 0}, {"male": 20, "Female": 29}, {"male": 20, "Female": 29}]}}