{"timestamp": [1734408650.412032, 1734471288.221399], "data": {"selected": [0, 0], "assigned": [28, 28], "preselecStu": [0, 0], "stuGender": [{"male": 0, "Female": 0}, {"male": 0, "Female": 0}]}}