{"timestamp": [1707575359.455805, 1707586682.853746], "data": {"selected": [10, 10], "assigned": [0, 0], "preselecStu": [10, 10], "stuGender": [{"male": 7, "Female": 3}, {"male": 7, "Female": 3}]}}