{"timestamp": [1707540803.745765, 1707543982.091028], "data": {"selected": [110, 110], "assigned": [0, 0], "preselecStu": [110, 110], "stuGender": [{"male": 75, "Female": 35}, {"male": 75, "Female": 35}]}}