{"timestamp": [1734406179.943726, 1734468928.331533, 1734555437.749472, 1734641627.135411], "data": {"selected": [0, 0, 0, 0], "assigned": [5, 6, 9, 11], "preselecStu": [0, 0, 0, 0], "stuGender": [{"male": 0, "Female": 0}, {"male": 0, "Female": 0}, {"male": 0, "Female": 0}, {"male": 0, "Female": 0}]}}