{"timestamp": [1716065381.319694, 1716496702.149425, 1725438773.779214], "data": {"selected": [0, 0, 4], "assigned": [0, 0, 1], "preselecStu": [0, 0, 4], "stuGender": [{"male": 0, "Female": 0}, {"male": 0, "Female": 0}, {"male": 1, "Female": 3}]}}