{"timestamp": [1707578703.756081, 1707590843.836369], "data": {"selected": [38, 38], "assigned": [0, 0], "preselecStu": [38, 38], "stuGender": [{"male": 17, "Female": 21}, {"male": 17, "Female": 21}]}}