{"timestamp": [1707576899.196754, 1707588534.012458], "data": {"selected": [31, 31], "assigned": [0, 0], "preselecStu": [31, 31], "stuGender": [{"male": 23, "Female": 8}, {"male": 23, "Female": 8}]}}