{"timestamp": [1716064890.977384, 1716496271.653887, 1725438080.003382], "data": {"selected": [0, 0, 7], "assigned": [0, 0, 10], "preselecStu": [0, 0, 7], "stuGender": [{"male": 0, "Female": 0}, {"male": 0, "Female": 0}, {"male": 5, "Female": 2}]}}