{"timestamp": [1734408748.096221, 1734471369.741186], "data": {"selected": [0, 0], "assigned": [88, 101], "preselecStu": [0, 0], "stuGender": [{"male": 0, "Female": 0}, {"male": 0, "Female": 0}]}}