{"timestamp": [1734408748.096221, 1734471369.741186, 1734558193.147917, 1734643899.357846], "data": {"selected": [0, 0, 0, 0], "assigned": [88, 101, 115, 122], "preselecStu": [0, 0, 0, 0], "stuGender": [{"male": 0, "Female": 0}, {"male": 0, "Female": 0}, {"male": 0, "Female": 0}, {"male": 0, "Female": 0}]}}