{"timestamp": [1716066753.005151, 1716497997.83614, 1725440861.575366, 1725513447.162385], "data": {"selected": [0, 0, 19, 18], "assigned": [0, 0, 21, 24], "preselecStu": [0, 0, 19, 18], "stuGender": [{"male": 0, "Female": 0}, {"male": 0, "Female": 0}, {"male": 18, "Female": 1}, {"male": 17, "Female": 1}]}}