{"timestamp": [1716066753.005151, 1716497997.83614, 1725440861.575366], "data": {"selected": [0, 0, 19], "assigned": [0, 0, 21], "preselecStu": [0, 0, 19], "stuGender": [{"male": 0, "Female": 0}, {"male": 0, "Female": 0}, {"male": 18, "Female": 1}]}}