{"timestamp": [1707541832.726614, 1707545062.796626], "data": {"selected": [26, 26], "assigned": [0, 0], "preselecStu": [26, 26], "stuGender": [{"male": 8, "Female": 18}, {"male": 8, "Female": 18}]}}