{"timestamp": [1707576937.695756, 1707588581.19761], "data": {"selected": [40, 40], "assigned": [0, 0], "preselecStu": [40, 40], "stuGender": [{"male": 21, "Female": 19}, {"male": 21, "Female": 19}]}}