{"timestamp": [1734405554.678603, 1734468219.162726], "data": {"selected": [0, 0], "assigned": [260, 312], "preselecStu": [0, 0], "stuGender": [{"male": 0, "Female": 0}, {"male": 0, "Female": 0}]}}