{"timestamp": [1734409938.190027, 1734472482.41893, 1734559449.020278, 1734644856.285861], "data": {"selected": [0, 0, 0, 0], "assigned": [15, 18, 24, 27], "preselecStu": [0, 0, 0, 0], "stuGender": [{"male": 0, "Female": 0}, {"male": 0, "Female": 0}, {"male": 0, "Female": 0}, {"male": 0, "Female": 0}]}}