{"timestamp": [1716069295.960488, 1716500348.838126, 1725443926.725375], "data": {"selected": [0, 0, 16], "assigned": [0, 0, 12], "preselecStu": [0, 0, 16], "stuGender": [{"male": 0, "Female": 0}, {"male": 0, "Female": 0}, {"male": 8, "Female": 8}]}}