{"timestamp": [1734408183.512941, 1734470858.193586], "data": {"selected": [0, 0], "assigned": [30, 30], "preselecStu": [0, 0], "stuGender": [{"male": 0, "Female": 0}, {"male": 0, "Female": 0}]}}