{"timestamp": [1734408876.859213, 1734471499.690918, 1734558345.9178, 1734644007.80266], "data": {"selected": [0, 0, 0, 0], "assigned": [40, 41, 44, 52], "preselecStu": [0, 0, 0, 0], "stuGender": [{"male": 0, "Female": 0}, {"male": 0, "Female": 0}, {"male": 0, "Female": 0}, {"male": 0, "Female": 0}]}}