{"timestamp": [1734408876.859213, 1734471499.690918], "data": {"selected": [0, 0], "assigned": [40, 41], "preselecStu": [0, 0], "stuGender": [{"male": 0, "Female": 0}, {"male": 0, "Female": 0}]}}