{"timestamp": [1707540299.303741, 1707543475.195735], "data": {"selected": [46, 46], "assigned": [0, 0], "preselecStu": [46, 46], "stuGender": [{"male": 32, "Female": 14}, {"male": 32, "Female": 14}]}}