{"timestamp": [1707577211.46873, 1707588908.684991], "data": {"selected": [60, 60], "assigned": [0, 0], "preselecStu": [60, 60], "stuGender": [{"male": 34, "Female": 26}, {"male": 34, "Female": 26}]}}