{"timestamp": [1734405131.142806, 1734467787.326294, 1734554318.675502, 1734640555.625882], "data": {"selected": [0, 0, 0, 0], "assigned": [1, 0, 0, 0], "preselecStu": [0, 0, 0, 0], "stuGender": [{"male": 0, "Female": 0}, {"male": 0, "Female": 0}, {"male": 0, "Female": 0}, {"male": 0, "Female": 0}]}}