{"timestamp": [1707542119.855352, 1707545368.555103], "data": {"selected": [57, 57], "assigned": [0, 0], "preselecStu": [0, 0], "stuGender": [{"male": 50, "Female": 7}, {"male": 50, "Female": 7}]}}