{"timestamp": [1707540888.515988, 1707544068.673697], "data": {"selected": [29, 29], "assigned": [0, 0], "preselecStu": [29, 29], "stuGender": [{"male": 10, "Female": 19}, {"male": 10, "Female": 19}]}}