{"timestamp": [1707574486.607338, 1707585631.37712, 1707658210.678811, 1707660805.648797], "data": {"selected": [49, 49, 49, 49], "assigned": [0, 0, 0, 0], "preselecStu": [49, 49, 49, 49], "stuGender": [{"male": 31, "Female": 18}, {"male": 31, "Female": 18}, {"male": 31, "Female": 18}, {"male": 31, "Female": 18}]}}