{"timestamp": [1707542713.300711, 1707545999.643894], "data": {"selected": [30, 30], "assigned": [0, 0], "preselecStu": [30, 30], "stuGender": [{"male": 22, "Female": 8}, {"male": 22, "Female": 8}]}}