{"timestamp": [1734409626.001819, 1734472240.209269], "data": {"selected": [0, 0], "assigned": [94, 107], "preselecStu": [0, 0], "stuGender": [{"male": 0, "Female": 0}, {"male": 0, "Female": 0}]}}