{"timestamp": [1734409626.001819, 1734472240.209269, 1734559209.56081], "data": {"selected": [0, 0, 0], "assigned": [94, 107, 114], "preselecStu": [0, 0, 0], "stuGender": [{"male": 0, "Female": 0}, {"male": 0, "Female": 0}, {"male": 0, "Female": 0}]}}