{"timestamp": [1716067220.808705, 1716498457.908288, 1725441473.323696], "data": {"selected": [0, 0, 26], "assigned": [0, 0, 10], "preselecStu": [0, 0, 23], "stuGender": [{"male": 0, "Female": 0}, {"male": 0, "Female": 0}, {"male": 18, "Female": 8}]}}