{"timestamp": [1716067220.808705, 1716498457.908288, 1725441473.323696, 1725514001.325168], "data": {"selected": [0, 0, 26, 25], "assigned": [0, 0, 10, 14], "preselecStu": [0, 0, 23, 22], "stuGender": [{"male": 0, "Female": 0}, {"male": 0, "Female": 0}, {"male": 18, "Female": 8}, {"male": 17, "Female": 8}]}}