{"timestamp": [1734405638.943376, 1734468339.432213, 1734554858.376455, 1734641095.312319], "data": {"selected": [0, 0, 0, 0], "assigned": [302, 359, 420, 495], "preselecStu": [0, 0, 0, 0], "stuGender": [{"male": 0, "Female": 0}, {"male": 0, "Female": 0}, {"male": 0, "Female": 0}, {"male": 0, "Female": 0}]}}