{"timestamp": [1734405638.943376, 1734468339.432213], "data": {"selected": [0, 0], "assigned": [302, 359], "preselecStu": [0, 0], "stuGender": [{"male": 0, "Female": 0}, {"male": 0, "Female": 0}]}}