{"timestamp": [1716066220.435462, 1716497493.265366, 1725440062.570342, 1725512834.308079], "data": {"selected": [0, 0, 47, 47], "assigned": [0, 0, 6, 9], "preselecStu": [0, 0, 0, 0], "stuGender": [{"male": 0, "Female": 0}, {"male": 0, "Female": 0}, {"male": 40, "Female": 7}, {"male": 40, "Female": 7}]}}