{"timestamp": [1707541904.931307, 1707545142.26203], "data": {"selected": [40, 40], "assigned": [0, 0], "preselecStu": [40, 40], "stuGender": [{"male": 26, "Female": 14}, {"male": 26, "Female": 14}]}}