{"timestamp": [1716069066.44018, 1716500152.604278, 1725443723.280107], "data": {"selected": [0, 0, 47], "assigned": [0, 0, 2], "preselecStu": [0, 0, 0], "stuGender": [{"male": 0, "Female": 0}, {"male": 0, "Female": 0}, {"male": 27, "Female": 20}]}}