{"timestamp": [1734409788.933913, 1734472338.806961], "data": {"selected": [0, 0], "assigned": [71, 78], "preselecStu": [0, 0], "stuGender": [{"male": 0, "Female": 0}, {"male": 0, "Female": 0}]}}