{"timestamp": [1716065362.940728, 1716496684.156135, 1725438747.052007], "data": {"selected": [0, 0, 0], "assigned": [0, 0, 12], "preselecStu": [0, 0, 0], "stuGender": [{"male": 0, "Female": 0}, {"male": 0, "Female": 0}, {"male": 0, "Female": 0}]}}