{"timestamp": [1716063796.28703, 1716495254.399034, 1725436462.146623, 1725509911.324483], "data": {"selected": [0, 0, 40, 40], "assigned": [0, 0, 41, 80], "preselecStu": [0, 0, 40, 40], "stuGender": [{"male": 0, "Female": 0}, {"male": 0, "Female": 0}, {"male": 32, "Female": 8}, {"male": 32, "Female": 8}]}}