{"timestamp": [1716063796.28703, 1716495254.399034, 1725436462.146623], "data": {"selected": [0, 0, 40], "assigned": [0, 0, 41], "preselecStu": [0, 0, 40], "stuGender": [{"male": 0, "Female": 0}, {"male": 0, "Female": 0}, {"male": 32, "Female": 8}]}}