{"timestamp": [1707542285.474349, 1707545553.784216], "data": {"selected": [36, 36], "assigned": [0, 0], "preselecStu": [36, 36], "stuGender": [{"male": 14, "Female": 22}, {"male": 14, "Female": 22}]}}