{"timestamp": [1707575935.381789, 1707587349.418411, 1707659056.486464, 1707661654.374269], "data": {"selected": [3, 3, 3, 3], "assigned": [0, 0, 0, 0], "preselecStu": [3, 3, 3, 3], "stuGender": [{"male": 1, "Female": 2}, {"male": 1, "Female": 2}, {"male": 1, "Female": 2}, {"male": 1, "Female": 2}]}}