{"timestamp": [1734406091.772661, 1734468809.486811], "data": {"selected": [0, 0], "assigned": [223, 257], "preselecStu": [0, 0], "stuGender": [{"male": 0, "Female": 0}, {"male": 0, "Female": 0}]}}