{"timestamp": [1734405907.093496, 1734468633.461351], "data": {"selected": [44, 44], "assigned": [0, 0], "preselecStu": [0, 0], "stuGender": [{"male": 21, "Female": 23}, {"male": 21, "Female": 23}]}}