{"timestamp": [1734409541.094957, 1734472160.225466, 1734559114.831435], "data": {"selected": [0, 0, 0], "assigned": [76, 81, 84], "preselecStu": [0, 0, 0], "stuGender": [{"male": 0, "Female": 0}, {"male": 0, "Female": 0}, {"male": 0, "Female": 0}]}}