{"timestamp": [1734405004.30693, 1734467659.334465], "data": {"selected": [0, 0], "assigned": [256, 297], "preselecStu": [0, 0], "stuGender": [{"male": 0, "Female": 0}, {"male": 0, "Female": 0}]}}