{"timestamp": [1716067292.475635, 1716498526.022257, 1725441598.0974], "data": {"selected": [0, 0, 70], "assigned": [0, 0, 3], "preselecStu": [0, 0, 0], "stuGender": [{"male": 0, "Female": 0}, {"male": 0, "Female": 0}, {"male": 36, "Female": 34}]}}