{"timestamp": [1725438062.66315, 1725511249.304621, 1725597582.847223, 1725683726.677483], "data": {"selected": [0, 0, 3, 3], "assigned": [1, 2, 0, 0], "preselecStu": [0, 0, 0, 0], "stuGender": [{"male": 0, "Female": 0}, {"male": 0, "Female": 0}, {"male": 3, "Female": 0}, {"male": 3, "Female": 0}]}}