{"timestamp": [1734409617.858131, 1734472235.403917, 1734559203.336173, 1734644647.063735], "data": {"selected": [0, 0, 0, 0], "assigned": [36, 38, 38, 38], "preselecStu": [0, 0, 0, 0], "stuGender": [{"male": 0, "Female": 0}, {"male": 0, "Female": 0}, {"male": 0, "Female": 0}, {"male": 0, "Female": 0}]}}