{"timestamp": [1734409617.858131, 1734472235.403917], "data": {"selected": [0, 0], "assigned": [36, 38], "preselecStu": [0, 0], "stuGender": [{"male": 0, "Female": 0}, {"male": 0, "Female": 0}]}}