{"timestamp": [1734405937.079828, 1734468662.127064, 1734555170.795415], "data": {"selected": [0, 0, 0], "assigned": [1, 2, 4], "preselecStu": [0, 0, 0], "stuGender": [{"male": 0, "Female": 0}, {"male": 0, "Female": 0}, {"male": 0, "Female": 0}]}}