{"timestamp": [1734405578.90119, 1734468268.059048], "data": {"selected": [0, 0], "assigned": [87, 103], "preselecStu": [0, 0], "stuGender": [{"male": 0, "Female": 0}, {"male": 0, "Female": 0}]}}