{"timestamp": [1716067086.449257, 1716498327.179138, 1725441312.938347, 1725513846.044228], "data": {"selected": [0, 0, 2, 2], "assigned": [0, 0, 0, 0], "preselecStu": [0, 0, 2, 2], "stuGender": [{"male": 0, "Female": 0}, {"male": 0, "Female": 0}, {"male": 1, "Female": 1}, {"male": 1, "Female": 1}]}}