{"timestamp": [1707576668.693628, 1707588264.086095, 1707659453.580946], "data": {"selected": [50, 50, 50], "assigned": [0, 0, 0], "preselecStu": [50, 50, 50], "stuGender": [{"male": 41, "Female": 9}, {"male": 41, "Female": 9}, {"male": 41, "Female": 9}]}}