{"timestamp": [1716065390.028248, 1716496713.313192, 1725438787.177012], "data": {"selected": [0, 0, 24], "assigned": [0, 0, 4], "preselecStu": [0, 0, 24], "stuGender": [{"male": 0, "Female": 0}, {"male": 0, "Female": 0}, {"male": 4, "Female": 20}]}}