{"timestamp": [1707576578.112323, 1707588171.66724, 1707659406.414829], "data": {"selected": [9, 9, 9], "assigned": [0, 0, 0], "preselecStu": [9, 9, 9], "stuGender": [{"male": 4, "Female": 5}, {"male": 4, "Female": 5}, {"male": 4, "Female": 5}]}}