{"timestamp": [1716068353.275206, 1716499505.19727, 1725442949.868532], "data": {"selected": [0, 0, 16], "assigned": [0, 0, 3], "preselecStu": [0, 0, 16], "stuGender": [{"male": 0, "Female": 0}, {"male": 0, "Female": 0}, {"male": 11, "Female": 5}]}}