{"timestamp": [1734406165.410353, 1734468906.881175, 1734555422.412143], "data": {"selected": [0, 0, 0], "assigned": [14, 15, 20], "preselecStu": [0, 0, 0], "stuGender": [{"male": 0, "Female": 0}, {"male": 0, "Female": 0}, {"male": 0, "Female": 0}]}}