{"timestamp": [1707577435.689443, 1707589158.178884, 1707659882.268243], "data": {"selected": [30, 30, 30], "assigned": [0, 0, 0], "preselecStu": [30, 30, 30], "stuGender": [{"male": 12, "Female": 18}, {"male": 12, "Female": 18}, {"male": 12, "Female": 18}]}}