{"timestamp": [1707576819.922695, 1707588452.321474, 1707659538.067812, 1707662145.775211], "data": {"selected": [25, 25, 25, 25], "assigned": [0, 0, 0, 0], "preselecStu": [25, 25, 25, 25], "stuGender": [{"male": 20, "Female": 5}, {"male": 20, "Female": 5}, {"male": 20, "Female": 5}, {"male": 20, "Female": 5}]}}