{"timestamp": [1716065606.344308, 1716496925.460247, 1725439131.437717, 1725512119.038778], "data": {"selected": [0, 0, 22, 22], "assigned": [0, 0, 7, 6], "preselecStu": [0, 0, 22, 22], "stuGender": [{"male": 0, "Female": 0}, {"male": 0, "Female": 0}, {"male": 20, "Female": 2}, {"male": 20, "Female": 2}]}}