{"timestamp": [1707542467.611279, 1707545746.399919], "data": {"selected": [19, 19], "assigned": [0, 0], "preselecStu": [19, 19], "stuGender": [{"male": 13, "Female": 6}, {"male": 13, "Female": 6}]}}