{"timestamp": [1707574610.684328, 1707585769.668791, 1707658294.316122], "data": {"selected": [40, 40, 40], "assigned": [0, 0, 0], "preselecStu": [40, 40, 40], "stuGender": [{"male": 28, "Female": 12}, {"male": 28, "Female": 12}, {"male": 28, "Female": 12}]}}