{"timestamp": [1707575538.77224, 1707586895.554366, 1707658837.848841], "data": {"selected": [44, 44, 44], "assigned": [1, 1, 1], "preselecStu": [44, 44, 44], "stuGender": [{"male": 11, "Female": 34}, {"male": 11, "Female": 34}, {"male": 11, "Female": 34}]}}