{"timestamp": [1716067571.328448, 1716498809.978085, 1725441994.323324, 1725514412.397473], "data": {"selected": [0, 0, 1, 1], "assigned": [0, 0, 5, 10], "preselecStu": [0, 0, 1, 1], "stuGender": [{"male": 0, "Female": 0}, {"male": 0, "Female": 0}, {"male": 0, "Female": 1}, {"male": 0, "Female": 1}]}}