{"timestamp": [1716065343.749624, 1716496665.921633, 1725438720.785951], "data": {"selected": [0, 0, 22], "assigned": [0, 22, 0], "preselecStu": [0, 0, 22], "stuGender": [{"male": 0, "Female": 0}, {"male": 0, "Female": 0}, {"male": 3, "Female": 19}]}}