{"timestamp": [1716063792.773402, 1716495251.255422, 1725436457.612293, 1725509907.391578], "data": {"selected": [0, 0, 42, 41], "assigned": [0, 0, 52, 109], "preselecStu": [0, 0, 42, 41], "stuGender": [{"male": 0, "Female": 0}, {"male": 0, "Female": 0}, {"male": 33, "Female": 9}, {"male": 32, "Female": 9}]}}