{"timestamp": [1734407573.416341, 1734470302.265184, 1734556961.161014], "data": {"selected": [0, 0, 0], "assigned": [15, 18, 24], "preselecStu": [0, 0, 0], "stuGender": [{"male": 0, "Female": 0}, {"male": 0, "Female": 0}, {"male": 0, "Female": 0}]}}