{"timestamp": [1716065301.577554, 1716496623.604706, 1725438653.824031], "data": {"selected": [0, 0, 36], "assigned": [0, 0, 1], "preselecStu": [0, 0, 36], "stuGender": [{"male": 0, "Female": 0}, {"male": 0, "Female": 0}, {"male": 6, "Female": 30}]}}