{"timestamp": [1716065301.577554, 1716496623.604706, 1725438653.824031, 1725511711.327533], "data": {"selected": [0, 0, 36, 36], "assigned": [0, 0, 1, 2], "preselecStu": [0, 0, 36, 36], "stuGender": [{"male": 0, "Female": 0}, {"male": 0, "Female": 0}, {"male": 6, "Female": 30}, {"male": 6, "Female": 30}]}}