{"timestamp": [1707575765.940802, 1707587153.305006, 1707658961.465873, 1707661559.386322], "data": {"selected": [6, 6, 6, 6], "assigned": [0, 0, 0, 0], "preselecStu": [6, 6, 6, 6], "stuGender": [{"male": 3, "Female": 3}, {"male": 3, "Female": 3}, {"male": 3, "Female": 3}, {"male": 3, "Female": 3}]}}