{"timestamp": [1716068392.790125, 1716499546.086914, 1725442994.932217], "data": {"selected": [0, 0, 48], "assigned": [0, 0, 2], "preselecStu": [0, 0, 48], "stuGender": [{"male": 0, "Female": 0}, {"male": 0, "Female": 0}, {"male": 32, "Female": 16}]}}