{"timestamp": [1716068392.790125, 1716499546.086914, 1725442994.932217, 1725515401.860771], "data": {"selected": [0, 0, 48, 47], "assigned": [0, 0, 2, 2], "preselecStu": [0, 0, 48, 47], "stuGender": [{"male": 0, "Female": 0}, {"male": 0, "Female": 0}, {"male": 32, "Female": 16}, {"male": 31, "Female": 16}]}}