{"timestamp": [1716064822.807257, 1716496200.393444, 1725437958.24842, 1725511159.006537], "data": {"selected": [0, 0, 0, 0], "assigned": [0, 0, 66, 119], "preselecStu": [0, 0, 0, 0], "stuGender": [{"male": 0, "Female": 0}, {"male": 0, "Female": 0}, {"male": 0, "Female": 0}, {"male": 0, "Female": 0}]}}