{"timestamp": [1716067975.934326, 1716499164.702738, 1725442475.170764, 1725514906.242759], "data": {"selected": [0, 0, 129, 129], "assigned": [0, 107, 4, 6], "preselecStu": [0, 0, 129, 129], "stuGender": [{"male": 0, "Female": 0}, {"male": 0, "Female": 0}, {"male": 106, "Female": 23}, {"male": 106, "Female": 23}]}}