{"timestamp": [1716067975.934326, 1716499164.702738], "data": {"selected": [0, 0], "assigned": [0, 107], "preselecStu": [0, 0], "stuGender": [{"male": 0, "Female": 0}, {"male": 0, "Female": 0}]}}