{"timestamp": [1734408719.237861, 1734471334.973625, 1734558169.103717], "data": {"selected": [0, 0, 0], "assigned": [11, 11, 12], "preselecStu": [0, 0, 0], "stuGender": [{"male": 0, "Female": 0}, {"male": 0, "Female": 0}, {"male": 0, "Female": 0}]}}