{"timestamp": [1716064072.447212, 1716495517.965927, 1725436863.885277], "data": {"selected": [0, 0, 0], "assigned": [0, 0, 16], "preselecStu": [0, 0, 0], "stuGender": [{"male": 0, "Female": 0}, {"male": 0, "Female": 0}, {"male": 0, "Female": 0}]}}