{"timestamp": [1707542041.510714, 1707545281.780162], "data": {"selected": [22, 22], "assigned": [0, 0], "preselecStu": [22, 22], "stuGender": [{"male": 5, "Female": 17}, {"male": 5, "Female": 17}]}}