{"timestamp": [1734405968.173139, 1734468693.155702, 1734555204.363332], "data": {"selected": [0, 0, 0], "assigned": [65, 79, 93], "preselecStu": [0, 0, 0], "stuGender": [{"male": 0, "Female": 0}, {"male": 0, "Female": 0}, {"male": 0, "Female": 0}]}}