{"timestamp": [1716068110.889001, 1716499283.874909, 1725442659.379457, 1725515051.795685], "data": {"selected": [0, 0, 38, 38], "assigned": [0, 0, 41, 71], "preselecStu": [0, 0, 38, 38], "stuGender": [{"male": 0, "Female": 0}, {"male": 0, "Female": 0}, {"male": 31, "Female": 7}, {"male": 31, "Female": 7}]}}