{"timestamp": [1707575517.279652, 1707586870.877437], "data": {"selected": [50, 50], "assigned": [0, 0], "preselecStu": [50, 50], "stuGender": [{"male": 22, "Female": 28}, {"male": 22, "Female": 28}]}}