{"timestamp": [1707540923.30704, 1707544102.086179], "data": {"selected": [50, 50], "assigned": [0, 0], "preselecStu": [50, 50], "stuGender": [{"male": 22, "Female": 28}, {"male": 22, "Female": 28}]}}