{"timestamp": [1707574541.651368, 1707585692.343298, 1707658248.254371], "data": {"selected": [40, 40, 40], "assigned": [0, 0, 0], "preselecStu": [40, 40, 40], "stuGender": [{"male": 32, "Female": 8}, {"male": 32, "Female": 8}, {"male": 32, "Female": 8}]}}