{"timestamp": [1707540359.299089, 1707543535.156362], "data": {"selected": [40, 40], "assigned": [0, 0], "preselecStu": [40, 40], "stuGender": [{"male": 32, "Female": 8}, {"male": 32, "Female": 8}]}}