{"timestamp": [1707541959.286399, 1707545199.293029], "data": {"selected": [15, 15], "assigned": [0, 0], "preselecStu": [15, 15], "stuGender": [{"male": 7, "Female": 8}, {"male": 7, "Female": 8}]}}