{"timestamp": [1734406347.888376, 1734469082.235745], "data": {"selected": [0, 0], "assigned": [48, 53], "preselecStu": [0, 0], "stuGender": [{"male": 0, "Female": 0}, {"male": 0, "Female": 0}]}}