{"timestamp": [1707575236.678182, 1707586536.166999, 1707658661.641111], "data": {"selected": [41, 41, 41], "assigned": [0, 0, 0], "preselecStu": [0, 0, 0], "stuGender": [{"male": 11, "Female": 30}, {"male": 11, "Female": 30}, {"male": 11, "Female": 30}]}}