{"timestamp": [1734406417.195604, 1734469148.67114, 1734555675.730439, 1734641857.037754], "data": {"selected": [0, 0, 0, 0], "assigned": [11, 11, 14, 14], "preselecStu": [0, 0, 0, 0], "stuGender": [{"male": 0, "Female": 0}, {"male": 0, "Female": 0}, {"male": 0, "Female": 0}, {"male": 0, "Female": 0}]}}