{"timestamp": [1707540321.747319, 1707543497.875877], "data": {"selected": [49, 49], "assigned": [0, 0], "preselecStu": [49, 49], "stuGender": [{"male": 31, "Female": 18}, {"male": 31, "Female": 18}]}}