{"timestamp": [1707541043.638662, 1707544224.359437], "data": {"selected": [25, 25], "assigned": [0, 0], "preselecStu": [25, 25], "stuGender": [{"male": 4, "Female": 21}, {"male": 4, "Female": 21}]}}