{"timestamp": [1716068377.060415, 1716499530.177383, 1725442977.321731, 1725515385.155273], "data": {"selected": [0, 0, 14, 13], "assigned": [0, 0, 3, 4], "preselecStu": [0, 0, 14, 13], "stuGender": [{"male": 0, "Female": 0}, {"male": 0, "Female": 0}, {"male": 5, "Female": 9}, {"male": 4, "Female": 9}]}}