{"timestamp": [1716065496.340389, 1716496817.433805, 1725438932.037756, 1725511949.604799], "data": {"selected": [0, 0, 10, 10], "assigned": [0, 1, 1, 0], "preselecStu": [0, 0, 1, 1], "stuGender": [{"male": 0, "Female": 0}, {"male": 0, "Female": 0}, {"male": 2, "Female": 8}, {"male": 2, "Female": 8}]}}