{"timestamp": [1707541610.266738, 1707544818.292275], "data": {"selected": [10, 10], "assigned": [0, 0], "preselecStu": [10, 10], "stuGender": [{"male": 10, "Female": 0}, {"male": 10, "Female": 0}]}}