{"timestamp": [1707575744.496374, 1707587129.16135, 1707658950.024939, 1707661547.224257], "data": {"selected": [5, 5, 5, 5], "assigned": [0, 0, 0, 0], "preselecStu": [5, 5, 5, 5], "stuGender": [{"male": 1, "Female": 4}, {"male": 1, "Female": 4}, {"male": 1, "Female": 4}, {"male": 1, "Female": 4}]}}