{"timestamp": [1734409388.36777, 1734471987.730504, 1734558928.419479], "data": {"selected": [0, 0, 0], "assigned": [63, 65, 69], "preselecStu": [0, 0, 0], "stuGender": [{"male": 0, "Female": 0}, {"male": 0, "Female": 0}, {"male": 0, "Female": 0}]}}