{"timestamp": [1707542450.937336, 1707545727.234166], "data": {"selected": [33, 33], "assigned": [0, 0], "preselecStu": [33, 33], "stuGender": [{"male": 22, "Female": 11}, {"male": 22, "Female": 11}]}}