{"timestamp": [1734406003.301921, 1734468709.554233], "data": {"selected": [0, 0], "assigned": [35, 39], "preselecStu": [0, 0], "stuGender": [{"male": 0, "Female": 0}, {"male": 0, "Female": 0}]}}