{"timestamp": [1734406003.301921, 1734468709.554233, 1734555222.622734, 1734641471.223289], "data": {"selected": [0, 0, 0, 0], "assigned": [35, 39, 45, 49], "preselecStu": [0, 0, 0, 0], "stuGender": [{"male": 0, "Female": 0}, {"male": 0, "Female": 0}, {"male": 0, "Female": 0}, {"male": 0, "Female": 0}]}}