{"timestamp": [1716064431.011774, 1716495855.692172, 1725437412.92159], "data": {"selected": [0, 0, 113], "assigned": [0, 0, 55], "preselecStu": [0, 0, 113], "stuGender": [{"male": 0, "Female": 0}, {"male": 0, "Female": 0}, {"male": 63, "Female": 50}]}}