{"timestamp": [1707575330.409238, 1707586649.306128, 1707658718.259969], "data": {"selected": [120, 120, 120], "assigned": [0, 0, 0], "preselecStu": [120, 120, 120], "stuGender": [{"male": 49, "Female": 71}, {"male": 49, "Female": 71}, {"male": 49, "Female": 71}]}}