{"timestamp": [1707577020.756179, 1707588681.979897, 1707659649.123864], "data": {"selected": [0, 0, 0], "assigned": [0, 0, 0], "preselecStu": [0, 0, 0], "stuGender": [{"male": 0, "Female": 0}, {"male": 0, "Female": 0}, {"male": 0, "Female": 0}]}}