{"timestamp": [1707575027.449679, 1707586285.927401], "data": {"selected": [50, 50], "assigned": [0, 0], "preselecStu": [50, 50], "stuGender": [{"male": 26, "Female": 24}, {"male": 26, "Female": 24}]}}