{"timestamp": [1707542271.40933, 1707545540.643695], "data": {"selected": [15, 15], "assigned": [0, 0], "preselecStu": [15, 15], "stuGender": [{"male": 6, "Female": 9}, {"male": 6, "Female": 9}]}}