{"timestamp": [1716065358.18089, 1716496679.696975, 1725438740.893836], "data": {"selected": [0, 0, 19], "assigned": [0, 0, 4], "preselecStu": [0, 0, 19], "stuGender": [{"male": 0, "Female": 0}, {"male": 0, "Female": 0}, {"male": 6, "Female": 13}]}}