{"timestamp": [1716065387.824979, 1716496711.130572, 1725438783.359555], "data": {"selected": [0, 0, 13], "assigned": [0, 0, 9], "preselecStu": [0, 0, 13], "stuGender": [{"male": 0, "Female": 0}, {"male": 0, "Female": 0}, {"male": 2, "Female": 11}]}}