{"timestamp": [1734406717.497124, 1734469460.869869, 1734556028.710684], "data": {"selected": [0, 0, 0], "assigned": [4, 4, 7], "preselecStu": [0, 0, 0], "stuGender": [{"male": 0, "Female": 0}, {"male": 0, "Female": 0}, {"male": 0, "Female": 0}]}}