{"timestamp": [1716065158.001478, 1716496504.364065, 1725438474.96229, 1725511549.205491], "data": {"selected": [0, 0, 0, 0], "assigned": [0, 0, 4, 4], "preselecStu": [0, 0, 0, 0], "stuGender": [{"male": 0, "Female": 0}, {"male": 0, "Female": 0}, {"male": 0, "Female": 0}, {"male": 0, "Female": 0}]}}