{"timestamp": [1707576034.010556, 1707587455.83241], "data": {"selected": [33, 33], "assigned": [0, 0], "preselecStu": [33, 33], "stuGender": [{"male": 15, "Female": 18}, {"male": 15, "Female": 18}]}}