{"timestamp": [1716065423.309111, 1716496743.372487, 1725438832.496412, 1725511873.742568], "data": {"selected": [0, 0, 5, 5], "assigned": [0, 0, 0, 0], "preselecStu": [0, 0, 5, 5], "stuGender": [{"male": 0, "Female": 0}, {"male": 0, "Female": 0}, {"male": 4, "Female": 1}, {"male": 4, "Female": 1}]}}