{"timestamp": [1716064310.7553, 1716495746.89854, 1725437231.371772], "data": {"selected": [0, 0, 51], "assigned": [0, 0, 1], "preselecStu": [0, 0, 5], "stuGender": [{"male": 0, "Female": 0}, {"male": 0, "Female": 0}, {"male": 46, "Female": 5}]}}