{"timestamp": [1707541495.66072, 1707544700.540795], "data": {"selected": [16, 16], "assigned": [0, 0], "preselecStu": [16, 16], "stuGender": [{"male": 10, "Female": 6}, {"male": 10, "Female": 6}]}}