{"timestamp": [1734406736.979425, 1734469477.582361, 1734556046.441724, 1734642157.347938], "data": {"selected": [0, 0, 0, 0], "assigned": [4, 4, 4, 5], "preselecStu": [0, 0, 0, 0], "stuGender": [{"male": 0, "Female": 0}, {"male": 0, "Female": 0}, {"male": 0, "Female": 0}, {"male": 0, "Female": 0}]}}