{"timestamp": [1734408852.525592, 1734471484.924809, 1734558327.83533, 1734643994.028664], "data": {"selected": [0, 0, 0, 0], "assigned": [25, 26, 26, 30], "preselecStu": [0, 0, 0, 0], "stuGender": [{"male": 0, "Female": 0}, {"male": 0, "Female": 0}, {"male": 0, "Female": 0}, {"male": 0, "Female": 0}]}}