{"timestamp": [1734404922.505478, 1734467577.884035], "data": {"selected": [0, 0], "assigned": [336, 389], "preselecStu": [0, 0], "stuGender": [{"male": 0, "Female": 0}, {"male": 0, "Female": 0}]}}