{"timestamp": [1734406022.290936, 1734468727.004282], "data": {"selected": [0, 0], "assigned": [85, 91], "preselecStu": [0, 0], "stuGender": [{"male": 0, "Female": 0}, {"male": 0, "Female": 0}]}}