{"timestamp": [1707577977.536409, 1707589852.940319], "data": {"selected": [60, 60], "assigned": [0, 0], "preselecStu": [60, 60], "stuGender": [{"male": 36, "Female": 24}, {"male": 36, "Female": 24}]}}