{"timestamp": [1707542240.679674, 1707545519.612038], "data": {"selected": [30, 30], "assigned": [0, 0], "preselecStu": [30, 30], "stuGender": [{"male": 23, "Female": 7}, {"male": 23, "Female": 7}]}}