{"timestamp": [1716064521.729307, 1716495927.557994, 1725437533.426664, 1725510796.920573], "data": {"selected": [0, 0, 50, 46], "assigned": [0, 0, 0, 2], "preselecStu": [0, 0, 49, 45], "stuGender": [{"male": 0, "Female": 0}, {"male": 0, "Female": 0}, {"male": 31, "Female": 19}, {"male": 30, "Female": 16}]}}