{"timestamp": [1716064426.066546, 1716495853.540814, 1725437408.68727, 1725510697.337727], "data": {"selected": [0, 0, 112, 108], "assigned": [0, 0, 47, 81], "preselecStu": [0, 0, 112, 108], "stuGender": [{"male": 0, "Female": 0}, {"male": 0, "Female": 0}, {"male": 77, "Female": 35}, {"male": 75, "Female": 33}]}}