{"timestamp": [1716064426.066546, 1716495853.540814, 1725437408.68727], "data": {"selected": [0, 0, 112], "assigned": [0, 0, 47], "preselecStu": [0, 0, 112], "stuGender": [{"male": 0, "Female": 0}, {"male": 0, "Female": 0}, {"male": 77, "Female": 35}]}}