{"timestamp": [1734406597.298804, 1734469347.847702, 1734555893.05427, 1734642032.042414], "data": {"selected": [0, 0, 0, 0], "assigned": [23, 23, 23, 23], "preselecStu": [0, 0, 0, 0], "stuGender": [{"male": 0, "Female": 0}, {"male": 0, "Female": 0}, {"male": 0, "Female": 0}, {"male": 0, "Female": 0}]}}