{"timestamp": [1734406597.298804, 1734469347.847702], "data": {"selected": [0, 0], "assigned": [23, 23], "preselecStu": [0, 0], "stuGender": [{"male": 0, "Female": 0}, {"male": 0, "Female": 0}]}}