{"timestamp": [1716066200.938422, 1716497473.180678, 1725440025.489805, 1725512808.571981], "data": {"selected": [0, 0, 1, 1], "assigned": [0, 0, 5, 5], "preselecStu": [0, 0, 1, 1], "stuGender": [{"male": 0, "Female": 0}, {"male": 0, "Female": 0}, {"male": 0, "Female": 1}, {"male": 0, "Female": 1}]}}