{"timestamp": [1716065401.470858, 1716496724.244784, 1725438806.528755], "data": {"selected": [0, 0, 4], "assigned": [0, 0, 2], "preselecStu": [0, 0, 4], "stuGender": [{"male": 0, "Female": 0}, {"male": 0, "Female": 0}, {"male": 4, "Female": 0}]}}