{"timestamp": [1734406681.436354, 1734469430.346775], "data": {"selected": [0, 0], "assigned": [21, 23], "preselecStu": [0, 0], "stuGender": [{"male": 0, "Female": 0}, {"male": 0, "Female": 0}]}}