{"timestamp": [1734406681.436354, 1734469430.346775, 1734555999.441767], "data": {"selected": [0, 0, 0], "assigned": [21, 23, 27], "preselecStu": [0, 0, 0], "stuGender": [{"male": 0, "Female": 0}, {"male": 0, "Female": 0}, {"male": 0, "Female": 0}]}}