{"timestamp": [1716068906.318031, 1716500010.411583, 1725443534.946768, 1725515929.890239], "data": {"selected": [0, 0, 14, 13], "assigned": [0, 0, 9, 11], "preselecStu": [0, 0, 14, 13], "stuGender": [{"male": 0, "Female": 0}, {"male": 0, "Female": 0}, {"male": 5, "Female": 9}, {"male": 5, "Female": 8}]}}