{"timestamp": [1716068906.318031, 1716500010.411583, 1725443534.946768], "data": {"selected": [0, 0, 14], "assigned": [0, 0, 9], "preselecStu": [0, 0, 14], "stuGender": [{"male": 0, "Female": 0}, {"male": 0, "Female": 0}, {"male": 5, "Female": 9}]}}