{"timestamp": [1716066928.839232, 1716498173.400529, 1725441113.599975], "data": {"selected": [0, 0, 0], "assigned": [0, 0, 7], "preselecStu": [0, 0, 0], "stuGender": [{"male": 0, "Female": 0}, {"male": 0, "Female": 0}, {"male": 0, "Female": 0}]}}