{"timestamp": [1707576504.001071, 1707588083.374149], "data": {"selected": [21, 21], "assigned": [0, 0], "preselecStu": [21, 21], "stuGender": [{"male": 15, "Female": 6}, {"male": 15, "Female": 6}]}}