{"timestamp": [1716068189.167227, 1716499355.898311, 1725442765.734841, 1725515157.578428], "data": {"selected": [0, 0, 1, 2], "assigned": [0, 0, 0, 0], "preselecStu": [0, 0, 0, 0], "stuGender": [{"male": 0, "Female": 0}, {"male": 0, "Female": 0}, {"male": 1, "Female": 0}, {"male": 2, "Female": 0}]}}