{"timestamp": [1734406268.686561, 1734468992.283174], "data": {"selected": [0, 0], "assigned": [143, 159], "preselecStu": [0, 0], "stuGender": [{"male": 0, "Female": 0}, {"male": 0, "Female": 0}]}}