{"timestamp": [1716068689.919746, 1716499809.510351, 1725443305.879688, 1725515705.005093], "data": {"selected": [0, 0, 2, 2], "assigned": [0, 0, 1, 1], "preselecStu": [0, 0, 2, 2], "stuGender": [{"male": 0, "Female": 0}, {"male": 0, "Female": 0}, {"male": 2, "Female": 0}, {"male": 2, "Female": 0}]}}