{"timestamp": [1707541613.399729, 1707544821.494336], "data": {"selected": [11, 11], "assigned": [0, 0], "preselecStu": [11, 11], "stuGender": [{"male": 11, "Female": 0}, {"male": 11, "Female": 0}]}}