{"timestamp": [1734407470.202118, 1734470209.653454, 1734556867.154077], "data": {"selected": [0, 0, 0], "assigned": [28, 28, 27], "preselecStu": [0, 0, 0], "stuGender": [{"male": 0, "Female": 0}, {"male": 0, "Female": 0}, {"male": 0, "Female": 0}]}}