{"timestamp": [1734408977.791981, 1734471588.112494, 1734558455.394455, 1734644083.574758], "data": {"selected": [0, 0, 0, 0], "assigned": [117, 128, 134, 139], "preselecStu": [0, 0, 0, 0], "stuGender": [{"male": 0, "Female": 0}, {"male": 0, "Female": 0}, {"male": 0, "Female": 0}, {"male": 0, "Female": 0}]}}