{"timestamp": [1707542117.136155, 1707545366.246068], "data": {"selected": [20, 20], "assigned": [0, 0], "preselecStu": [20, 20], "stuGender": [{"male": 17, "Female": 3}, {"male": 17, "Female": 3}]}}