{"timestamp": [1707540811.592536, 1707543990.337612], "data": {"selected": [120, 120], "assigned": [0, 0], "preselecStu": [120, 120], "stuGender": [{"male": 76, "Female": 44}, {"male": 76, "Female": 44}]}}