{"timestamp": [1707575320.63987, 1707586636.244876, 1707658712.582706, 1707661310.744861], "data": {"selected": [120, 120, 120, 120], "assigned": [0, 0, 0, 0], "preselecStu": [120, 120, 120, 120], "stuGender": [{"male": 76, "Female": 44}, {"male": 76, "Female": 44}, {"male": 76, "Female": 44}, {"male": 76, "Female": 44}]}}