{"timestamp": [1707574979.402274, 1707586211.818025], "data": {"selected": [50, 50], "assigned": [0, 0], "preselecStu": [50, 50], "stuGender": [{"male": 35, "Female": 15}, {"male": 35, "Female": 15}]}}