{"timestamp": [1707540621.994093, 1707543796.07842], "data": {"selected": [50, 50], "assigned": [0, 0], "preselecStu": [50, 50], "stuGender": [{"male": 35, "Female": 15}, {"male": 35, "Female": 15}]}}