{"timestamp": [1734406764.659517, 1734469526.342736, 1734556067.48749], "data": {"selected": [0, 0, 0], "assigned": [6, 9, 11], "preselecStu": [0, 0, 0], "stuGender": [{"male": 0, "Female": 0}, {"male": 0, "Female": 0}, {"male": 0, "Female": 0}]}}