{"timestamp": [1734406202.833836, 1734468945.852918, 1734555455.922806, 1734641642.783466], "data": {"selected": [0, 0, 0, 0], "assigned": [122, 127, 136, 145], "preselecStu": [0, 0, 0, 0], "stuGender": [{"male": 0, "Female": 0}, {"male": 0, "Female": 0}, {"male": 0, "Female": 0}, {"male": 0, "Female": 0}]}}