{"timestamp": [1734408406.813291, 1734471052.510271, 1734557811.423853], "data": {"selected": [0, 0, 0], "assigned": [108, 110, 113], "preselecStu": [0, 0, 0], "stuGender": [{"male": 0, "Female": 0}, {"male": 0, "Female": 0}, {"male": 0, "Female": 0}]}}