{"timestamp": [1707541192.746136, 1707544372.317386], "data": {"selected": [57, 57], "assigned": [0, 0], "preselecStu": [57, 57], "stuGender": [{"male": 49, "Female": 8}, {"male": 49, "Female": 8}]}}