{"timestamp": [1707577485.693002, 1707589227.220032], "data": {"selected": [30, 30], "assigned": [0, 0], "preselecStu": [30, 30], "stuGender": [{"male": 8, "Female": 22}, {"male": 8, "Female": 22}]}}