{"timestamp": [1707541983.130879, 1707545221.924998], "data": {"selected": [30, 30], "assigned": [0, 0], "preselecStu": [30, 30], "stuGender": [{"male": 8, "Female": 22}, {"male": 8, "Female": 22}]}}