{"timestamp": [1716066729.045925, 1716497973.836629, 1725440818.208787], "data": {"selected": [0, 0, 5], "assigned": [0, 0, 10], "preselecStu": [0, 0, 5], "stuGender": [{"male": 0, "Female": 0}, {"male": 0, "Female": 0}, {"male": 5, "Female": 0}]}}