{"timestamp": [1707541748.255358, 1707544977.79695], "data": {"selected": [58, 58], "assigned": [0, 0], "preselecStu": [58, 58], "stuGender": [{"male": 18, "Female": 40}, {"male": 18, "Female": 40}]}}