{"timestamp": [1707578004.147273, 1707589889.827495, 1707660185.953008], "data": {"selected": [21, 21, 21], "assigned": [0, 0, 0], "preselecStu": [21, 21, 21], "stuGender": [{"male": 18, "Female": 3}, {"male": 18, "Female": 3}, {"male": 18, "Female": 3}]}}