{"timestamp": [1707542252.901754, 1707545528.495981], "data": {"selected": [21, 21], "assigned": [0, 0], "preselecStu": [21, 21], "stuGender": [{"male": 18, "Female": 3}, {"male": 18, "Female": 3}]}}