{"timestamp": [1734410474.671725, 1734473014.991574, 1734559991.475108, 1734645371.526596], "data": {"selected": [0, 0, 0, 0], "assigned": [0, 0, 2, 4], "preselecStu": [0, 0, 0, 0], "stuGender": [{"male": 0, "Female": 0}, {"male": 0, "Female": 0}, {"male": 0, "Female": 0}, {"male": 0, "Female": 0}]}}