{"timestamp": [1734406278.709485, 1734469003.1691, 1734555510.246912], "data": {"selected": [0, 0, 0], "assigned": [33, 34, 36], "preselecStu": [0, 0, 0], "stuGender": [{"male": 0, "Female": 0}, {"male": 0, "Female": 0}, {"male": 0, "Female": 0}]}}