{"timestamp": [1707541724.11896, 1707544951.752029], "data": {"selected": [26, 26], "assigned": [0, 0], "preselecStu": [26, 26], "stuGender": [{"male": 19, "Female": 7}, {"male": 19, "Female": 7}]}}