{"timestamp": [1707576802.462249, 1707588431.712772, 1707659528.283423], "data": {"selected": [3, 3, 3], "assigned": [1, 1, 1], "preselecStu": [3, 3, 3], "stuGender": [{"male": 4, "Female": 0}, {"male": 4, "Female": 0}, {"male": 4, "Female": 0}]}}