{"timestamp": [1707541947.682625, 1707545188.335278], "data": {"selected": [70, 70], "assigned": [0, 0], "preselecStu": [70, 70], "stuGender": [{"male": 30, "Female": 40}, {"male": 30, "Female": 40}]}}