{"timestamp": [1734406146.515207, 1734468885.642148, 1734555401.446013], "data": {"selected": [0, 0, 0], "assigned": [1, 1, 2], "preselecStu": [0, 0, 0], "stuGender": [{"male": 0, "Female": 0}, {"male": 0, "Female": 0}, {"male": 0, "Female": 0}]}}