{"timestamp": [1734410018.689778, 1734472573.214576, 1734559538.23236], "data": {"selected": [0, 0, 0], "assigned": [9, 9, 11], "preselecStu": [0, 0, 0], "stuGender": [{"male": 0, "Female": 0}, {"male": 0, "Female": 0}, {"male": 0, "Female": 0}]}}