{"timestamp": [1716067612.096881, 1716498848.653623, 1725442044.005047], "data": {"selected": [0, 0, 21], "assigned": [0, 21, 0], "preselecStu": [0, 0, 21], "stuGender": [{"male": 0, "Female": 0}, {"male": 0, "Female": 0}, {"male": 4, "Female": 17}]}}