{"timestamp": [1734408685.796412, 1734471312.32137, 1734558144.847651], "data": {"selected": [0, 0, 0], "assigned": [79, 82, 80], "preselecStu": [0, 0, 0], "stuGender": [{"male": 0, "Female": 0}, {"male": 0, "Female": 0}, {"male": 0, "Female": 0}]}}