{"timestamp": [1707574925.124719, 1707586141.928746, 1707658484.925835], "data": {"selected": [51, 51, 51], "assigned": [0, 0, 0], "preselecStu": [51, 51, 51], "stuGender": [{"male": 39, "Female": 12}, {"male": 39, "Female": 12}, {"male": 39, "Female": 12}]}}