{"timestamp": [1707540670.420619, 1707543847.650701], "data": {"selected": [50, 50], "assigned": [0, 0], "preselecStu": [50, 50], "stuGender": [{"male": 25, "Female": 25}, {"male": 25, "Female": 25}]}}