{"timestamp": [1716068853.385312, 1716499966.436712, 1725443484.182682, 1725515880.45604], "data": {"selected": [0, 0, 3, 3], "assigned": [0, 0, 0, 2], "preselecStu": [0, 0, 3, 3], "stuGender": [{"male": 0, "Female": 0}, {"male": 0, "Female": 0}, {"male": 2, "Female": 1}, {"male": 2, "Female": 1}]}}