{"timestamp": [1716068904.145249, 1716500008.285416, 1725443532.562874], "data": {"selected": [0, 0, 35], "assigned": [0, 0, 6], "preselecStu": [0, 0, 35], "stuGender": [{"male": 0, "Female": 0}, {"male": 0, "Female": 0}, {"male": 13, "Female": 22}]}}