{"timestamp": [1716064773.637209, 1716496154.641726, 1725437887.247403], "data": {"selected": [0, 0, 16], "assigned": [0, 0, 1], "preselecStu": [0, 0, 16], "stuGender": [{"male": 0, "Female": 0}, {"male": 0, "Female": 0}, {"male": 4, "Female": 12}]}}