{"timestamp": [1734406909.258649, 1734469666.197161], "data": {"selected": [0, 0], "assigned": [52, 53], "preselecStu": [0, 0], "stuGender": [{"male": 0, "Female": 0}, {"male": 0, "Female": 0}]}}