{"timestamp": [1734405807.156724, 1734468534.441107, 1734555034.430117], "data": {"selected": [0, 0, 0], "assigned": [40, 40, 48], "preselecStu": [0, 0, 0], "stuGender": [{"male": 0, "Female": 0}, {"male": 0, "Female": 0}, {"male": 0, "Female": 0}]}}