{"timestamp": [1734405807.156724, 1734468534.441107], "data": {"selected": [0, 0], "assigned": [40, 40], "preselecStu": [0, 0], "stuGender": [{"male": 0, "Female": 0}, {"male": 0, "Female": 0}]}}