{"timestamp": [1734408467.520392, 1734471106.998853], "data": {"selected": [0, 0], "assigned": [52, 53], "preselecStu": [0, 0], "stuGender": [{"male": 0, "Female": 0}, {"male": 0, "Female": 0}]}}