{"timestamp": [1716064777.937372, 1716496158.970459, 1725437892.196221], "data": {"selected": [0, 0, 0], "assigned": [0, 0, 49], "preselecStu": [0, 0, 0], "stuGender": [{"male": 0, "Female": 0}, {"male": 0, "Female": 0}, {"male": 0, "Female": 0}]}}