{"timestamp": [1734406049.556887, 1734468754.272137, 1734555309.198178, 1734641513.868366], "data": {"selected": [0, 0, 0, 0], "assigned": [296, 344, 420, 506], "preselecStu": [0, 0, 0, 0], "stuGender": [{"male": 0, "Female": 0}, {"male": 0, "Female": 0}, {"male": 0, "Female": 0}, {"male": 0, "Female": 0}]}}