{"timestamp": [1734406049.556887, 1734468754.272137], "data": {"selected": [0, 0], "assigned": [296, 344], "preselecStu": [0, 0], "stuGender": [{"male": 0, "Female": 0}, {"male": 0, "Female": 0}]}}