{"timestamp": [1734405568.448248, 1734468244.922942, 1734554769.591627, 1734640993.024081], "data": {"selected": [0, 0, 0, 0], "assigned": [77, 79, 85, 98], "preselecStu": [0, 0, 0, 0], "stuGender": [{"male": 0, "Female": 0}, {"male": 0, "Female": 0}, {"male": 0, "Female": 0}, {"male": 0, "Female": 0}]}}