{"timestamp": [1734405568.448248, 1734468244.922942], "data": {"selected": [0, 0], "assigned": [77, 79], "preselecStu": [0, 0], "stuGender": [{"male": 0, "Female": 0}, {"male": 0, "Female": 0}]}}