{"timestamp": [1707540595.193737, 1707543769.304857], "data": {"selected": [50, 50], "assigned": [0, 0], "preselecStu": [50, 50], "stuGender": [{"male": 40, "Female": 10}, {"male": 40, "Female": 10}]}}