{"timestamp": [1707577852.157508, 1707589699.519729], "data": {"selected": [38, 38], "assigned": [0, 0], "preselecStu": [38, 38], "stuGender": [{"male": 29, "Female": 9}, {"male": 29, "Female": 9}]}}