{"timestamp": [1734406218.565648, 1734468960.381699, 1734555470.133676], "data": {"selected": [0, 0, 0], "assigned": [145, 160, 186], "preselecStu": [0, 0, 0], "stuGender": [{"male": 0, "Female": 0}, {"male": 0, "Female": 0}, {"male": 0, "Female": 0}]}}