{"timestamp": [1734406218.565648, 1734468960.381699], "data": {"selected": [0, 0], "assigned": [145, 160], "preselecStu": [0, 0], "stuGender": [{"male": 0, "Female": 0}, {"male": 0, "Female": 0}]}}