{"timestamp": [1707575095.071876, 1707586367.817584, 1707658578.10886, 1707661178.996646], "data": {"selected": [50, 50, 50, 50], "assigned": [0, 0, 0, 0], "preselecStu": [50, 50, 50, 50], "stuGender": [{"male": 30, "Female": 20}, {"male": 30, "Female": 20}, {"male": 30, "Female": 20}, {"male": 30, "Female": 20}]}}