{"timestamp": [1707578675.753751, 1707590806.888546], "data": {"selected": [12, 12], "assigned": [0, 0], "preselecStu": [12, 12], "stuGender": [{"male": 1, "Female": 11}, {"male": 1, "Female": 11}]}}