{"timestamp": [1707542642.356496, 1707545919.776068], "data": {"selected": [12, 12], "assigned": [0, 0], "preselecStu": [12, 12], "stuGender": [{"male": 1, "Female": 11}, {"male": 1, "Female": 11}]}}