{"timestamp": [1707574459.690728, 1707585598.089955], "data": {"selected": [48, 48], "assigned": [0, 0], "preselecStu": [48, 48], "stuGender": [{"male": 24, "Female": 24}, {"male": 24, "Female": 24}]}}