{"timestamp": [1707577914.993403, 1707589800.021371], "data": {"selected": [20, 20], "assigned": [0, 0], "preselecStu": [20, 20], "stuGender": [{"male": 15, "Female": 5}, {"male": 15, "Female": 5}]}}