{"timestamp": [1707542210.232931, 1707545476.487149], "data": {"selected": [20, 20], "assigned": [0, 0], "preselecStu": [20, 20], "stuGender": [{"male": 15, "Female": 5}, {"male": 15, "Female": 5}]}}