{"timestamp": [1734408864.428633, 1734471492.019702], "data": {"selected": [0, 0], "assigned": [27, 27], "preselecStu": [0, 0], "stuGender": [{"male": 0, "Female": 0}, {"male": 0, "Female": 0}]}}