{"timestamp": [1716065478.449508, 1716496798.728667, 1725438907.007831, 1725511928.645266], "data": {"selected": [0, 0, 30, 30], "assigned": [0, 0, 5, 8], "preselecStu": [0, 0, 30, 30], "stuGender": [{"male": 0, "Female": 0}, {"male": 0, "Female": 0}, {"male": 2, "Female": 28}, {"male": 2, "Female": 28}]}}