{"timestamp": [1707541331.541191, 1707544519.055535], "data": {"selected": [58, 58], "assigned": [0, 0], "preselecStu": [58, 58], "stuGender": [{"male": 41, "Female": 17}, {"male": 41, "Female": 17}]}}