{"timestamp": [1707576277.653052, 1707587791.61395, 1707659239.149684], "data": {"selected": [58, 58, 58], "assigned": [0, 0, 0], "preselecStu": [58, 58, 58], "stuGender": [{"male": 41, "Female": 17}, {"male": 41, "Female": 17}, {"male": 41, "Female": 17}]}}