{"timestamp": [1707577533.055694, 1707589284.013079, 1707659939.190192, 1707662547.287539], "data": {"selected": [21, 21, 21, 21], "assigned": [0, 0, 0, 0], "preselecStu": [20, 20, 20, 20], "stuGender": [{"male": 9, "Female": 12}, {"male": 9, "Female": 12}, {"male": 9, "Female": 12}, {"male": 9, "Female": 12}]}}