{"timestamp": [1707577533.055694, 1707589284.013079], "data": {"selected": [21, 21], "assigned": [0, 0], "preselecStu": [20, 20], "stuGender": [{"male": 9, "Female": 12}, {"male": 9, "Female": 12}]}}