{"timestamp": [1707541401.16094, 1707544598.315662], "data": {"selected": [46, 46], "assigned": [0, 0], "preselecStu": [46, 46], "stuGender": [{"male": 31, "Female": 15}, {"male": 31, "Female": 15}]}}