{"timestamp": [1707576400.813409, 1707587968.707826], "data": {"selected": [46, 46], "assigned": [0, 0], "preselecStu": [46, 46], "stuGender": [{"male": 31, "Female": 15}, {"male": 31, "Female": 15}]}}