{"timestamp": [1707540878.623907, 1707544058.809439], "data": {"selected": [26, 26], "assigned": [0, 0], "preselecStu": [26, 26], "stuGender": [{"male": 5, "Female": 21}, {"male": 5, "Female": 21}]}}