{"timestamp": [1734409535.962261, 1734472155.437854, 1734559107.956696, 1734644563.806276], "data": {"selected": [0, 0, 0, 0], "assigned": [127, 130, 135, 138], "preselecStu": [0, 0, 0, 0], "stuGender": [{"male": 0, "Female": 0}, {"male": 0, "Female": 0}, {"male": 0, "Female": 0}, {"male": 0, "Female": 0}]}}