{"timestamp": [1734409535.962261, 1734472155.437854], "data": {"selected": [0, 0], "assigned": [127, 130], "preselecStu": [0, 0], "stuGender": [{"male": 0, "Female": 0}, {"male": 0, "Female": 0}]}}