{"timestamp": [1734409944.982427, 1734472488.740468, 1734559454.254332, 1734644860.706175], "data": {"selected": [0, 0, 0, 0], "assigned": [5, 5, 9, 9], "preselecStu": [0, 0, 0, 0], "stuGender": [{"male": 0, "Female": 0}, {"male": 0, "Female": 0}, {"male": 0, "Female": 0}, {"male": 0, "Female": 0}]}}