{"timestamp": [1734409173.862516, 1734471790.857546], "data": {"selected": [0, 0], "assigned": [24, 26], "preselecStu": [0, 0], "stuGender": [{"male": 0, "Female": 0}, {"male": 0, "Female": 0}]}}