{"timestamp": [1716066869.309445, 1716498112.582964, 1725441040.999468], "data": {"selected": [0, 0, 5], "assigned": [0, 0, 1], "preselecStu": [0, 0, 5], "stuGender": [{"male": 0, "Female": 0}, {"male": 0, "Female": 0}, {"male": 3, "Female": 2}]}}