{"timestamp": [1716066869.309445, 1716498112.582964, 1725441040.999468, 1725513614.493214], "data": {"selected": [0, 0, 5, 5], "assigned": [0, 0, 1, 2], "preselecStu": [0, 0, 5, 5], "stuGender": [{"male": 0, "Female": 0}, {"male": 0, "Female": 0}, {"male": 3, "Female": 2}, {"male": 3, "Female": 2}]}}