{"timestamp": [1716065980.452265, 1716497271.94294, 1725439673.660444], "data": {"selected": [0, 0, 148], "assigned": [0, 79, 1], "preselecStu": [0, 0, 79], "stuGender": [{"male": 0, "Female": 0}, {"male": 0, "Female": 0}, {"male": 78, "Female": 70}]}}