{"timestamp": [1707575594.470842, 1707586958.266252], "data": {"selected": [24, 24], "assigned": [0, 0], "preselecStu": [24, 24], "stuGender": [{"male": 8, "Female": 16}, {"male": 8, "Female": 16}]}}