{"timestamp": [1716064755.895171, 1716496137.192837, 1725437861.608938], "data": {"selected": [0, 0, 17], "assigned": [0, 0, 3], "preselecStu": [0, 0, 17], "stuGender": [{"male": 0, "Female": 0}, {"male": 0, "Female": 0}, {"male": 8, "Female": 9}]}}