{"timestamp": [1707541992.428491, 1707545231.730969], "data": {"selected": [29, 29], "assigned": [0, 0], "preselecStu": [29, 29], "stuGender": [{"male": 18, "Female": 11}, {"male": 18, "Female": 11}]}}