{"timestamp": [1707577502.768748, 1707589248.425833, 1707659921.133749, 1707662530.705888], "data": {"selected": [29, 29, 29, 29], "assigned": [0, 0, 0, 0], "preselecStu": [29, 29, 29, 29], "stuGender": [{"male": 18, "Female": 11}, {"male": 18, "Female": 11}, {"male": 18, "Female": 11}, {"male": 18, "Female": 11}]}}