{"timestamp": [1707578046.882149, 1707589958.828716, 1707660210.495407, 1707662818.949191], "data": {"selected": [34, 34, 34, 34], "assigned": [0, 0, 0, 0], "preselecStu": [34, 34, 34, 34], "stuGender": [{"male": 17, "Female": 17}, {"male": 17, "Female": 17}, {"male": 17, "Female": 17}, {"male": 17, "Female": 17}]}}