{"timestamp": [1716064784.443417, 1716496163.977491, 1725437900.98833, 1725511090.247682], "data": {"selected": [0, 0, 0, 0], "assigned": [0, 0, 68, 120], "preselecStu": [0, 0, 0, 0], "stuGender": [{"male": 0, "Female": 0}, {"male": 0, "Female": 0}, {"male": 0, "Female": 0}, {"male": 0, "Female": 0}]}}