{"timestamp": [1716065434.329499, 1716496755.059593, 1725438847.940505], "data": {"selected": [0, 0, 10], "assigned": [0, 0, 7], "preselecStu": [0, 0, 10], "stuGender": [{"male": 0, "Female": 0}, {"male": 0, "Female": 0}, {"male": 3, "Female": 7}]}}