{"timestamp": [1707542570.757353, 1707545857.891809], "data": {"selected": [19, 19], "assigned": [0, 0], "preselecStu": [19, 19], "stuGender": [{"male": 6, "Female": 13}, {"male": 6, "Female": 13}]}}