{"timestamp": [1716065048.809179, 1716496410.027434, 1725438325.360437, 1725511440.990526], "data": {"selected": [0, 0, 47, 43], "assigned": [0, 0, 1, 4], "preselecStu": [0, 0, 47, 43], "stuGender": [{"male": 0, "Female": 0}, {"male": 0, "Female": 0}, {"male": 16, "Female": 31}, {"male": 14, "Female": 29}]}}