{"timestamp": [1716065048.809179, 1716496410.027434, 1725438325.360437], "data": {"selected": [0, 0, 47], "assigned": [0, 0, 1], "preselecStu": [0, 0, 47], "stuGender": [{"male": 0, "Female": 0}, {"male": 0, "Female": 0}, {"male": 16, "Female": 31}]}}