{"timestamp": [1734405067.890309, 1734467718.458531, 1734554249.261575], "data": {"selected": [0, 0, 0], "assigned": [156, 175, 192], "preselecStu": [0, 0, 0], "stuGender": [{"male": 0, "Female": 0}, {"male": 0, "Female": 0}, {"male": 0, "Female": 0}]}}