{"timestamp": [1707577878.531033, 1707589751.700672, 1707660126.804302, 1707662737.165313], "data": {"selected": [35, 35, 35, 35], "assigned": [0, 0, 0, 0], "preselecStu": [35, 35, 35, 35], "stuGender": [{"male": 26, "Female": 9}, {"male": 26, "Female": 9}, {"male": 26, "Female": 9}, {"male": 26, "Female": 9}]}}