{"timestamp": [1707577878.531033, 1707589751.700672], "data": {"selected": [35, 35], "assigned": [0, 0], "preselecStu": [35, 35], "stuGender": [{"male": 26, "Female": 9}, {"male": 26, "Female": 9}]}}