{"timestamp": [1734406949.52732, 1734469697.06031, 1734556274.01159], "data": {"selected": [0, 0, 0], "assigned": [21, 23, 20], "preselecStu": [0, 0, 0], "stuGender": [{"male": 0, "Female": 0}, {"male": 0, "Female": 0}, {"male": 0, "Female": 0}]}}