{"timestamp": [1716068234.803788, 1716499386.349631, 1725442802.225976, 1725515193.510925], "data": {"selected": [0, 0, 11, 11], "assigned": [0, 0, 31, 41], "preselecStu": [0, 0, 11, 11], "stuGender": [{"male": 0, "Female": 0}, {"male": 0, "Female": 0}, {"male": 5, "Female": 6}, {"male": 5, "Female": 6}]}}