{"timestamp": [1734408861.076278, 1734471489.657924, 1734558335.029483, 1734643998.508399], "data": {"selected": [0, 0, 0, 0], "assigned": [17, 19, 20, 19], "preselecStu": [0, 0, 0, 0], "stuGender": [{"male": 0, "Female": 0}, {"male": 0, "Female": 0}, {"male": 0, "Female": 0}, {"male": 0, "Female": 0}]}}