{"timestamp": [1734408861.076278, 1734471489.657924], "data": {"selected": [0, 0], "assigned": [17, 19], "preselecStu": [0, 0], "stuGender": [{"male": 0, "Female": 0}, {"male": 0, "Female": 0}]}}