{"timestamp": [1734410680.282185, 1734473208.902734, 1734560189.515722, 1734645588.00711], "data": {"selected": [0, 0, 0, 0], "assigned": [6, 6, 7, 7], "preselecStu": [0, 0, 0, 0], "stuGender": [{"male": 0, "Female": 0}, {"male": 0, "Female": 0}, {"male": 0, "Female": 0}, {"male": 0, "Female": 0}]}}