{"timestamp": [1716066765.055598, 1716498009.833011, 1725440895.162835], "data": {"selected": [0, 0, 49], "assigned": [0, 49, 3], "preselecStu": [0, 0, 49], "stuGender": [{"male": 0, "Female": 0}, {"male": 0, "Female": 0}, {"male": 31, "Female": 18}]}}