{"timestamp": [1707541873.808669, 1707545109.339733], "data": {"selected": [70, 70], "assigned": [0, 0], "preselecStu": [70, 70], "stuGender": [{"male": 34, "Female": 36}, {"male": 34, "Female": 36}]}}