{"timestamp": [1716069361.110978, 1716500407.344211, 1725444001.714295], "data": {"selected": [0, 0, 14], "assigned": [0, 3, 0], "preselecStu": [0, 0, 3], "stuGender": [{"male": 0, "Female": 0}, {"male": 0, "Female": 0}, {"male": 6, "Female": 8}]}}