{"timestamp": [1707541541.160768, 1707544745.299635], "data": {"selected": [93, 93], "assigned": [0, 0], "preselecStu": [93, 93], "stuGender": [{"male": 78, "Female": 15}, {"male": 78, "Female": 15}]}}