{"timestamp": [1707576664.468966, 1707588258.617759, 1707659450.394687], "data": {"selected": [93, 93, 93], "assigned": [0, 0, 0], "preselecStu": [93, 93, 93], "stuGender": [{"male": 78, "Female": 15}, {"male": 78, "Female": 15}, {"male": 78, "Female": 15}]}}