{"timestamp": [1707576686.05052, 1707588284.869774, 1707659463.273819], "data": {"selected": [60, 60, 60], "assigned": [0, 0, 0], "preselecStu": [60, 60, 60], "stuGender": [{"male": 49, "Female": 11}, {"male": 49, "Female": 11}, {"male": 49, "Female": 11}]}}