{"timestamp": [1707541553.445768, 1707544758.655293], "data": {"selected": [60, 60], "assigned": [0, 0], "preselecStu": [60, 60], "stuGender": [{"male": 49, "Female": 11}, {"male": 49, "Female": 11}]}}