{"timestamp": [1707542103.769892, 1707545352.748072], "data": {"selected": [50, 50], "assigned": [0, 0], "preselecStu": [50, 50], "stuGender": [{"male": 40, "Female": 10}, {"male": 40, "Female": 10}]}}