{"timestamp": [1707542184.563934, 1707545443.437896], "data": {"selected": [43, 43], "assigned": [0, 0], "preselecStu": [43, 43], "stuGender": [{"male": 34, "Female": 9}, {"male": 34, "Female": 9}]}}