{"timestamp": [1707577865.069128, 1707589720.931953, 1707660119.370781], "data": {"selected": [43, 43, 43], "assigned": [0, 0, 0], "preselecStu": [43, 43, 43], "stuGender": [{"male": 34, "Female": 9}, {"male": 34, "Female": 9}, {"male": 34, "Female": 9}]}}