{"timestamp": [1716068151.504346, 1716499322.663864, 1725442725.134214, 1725515113.082071], "data": {"selected": [0, 0, 0, 0], "assigned": [0, 0, 48, 61], "preselecStu": [0, 0, 0, 0], "stuGender": [{"male": 0, "Female": 0}, {"male": 0, "Female": 0}, {"male": 0, "Female": 0}, {"male": 0, "Female": 0}]}}