{"timestamp": [1716065105.285032, 1716496464.215128, 1725438418.061152], "data": {"selected": [0, 0, 43], "assigned": [0, 42, 2], "preselecStu": [0, 0, 43], "stuGender": [{"male": 0, "Female": 0}, {"male": 0, "Female": 0}, {"male": 15, "Female": 28}]}}