{"timestamp": [1716065105.285032, 1716496464.215128, 1725438418.061152, 1725511501.061144], "data": {"selected": [0, 0, 43, 43], "assigned": [0, 42, 2, 3], "preselecStu": [0, 0, 43, 43], "stuGender": [{"male": 0, "Female": 0}, {"male": 0, "Female": 0}, {"male": 15, "Female": 28}, {"male": 15, "Female": 28}]}}