{"timestamp": [1707542561.716515, 1707545849.385245], "data": {"selected": [20, 20], "assigned": [0, 0], "preselecStu": [20, 20], "stuGender": [{"male": 11, "Female": 9}, {"male": 11, "Female": 9}]}}