{"timestamp": [1707578548.684895, 1707590631.632382, 1707660481.058919, 1707663101.037777], "data": {"selected": [20, 20, 20, 20], "assigned": [0, 0, 0, 0], "preselecStu": [20, 20, 20, 20], "stuGender": [{"male": 11, "Female": 9}, {"male": 11, "Female": 9}, {"male": 11, "Female": 9}, {"male": 11, "Female": 9}]}}