{"timestamp": [1716069038.074327, 1716500126.254479, 1725443691.809103, 1725516085.560883], "data": {"selected": [0, 0, 5, 5], "assigned": [0, 0, 15, 18], "preselecStu": [0, 0, 5, 5], "stuGender": [{"male": 0, "Female": 0}, {"male": 0, "Female": 0}, {"male": 1, "Female": 4}, {"male": 1, "Female": 4}]}}