{"timestamp": [1716066130.959323, 1716497409.748736, 1725439933.557358], "data": {"selected": [0, 0, 1], "assigned": [0, 0, 8], "preselecStu": [0, 0, 1], "stuGender": [{"male": 0, "Female": 0}, {"male": 0, "Female": 0}, {"male": 1, "Female": 0}]}}