{"timestamp": [1707542763.112468, 1707546051.234257], "data": {"selected": [12, 12], "assigned": [0, 0], "preselecStu": [12, 12], "stuGender": [{"male": 9, "Female": 3}, {"male": 9, "Female": 3}]}}