{"timestamp": [1734410889.841138, 1734473389.507899, 1734560370.791186], "data": {"selected": [0, 0, 0], "assigned": [10, 11, 12], "preselecStu": [0, 0, 0], "stuGender": [{"male": 0, "Female": 0}, {"male": 0, "Female": 0}, {"male": 0, "Female": 0}]}}