{"timestamp": [1707578075.933838, 1707590005.370557], "data": {"selected": [25, 25], "assigned": [0, 0], "preselecStu": [25, 25], "stuGender": [{"male": 15, "Female": 10}, {"male": 15, "Female": 10}]}}