{"timestamp": [1707578075.933838, 1707590005.370557, 1707660226.082629, 1707662834.452724], "data": {"selected": [25, 25, 25, 25], "assigned": [0, 0, 0, 0], "preselecStu": [25, 25, 25, 25], "stuGender": [{"male": 15, "Female": 10}, {"male": 15, "Female": 10}, {"male": 15, "Female": 10}, {"male": 15, "Female": 10}]}}