{"timestamp": [1707541475.542765, 1707544676.819246], "data": {"selected": [14, 14], "assigned": [0, 0], "preselecStu": [14, 14], "stuGender": [{"male": 3, "Female": 11}, {"male": 3, "Female": 11}]}}