{"timestamp": [1716068263.669502, 1716499416.551179, 1725442838.438332], "data": {"selected": [0, 0, 33], "assigned": [0, 0, 4], "preselecStu": [0, 0, 2], "stuGender": [{"male": 0, "Female": 0}, {"male": 0, "Female": 0}, {"male": 19, "Female": 14}]}}