{"timestamp": [1707575576.380171, 1707586937.773356], "data": {"selected": [50, 50], "assigned": [0, 0], "preselecStu": [50, 50], "stuGender": [{"male": 20, "Female": 30}, {"male": 20, "Female": 30}]}}