{"timestamp": [1716065036.93045, 1716496399.12599, 1725438307.372599, 1725511427.821926], "data": {"selected": [0, 0, 0, 0], "assigned": [0, 0, 32, 111], "preselecStu": [0, 0, 0, 0], "stuGender": [{"male": 0, "Female": 0}, {"male": 0, "Female": 0}, {"male": 0, "Female": 0}, {"male": 0, "Female": 0}]}}