{"timestamp": [1716067243.409094, 1716498476.434031, 1725441495.561793], "data": {"selected": [0, 0, 15], "assigned": [0, 0, 0], "preselecStu": [0, 0, 15], "stuGender": [{"male": 0, "Female": 0}, {"male": 0, "Female": 0}, {"male": 11, "Female": 4}]}}