{"timestamp": [1716067770.610047, 1716498984.957204, 1725442227.630688, 1725514637.046952], "data": {"selected": [0, 0, 92, 92], "assigned": [0, 0, 29, 35], "preselecStu": [0, 0, 19, 19], "stuGender": [{"male": 0, "Female": 0}, {"male": 0, "Female": 0}, {"male": 75, "Female": 17}, {"male": 75, "Female": 17}]}}