{"timestamp": [1716068930.349649, 1716500033.981858, 1725443563.096864, 1725515957.882921], "data": {"selected": [0, 0, 25, 25], "assigned": [0, 0, 10, 10], "preselecStu": [0, 0, 25, 25], "stuGender": [{"male": 0, "Female": 0}, {"male": 0, "Female": 0}, {"male": 9, "Female": 16}, {"male": 9, "Female": 16}]}}