{"timestamp": [1734407732.796972, 1734470434.188236, 1734557106.678733], "data": {"selected": [0, 0, 0], "assigned": [18, 20, 24], "preselecStu": [0, 0, 0], "stuGender": [{"male": 0, "Female": 0}, {"male": 0, "Female": 0}, {"male": 0, "Female": 0}]}}