{"timestamp": [1734408209.124685, 1734470875.408902], "data": {"selected": [0, 0], "assigned": [65, 68], "preselecStu": [0, 0], "stuGender": [{"male": 0, "Female": 0}, {"male": 0, "Female": 0}]}}