{"timestamp": [1734408209.124685, 1734470875.408902, 1734557613.495055], "data": {"selected": [0, 0, 0], "assigned": [65, 68, 74], "preselecStu": [0, 0, 0], "stuGender": [{"male": 0, "Female": 0}, {"male": 0, "Female": 0}, {"male": 0, "Female": 0}]}}