{"timestamp": [1716066707.693303, 1716497950.4235, 1725440792.550481], "data": {"selected": [0, 0, 11], "assigned": [0, 0, 13], "preselecStu": [0, 0, 11], "stuGender": [{"male": 0, "Female": 0}, {"male": 0, "Female": 0}, {"male": 10, "Female": 1}]}}