{"timestamp": [1708833634.868763, 1708894398.031119, 1708980953.376239], "data": {"selected": [0, 0, 0], "assigned": [0, 0, 1], "preselecStu": [0, 0, 0], "stuGender": [{"male": 0, "Female": 0}, {"male": 0, "Female": 0}, {"male": 0, "Female": 0}]}}