{"timestamp": [1707576705.895721, 1707588315.587896, 1707659474.969607], "data": {"selected": [62, 62, 62], "assigned": [0, 0, 0], "preselecStu": [62, 62, 62], "stuGender": [{"male": 49, "Female": 13}, {"male": 49, "Female": 13}, {"male": 49, "Female": 13}]}}