{"timestamp": [1707577761.817767, 1707589577.031843], "data": {"selected": [40, 40], "assigned": [0, 0], "preselecStu": [40, 40], "stuGender": [{"male": 33, "Female": 7}, {"male": 33, "Female": 7}]}}