{"timestamp": [1707574624.275366, 1707585785.61771, 1707658303.752435], "data": {"selected": [40, 40, 40], "assigned": [0, 0, 0], "preselecStu": [40, 40, 40], "stuGender": [{"male": 30, "Female": 10}, {"male": 30, "Female": 10}, {"male": 30, "Female": 10}]}}