{"timestamp": [1707540415.193446, 1707543591.366229], "data": {"selected": [40, 40], "assigned": [0, 0], "preselecStu": [40, 40], "stuGender": [{"male": 30, "Female": 10}, {"male": 30, "Female": 10}]}}