{"timestamp": [1707542466.603807, 1707545744.367028], "data": {"selected": [20, 20], "assigned": [0, 0], "preselecStu": [20, 20], "stuGender": [{"male": 13, "Female": 7}, {"male": 13, "Female": 7}]}}