{"timestamp": [1707578368.374515, 1707590393.524376], "data": {"selected": [20, 20], "assigned": [0, 0], "preselecStu": [20, 20], "stuGender": [{"male": 13, "Female": 7}, {"male": 13, "Female": 7}]}}