{"timestamp": [1716068633.431617, 1716499755.091794, 1725443244.569042, 1725515642.568273], "data": {"selected": [0, 0, 23, 23], "assigned": [0, 28, 9, 11], "preselecStu": [0, 0, 23, 23], "stuGender": [{"male": 0, "Female": 0}, {"male": 0, "Female": 0}, {"male": 17, "Female": 6}, {"male": 17, "Female": 6}]}}