{"timestamp": [1716067809.61833, 1716499023.785114, 1725442280.831385], "data": {"selected": [0, 0, 49], "assigned": [0, 0, 42], "preselecStu": [0, 0, 49], "stuGender": [{"male": 0, "Female": 0}, {"male": 0, "Female": 0}, {"male": 39, "Female": 10}]}}