{"timestamp": [1716064294.521791, 1716495731.467167, 1725437204.817269], "data": {"selected": [0, 0, 58], "assigned": [0, 0, 0], "preselecStu": [0, 0, 0], "stuGender": [{"male": 0, "Female": 0}, {"male": 0, "Female": 0}, {"male": 23, "Female": 35}]}}