{"timestamp": [1716064709.139404, 1716496101.829563, 1725437807.360502], "data": {"selected": [0, 0, 1], "assigned": [0, 0, 1], "preselecStu": [0, 0, 1], "stuGender": [{"male": 0, "Female": 0}, {"male": 0, "Female": 0}, {"male": 0, "Female": 1}]}}