{"timestamp": [1707577666.491645, 1707589451.771484, 1707660016.216703, 1707662623.781425], "data": {"selected": [70, 70, 70, 70], "assigned": [0, 0, 0, 0], "preselecStu": [70, 70, 70, 70], "stuGender": [{"male": 57, "Female": 13}, {"male": 57, "Female": 13}, {"male": 57, "Female": 13}, {"male": 57, "Female": 13}]}}