{"timestamp": [1707542083.367389, 1707545331.369794], "data": {"selected": [70, 70], "assigned": [0, 0], "preselecStu": [70, 70], "stuGender": [{"male": 57, "Female": 13}, {"male": 57, "Female": 13}]}}