{"timestamp": [1707578064.290799, 1707589989.679361], "data": {"selected": [10, 10], "assigned": [0, 0], "preselecStu": [10, 10], "stuGender": [{"male": 3, "Female": 7}, {"male": 3, "Female": 7}]}}