{"timestamp": [1716067032.171206, 1716498269.434269, 1725441246.728503], "data": {"selected": [0, 0, 9], "assigned": [0, 0, 6], "preselecStu": [0, 0, 9], "stuGender": [{"male": 0, "Female": 0}, {"male": 0, "Female": 0}, {"male": 8, "Female": 1}]}}