{"timestamp": [1707575482.611393, 1707586830.112882], "data": {"selected": [29, 29], "assigned": [0, 0], "preselecStu": [29, 29], "stuGender": [{"male": 12, "Female": 17}, {"male": 12, "Female": 17}]}}