{"timestamp": [1707577998.505272, 1707589882.045085, 1707660182.807293, 1707662792.762376], "data": {"selected": [26, 26, 26, 26], "assigned": [0, 0, 0, 0], "preselecStu": [26, 26, 26, 26], "stuGender": [{"male": 22, "Female": 4}, {"male": 22, "Female": 4}, {"male": 22, "Female": 4}, {"male": 22, "Female": 4}]}}