{"timestamp": [1707542249.795152, 1707545525.31109], "data": {"selected": [26, 26], "assigned": [0, 0], "preselecStu": [26, 26], "stuGender": [{"male": 22, "Female": 4}, {"male": 22, "Female": 4}]}}