{"timestamp": [1716067432.248656, 1716498667.906235, 1725441810.415866, 1725514245.753183], "data": {"selected": [0, 0, 27, 27], "assigned": [0, 0, 0, 0], "preselecStu": [0, 0, 0, 0], "stuGender": [{"male": 0, "Female": 0}, {"male": 0, "Female": 0}, {"male": 11, "Female": 16}, {"male": 11, "Female": 16}]}}