{"timestamp": [1707541653.07547, 1707544863.774598], "data": {"selected": [66, 66], "assigned": [0, 0], "preselecStu": [66, 66], "stuGender": [{"male": 51, "Female": 15}, {"male": 51, "Female": 15}]}}