{"timestamp": [1734410755.162543, 1734473269.911947], "data": {"selected": [0, 0], "assigned": [23, 27], "preselecStu": [0, 0], "stuGender": [{"male": 0, "Female": 0}, {"male": 0, "Female": 0}]}}