{"timestamp": [1716066287.883973, 1716497550.195043, 1725440148.607309], "data": {"selected": [0, 0, 5], "assigned": [0, 0, 4], "preselecStu": [0, 0, 5], "stuGender": [{"male": 0, "Female": 0}, {"male": 0, "Female": 0}, {"male": 3, "Female": 2}]}}