{"timestamp": [1707575182.395551, 1707586471.274658, 1707658631.201447], "data": {"selected": [4, 4, 4], "assigned": [0, 0, 0], "preselecStu": [4, 4, 4], "stuGender": [{"male": 2, "Female": 2}, {"male": 2, "Female": 2}, {"male": 2, "Female": 2}]}}