{"timestamp": [1734408154.880192, 1734470832.06485, 1734557565.97703], "data": {"selected": [0, 0, 0], "assigned": [30, 35, 39], "preselecStu": [0, 0, 0], "stuGender": [{"male": 0, "Female": 0}, {"male": 0, "Female": 0}, {"male": 0, "Female": 0}]}}