{"timestamp": [1707541953.30409, 1707545193.78657], "data": {"selected": [35, 35], "assigned": [0, 0], "preselecStu": [35, 35], "stuGender": [{"male": 22, "Female": 13}, {"male": 22, "Female": 13}]}}