{"timestamp": [1707578606.785005, 1707590705.069845, 1707660514.40965], "data": {"selected": [40, 40, 40], "assigned": [0, 0, 0], "preselecStu": [40, 40, 40], "stuGender": [{"male": 18, "Female": 22}, {"male": 18, "Female": 22}, {"male": 18, "Female": 22}]}}