{"timestamp": [1707542606.441351, 1707545881.769591], "data": {"selected": [40, 40], "assigned": [0, 0], "preselecStu": [40, 40], "stuGender": [{"male": 18, "Female": 22}, {"male": 18, "Female": 22}]}}