{"timestamp": [1707575131.349698, 1707586408.858692], "data": {"selected": [50, 50], "assigned": [0, 0], "preselecStu": [50, 50], "stuGender": [{"male": 33, "Female": 17}, {"male": 33, "Female": 17}]}}