{"timestamp": [1707576463.962231, 1707588039.018118], "data": {"selected": [55, 55], "assigned": [0, 0], "preselecStu": [55, 55], "stuGender": [{"male": 42, "Female": 13}, {"male": 42, "Female": 13}]}}