{"timestamp": [1707540585.386212, 1707543758.941814], "data": {"selected": [45, 45], "assigned": [0, 0], "preselecStu": [45, 45], "stuGender": [{"male": 36, "Female": 9}, {"male": 36, "Female": 9}]}}