{"timestamp": [1707576300.941613, 1707587825.030546], "data": {"selected": [24, 24], "assigned": [0, 0], "preselecStu": [24, 24], "stuGender": [{"male": 16, "Female": 8}, {"male": 16, "Female": 8}]}}