{"timestamp": [1716064107.378531, 1716495545.75729, 1725436903.492115], "data": {"selected": [0, 0, 0], "assigned": [0, 0, 13], "preselecStu": [0, 0, 0], "stuGender": [{"male": 0, "Female": 0}, {"male": 0, "Female": 0}, {"male": 0, "Female": 0}]}}