{"timestamp": [1716063690.849351, 1716495160.087819, 1725436326.040092], "data": {"selected": [0, 0, 50], "assigned": [0, 0, 0], "preselecStu": [0, 0, 0], "stuGender": [{"male": 0, "Female": 0}, {"male": 0, "Female": 0}, {"male": 40, "Female": 10}]}}