{"timestamp": [1707575878.419345, 1707587287.89971], "data": {"selected": [97, 97], "assigned": [0, 0], "preselecStu": [97, 97], "stuGender": [{"male": 83, "Female": 14}, {"male": 83, "Female": 14}]}}