{"timestamp": [1707541122.874128, 1707544303.442569], "data": {"selected": [97, 97], "assigned": [0, 0], "preselecStu": [97, 97], "stuGender": [{"male": 83, "Female": 14}, {"male": 83, "Female": 14}]}}