{"timestamp": [1716066484.059129, 1716497718.24187, 1725440420.767044, 1725513108.22221], "data": {"selected": [0, 0, 5, 5], "assigned": [0, 0, 6, 9], "preselecStu": [0, 0, 5, 5], "stuGender": [{"male": 0, "Female": 0}, {"male": 0, "Female": 0}, {"male": 4, "Female": 1}, {"male": 4, "Female": 1}]}}