{"timestamp": [1716066484.059129, 1716497718.24187, 1725440420.767044], "data": {"selected": [0, 0, 5], "assigned": [0, 0, 6], "preselecStu": [0, 0, 5], "stuGender": [{"male": 0, "Female": 0}, {"male": 0, "Female": 0}, {"male": 4, "Female": 1}]}}