{"timestamp": [1734405508.069961, 1734468159.411286, 1734554680.758542], "data": {"selected": [0, 0, 0], "assigned": [57, 58, 58], "preselecStu": [0, 0, 0], "stuGender": [{"male": 0, "Female": 0}, {"male": 0, "Female": 0}, {"male": 0, "Female": 0}]}}