{"timestamp": [1707576069.308017, 1707587498.969063, 1707659125.144559, 1707661723.329146], "data": {"selected": [8, 8, 8, 8], "assigned": [0, 0, 0, 0], "preselecStu": [8, 8, 8, 8], "stuGender": [{"male": 7, "Female": 1}, {"male": 7, "Female": 1}, {"male": 7, "Female": 1}, {"male": 7, "Female": 1}]}}