{"timestamp": [1734404851.443765, 1734467482.631792], "data": {"selected": [0, 0], "assigned": [45, 46], "preselecStu": [0, 0], "stuGender": [{"male": 0, "Female": 0}, {"male": 0, "Female": 0}]}}