{"timestamp": [1734404851.443765, 1734467482.631792, 1734553974.051814, 1734640284.745912], "data": {"selected": [0, 0, 0, 0], "assigned": [45, 46, 47, 47], "preselecStu": [0, 0, 0, 0], "stuGender": [{"male": 0, "Female": 0}, {"male": 0, "Female": 0}, {"male": 0, "Female": 0}, {"male": 0, "Female": 0}]}}