{"timestamp": [1707576007.207034, 1707587426.573807], "data": {"selected": [48, 48], "assigned": [0, 0], "preselecStu": [48, 48], "stuGender": [{"male": 43, "Female": 5}, {"male": 43, "Female": 5}]}}