{"timestamp": [1707575351.071974, 1707586673.995923], "data": {"selected": [14, 14], "assigned": [0, 0], "preselecStu": [14, 14], "stuGender": [{"male": 4, "Female": 10}, {"male": 4, "Female": 10}]}}