{"timestamp": [1707540829.072258, 1707544008.760054], "data": {"selected": [14, 14], "assigned": [0, 0], "preselecStu": [14, 14], "stuGender": [{"male": 4, "Female": 10}, {"male": 4, "Female": 10}]}}