{"timestamp": [1716064116.327566, 1716495556.378696, 1725436917.355454, 1725510302.092079], "data": {"selected": [0, 0, 0, 0], "assigned": [0, 0, 6, 10], "preselecStu": [0, 0, 0, 0], "stuGender": [{"male": 0, "Female": 0}, {"male": 0, "Female": 0}, {"male": 0, "Female": 0}, {"male": 0, "Female": 0}]}}