{"timestamp": [1734408329.152049, 1734470981.930328], "data": {"selected": [0, 0], "assigned": [22, 24], "preselecStu": [0, 0], "stuGender": [{"male": 0, "Female": 0}, {"male": 0, "Female": 0}]}}