{"timestamp": [1734408329.152049, 1734470981.930328, 1734557735.829276, 1734643527.787889], "data": {"selected": [0, 0, 0, 0], "assigned": [22, 24, 26, 31], "preselecStu": [0, 0, 0, 0], "stuGender": [{"male": 0, "Female": 0}, {"male": 0, "Female": 0}, {"male": 0, "Female": 0}, {"male": 0, "Female": 0}]}}