{"timestamp": [1734409986.955324, 1734472532.930264, 1734559504.129834], "data": {"selected": [0, 0, 0], "assigned": [10, 10, 10], "preselecStu": [0, 0, 0], "stuGender": [{"male": 0, "Female": 0}, {"male": 0, "Female": 0}, {"male": 0, "Female": 0}]}}