{"timestamp": [1707542047.792137, 1707545294.791233], "data": {"selected": [10, 10], "assigned": [0, 0], "preselecStu": [10, 10], "stuGender": [{"male": 1, "Female": 9}, {"male": 1, "Female": 9}]}}