{"timestamp": [1707577603.485001, 1707589369.332926, 1707659978.854782], "data": {"selected": [10, 10, 10], "assigned": [0, 0, 0], "preselecStu": [10, 10, 10], "stuGender": [{"male": 1, "Female": 9}, {"male": 1, "Female": 9}, {"male": 1, "Female": 9}]}}