{"timestamp": [1716067680.24591, 1716498905.614106, 1725442113.691649], "data": {"selected": [0, 0, 12], "assigned": [0, 12, 0], "preselecStu": [0, 0, 0], "stuGender": [{"male": 0, "Female": 0}, {"male": 0, "Female": 0}, {"male": 2, "Female": 10}]}}