{"timestamp": [1716067281.639441, 1716498514.479996, 1725441581.711411], "data": {"selected": [0, 0, 27], "assigned": [0, 0, 37], "preselecStu": [0, 0, 27], "stuGender": [{"male": 0, "Female": 0}, {"male": 0, "Female": 0}, {"male": 20, "Female": 7}]}}