{"timestamp": [1707540582.178284, 1707543755.79416], "data": {"selected": [49, 49], "assigned": [0, 0], "preselecStu": [49, 49], "stuGender": [{"male": 8, "Female": 41}, {"male": 8, "Female": 41}]}}