{"timestamp": [1734411141.450766, 1734473609.576073, 1734560604.462178, 1734646003.668067], "data": {"selected": [0, 0, 0, 0], "assigned": [2, 2, 3, 3], "preselecStu": [0, 0, 0, 0], "stuGender": [{"male": 0, "Female": 0}, {"male": 0, "Female": 0}, {"male": 0, "Female": 0}, {"male": 0, "Female": 0}]}}