{"timestamp": [1734408162.479523, 1734470839.319264, 1734557573.471129], "data": {"selected": [0, 0, 0], "assigned": [68, 69, 72], "preselecStu": [0, 0, 0], "stuGender": [{"male": 0, "Female": 0}, {"male": 0, "Female": 0}, {"male": 0, "Female": 0}]}}