{"timestamp": [1734408142.899442, 1734470818.230285, 1734557553.550403, 1734643364.493263], "data": {"selected": [0, 0, 0, 0], "assigned": [66, 65, 67, 67], "preselecStu": [0, 0, 0, 0], "stuGender": [{"male": 0, "Female": 0}, {"male": 0, "Female": 0}, {"male": 0, "Female": 0}, {"male": 0, "Female": 0}]}}