{"timestamp": [1734408738.68231, 1734471355.4887, 1734558184.531695], "data": {"selected": [0, 0, 0], "assigned": [62, 70, 87], "preselecStu": [0, 0, 0], "stuGender": [{"male": 0, "Female": 0}, {"male": 0, "Female": 0}, {"male": 0, "Female": 0}]}}