{"timestamp": [1707575036.986701, 1707586299.600639], "data": {"selected": [50, 50], "assigned": [0, 0], "preselecStu": [50, 50], "stuGender": [{"male": 40, "Female": 10}, {"male": 40, "Female": 10}]}}