{"timestamp": [1716068640.047797, 1716499761.514377, 1725443252.12101], "data": {"selected": [0, 0, 28], "assigned": [0, 28, 3], "preselecStu": [0, 0, 28], "stuGender": [{"male": 0, "Female": 0}, {"male": 0, "Female": 0}, {"male": 21, "Female": 7}]}}