{"timestamp": [1707542004.486698, 1707545244.847013], "data": {"selected": [22, 22], "assigned": [0, 0], "preselecStu": [21, 21], "stuGender": [{"male": 12, "Female": 10}, {"male": 12, "Female": 10}]}}