{"timestamp": [1716065372.675859, 1716496693.430815, 1725438760.776429, 1725511791.774093], "data": {"selected": [0, 0, 12, 12], "assigned": [0, 0, 2, 3], "preselecStu": [0, 0, 12, 12], "stuGender": [{"male": 0, "Female": 0}, {"male": 0, "Female": 0}, {"male": 0, "Female": 12}, {"male": 0, "Female": 12}]}}