{"timestamp": [1707578591.764925, 1707590687.170426, 1707660505.631836], "data": {"selected": [25, 25, 25], "assigned": [0, 0, 0], "preselecStu": [25, 25, 25], "stuGender": [{"male": 6, "Female": 19}, {"male": 6, "Female": 19}, {"male": 6, "Female": 19}]}}