{"timestamp": [1707542598.080751, 1707545873.111158], "data": {"selected": [25, 25], "assigned": [0, 0], "preselecStu": [25, 25], "stuGender": [{"male": 6, "Female": 19}, {"male": 6, "Female": 19}]}}