{"timestamp": [1716064349.910037, 1716495783.506959, 1725437293.43636], "data": {"selected": [0, 0, 47], "assigned": [0, 0, 69], "preselecStu": [0, 0, 47], "stuGender": [{"male": 0, "Female": 0}, {"male": 0, "Female": 0}, {"male": 22, "Female": 25}]}}