{"timestamp": [1716064349.910037, 1716495783.506959, 1725437293.43636, 1725510585.290433], "data": {"selected": [0, 0, 47, 46], "assigned": [0, 0, 69, 136], "preselecStu": [0, 0, 47, 46], "stuGender": [{"male": 0, "Female": 0}, {"male": 0, "Female": 0}, {"male": 22, "Female": 25}, {"male": 21, "Female": 25}]}}