{"timestamp": [1734408140.462565, 1734470815.82622, 1734557551.04987, 1734643361.771533], "data": {"selected": [0, 0, 0, 0], "assigned": [56, 55, 57, 57], "preselecStu": [0, 0, 0, 0], "stuGender": [{"male": 0, "Female": 0}, {"male": 0, "Female": 0}, {"male": 0, "Female": 0}, {"male": 0, "Female": 0}]}}