{"timestamp": [1716064877.029065, 1716496257.953096, 1725438053.449904], "data": {"selected": [0, 0, 1], "assigned": [0, 0, 2], "preselecStu": [0, 0, 1], "stuGender": [{"male": 0, "Female": 0}, {"male": 0, "Female": 0}, {"male": 1, "Female": 0}]}}