{"timestamp": [1734406352.589167, 1734469086.957533], "data": {"selected": [0, 0], "assigned": [31, 35], "preselecStu": [0, 0], "stuGender": [{"male": 0, "Female": 0}, {"male": 0, "Female": 0}]}}