{"timestamp": [1716065009.821554, 1716496371.651266, 1725438264.758572], "data": {"selected": [0, 0, 0], "assigned": [0, 0, 110], "preselecStu": [0, 0, 0], "stuGender": [{"male": 0, "Female": 0}, {"male": 0, "Female": 0}, {"male": 0, "Female": 0}]}}