{"timestamp": [1707541590.690805, 1707544797.231436], "data": {"selected": [59, 59], "assigned": [0, 0], "preselecStu": [59, 59], "stuGender": [{"male": 49, "Female": 10}, {"male": 49, "Female": 10}]}}