{"timestamp": [1707540630.667993, 1707543805.35831], "data": {"selected": [48, 48], "assigned": [0, 0], "preselecStu": [48, 48], "stuGender": [{"male": 27, "Female": 21}, {"male": 27, "Female": 21}]}}