{"timestamp": [1734408101.434679, 1734470779.911756], "data": {"selected": [0, 0], "assigned": [11, 12], "preselecStu": [0, 0], "stuGender": [{"male": 0, "Female": 0}, {"male": 0, "Female": 0}]}}