{"timestamp": [1734408101.434679, 1734470779.911756, 1734557512.558421, 1734643327.299075], "data": {"selected": [0, 0, 0, 0], "assigned": [11, 12, 15, 16], "preselecStu": [0, 0, 0, 0], "stuGender": [{"male": 0, "Female": 0}, {"male": 0, "Female": 0}, {"male": 0, "Female": 0}, {"male": 0, "Female": 0}]}}