{"timestamp": [1707540957.213709, 1707544137.206818], "data": {"selected": [45, 45], "assigned": [0, 0], "preselecStu": [45, 45], "stuGender": [{"male": 13, "Female": 32}, {"male": 13, "Female": 32}]}}