{"timestamp": [1707575580.707689, 1707586942.198811, 1707658860.416203], "data": {"selected": [45, 45, 45], "assigned": [0, 0, 0], "preselecStu": [45, 45, 45], "stuGender": [{"male": 13, "Female": 32}, {"male": 13, "Female": 32}, {"male": 13, "Female": 32}]}}