{"timestamp": [1707542594.680358, 1707545869.91996], "data": {"selected": [21, 21], "assigned": [0, 0], "preselecStu": [21, 21], "stuGender": [{"male": 13, "Female": 8}, {"male": 13, "Female": 8}]}}