{"timestamp": [1707578586.11957, 1707590680.461319, 1707660502.070701], "data": {"selected": [21, 21, 21], "assigned": [0, 0, 0], "preselecStu": [21, 21, 21], "stuGender": [{"male": 13, "Female": 8}, {"male": 13, "Female": 8}, {"male": 13, "Female": 8}]}}