{"timestamp": [1716066839.584837, 1716498081.801531, 1725440999.754528, 1725513579.441121], "data": {"selected": [0, 0, 2, 2], "assigned": [0, 0, 12, 18], "preselecStu": [0, 0, 2, 2], "stuGender": [{"male": 0, "Female": 0}, {"male": 0, "Female": 0}, {"male": 1, "Female": 1}, {"male": 1, "Female": 1}]}}