{"timestamp": [1707540692.552086, 1707543870.954428], "data": {"selected": [50, 50], "assigned": [0, 0], "preselecStu": [50, 50], "stuGender": [{"male": 28, "Female": 22}, {"male": 28, "Female": 22}]}}