{"timestamp": [1734408829.749978, 1734471462.423233, 1734558281.014027], "data": {"selected": [0, 0, 0], "assigned": [59, 67, 76], "preselecStu": [0, 0, 0], "stuGender": [{"male": 0, "Female": 0}, {"male": 0, "Female": 0}, {"male": 0, "Female": 0}]}}