{"timestamp": [1716065578.89983, 1716496900.988446, 1725439103.89829, 1725512093.067267], "data": {"selected": [0, 0, 42, 42], "assigned": [0, 0, 9, 13], "preselecStu": [0, 0, 3, 3], "stuGender": [{"male": 0, "Female": 0}, {"male": 0, "Female": 0}, {"male": 35, "Female": 7}, {"male": 35, "Female": 7}]}}