{"timestamp": [1707575564.199073, 1707586924.608435, 1707658851.847642, 1707661447.932572], "data": {"selected": [3, 3, 3, 3], "assigned": [0, 0, 0, 0], "preselecStu": [3, 3, 3, 3], "stuGender": [{"male": 1, "Female": 2}, {"male": 1, "Female": 2}, {"male": 1, "Female": 2}, {"male": 1, "Female": 2}]}}