{"timestamp": [1734409367.262393, 1734471975.675698, 1734558901.158645], "data": {"selected": [0, 0, 0], "assigned": [74, 76, 81], "preselecStu": [0, 0, 0], "stuGender": [{"male": 0, "Female": 0}, {"male": 0, "Female": 0}, {"male": 0, "Female": 0}]}}