{"timestamp": [1734409367.262393, 1734471975.675698], "data": {"selected": [0, 0], "assigned": [74, 76], "preselecStu": [0, 0], "stuGender": [{"male": 0, "Female": 0}, {"male": 0, "Female": 0}]}}