{"timestamp": [1734408867.213332, 1734471494.337668, 1734558340.394204, 1734644003.267976], "data": {"selected": [0, 0, 0, 0], "assigned": [5, 6, 6, 7], "preselecStu": [0, 0, 0, 0], "stuGender": [{"male": 0, "Female": 0}, {"male": 0, "Female": 0}, {"male": 0, "Female": 0}, {"male": 0, "Female": 0}]}}