{"timestamp": [1707575642.130355, 1707587009.372553, 1707658892.169264, 1707661489.18312], "data": {"selected": [15, 15, 15, 15], "assigned": [0, 0, 0, 0], "preselecStu": [15, 15, 15, 15], "stuGender": [{"male": 3, "Female": 12}, {"male": 3, "Female": 12}, {"male": 3, "Female": 12}, {"male": 3, "Female": 12}]}}