{"timestamp": [1707574966.743997, 1707586192.606776], "data": {"selected": [10, 10], "assigned": [0, 0], "preselecStu": [10, 10], "stuGender": [{"male": 7, "Female": 3}, {"male": 7, "Female": 3}]}}