{"timestamp": [1716067651.043208, 1716498887.17489, 1725442087.905932], "data": {"selected": [0, 0, 5], "assigned": [0, 0, 0], "preselecStu": [0, 0, 5], "stuGender": [{"male": 0, "Female": 0}, {"male": 0, "Female": 0}, {"male": 0, "Female": 5}]}}