{"timestamp": [1716064947.62183, 1716496312.075154, 1725438147.609567, 1725511309.212185], "data": {"selected": [0, 0, 0, 0], "assigned": [0, 0, 72, 124], "preselecStu": [0, 0, 0, 0], "stuGender": [{"male": 0, "Female": 0}, {"male": 0, "Female": 0}, {"male": 0, "Female": 0}, {"male": 0, "Female": 0}]}}