{"timestamp": [1734407003.808909, 1734469756.252203], "data": {"selected": [0, 0], "assigned": [12, 14], "preselecStu": [0, 0], "stuGender": [{"male": 0, "Female": 0}, {"male": 0, "Female": 0}]}}