{"timestamp": [1734407003.808909, 1734469756.252203, 1734556339.675596, 1734642385.139081], "data": {"selected": [0, 0, 0, 0], "assigned": [12, 14, 16, 17], "preselecStu": [0, 0, 0, 0], "stuGender": [{"male": 0, "Female": 0}, {"male": 0, "Female": 0}, {"male": 0, "Female": 0}, {"male": 0, "Female": 0}]}}