{"timestamp": [1734408358.631599, 1734471006.421374, 1734557761.49811, 1734643550.387956], "data": {"selected": [0, 0, 0, 0], "assigned": [15, 18, 18, 18], "preselecStu": [0, 0, 0, 0], "stuGender": [{"male": 0, "Female": 0}, {"male": 0, "Female": 0}, {"male": 0, "Female": 0}, {"male": 0, "Female": 0}]}}