{"timestamp": [1707575944.791143, 1707587360.478932], "data": {"selected": [22, 22], "assigned": [0, 0], "preselecStu": [22, 22], "stuGender": [{"male": 14, "Female": 8}, {"male": 14, "Female": 8}]}}