{"timestamp": [1734405428.272194, 1734468094.265544, 1734554614.849245, 1734640841.185323], "data": {"selected": [0, 0, 0, 0], "assigned": [2, 2, 2, 1], "preselecStu": [0, 0, 0, 0], "stuGender": [{"male": 0, "Female": 0}, {"male": 0, "Female": 0}, {"male": 0, "Female": 0}, {"male": 0, "Female": 0}]}}