{"timestamp": [1716067382.692662, 1716498625.776349, 1725441761.692609, 1725514194.757067], "data": {"selected": [0, 0, 0, 0], "assigned": [0, 0, 3, 3], "preselecStu": [0, 0, 0, 0], "stuGender": [{"male": 0, "Female": 0}, {"male": 0, "Female": 0}, {"male": 0, "Female": 0}, {"male": 0, "Female": 0}]}}