{"timestamp": [1716068809.952056, 1716499925.974317, 1725443442.087888, 1725515837.102557], "data": {"selected": [0, 0, 2, 2], "assigned": [0, 0, 2, 4], "preselecStu": [0, 0, 2, 2], "stuGender": [{"male": 0, "Female": 0}, {"male": 0, "Female": 0}, {"male": 1, "Female": 1}, {"male": 1, "Female": 1}]}}