{"timestamp": [1734407917.689917, 1734470610.291082], "data": {"selected": [0, 0], "assigned": [65, 67], "preselecStu": [0, 0], "stuGender": [{"male": 0, "Female": 0}, {"male": 0, "Female": 0}]}}