{"timestamp": [1734407917.689917, 1734470610.291082, 1734557307.008621, 1734643165.69645], "data": {"selected": [0, 0, 0, 0], "assigned": [65, 67, 68, 75], "preselecStu": [0, 0, 0, 0], "stuGender": [{"male": 0, "Female": 0}, {"male": 0, "Female": 0}, {"male": 0, "Female": 0}, {"male": 0, "Female": 0}]}}