{"timestamp": [1707575290.87554, 1707586600.66487], "data": {"selected": [50, 50], "assigned": [0, 0], "preselecStu": [50, 50], "stuGender": [{"male": 21, "Female": 29}, {"male": 21, "Female": 29}]}}