{"timestamp": [1707541621.780147, 1707544830.885048], "data": {"selected": [32, 32], "assigned": [0, 0], "preselecStu": [0, 0], "stuGender": [{"male": 27, "Female": 5}, {"male": 27, "Female": 5}]}}