{"timestamp": [1716065210.110781, 1716496538.824965, 1725438521.319723, 1725511586.106161], "data": {"selected": [0, 0, 0, 0], "assigned": [0, 0, 23, 40], "preselecStu": [0, 0, 0, 0], "stuGender": [{"male": 0, "Female": 0}, {"male": 0, "Female": 0}, {"male": 0, "Female": 0}, {"male": 0, "Female": 0}]}}