{"timestamp": [1707578023.670051, 1707589920.150943, 1707660196.991246], "data": {"selected": [10, 10, 10], "assigned": [0, 0, 0], "preselecStu": [10, 10, 10], "stuGender": [{"male": 5, "Female": 5}, {"male": 5, "Female": 5}, {"male": 5, "Female": 5}]}}