{"timestamp": [1716068027.672263, 1716499214.487535, 1725442549.420264], "data": {"selected": [0, 0, 36], "assigned": [0, 0, 24], "preselecStu": [0, 0, 36], "stuGender": [{"male": 0, "Female": 0}, {"male": 0, "Female": 0}, {"male": 33, "Female": 3}]}}