{"timestamp": [1734407826.773647, 1734470523.041192], "data": {"selected": [0, 0], "assigned": [26, 33], "preselecStu": [0, 0], "stuGender": [{"male": 0, "Female": 0}, {"male": 0, "Female": 0}]}}