{"timestamp": [1707540312.565319, 1707543488.788202], "data": {"selected": [47, 47], "assigned": [0, 0], "preselecStu": [47, 47], "stuGender": [{"male": 40, "Female": 7}, {"male": 40, "Female": 7}]}}