{"timestamp": [1707575144.837432, 1707586424.799894], "data": {"selected": [50, 50], "assigned": [0, 0], "preselecStu": [50, 50], "stuGender": [{"male": 25, "Female": 25}, {"male": 25, "Female": 25}]}}