{"timestamp": [1734405854.548635, 1734468586.673134], "data": {"selected": [42, 42], "assigned": [0, 0], "preselecStu": [0, 0], "stuGender": [{"male": 36, "Female": 6}, {"male": 36, "Female": 6}]}}