{"timestamp": [1734405594.828312, 1734468287.807609], "data": {"selected": [0, 0], "assigned": [28, 32], "preselecStu": [0, 0], "stuGender": [{"male": 0, "Female": 0}, {"male": 0, "Female": 0}]}}