{"timestamp": [1734406085.300594, 1734468799.271753, 1734555340.68321, 1734641540.528786], "data": {"selected": [0, 0, 0, 0], "assigned": [59, 63, 70, 77], "preselecStu": [0, 0, 0, 0], "stuGender": [{"male": 0, "Female": 0}, {"male": 0, "Female": 0}, {"male": 0, "Female": 0}, {"male": 0, "Female": 0}]}}