{"timestamp": [1707578580.461157, 1707590673.155264, 1707660498.922662], "data": {"selected": [28, 28, 28], "assigned": [0, 0, 0], "preselecStu": [28, 28, 28], "stuGender": [{"male": 13, "Female": 15}, {"male": 13, "Female": 15}, {"male": 13, "Female": 15}]}}