{"timestamp": [1707542579.108838, 1707545866.337475], "data": {"selected": [28, 28], "assigned": [0, 0], "preselecStu": [28, 28], "stuGender": [{"male": 13, "Female": 15}, {"male": 13, "Female": 15}]}}