{"timestamp": [1716065955.548062, 1716497252.082998, 1725439641.532652], "data": {"selected": [0, 0, 41], "assigned": [0, 37, 0], "preselecStu": [0, 0, 41], "stuGender": [{"male": 0, "Female": 0}, {"male": 0, "Female": 0}, {"male": 22, "Female": 19}]}}