{"timestamp": [1707577433.462805, 1707589155.941968, 1707659881.158856], "data": {"selected": [35, 35, 35], "assigned": [0, 0, 0], "preselecStu": [35, 35, 35], "stuGender": [{"male": 22, "Female": 13}, {"male": 22, "Female": 13}, {"male": 22, "Female": 13}]}}