{"timestamp": [1716065394.385202, 1716496717.68264, 1725438793.650954, 1725511846.479808], "data": {"selected": [0, 0, 17, 16], "assigned": [0, 0, 1, 3], "preselecStu": [0, 0, 17, 16], "stuGender": [{"male": 0, "Female": 0}, {"male": 0, "Female": 0}, {"male": 4, "Female": 13}, {"male": 4, "Female": 12}]}}