{"timestamp": [1707577041.763598, 1707588706.611286, 1707659661.969865], "data": {"selected": [61, 61, 61], "assigned": [0, 0, 0], "preselecStu": [61, 61, 61], "stuGender": [{"male": 47, "Female": 14}, {"male": 47, "Female": 14}, {"male": 47, "Female": 14}]}}