{"timestamp": [1716064818.306833, 1716496196.040383, 1725437952.110256, 1725511152.720034], "data": {"selected": [0, 0, 0, 0], "assigned": [0, 0, 61, 97], "preselecStu": [0, 0, 0, 0], "stuGender": [{"male": 0, "Female": 0}, {"male": 0, "Female": 0}, {"male": 0, "Female": 0}, {"male": 0, "Female": 0}]}}