{"timestamp": [1707541391.776348, 1707544587.433977], "data": {"selected": [11, 11], "assigned": [0, 0], "preselecStu": [11, 11], "stuGender": [{"male": 8, "Female": 3}, {"male": 8, "Female": 3}]}}