{"timestamp": [1707578657.127909, 1707590782.563308, 1707660541.542937, 1707663161.814367], "data": {"selected": [9, 9, 9, 9], "assigned": [0, 0, 0, 0], "preselecStu": [9, 9, 9, 9], "stuGender": [{"male": 6, "Female": 3}, {"male": 6, "Female": 3}, {"male": 6, "Female": 3}, {"male": 6, "Female": 3}]}}