{"timestamp": [1734405955.597174, 1734468681.332009, 1734555192.062162], "data": {"selected": [0, 0, 0], "assigned": [9, 13, 15], "preselecStu": [0, 0, 0], "stuGender": [{"male": 0, "Female": 0}, {"male": 0, "Female": 0}, {"male": 0, "Female": 0}]}}