{"timestamp": [1707540967.596987, 1707544147.166976], "data": {"selected": [20, 20], "assigned": [0, 0], "preselecStu": [20, 20], "stuGender": [{"male": 7, "Female": 13}, {"male": 7, "Female": 13}]}}