{"timestamp": [1707575598.236652, 1707586962.713832, 1707658870.403532], "data": {"selected": [20, 20, 20], "assigned": [0, 0, 0], "preselecStu": [20, 20, 20], "stuGender": [{"male": 7, "Female": 13}, {"male": 7, "Female": 13}, {"male": 7, "Female": 13}]}}