{"timestamp": [1734407436.272331, 1734470175.450377], "data": {"selected": [0, 0], "assigned": [52, 55], "preselecStu": [0, 0], "stuGender": [{"male": 0, "Female": 0}, {"male": 0, "Female": 0}]}}