{"timestamp": [1725437480.604918, 1725510754.226517, 1725597077.970793, 1725683323.944992], "data": {"selected": [23, 19, 47, 48], "assigned": [23, 39, 5, 8], "preselecStu": [23, 19, 17, 17], "stuGender": [{"male": 14, "Female": 9}, {"male": 11, "Female": 8}, {"male": 29, "Female": 18}, {"male": 29, "Female": 19}]}}