{"timestamp": [1725437480.604918, 1725510754.226517], "data": {"selected": [23, 19], "assigned": [23, 39], "preselecStu": [23, 19], "stuGender": [{"male": 14, "Female": 9}, {"male": 11, "Female": 8}]}}