{"timestamp": [1734408696.397087, 1734471320.650192, 1734558154.491326, 1734643861.82677], "data": {"selected": [0, 0, 0, 0], "assigned": [35, 39, 48, 60], "preselecStu": [0, 0, 0, 0], "stuGender": [{"male": 0, "Female": 0}, {"male": 0, "Female": 0}, {"male": 0, "Female": 0}, {"male": 0, "Female": 0}]}}