{"timestamp": [1716063828.903541, 1716495287.932323, 1725436513.603941], "data": {"selected": [0, 0, 42], "assigned": [0, 0, 37], "preselecStu": [0, 0, 42], "stuGender": [{"male": 0, "Female": 0}, {"male": 0, "Female": 0}, {"male": 26, "Female": 16}]}}