{"timestamp": [1707542329.600013, 1707545602.443867], "data": {"selected": [56, 56], "assigned": [0, 0], "preselecStu": [56, 56], "stuGender": [{"male": 36, "Female": 20}, {"male": 36, "Female": 20}]}}