{"timestamp": [1734408418.569526, 1734471062.433546, 1734557822.971159], "data": {"selected": [0, 0, 0], "assigned": [88, 89, 91], "preselecStu": [0, 0, 0], "stuGender": [{"male": 0, "Female": 0}, {"male": 0, "Female": 0}, {"male": 0, "Female": 0}]}}