{"timestamp": [1734408464.651563, 1734471104.573306], "data": {"selected": [0, 0], "assigned": [58, 67], "preselecStu": [0, 0], "stuGender": [{"male": 0, "Female": 0}, {"male": 0, "Female": 0}]}}