{"timestamp": [1716065370.496085, 1716496690.683114, 1725438757.205971, 1725511788.469218], "data": {"selected": [0, 0, 16, 16], "assigned": [0, 0, 1, 2], "preselecStu": [0, 0, 16, 16], "stuGender": [{"male": 0, "Female": 0}, {"male": 0, "Female": 0}, {"male": 1, "Female": 15}, {"male": 1, "Female": 15}]}}