{"timestamp": [1734405791.199207, 1734468510.145444], "data": {"selected": [0, 0], "assigned": [22, 23], "preselecStu": [0, 0], "stuGender": [{"male": 0, "Female": 0}, {"male": 0, "Female": 0}]}}