{"timestamp": [1734405791.199207, 1734468510.145444, 1734555009.425599], "data": {"selected": [0, 0, 0], "assigned": [22, 23, 31], "preselecStu": [0, 0, 0], "stuGender": [{"male": 0, "Female": 0}, {"male": 0, "Female": 0}, {"male": 0, "Female": 0}]}}