{"timestamp": [1716068379.216493, 1716499532.303433, 1725442979.679355, 1725515387.556456], "data": {"selected": [0, 0, 0, 2], "assigned": [0, 0, 0, 0], "preselecStu": [0, 0, 0, 0], "stuGender": [{"male": 0, "Female": 0}, {"male": 0, "Female": 0}, {"male": 0, "Female": 0}, {"male": 1, "Female": 1}]}}