{"timestamp": [1734409672.850307, 1734472260.286555], "data": {"selected": [0, 0], "assigned": [45, 50], "preselecStu": [0, 0], "stuGender": [{"male": 0, "Female": 0}, {"male": 0, "Female": 0}]}}