{"timestamp": [1734409672.850307, 1734472260.286555, 1734559242.090859, 1734644678.766327], "data": {"selected": [0, 0, 0, 0], "assigned": [45, 50, 60, 68], "preselecStu": [0, 0, 0, 0], "stuGender": [{"male": 0, "Female": 0}, {"male": 0, "Female": 0}, {"male": 0, "Female": 0}, {"male": 0, "Female": 0}]}}