{"timestamp": [1707578031.517042, 1707589937.412109, 1707660201.576532], "data": {"selected": [24, 24, 24], "assigned": [0, 0, 0], "preselecStu": [24, 24, 24], "stuGender": [{"male": 14, "Female": 10}, {"male": 14, "Female": 10}, {"male": 14, "Female": 10}]}}