{"timestamp": [1707542275.54083, 1707545544.13955], "data": {"selected": [24, 24], "assigned": [0, 0], "preselecStu": [24, 24], "stuGender": [{"male": 14, "Female": 10}, {"male": 14, "Female": 10}]}}