{"timestamp": [1734405518.056452, 1734468166.535698, 1734554700.788516, 1734640914.199687], "data": {"selected": [0, 0, 0, 0], "assigned": [49, 49, 50, 50], "preselecStu": [0, 0, 0, 0], "stuGender": [{"male": 0, "Female": 0}, {"male": 0, "Female": 0}, {"male": 0, "Female": 0}, {"male": 0, "Female": 0}]}}