{"timestamp": [1725444118.723835, 1725516509.861062, 1725603062.531695], "data": {"selected": [21, 20, 20], "assigned": [1, 1, 1], "preselecStu": [0, 0, 0], "stuGender": [{"male": 17, "Female": 4}, {"male": 16, "Female": 4}, {"male": 16, "Female": 4}]}}