{"timestamp": [1716064037.870982, 1716495484.750293, 1725436811.555326], "data": {"selected": [0, 0, 0], "assigned": [0, 0, 7], "preselecStu": [0, 0, 0], "stuGender": [{"male": 0, "Female": 0}, {"male": 0, "Female": 0}, {"male": 0, "Female": 0}]}}