{"timestamp": [1707542136.236256, 1707545392.215959], "data": {"selected": [35, 35], "assigned": [0, 0], "preselecStu": [35, 35], "stuGender": [{"male": 28, "Female": 7}, {"male": 28, "Female": 7}]}}