{"timestamp": [1707577768.404745, 1707589583.733186], "data": {"selected": [35, 35], "assigned": [0, 0], "preselecStu": [35, 35], "stuGender": [{"male": 28, "Female": 7}, {"male": 28, "Female": 7}]}}