{"timestamp": [1734407602.832849, 1734470327.941963, 1734556989.489885, 1734642882.93655], "data": {"selected": [0, 0, 0, 0], "assigned": [4, 4, 6, 6], "preselecStu": [0, 0, 0, 0], "stuGender": [{"male": 0, "Female": 0}, {"male": 0, "Female": 0}, {"male": 0, "Female": 0}, {"male": 0, "Female": 0}]}}