{"timestamp": [1707575499.593126, 1707586850.623934], "data": {"selected": [51, 51], "assigned": [0, 0], "preselecStu": [51, 51], "stuGender": [{"male": 15, "Female": 36}, {"male": 15, "Female": 36}]}}