{"timestamp": [1707575499.593126, 1707586850.623934, 1707658814.675987, 1707661412.244407], "data": {"selected": [51, 51, 51, 51], "assigned": [0, 0, 0, 0], "preselecStu": [51, 51, 51, 51], "stuGender": [{"male": 15, "Female": 36}, {"male": 15, "Female": 36}, {"male": 15, "Female": 36}, {"male": 15, "Female": 36}]}}