{"timestamp": [1716063695.540781, 1716495164.708751, 1725436331.595878], "data": {"selected": [0, 0, 38], "assigned": [0, 0, 0], "preselecStu": [0, 0, 0], "stuGender": [{"male": 0, "Female": 0}, {"male": 0, "Female": 0}, {"male": 31, "Female": 7}]}}