{"timestamp": [1734407781.464535, 1734470479.621849, 1734557155.390919, 1734643031.964874], "data": {"selected": [0, 0, 0, 0], "assigned": [17, 18, 20, 21], "preselecStu": [0, 0, 0, 0], "stuGender": [{"male": 0, "Female": 0}, {"male": 0, "Female": 0}, {"male": 0, "Female": 0}, {"male": 0, "Female": 0}]}}