{"timestamp": [1707578632.894188, 1707590745.981442], "data": {"selected": [14, 14], "assigned": [0, 0], "preselecStu": [14, 14], "stuGender": [{"male": 8, "Female": 6}, {"male": 8, "Female": 6}]}}