{"timestamp": [1734409910.016206, 1734472421.282539], "data": {"selected": [0, 0], "assigned": [12, 15], "preselecStu": [0, 0], "stuGender": [{"male": 0, "Female": 0}, {"male": 0, "Female": 0}]}}