{"timestamp": [1707541938.329624, 1707545178.690093], "data": {"selected": [60, 60], "assigned": [0, 0], "preselecStu": [60, 60], "stuGender": [{"male": 28, "Female": 32}, {"male": 28, "Female": 32}]}}