{"timestamp": [1707577399.203379, 1707589123.699639], "data": {"selected": [60, 60], "assigned": [0, 0], "preselecStu": [60, 60], "stuGender": [{"male": 28, "Female": 32}, {"male": 28, "Female": 32}]}}