{"timestamp": [1734407786.933175, 1734470484.355683, 1734557160.296463], "data": {"selected": [0, 0, 0], "assigned": [39, 46, 54], "preselecStu": [0, 0, 0], "stuGender": [{"male": 0, "Female": 0}, {"male": 0, "Female": 0}, {"male": 0, "Female": 0}]}}