{"timestamp": [1716068032.558467, 1716499218.852997, 1725442554.474971, 1725514969.834202], "data": {"selected": [0, 0, 38, 38], "assigned": [0, 29, 0, 1], "preselecStu": [0, 0, 29, 29], "stuGender": [{"male": 0, "Female": 0}, {"male": 0, "Female": 0}, {"male": 27, "Female": 11}, {"male": 27, "Female": 11}]}}