{"timestamp": [1734408057.703702, 1734470737.382189, 1734557463.847245, 1734643288.084845], "data": {"selected": [0, 0, 0, 0], "assigned": [15, 17, 19, 20], "preselecStu": [0, 0, 0, 0], "stuGender": [{"male": 0, "Female": 0}, {"male": 0, "Female": 0}, {"male": 0, "Female": 0}, {"male": 0, "Female": 0}]}}