{"timestamp": [1734408057.703702, 1734470737.382189], "data": {"selected": [0, 0], "assigned": [15, 17], "preselecStu": [0, 0], "stuGender": [{"male": 0, "Female": 0}, {"male": 0, "Female": 0}]}}