{"timestamp": [1716065252.361925, 1716496581.819114, 1725438587.8557], "data": {"selected": [0, 0, 20], "assigned": [0, 0, 12], "preselecStu": [0, 0, 20], "stuGender": [{"male": 0, "Female": 0}, {"male": 0, "Female": 0}, {"male": 6, "Female": 14}]}}