{"timestamp": [1716068721.122632, 1716499842.695206, 1725443348.31268], "data": {"selected": [0, 0, 5], "assigned": [0, 0, 6], "preselecStu": [0, 0, 5], "stuGender": [{"male": 0, "Female": 0}, {"male": 0, "Female": 0}, {"male": 4, "Female": 1}]}}