{"timestamp": [1716065027.734547, 1716496390.081069, 1725438293.971812, 1725511409.415059], "data": {"selected": [0, 0, 0, 0], "assigned": [0, 0, 26, 115], "preselecStu": [0, 0, 0, 0], "stuGender": [{"male": 0, "Female": 0}, {"male": 0, "Female": 0}, {"male": 0, "Female": 0}, {"male": 0, "Female": 0}]}}