{"timestamp": [1734407365.059253, 1734470105.721602, 1734556772.004432, 1734642679.383415], "data": {"selected": [0, 0, 0, 0], "assigned": [52, 56, 63, 69], "preselecStu": [0, 0, 0, 0], "stuGender": [{"male": 0, "Female": 0}, {"male": 0, "Female": 0}, {"male": 0, "Female": 0}, {"male": 0, "Female": 0}]}}