{"timestamp": [1707541869.700439, 1707545100.343164], "data": {"selected": [41, 41], "assigned": [0, 0], "preselecStu": [41, 41], "stuGender": [{"male": 20, "Female": 21}, {"male": 20, "Female": 21}]}}