{"timestamp": [1716063843.856762, 1716495302.926052, 1725436539.631983, 1725509992.039494], "data": {"selected": [0, 0, 40, 39], "assigned": [0, 0, 63, 114], "preselecStu": [0, 0, 40, 39], "stuGender": [{"male": 0, "Female": 0}, {"male": 0, "Female": 0}, {"male": 22, "Female": 18}, {"male": 21, "Female": 18}]}}