{"timestamp": [1716063843.856762, 1716495302.926052, 1725436539.631983], "data": {"selected": [0, 0, 40], "assigned": [0, 0, 63], "preselecStu": [0, 0, 40], "stuGender": [{"male": 0, "Female": 0}, {"male": 0, "Female": 0}, {"male": 22, "Female": 18}]}}