{"timestamp": [1734411136.779327, 1734473604.949386, 1734560599.634844], "data": {"selected": [1, 1, 1], "assigned": [9, 10, 12], "preselecStu": [0, 0, 0], "stuGender": [{"male": 0, "Female": 1}, {"male": 0, "Female": 1}, {"male": 0, "Female": 1}]}}