{"timestamp": [1707576843.16856, 1707588476.836668], "data": {"selected": [10, 10], "assigned": [1, 1], "preselecStu": [10, 10], "stuGender": [{"male": 9, "Female": 2}, {"male": 9, "Female": 2}]}}