{"timestamp": [1707541637.483246, 1707544848.485448], "data": {"selected": [10, 10], "assigned": [1, 1], "preselecStu": [10, 10], "stuGender": [{"male": 9, "Female": 2}, {"male": 9, "Female": 2}]}}