{"timestamp": [1707541334.681919, 1707544522.301296], "data": {"selected": [70, 70], "assigned": [0, 0], "preselecStu": [70, 70], "stuGender": [{"male": 51, "Female": 19}, {"male": 51, "Female": 19}]}}