{"timestamp": [1734409089.877045, 1734471706.821035], "data": {"selected": [0, 0], "assigned": [29, 29], "preselecStu": [0, 0], "stuGender": [{"male": 0, "Female": 0}, {"male": 0, "Female": 0}]}}