{"timestamp": [1734410640.777426, 1734473168.670934, 1734560147.809354], "data": {"selected": [0, 0, 0], "assigned": [31, 34, 38], "preselecStu": [0, 0, 0], "stuGender": [{"male": 0, "Female": 0}, {"male": 0, "Female": 0}, {"male": 0, "Female": 0}]}}