{"timestamp": [1707576426.347644, 1707587997.549225, 1707659322.645815], "data": {"selected": [50, 50, 50], "assigned": [0, 0, 0], "preselecStu": [50, 50, 50], "stuGender": [{"male": 32, "Female": 18}, {"male": 32, "Female": 18}, {"male": 32, "Female": 18}]}}