{"timestamp": [1707541414.766546, 1707544611.819356], "data": {"selected": [50, 50], "assigned": [0, 0], "preselecStu": [50, 50], "stuGender": [{"male": 32, "Female": 18}, {"male": 32, "Female": 18}]}}