{"timestamp": [1707578897.397557, 1707591070.359381, 1707660667.965513, 1707663285.938639], "data": {"selected": [7, 7, 7, 7], "assigned": [0, 0, 0, 0], "preselecStu": [7, 7, 7, 7], "stuGender": [{"male": 4, "Female": 3}, {"male": 4, "Female": 3}, {"male": 4, "Female": 3}, {"male": 4, "Female": 3}]}}