{"timestamp": [1716067898.922418, 1716499107.467468, 1725442390.238949, 1725514796.965095], "data": {"selected": [0, 0, 30, 29], "assigned": [0, 0, 26, 31], "preselecStu": [0, 0, 30, 29], "stuGender": [{"male": 0, "Female": 0}, {"male": 0, "Female": 0}, {"male": 23, "Female": 7}, {"male": 23, "Female": 6}]}}