{"timestamp": [1734409904.50269, 1734472416.316343, 1734559406.840699], "data": {"selected": [0, 0, 0], "assigned": [20, 23, 26], "preselecStu": [0, 0, 0], "stuGender": [{"male": 0, "Female": 0}, {"male": 0, "Female": 0}, {"male": 0, "Female": 0}]}}