{"timestamp": [1734408025.207386, 1734470705.447608], "data": {"selected": [0, 0], "assigned": [24, 26], "preselecStu": [0, 0], "stuGender": [{"male": 0, "Female": 0}, {"male": 0, "Female": 0}]}}