{"timestamp": [1734409663.961833, 1734472252.728036, 1734559227.419625], "data": {"selected": [0, 0, 0], "assigned": [94, 109, 122], "preselecStu": [0, 0, 0], "stuGender": [{"male": 0, "Female": 0}, {"male": 0, "Female": 0}, {"male": 0, "Female": 0}]}}