{"timestamp": [1716065216.627594, 1716496545.368234, 1725438529.423344, 1725511598.424521], "data": {"selected": [0, 0, 19, 19], "assigned": [0, 0, 9, 14], "preselecStu": [0, 0, 19, 19], "stuGender": [{"male": 0, "Female": 0}, {"male": 0, "Female": 0}, {"male": 7, "Female": 12}, {"male": 7, "Female": 12}]}}