{"timestamp": [1716067190.793008, 1716498428.192973, 1725441437.257656], "data": {"selected": [0, 0, 24], "assigned": [0, 24, 0], "preselecStu": [0, 0, 23], "stuGender": [{"male": 0, "Female": 0}, {"male": 0, "Female": 0}, {"male": 7, "Female": 17}]}}