{"timestamp": [1707574453.390695, 1707585591.298954], "data": {"selected": [43, 43], "assigned": [0, 0], "preselecStu": [43, 43], "stuGender": [{"male": 34, "Female": 9}, {"male": 34, "Female": 9}]}}