{"timestamp": [1707540302.597991, 1707543478.473063], "data": {"selected": [43, 43], "assigned": [0, 0], "preselecStu": [43, 43], "stuGender": [{"male": 34, "Female": 9}, {"male": 34, "Female": 9}]}}