{"timestamp": [1716064344.999021, 1716495779.166484, 1725437286.078991], "data": {"selected": [0, 0, 110], "assigned": [0, 0, 46], "preselecStu": [0, 0, 110], "stuGender": [{"male": 0, "Female": 0}, {"male": 0, "Female": 0}, {"male": 67, "Female": 43}]}}