{"timestamp": [1707576916.291496, 1707588556.018021, 1707659588.104746], "data": {"selected": [41, 41, 41], "assigned": [0, 0, 0], "preselecStu": [41, 41, 41], "stuGender": [{"male": 23, "Female": 18}, {"male": 23, "Female": 18}, {"male": 23, "Female": 18}]}}