{"timestamp": [1707540651.426408, 1707543827.297854], "data": {"selected": [16, 16], "assigned": [0, 0], "preselecStu": [16, 16], "stuGender": [{"male": 4, "Female": 12}, {"male": 4, "Female": 12}]}}