{"timestamp": [1716065779.767108, 1716497079.84103, 1725439373.543675], "data": {"selected": [0, 0, 27], "assigned": [0, 0, 4], "preselecStu": [0, 0, 0], "stuGender": [{"male": 0, "Female": 0}, {"male": 0, "Female": 0}, {"male": 15, "Female": 12}]}}