{"timestamp": [1707574451.494538, 1707585589.05244, 1707658189.687483, 1707660785.079058], "data": {"selected": [48, 48, 48, 48], "assigned": [0, 0, 0, 0], "preselecStu": [48, 48, 48, 48], "stuGender": [{"male": 18, "Female": 30}, {"male": 18, "Female": 30}, {"male": 18, "Female": 30}, {"male": 18, "Female": 30}]}}