{"timestamp": [1725438983.212551, 1725511983.546772, 1725598341.858245], "data": {"selected": [0, 0, 2], "assigned": [0, 1, 0], "preselecStu": [0, 0, 0], "stuGender": [{"male": 0, "Female": 0}, {"male": 0, "Female": 0}, {"male": 1, "Female": 1}]}}