{"timestamp": [1716067088.636411, 1716498329.992553, 1725441315.689859], "data": {"selected": [0, 0, 57], "assigned": [0, 56, 3], "preselecStu": [0, 0, 57], "stuGender": [{"male": 0, "Female": 0}, {"male": 0, "Female": 0}, {"male": 27, "Female": 30}]}}