{"timestamp": [1716067088.636411, 1716498329.992553, 1725441315.689859, 1725513848.388188], "data": {"selected": [0, 0, 57, 57], "assigned": [0, 56, 3, 2], "preselecStu": [0, 0, 57, 57], "stuGender": [{"male": 0, "Female": 0}, {"male": 0, "Female": 0}, {"male": 27, "Female": 30}, {"male": 27, "Female": 30}]}}