{"timestamp": [1716067599.061855, 1716498835.634318, 1725442028.320393, 1725514442.773691], "data": {"selected": [0, 0, 24, 24], "assigned": [0, 0, 1, 1], "preselecStu": [0, 0, 0, 0], "stuGender": [{"male": 0, "Female": 0}, {"male": 0, "Female": 0}, {"male": 7, "Female": 17}, {"male": 7, "Female": 17}]}}