{"timestamp": [1734408075.315641, 1734470754.771686], "data": {"selected": [0, 0], "assigned": [31, 32], "preselecStu": [0, 0], "stuGender": [{"male": 0, "Female": 0}, {"male": 0, "Female": 0}]}}