{"timestamp": [1707575914.625504, 1707587328.944167, 1707659046.639882, 1707661644.468556], "data": {"selected": [50, 50, 50, 50], "assigned": [0, 0, 0, 0], "preselecStu": [50, 50, 50, 50], "stuGender": [{"male": 37, "Female": 13}, {"male": 37, "Female": 13}, {"male": 37, "Female": 13}, {"male": 37, "Female": 13}]}}