{"timestamp": [1707541733.083072, 1707544961.288566], "data": {"selected": [29, 29], "assigned": [0, 0], "preselecStu": [29, 29], "stuGender": [{"male": 23, "Female": 6}, {"male": 23, "Female": 6}]}}