{"timestamp": [1707577026.40884, 1707588688.683826], "data": {"selected": [29, 29], "assigned": [0, 0], "preselecStu": [29, 29], "stuGender": [{"male": 23, "Female": 6}, {"male": 23, "Female": 6}]}}