{"timestamp": [1734409013.250395, 1734471639.813307, 1734558502.15619], "data": {"selected": [0, 0, 0], "assigned": [7, 9, 9], "preselecStu": [0, 0, 0], "stuGender": [{"male": 0, "Female": 0}, {"male": 0, "Female": 0}, {"male": 0, "Female": 0}]}}