{"timestamp": [1716066678.831675, 1716497925.969487, 1725440755.100936], "data": {"selected": [0, 0, 22], "assigned": [0, 0, 10], "preselecStu": [0, 0, 22], "stuGender": [{"male": 0, "Female": 0}, {"male": 0, "Female": 0}, {"male": 20, "Female": 2}]}}