{"timestamp": [1716065509.253263, 1716496828.389062, 1725438948.792078], "data": {"selected": [0, 0, 3], "assigned": [0, 0, 2], "preselecStu": [0, 0, 3], "stuGender": [{"male": 0, "Female": 0}, {"male": 0, "Female": 0}, {"male": 0, "Female": 3}]}}