{"timestamp": [1716064914.720166, 1716496291.913485, 1725438110.663584], "data": {"selected": [0, 0, 3], "assigned": [0, 0, 1], "preselecStu": [0, 0, 3], "stuGender": [{"male": 0, "Female": 0}, {"male": 0, "Female": 0}, {"male": 0, "Female": 3}]}}