{"timestamp": [1716067508.405496, 1716498740.639903, 1725441904.571559, 1725514342.652428], "data": {"selected": [0, 0, 2, 0], "assigned": [0, 0, 4, 9], "preselecStu": [0, 0, 2, 0], "stuGender": [{"male": 0, "Female": 0}, {"male": 0, "Female": 0}, {"male": 1, "Female": 1}, {"male": 0, "Female": 0}]}}