{"timestamp": [1707540389.542086, 1707543565.482658], "data": {"selected": [42, 42], "assigned": [0, 0], "preselecStu": [42, 42], "stuGender": [{"male": 29, "Female": 13}, {"male": 29, "Female": 13}]}}