{"timestamp": [1716065310.223957, 1716496632.315617, 1725438673.495081], "data": {"selected": [0, 0, 22], "assigned": [0, 23, 0], "preselecStu": [0, 0, 21], "stuGender": [{"male": 0, "Female": 0}, {"male": 0, "Female": 0}, {"male": 4, "Female": 18}]}}