{"timestamp": [1707541842.726318, 1707545073.62596], "data": {"selected": [57, 57], "assigned": [0, 0], "preselecStu": [57, 57], "stuGender": [{"male": 36, "Female": 21}, {"male": 36, "Female": 21}]}}