{"timestamp": [1734410290.470595, 1734472829.356305, 1734559801.287145], "data": {"selected": [0, 0, 0], "assigned": [38, 38, 39], "preselecStu": [0, 0, 0], "stuGender": [{"male": 0, "Female": 0}, {"male": 0, "Female": 0}, {"male": 0, "Female": 0}]}}