{"timestamp": [1716065821.271505, 1716497120.868717, 1725439434.449121], "data": {"selected": [0, 0, 11], "assigned": [0, 0, 0], "preselecStu": [0, 0, 11], "stuGender": [{"male": 0, "Female": 0}, {"male": 0, "Female": 0}, {"male": 4, "Female": 7}]}}