{"timestamp": [1734408850.117374, 1734471482.375402], "data": {"selected": [0, 0], "assigned": [33, 36], "preselecStu": [0, 0], "stuGender": [{"male": 0, "Female": 0}, {"male": 0, "Female": 0}]}}