{"timestamp": [1734408850.117374, 1734471482.375402, 1734558324.85166, 1734643991.783162], "data": {"selected": [0, 0, 0, 0], "assigned": [33, 36, 38, 42], "preselecStu": [0, 0, 0, 0], "stuGender": [{"male": 0, "Female": 0}, {"male": 0, "Female": 0}, {"male": 0, "Female": 0}, {"male": 0, "Female": 0}]}}