{"timestamp": [1716066640.861757, 1716497890.348298, 1725440674.712721, 1725513296.068968], "data": {"selected": [0, 0, 0, 0], "assigned": [0, 0, 8, 8], "preselecStu": [0, 0, 0, 0], "stuGender": [{"male": 0, "Female": 0}, {"male": 0, "Female": 0}, {"male": 0, "Female": 0}, {"male": 0, "Female": 0}]}}