{"timestamp": [1707578074.042528, 1707590003.129242], "data": {"selected": [10, 10], "assigned": [0, 0], "preselecStu": [10, 10], "stuGender": [{"male": 4, "Female": 6}, {"male": 4, "Female": 6}]}}