{"timestamp": [1707542298.304684, 1707545568.708417], "data": {"selected": [10, 10], "assigned": [0, 0], "preselecStu": [10, 10], "stuGender": [{"male": 4, "Female": 6}, {"male": 4, "Female": 6}]}}