{"timestamp": [1716068656.913047, 1716499774.137227, 1725443267.859234, 1725515665.765367], "data": {"selected": [0, 0, 10, 9], "assigned": [0, 0, 4, 5], "preselecStu": [0, 0, 10, 9], "stuGender": [{"male": 0, "Female": 0}, {"male": 0, "Female": 0}, {"male": 6, "Female": 4}, {"male": 6, "Female": 3}]}}