{"timestamp": [1707575705.587303, 1707587084.526029, 1707658929.035883], "data": {"selected": [23, 23, 23], "assigned": [0, 0, 0], "preselecStu": [23, 23, 23], "stuGender": [{"male": 6, "Female": 17}, {"male": 6, "Female": 17}, {"male": 6, "Female": 17}]}}