{"timestamp": [1707542178.343243, 1707545437.167155], "data": {"selected": [14, 14], "assigned": [0, 0], "preselecStu": [14, 14], "stuGender": [{"male": 9, "Female": 5}, {"male": 9, "Female": 5}]}}