{"timestamp": [1716069345.925149, 1716500392.143068, 1725443981.872191], "data": {"selected": [0, 0, 1], "assigned": [0, 1, 0], "preselecStu": [0, 0, 1], "stuGender": [{"male": 0, "Female": 0}, {"male": 0, "Female": 0}, {"male": 1, "Female": 0}]}}