{"timestamp": [1707575475.845797, 1707586823.484606, 1707658801.191452], "data": {"selected": [11, 11, 11], "assigned": [0, 0, 0], "preselecStu": [11, 11, 11], "stuGender": [{"male": 8, "Female": 3}, {"male": 8, "Female": 3}, {"male": 8, "Female": 3}]}}