{"timestamp": [1707577362.324117, 1707589080.663026, 1707659845.539055, 1707662456.024653], "data": {"selected": [24, 24, 24, 24], "assigned": [0, 0, 0, 0], "preselecStu": [24, 24, 24, 24], "stuGender": [{"male": 20, "Female": 4}, {"male": 20, "Female": 4}, {"male": 20, "Female": 4}, {"male": 20, "Female": 4}]}}