{"timestamp": [1707542190.76631, 1707545451.046038], "data": {"selected": [15, 15], "assigned": [0, 0], "preselecStu": [15, 15], "stuGender": [{"male": 11, "Female": 4}, {"male": 11, "Female": 4}]}}