{"timestamp": [1734410456.177883, 1734472998.042609, 1734559971.996863, 1734645355.982236], "data": {"selected": [0, 0, 0, 0], "assigned": [3, 3, 3, 4], "preselecStu": [0, 0, 0, 0], "stuGender": [{"male": 0, "Female": 0}, {"male": 0, "Female": 0}, {"male": 0, "Female": 0}, {"male": 0, "Female": 0}]}}