{"timestamp": [1716068259.348031, 1716499412.30131, 1725442833.192075], "data": {"selected": [0, 0, 44], "assigned": [0, 0, 15], "preselecStu": [0, 0, 13], "stuGender": [{"male": 0, "Female": 0}, {"male": 0, "Female": 0}, {"male": 27, "Female": 17}]}}