{"timestamp": [1734409862.041923, 1734472385.407142], "data": {"selected": [0, 0], "assigned": [19, 24], "preselecStu": [0, 0], "stuGender": [{"male": 0, "Female": 0}, {"male": 0, "Female": 0}]}}