{"timestamp": [1707540736.949567, 1707543915.177076], "data": {"selected": [42, 42], "assigned": [0, 0], "preselecStu": [0, 0], "stuGender": [{"male": 35, "Female": 7}, {"male": 35, "Female": 7}]}}