{"timestamp": [1734405827.089788, 1734468559.497005, 1734555061.956273, 1734641301.649411], "data": {"selected": [0, 0, 0, 0], "assigned": [0, 0, 0, 1], "preselecStu": [0, 0, 0, 0], "stuGender": [{"male": 0, "Female": 0}, {"male": 0, "Female": 0}, {"male": 0, "Female": 0}, {"male": 0, "Female": 0}]}}