{"timestamp": [1734409493.083446, 1734472109.117019, 1734559058.251497, 1734644523.212872], "data": {"selected": [0, 0, 0, 0], "assigned": [31, 34, 37, 47], "preselecStu": [0, 0, 0, 0], "stuGender": [{"male": 0, "Female": 0}, {"male": 0, "Female": 0}, {"male": 0, "Female": 0}, {"male": 0, "Female": 0}]}}