{"timestamp": [1716065823.903265, 1716497123.035232, 1725439438.244126, 1725512349.219607], "data": {"selected": [0, 0, 36, 33], "assigned": [0, 0, 8, 12], "preselecStu": [0, 0, 36, 33], "stuGender": [{"male": 0, "Female": 0}, {"male": 0, "Female": 0}, {"male": 30, "Female": 6}, {"male": 27, "Female": 6}]}}