{"timestamp": [1716065823.903265, 1716497123.035232, 1725439438.244126], "data": {"selected": [0, 0, 36], "assigned": [0, 0, 8], "preselecStu": [0, 0, 36], "stuGender": [{"male": 0, "Female": 0}, {"male": 0, "Female": 0}, {"male": 30, "Female": 6}]}}