{"timestamp": [1716067705.05315, 1716498929.504146, 1725442141.910838], "data": {"selected": [0, 0, 28], "assigned": [0, 0, 1], "preselecStu": [0, 0, 0], "stuGender": [{"male": 0, "Female": 0}, {"male": 0, "Female": 0}, {"male": 8, "Female": 20}]}}