{"timestamp": [1707541586.486156, 1707544792.484187], "data": {"selected": [60, 60], "assigned": [0, 0], "preselecStu": [60, 60], "stuGender": [{"male": 53, "Female": 7}, {"male": 53, "Female": 7}]}}