{"timestamp": [1707576747.557117, 1707588367.085926, 1707659497.725564, 1707662103.48137], "data": {"selected": [60, 60, 60, 60], "assigned": [0, 0, 0, 0], "preselecStu": [60, 60, 60, 60], "stuGender": [{"male": 53, "Female": 7}, {"male": 53, "Female": 7}, {"male": 53, "Female": 7}, {"male": 53, "Female": 7}]}}