{"timestamp": [1707540778.776557, 1707543957.212716], "data": {"selected": [30, 30], "assigned": [0, 0], "preselecStu": [30, 30], "stuGender": [{"male": 16, "Female": 14}, {"male": 16, "Female": 14}]}}