{"timestamp": [1716063918.372545, 1716495383.323641, 1725436650.307977], "data": {"selected": [0, 0, 0], "assigned": [0, 0, 1], "preselecStu": [0, 0, 0], "stuGender": [{"male": 0, "Female": 0}, {"male": 0, "Female": 0}, {"male": 0, "Female": 0}]}}