{"timestamp": [1707542605.373344, 1707545880.705607], "data": {"selected": [39, 39], "assigned": [0, 0], "preselecStu": [39, 39], "stuGender": [{"male": 13, "Female": 26}, {"male": 13, "Female": 26}]}}