{"timestamp": [1734408689.853925, 1734471314.811103, 1734558148.314961], "data": {"selected": [0, 0, 0], "assigned": [138, 141, 150], "preselecStu": [0, 0, 0], "stuGender": [{"male": 0, "Female": 0}, {"male": 0, "Female": 0}, {"male": 0, "Female": 0}]}}