{"timestamp": [1734409507.868333, 1734472127.622714, 1734559074.553237], "data": {"selected": [0, 0, 0], "assigned": [48, 56, 66], "preselecStu": [0, 0, 0], "stuGender": [{"male": 0, "Female": 0}, {"male": 0, "Female": 0}, {"male": 0, "Female": 0}]}}