{"timestamp": [1707541003.260248, 1707544183.017047], "data": {"selected": [11, 11], "assigned": [0, 0], "preselecStu": [11, 11], "stuGender": [{"male": 1, "Female": 10}, {"male": 1, "Female": 10}]}}