{"timestamp": [1707575665.367992, 1707587037.023573, 1707658905.090842, 1707661502.761822], "data": {"selected": [11, 11, 11, 11], "assigned": [0, 0, 0, 0], "preselecStu": [11, 11, 11, 11], "stuGender": [{"male": 1, "Female": 10}, {"male": 1, "Female": 10}, {"male": 1, "Female": 10}, {"male": 1, "Female": 10}]}}