{"timestamp": [1707542332.581362, 1707545605.674638], "data": {"selected": [20, 20], "assigned": [0, 0], "preselecStu": [20, 20], "stuGender": [{"male": 9, "Female": 11}, {"male": 9, "Female": 11}]}}