{"timestamp": [1707576856.28389, 1707588487.93823, 1707659555.229495, 1707662163.576107], "data": {"selected": [55, 55, 55, 55], "assigned": [0, 0, 0, 0], "preselecStu": [55, 55, 55, 55], "stuGender": [{"male": 34, "Female": 21}, {"male": 34, "Female": 21}, {"male": 34, "Female": 21}, {"male": 34, "Female": 21}]}}