{"timestamp": [1707541643.216717, 1707544853.740447], "data": {"selected": [55, 55], "assigned": [0, 0], "preselecStu": [55, 55], "stuGender": [{"male": 34, "Female": 21}, {"male": 34, "Female": 21}]}}