{"timestamp": [1707540721.204477, 1707543898.608174], "data": {"selected": [45, 45], "assigned": [0, 0], "preselecStu": [45, 45], "stuGender": [{"male": 17, "Female": 28}, {"male": 17, "Female": 28}]}}