{"timestamp": [1707575159.923217, 1707586443.207737], "data": {"selected": [45, 45], "assigned": [0, 0], "preselecStu": [45, 45], "stuGender": [{"male": 17, "Female": 28}, {"male": 17, "Female": 28}]}}