{"timestamp": [1707574848.804166, 1707586053.599165, 1707658445.553203], "data": {"selected": [1, 1, 1], "assigned": [0, 0, 0], "preselecStu": [1, 1, 1], "stuGender": [{"male": 1, "Female": 0}, {"male": 1, "Female": 0}, {"male": 1, "Female": 0}]}}