{"timestamp": [1725439272.069234, 1725512230.016265, 1725598602.225859], "data": {"selected": [0, 0, 0], "assigned": [1, 3, 0], "preselecStu": [0, 0, 0], "stuGender": [{"male": 0, "Female": 0}, {"male": 0, "Female": 0}, {"male": 0, "Female": 0}]}}