{"timestamp": [1716066715.764495, 1716497956.946196, 1725440800.697456, 1725513403.952274], "data": {"selected": [0, 0, 1, 1], "assigned": [0, 0, 2, 2], "preselecStu": [0, 0, 1, 1], "stuGender": [{"male": 0, "Female": 0}, {"male": 0, "Female": 0}, {"male": 0, "Female": 1}, {"male": 0, "Female": 1}]}}