{"timestamp": [1707578007.943121, 1707589895.275011], "data": {"selected": [32, 32], "assigned": [0, 0], "preselecStu": [32, 32], "stuGender": [{"male": 28, "Female": 4}, {"male": 28, "Female": 4}]}}