{"timestamp": [1716063948.740065, 1716495416.379798, 1725436696.297265, 1725510142.944419], "data": {"selected": [0, 0, 3, 3], "assigned": [0, 0, 1, 1], "preselecStu": [0, 0, 3, 3], "stuGender": [{"male": 0, "Female": 0}, {"male": 0, "Female": 0}, {"male": 3, "Female": 0}, {"male": 3, "Female": 0}]}}