{"timestamp": [1707577466.083716, 1707589198.762693, 1707659901.152567, 1707662510.855014], "data": {"selected": [21, 21, 21, 21], "assigned": [0, 0, 0, 0], "preselecStu": [21, 21, 21, 21], "stuGender": [{"male": 8, "Female": 13}, {"male": 8, "Female": 13}, {"male": 8, "Female": 13}, {"male": 8, "Female": 13}]}}