{"timestamp": [1707577168.118328, 1707588858.383089, 1707659735.101154, 1707662344.823479], "data": {"selected": [22, 22, 22, 22], "assigned": [0, 0, 0, 0], "preselecStu": [22, 22, 22, 22], "stuGender": [{"male": 12, "Female": 10}, {"male": 12, "Female": 10}, {"male": 12, "Female": 10}, {"male": 12, "Female": 10}]}}