{"timestamp": [1716068297.757651, 1716499450.683294, 1725442877.74424, 1725515287.255477], "data": {"selected": [0, 0, 27, 27], "assigned": [0, 32, 4, 7], "preselecStu": [0, 0, 27, 27], "stuGender": [{"male": 0, "Female": 0}, {"male": 0, "Female": 0}, {"male": 16, "Female": 11}, {"male": 16, "Female": 11}]}}