{"timestamp": [1716068297.757651, 1716499450.683294, 1725442877.74424], "data": {"selected": [0, 0, 27], "assigned": [0, 32, 4], "preselecStu": [0, 0, 27], "stuGender": [{"male": 0, "Female": 0}, {"male": 0, "Female": 0}, {"male": 16, "Female": 11}]}}