{"timestamp": [1734407879.03591, 1734470571.030849, 1734557263.632446], "data": {"selected": [0, 0, 0], "assigned": [39, 39, 40], "preselecStu": [0, 0, 0], "stuGender": [{"male": 0, "Female": 0}, {"male": 0, "Female": 0}, {"male": 0, "Female": 0}]}}