{"timestamp": [1716066067.898848, 1716497346.022543, 1725439824.943659, 1725512639.270038], "data": {"selected": [0, 0, 21, 20], "assigned": [0, 21, 0, 0], "preselecStu": [0, 0, 21, 20], "stuGender": [{"male": 0, "Female": 0}, {"male": 0, "Female": 0}, {"male": 17, "Female": 4}, {"male": 16, "Female": 4}]}}