{"timestamp": [1707577810.111551, 1707589634.501089], "data": {"selected": [57, 57], "assigned": [0, 0], "preselecStu": [57, 57], "stuGender": [{"male": 43, "Female": 14}, {"male": 43, "Female": 14}]}}