{"timestamp": [1734407722.193555, 1734470424.712533, 1734557095.63935], "data": {"selected": [0, 0, 0], "assigned": [25, 30, 38], "preselecStu": [0, 0, 0], "stuGender": [{"male": 0, "Female": 0}, {"male": 0, "Female": 0}, {"male": 0, "Female": 0}]}}