{"timestamp": [1734409989.340151, 1734472541.914712, 1734559506.608791, 1734644903.865819], "data": {"selected": [0, 0, 0, 0], "assigned": [33, 33, 33, 35], "preselecStu": [0, 0, 0, 0], "stuGender": [{"male": 0, "Female": 0}, {"male": 0, "Female": 0}, {"male": 0, "Female": 0}, {"male": 0, "Female": 0}]}}