{"timestamp": [1707542608.563286, 1707545883.916696], "data": {"selected": [31, 31], "assigned": [0, 0], "preselecStu": [31, 31], "stuGender": [{"male": 17, "Female": 14}, {"male": 17, "Female": 14}]}}