{"timestamp": [1707576839.65512, 1707588474.607665], "data": {"selected": [25, 25], "assigned": [0, 0], "preselecStu": [25, 25], "stuGender": [{"male": 21, "Female": 4}, {"male": 21, "Female": 4}]}}