{"timestamp": [1707577005.178228, 1707588662.501786, 1707659639.934852], "data": {"selected": [13, 13, 13], "assigned": [0, 0, 0], "preselecStu": [13, 13, 13], "stuGender": [{"male": 9, "Female": 4}, {"male": 9, "Female": 4}, {"male": 9, "Female": 4}]}}