{"timestamp": [1725443636.282105, 1725516034.07736, 1725602547.038717, 1725687874.063456], "data": {"selected": [0, 0, 14, 16], "assigned": [10, 13, 0, 1], "preselecStu": [0, 0, 0, 0], "stuGender": [{"male": 0, "Female": 0}, {"male": 0, "Female": 0}, {"male": 8, "Female": 6}, {"male": 8, "Female": 8}]}}