{"timestamp": [1734411115.506401, 1734473583.273201, 1734560576.776446, 1734645976.756446], "data": {"selected": [0, 0, 0, 0], "assigned": [4, 4, 5, 6], "preselecStu": [0, 0, 0, 0], "stuGender": [{"male": 0, "Female": 0}, {"male": 0, "Female": 0}, {"male": 0, "Female": 0}, {"male": 0, "Female": 0}]}}