{"timestamp": [1707578393.853915, 1707590422.809133], "data": {"selected": [18, 18], "assigned": [0, 0], "preselecStu": [18, 18], "stuGender": [{"male": 10, "Female": 8}, {"male": 10, "Female": 8}]}}