{"timestamp": [1707541213.606224, 1707544392.882911], "data": {"selected": [60, 60], "assigned": [0, 0], "preselecStu": [60, 60], "stuGender": [{"male": 49, "Female": 11}, {"male": 49, "Female": 11}]}}