{"timestamp": [1716064872.704593, 1716496253.023513, 1725438045.920504, 1725511237.846936], "data": {"selected": [0, 0, 1, 1], "assigned": [0, 0, 3, 6], "preselecStu": [0, 0, 1, 1], "stuGender": [{"male": 0, "Female": 0}, {"male": 0, "Female": 0}, {"male": 1, "Female": 0}, {"male": 1, "Female": 0}]}}