{"timestamp": [1734408122.143371, 1734470798.843068], "data": {"selected": [0, 0], "assigned": [32, 35], "preselecStu": [0, 0], "stuGender": [{"male": 0, "Female": 0}, {"male": 0, "Female": 0}]}}