{"timestamp": [1734405198.565018, 1734467845.118517, 1734554395.23358, 1734640631.444354], "data": {"selected": [0, 0, 0, 0], "assigned": [22, 29, 31, 34], "preselecStu": [0, 0, 0, 0], "stuGender": [{"male": 0, "Female": 0}, {"male": 0, "Female": 0}, {"male": 0, "Female": 0}, {"male": 0, "Female": 0}]}}