{"timestamp": [1734405198.565018, 1734467845.118517], "data": {"selected": [0, 0], "assigned": [22, 29], "preselecStu": [0, 0], "stuGender": [{"male": 0, "Female": 0}, {"male": 0, "Female": 0}]}}