{"timestamp": [1734406573.090099, 1734469322.173582, 1734555867.418175], "data": {"selected": [0, 0, 0], "assigned": [24, 24, 25], "preselecStu": [0, 0, 0], "stuGender": [{"male": 0, "Female": 0}, {"male": 0, "Female": 0}, {"male": 0, "Female": 0}]}}