{"timestamp": [1707541315.708769, 1707544502.382084], "data": {"selected": [33, 33], "assigned": [0, 0], "preselecStu": [33, 33], "stuGender": [{"male": 17, "Female": 16}, {"male": 17, "Female": 16}]}}