{"timestamp": [1707576247.871016, 1707587754.422356, 1707659223.375719, 1707661822.676656], "data": {"selected": [33, 33, 33, 33], "assigned": [0, 0, 0, 0], "preselecStu": [33, 33, 33, 33], "stuGender": [{"male": 17, "Female": 16}, {"male": 17, "Female": 16}, {"male": 17, "Female": 16}, {"male": 17, "Female": 16}]}}