{"timestamp": [1707541723.067033, 1707544950.685249], "data": {"selected": [23, 23], "assigned": [0, 0], "preselecStu": [23, 23], "stuGender": [{"male": 18, "Female": 5}, {"male": 18, "Female": 5}]}}