{"timestamp": [1707575810.001587, 1707587205.795385, 1707658986.801683, 1707661583.66786], "data": {"selected": [21, 21, 21, 21], "assigned": [0, 0, 0, 0], "preselecStu": [21, 21, 21, 21], "stuGender": [{"male": 5, "Female": 16}, {"male": 5, "Female": 16}, {"male": 5, "Female": 16}, {"male": 5, "Female": 16}]}}