{"timestamp": [1716068661.230776, 1716499780.487692, 1725443273.494091, 1725515670.929155], "data": {"selected": [0, 0, 14, 13], "assigned": [0, 0, 1, 3], "preselecStu": [0, 0, 14, 13], "stuGender": [{"male": 0, "Female": 0}, {"male": 0, "Female": 0}, {"male": 8, "Female": 6}, {"male": 8, "Female": 5}]}}