{"timestamp": [1707577305.193614, 1707589014.47548, 1707659810.98339, 1707662418.891498], "data": {"selected": [48, 48, 48, 48], "assigned": [0, 0, 0, 0], "preselecStu": [48, 48, 48, 48], "stuGender": [{"male": 20, "Female": 28}, {"male": 20, "Female": 28}, {"male": 20, "Female": 28}, {"male": 20, "Female": 28}]}}