{"timestamp": [1734406830.580982, 1734469579.09578, 1734556143.755564], "data": {"selected": [0, 0, 0], "assigned": [10, 11, 12], "preselecStu": [0, 0, 0], "stuGender": [{"male": 0, "Female": 0}, {"male": 0, "Female": 0}, {"male": 0, "Female": 0}]}}