{"timestamp": [1707578646.845755, 1707590763.466791, 1707660536.033038, 1707663156.696039], "data": {"selected": [13, 13, 13, 13], "assigned": [0, 0, 0, 0], "preselecStu": [13, 13, 13, 13], "stuGender": [{"male": 5, "Female": 8}, {"male": 5, "Female": 8}, {"male": 5, "Female": 8}, {"male": 5, "Female": 8}]}}