{"timestamp": [1707542627.318859, 1707545903.861098], "data": {"selected": [13, 13], "assigned": [0, 0], "preselecStu": [13, 13], "stuGender": [{"male": 5, "Female": 8}, {"male": 5, "Female": 8}]}}