{"timestamp": [1707577310.961829, 1707589021.515374], "data": {"selected": [28, 28], "assigned": [0, 0], "preselecStu": [28, 28], "stuGender": [{"male": 10, "Female": 18}, {"male": 10, "Female": 18}]}}