{"timestamp": [1716067157.131654, 1716498395.145058, 1725441393.123588], "data": {"selected": [0, 0, 14], "assigned": [0, 4, 0], "preselecStu": [0, 0, 4], "stuGender": [{"male": 0, "Female": 0}, {"male": 0, "Female": 0}, {"male": 7, "Female": 7}]}}