{"timestamp": [1716067968.082989, 1716499158.092638, 1725442461.888076], "data": {"selected": [0, 0, 65], "assigned": [0, 52, 16], "preselecStu": [0, 0, 65], "stuGender": [{"male": 0, "Female": 0}, {"male": 0, "Female": 0}, {"male": 48, "Female": 17}]}}