{"timestamp": [1707577552.111742, 1707589308.486878, 1707659950.471687], "data": {"selected": [20, 20, 20], "assigned": [0, 0, 0], "preselecStu": [20, 20, 20], "stuGender": [{"male": 4, "Female": 16}, {"male": 4, "Female": 16}, {"male": 4, "Female": 16}]}}