{"timestamp": [1734408533.360953, 1734471171.266777, 1734557941.446397, 1734643723.18141], "data": {"selected": [0, 0, 0, 0], "assigned": [56, 56, 56, 56], "preselecStu": [0, 0, 0, 0], "stuGender": [{"male": 0, "Female": 0}, {"male": 0, "Female": 0}, {"male": 0, "Female": 0}, {"male": 0, "Female": 0}]}}