{"timestamp": [1734408533.360953, 1734471171.266777], "data": {"selected": [0, 0], "assigned": [56, 56], "preselecStu": [0, 0], "stuGender": [{"male": 0, "Female": 0}, {"male": 0, "Female": 0}]}}