{"timestamp": [1734407568.3775, 1734470297.591937, 1734556955.248069], "data": {"selected": [0, 0, 0], "assigned": [10, 13, 14], "preselecStu": [0, 0, 0], "stuGender": [{"male": 0, "Female": 0}, {"male": 0, "Female": 0}, {"male": 0, "Female": 0}]}}