{"timestamp": [1707574938.968403, 1707586161.197074, 1707658492.387464], "data": {"selected": [42, 42, 42], "assigned": [0, 0, 0], "preselecStu": [42, 42, 42], "stuGender": [{"male": 28, "Female": 14}, {"male": 28, "Female": 14}, {"male": 28, "Female": 14}]}}