{"timestamp": [1734409505.436317, 1734472124.144567], "data": {"selected": [0, 0], "assigned": [44, 45], "preselecStu": [0, 0], "stuGender": [{"male": 0, "Female": 0}, {"male": 0, "Female": 0}]}}