{"timestamp": [1734409505.436317, 1734472124.144567, 1734559071.693787, 1734644535.495115], "data": {"selected": [0, 0, 0, 0], "assigned": [44, 45, 57, 67], "preselecStu": [0, 0, 0, 0], "stuGender": [{"male": 0, "Female": 0}, {"male": 0, "Female": 0}, {"male": 0, "Female": 0}, {"male": 0, "Female": 0}]}}