{"timestamp": [1716065471.998768, 1716496792.008703, 1725438897.38189, 1725511921.372121], "data": {"selected": [0, 0, 12, 12], "assigned": [0, 12, 0, 0], "preselecStu": [0, 0, 12, 12], "stuGender": [{"male": 0, "Female": 0}, {"male": 0, "Female": 0}, {"male": 9, "Female": 3}, {"male": 9, "Female": 3}]}}