{"timestamp": [1716066355.949623, 1716497593.633308, 1725440223.546109, 1725512968.600883], "data": {"selected": [0, 0, 6, 6], "assigned": [0, 0, 3, 3], "preselecStu": [0, 0, 6, 6], "stuGender": [{"male": 0, "Female": 0}, {"male": 0, "Female": 0}, {"male": 3, "Female": 3}, {"male": 3, "Female": 3}]}}