{"timestamp": [1716066355.949623, 1716497593.633308, 1725440223.546109], "data": {"selected": [0, 0, 6], "assigned": [0, 0, 3], "preselecStu": [0, 0, 6], "stuGender": [{"male": 0, "Female": 0}, {"male": 0, "Female": 0}, {"male": 3, "Female": 3}]}}