{"timestamp": [1716068917.271579, 1716500021.140583, 1725443548.518229], "data": {"selected": [0, 0, 15], "assigned": [0, 0, 6], "preselecStu": [0, 0, 15], "stuGender": [{"male": 0, "Female": 0}, {"male": 0, "Female": 0}, {"male": 4, "Female": 11}]}}