{"timestamp": [1734406059.434823, 1734468763.134491, 1734555321.004722, 1734641523.618326], "data": {"selected": [0, 0, 0, 0], "assigned": [154, 175, 210, 245], "preselecStu": [0, 0, 0, 0], "stuGender": [{"male": 0, "Female": 0}, {"male": 0, "Female": 0}, {"male": 0, "Female": 0}, {"male": 0, "Female": 0}]}}