{"timestamp": [1734406059.434823, 1734468763.134491], "data": {"selected": [0, 0], "assigned": [154, 175], "preselecStu": [0, 0], "stuGender": [{"male": 0, "Female": 0}, {"male": 0, "Female": 0}]}}