{"timestamp": [1707576649.152238, 1707588245.024059, 1707659442.443706], "data": {"selected": [38, 38, 38], "assigned": [0, 0, 0], "preselecStu": [38, 38, 38], "stuGender": [{"male": 30, "Female": 8}, {"male": 30, "Female": 8}, {"male": 30, "Female": 8}]}}