{"timestamp": [1707541534.165872, 1707544738.562416], "data": {"selected": [38, 38], "assigned": [0, 0], "preselecStu": [38, 38], "stuGender": [{"male": 30, "Female": 8}, {"male": 30, "Female": 8}]}}