{"timestamp": [1734408584.487537, 1734471229.125522, 1734558019.326499], "data": {"selected": [0, 0, 0], "assigned": [59, 66, 69], "preselecStu": [0, 0, 0], "stuGender": [{"male": 0, "Female": 0}, {"male": 0, "Female": 0}, {"male": 0, "Female": 0}]}}