{"timestamp": [1707542283.373831, 1707545551.314181], "data": {"selected": [44, 44], "assigned": [0, 0], "preselecStu": [44, 44], "stuGender": [{"male": 26, "Female": 18}, {"male": 26, "Female": 18}]}}