{"timestamp": [1707577279.136769, 1707588986.13197], "data": {"selected": [42, 42], "assigned": [0, 0], "preselecStu": [42, 42], "stuGender": [{"male": 24, "Female": 18}, {"male": 24, "Female": 18}]}}