{"timestamp": [1707541039.010795, 1707544220.241572], "data": {"selected": [13, 13], "assigned": [0, 0], "preselecStu": [13, 13], "stuGender": [{"male": 6, "Female": 7}, {"male": 6, "Female": 7}]}}