{"timestamp": [1707575728.37124, 1707587111.291357, 1707658941.69008], "data": {"selected": [13, 13, 13], "assigned": [0, 0, 0], "preselecStu": [13, 13, 13], "stuGender": [{"male": 6, "Female": 7}, {"male": 6, "Female": 7}, {"male": 6, "Female": 7}]}}