{"timestamp": [1734409041.667824, 1734471659.373228, 1734558521.559543], "data": {"selected": [0, 0, 0], "assigned": [18, 19, 18], "preselecStu": [0, 0, 0], "stuGender": [{"male": 0, "Female": 0}, {"male": 0, "Female": 0}, {"male": 0, "Female": 0}]}}