{"timestamp": [1707541729.30535, 1707544956.984969], "data": {"selected": [14, 14], "assigned": [0, 0], "preselecStu": [14, 14], "stuGender": [{"male": 12, "Female": 2}, {"male": 12, "Female": 2}]}}