{"timestamp": [1716065318.910265, 1716496641.114682, 1725438685.736854], "data": {"selected": [0, 0, 23], "assigned": [0, 23, 0], "preselecStu": [0, 0, 22], "stuGender": [{"male": 0, "Female": 0}, {"male": 0, "Female": 0}, {"male": 4, "Female": 19}]}}