{"timestamp": [1734405991.757915, 1734468702.542594], "data": {"selected": [0, 0], "assigned": [18, 17], "preselecStu": [0, 0], "stuGender": [{"male": 0, "Female": 0}, {"male": 0, "Female": 0}]}}