{"timestamp": [1707577350.494172, 1707589067.215272, 1707659839.164498], "data": {"selected": [60, 60, 60], "assigned": [0, 0, 0], "preselecStu": [60, 60, 60], "stuGender": [{"male": 34, "Female": 26}, {"male": 34, "Female": 26}, {"male": 34, "Female": 26}]}}