{"timestamp": [1707578289.532479, 1707590283.172411, 1707660342.474622, 1707662956.969698], "data": {"selected": [18, 18, 18, 18], "assigned": [0, 0, 0, 0], "preselecStu": [18, 18, 18, 18], "stuGender": [{"male": 9, "Female": 9}, {"male": 9, "Female": 9}, {"male": 9, "Female": 9}, {"male": 9, "Female": 9}]}}