{"timestamp": [1734407239.887593, 1734469975.801348, 1734556612.772188], "data": {"selected": [0, 0, 0], "assigned": [2, 2, 2], "preselecStu": [0, 0, 0], "stuGender": [{"male": 0, "Female": 0}, {"male": 0, "Female": 0}, {"male": 0, "Female": 0}]}}