{"timestamp": [1707575265.969644, 1707586570.411515], "data": {"selected": [30, 30], "assigned": [0, 0], "preselecStu": [30, 30], "stuGender": [{"male": 15, "Female": 15}, {"male": 15, "Female": 15}]}}