{"timestamp": [1707576713.55906, 1707588327.244552], "data": {"selected": [50, 50], "assigned": [0, 0], "preselecStu": [50, 50], "stuGender": [{"male": 37, "Female": 13}, {"male": 37, "Female": 13}]}}