{"timestamp": [1734408034.901656, 1734470715.43934, 1734557427.06949], "data": {"selected": [0, 0, 0], "assigned": [47, 57, 59], "preselecStu": [0, 0, 0], "stuGender": [{"male": 0, "Female": 0}, {"male": 0, "Female": 0}, {"male": 0, "Female": 0}]}}