{"timestamp": [1716064482.826813, 1716495902.416443, 1725437496.450169], "data": {"selected": [0, 0, 1], "assigned": [0, 0, 62], "preselecStu": [0, 0, 0], "stuGender": [{"male": 0, "Female": 0}, {"male": 0, "Female": 0}, {"male": 1, "Female": 0}]}}