{"timestamp": [1707577866.942151, 1707589733.681665, 1707660120.43629], "data": {"selected": [41, 41, 41], "assigned": [0, 0, 0], "preselecStu": [41, 41, 41], "stuGender": [{"male": 30, "Female": 11}, {"male": 30, "Female": 11}, {"male": 30, "Female": 11}]}}