{"timestamp": [1734409780.727736, 1734472333.014008], "data": {"selected": [0, 0], "assigned": [50, 50], "preselecStu": [0, 0], "stuGender": [{"male": 0, "Female": 0}, {"male": 0, "Female": 0}]}}