{"timestamp": [1707541744.93464, 1707544974.500787], "data": {"selected": [99, 99], "assigned": [0, 0], "preselecStu": [99, 99], "stuGender": [{"male": 62, "Female": 37}, {"male": 62, "Female": 37}]}}