{"timestamp": [1707577047.595551, 1707588713.449861, 1707659665.773046], "data": {"selected": [99, 99, 99], "assigned": [0, 0, 0], "preselecStu": [99, 99, 99], "stuGender": [{"male": 62, "Female": 37}, {"male": 62, "Female": 37}, {"male": 62, "Female": 37}]}}