{"timestamp": [1716067637.152359, 1716498873.65811, 1725442070.782755, 1725514487.477752], "data": {"selected": [0, 0, 3, 3], "assigned": [0, 0, 0, 2], "preselecStu": [0, 0, 3, 3], "stuGender": [{"male": 0, "Female": 0}, {"male": 0, "Female": 0}, {"male": 0, "Female": 3}, {"male": 0, "Female": 3}]}}