{"timestamp": [1716067637.152359, 1716498873.65811, 1725442070.782755], "data": {"selected": [0, 0, 3], "assigned": [0, 0, 0], "preselecStu": [0, 0, 3], "stuGender": [{"male": 0, "Female": 0}, {"male": 0, "Female": 0}, {"male": 0, "Female": 3}]}}