{"timestamp": [1716064409.296017, 1716495840.343507, 1725437386.571481, 1725510679.620793], "data": {"selected": [0, 0, 21, 18], "assigned": [0, 0, 18, 38], "preselecStu": [0, 0, 21, 18], "stuGender": [{"male": 0, "Female": 0}, {"male": 0, "Female": 0}, {"male": 12, "Female": 9}, {"male": 10, "Female": 8}]}}