{"timestamp": [1716064409.296017, 1716495840.343507, 1725437386.571481], "data": {"selected": [0, 0, 21], "assigned": [0, 0, 18], "preselecStu": [0, 0, 21], "stuGender": [{"male": 0, "Female": 0}, {"male": 0, "Female": 0}, {"male": 12, "Female": 9}]}}