{"timestamp": [1716065131.425791, 1716496488.72837, 1725438454.722129], "data": {"selected": [0, 0, 4], "assigned": [0, 0, 1], "preselecStu": [0, 0, 4], "stuGender": [{"male": 0, "Female": 0}, {"male": 0, "Female": 0}, {"male": 3, "Female": 1}]}}