{"timestamp": [1716067814.83792, 1716499028.712587, 1725442286.556868], "data": {"selected": [0, 0, 73], "assigned": [0, 0, 21], "preselecStu": [0, 0, 73], "stuGender": [{"male": 0, "Female": 0}, {"male": 0, "Female": 0}, {"male": 60, "Female": 13}]}}