{"timestamp": [1716067814.83792, 1716499028.712587, 1725442286.556868, 1725514688.105206], "data": {"selected": [0, 0, 73, 71], "assigned": [0, 0, 21, 29], "preselecStu": [0, 0, 73, 71], "stuGender": [{"male": 0, "Female": 0}, {"male": 0, "Female": 0}, {"male": 60, "Female": 13}, {"male": 59, "Female": 12}]}}