{"timestamp": [1734405732.873462, 1734468461.824728, 1734554950.386922, 1734641208.056567], "data": {"selected": [0, 0, 0, 0], "assigned": [120, 145, 164, 182], "preselecStu": [0, 0, 0, 0], "stuGender": [{"male": 0, "Female": 0}, {"male": 0, "Female": 0}, {"male": 0, "Female": 0}, {"male": 0, "Female": 0}]}}