{"timestamp": [1734407349.583586, 1734470089.29394, 1734556756.619057], "data": {"selected": [0, 0, 0], "assigned": [9, 12, 15], "preselecStu": [0, 0, 0], "stuGender": [{"male": 0, "Female": 0}, {"male": 0, "Female": 0}, {"male": 0, "Female": 0}]}}