{"timestamp": [1716065450.697362, 1716496770.935287, 1725438870.82769, 1725511902.161231], "data": {"selected": [0, 0, 7, 7], "assigned": [0, 0, 9, 12], "preselecStu": [0, 0, 7, 7], "stuGender": [{"male": 0, "Female": 0}, {"male": 0, "Female": 0}, {"male": 6, "Female": 1}, {"male": 6, "Female": 1}]}}