{"timestamp": [1734406734.677055, 1734469475.227226, 1734556044.005145], "data": {"selected": [0, 0, 0], "assigned": [10, 10, 10], "preselecStu": [0, 0, 0], "stuGender": [{"male": 0, "Female": 0}, {"male": 0, "Female": 0}, {"male": 0, "Female": 0}]}}