{"timestamp": [1716064236.461353, 1716495677.433462, 1725437098.277686, 1725510458.993915], "data": {"selected": [0, 0, 1, 1], "assigned": [0, 0, 0, 0], "preselecStu": [0, 0, 1, 1], "stuGender": [{"male": 0, "Female": 0}, {"male": 0, "Female": 0}, {"male": 0, "Female": 1}, {"male": 0, "Female": 1}]}}