{"timestamp": [1734405527.679887, 1734468180.985248, 1734554711.972499, 1734640923.551837], "data": {"selected": [0, 0, 0, 0], "assigned": [9, 10, 20, 22], "preselecStu": [0, 0, 0, 0], "stuGender": [{"male": 0, "Female": 0}, {"male": 0, "Female": 0}, {"male": 0, "Female": 0}, {"male": 0, "Female": 0}]}}