{"timestamp": [1707577918.727024, 1707589804.393947, 1707660148.766948], "data": {"selected": [9, 9, 9], "assigned": [0, 0, 0], "preselecStu": [9, 9, 9], "stuGender": [{"male": 5, "Female": 4}, {"male": 5, "Female": 4}, {"male": 5, "Female": 4}]}}