{"timestamp": [1716067777.021152, 1716498991.450207, 1725442238.562774], "data": {"selected": [0, 0, 71], "assigned": [0, 49, 21], "preselecStu": [0, 0, 71], "stuGender": [{"male": 0, "Female": 0}, {"male": 0, "Female": 0}, {"male": 61, "Female": 10}]}}