{"timestamp": [1707577540.572783, 1707589294.152894, 1707659943.849621, 1707662551.689487], "data": {"selected": [41, 41, 41, 41], "assigned": [0, 0, 0, 0], "preselecStu": [41, 41, 41, 41], "stuGender": [{"male": 6, "Female": 35}, {"male": 6, "Female": 35}, {"male": 6, "Female": 35}, {"male": 6, "Female": 35}]}}