{"timestamp": [1707542012.452449, 1707545252.897021], "data": {"selected": [41, 41], "assigned": [0, 0], "preselecStu": [41, 41], "stuGender": [{"male": 6, "Female": 35}, {"male": 6, "Female": 35}]}}