{"timestamp": [1734406583.116093, 1734469333.226647], "data": {"selected": [0, 0], "assigned": [24, 24], "preselecStu": [0, 0], "stuGender": [{"male": 0, "Female": 0}, {"male": 0, "Female": 0}]}}