{"timestamp": [1716065710.457591, 1716497026.922796, 1725439277.170439, 1725512234.925744], "data": {"selected": [0, 0, 46, 46], "assigned": [0, 0, 13, 13], "preselecStu": [0, 0, 0, 0], "stuGender": [{"male": 0, "Female": 0}, {"male": 0, "Female": 0}, {"male": 41, "Female": 5}, {"male": 41, "Female": 5}]}}