{"timestamp": [1716067952.718565, 1716499142.852997, 1725442442.758156], "data": {"selected": [0, 0, 60], "assigned": [0, 48, 27], "preselecStu": [0, 0, 60], "stuGender": [{"male": 0, "Female": 0}, {"male": 0, "Female": 0}, {"male": 47, "Female": 13}]}}