{"timestamp": [1707576793.07595, 1707588419.887663, 1707659523.008262], "data": {"selected": [20, 20, 20], "assigned": [0, 0, 0], "preselecStu": [20, 20, 20], "stuGender": [{"male": 17, "Female": 3}, {"male": 17, "Female": 3}, {"male": 17, "Female": 3}]}}