{"timestamp": [1716068737.297208, 1716499858.059314, 1725443366.389287, 1725515762.022008], "data": {"selected": [0, 0, 0, 0], "assigned": [0, 0, 2, 2], "preselecStu": [0, 0, 0, 0], "stuGender": [{"male": 0, "Female": 0}, {"male": 0, "Female": 0}, {"male": 0, "Female": 0}, {"male": 0, "Female": 0}]}}