{"timestamp": [1707542220.962199, 1707545487.543021], "data": {"selected": [70, 70], "assigned": [0, 0], "preselecStu": [70, 70], "stuGender": [{"male": 52, "Female": 18}, {"male": 52, "Female": 18}]}}