{"timestamp": [1734407419.421337, 1734470158.965631], "data": {"selected": [0, 0], "assigned": [77, 77], "preselecStu": [0, 0], "stuGender": [{"male": 0, "Female": 0}, {"male": 0, "Female": 0}]}}