{"timestamp": [1734410986.366871, 1734473475.280042, 1734560456.5036, 1734645856.2433], "data": {"selected": [0, 0, 0, 0], "assigned": [4, 4, 5, 5], "preselecStu": [0, 0, 0, 0], "stuGender": [{"male": 0, "Female": 0}, {"male": 0, "Female": 0}, {"male": 0, "Female": 0}, {"male": 0, "Female": 0}]}}