{"timestamp": [1716066283.481693, 1716497545.23607, 1725440141.311518], "data": {"selected": [0, 0, 58], "assigned": [0, 0, 9], "preselecStu": [0, 0, 58], "stuGender": [{"male": 0, "Female": 0}, {"male": 0, "Female": 0}, {"male": 42, "Female": 16}]}}