{"timestamp": [1716066283.481693, 1716497545.23607, 1725440141.311518, 1725512909.737362], "data": {"selected": [0, 0, 58, 57], "assigned": [0, 0, 9, 24], "preselecStu": [0, 0, 58, 57], "stuGender": [{"male": 0, "Female": 0}, {"male": 0, "Female": 0}, {"male": 42, "Female": 16}, {"male": 41, "Female": 16}]}}