{"timestamp": [1716065631.693694, 1716496947.328037, 1725439160.850151, 1725512144.578124], "data": {"selected": [0, 0, 2, 2], "assigned": [0, 0, 0, 2], "preselecStu": [0, 0, 2, 2], "stuGender": [{"male": 0, "Female": 0}, {"male": 0, "Female": 0}, {"male": 1, "Female": 1}, {"male": 1, "Female": 1}]}}