{"timestamp": [1707541849.903157, 1707545080.937637], "data": {"selected": [10, 10], "assigned": [0, 0], "preselecStu": [10, 10], "stuGender": [{"male": 6, "Female": 4}, {"male": 6, "Female": 4}]}}