{"timestamp": [1725442098.768497, 1725514513.276793, 1725600901.655967, 1725686526.294922], "data": {"selected": [0, 0, 1, 1], "assigned": [0, 1, 0, 0], "preselecStu": [0, 0, 0, 0], "stuGender": [{"male": 0, "Female": 0}, {"male": 0, "Female": 0}, {"male": 0, "Female": 1}, {"male": 0, "Female": 1}]}}