{"timestamp": [1707578175.241595, 1707590140.824221, 1707660282.658813, 1707662891.691649], "data": {"selected": [31, 31, 31, 31], "assigned": [0, 0, 0, 0], "preselecStu": [31, 31, 31, 31], "stuGender": [{"male": 19, "Female": 12}, {"male": 19, "Female": 12}, {"male": 19, "Female": 12}, {"male": 19, "Female": 12}]}}