{"timestamp": [1716066497.722804, 1716497734.222312, 1725440440.193052, 1725513124.878485], "data": {"selected": [0, 0, 0, 0], "assigned": [0, 0, 8, 14], "preselecStu": [0, 0, 0, 0], "stuGender": [{"male": 0, "Female": 0}, {"male": 0, "Female": 0}, {"male": 0, "Female": 0}, {"male": 0, "Female": 0}]}}