{"timestamp": [1716068752.95605, 1716499875.182692, 1725443383.204374, 1725515779.196029], "data": {"selected": [0, 0, 0, 0], "assigned": [0, 0, 3, 3], "preselecStu": [0, 0, 0, 0], "stuGender": [{"male": 0, "Female": 0}, {"male": 0, "Female": 0}, {"male": 0, "Female": 0}, {"male": 0, "Female": 0}]}}