{"timestamp": [1707541837.123908, 1707545067.205835], "data": {"selected": [120, 120], "assigned": [0, 0], "preselecStu": [120, 120], "stuGender": [{"male": 73, "Female": 47}, {"male": 73, "Female": 47}]}}