{"timestamp": [1707577209.051103, 1707588906.376242], "data": {"selected": [120, 120], "assigned": [0, 0], "preselecStu": [120, 120], "stuGender": [{"male": 73, "Female": 47}, {"male": 73, "Female": 47}]}}