{"timestamp": [1716069232.560346, 1716500296.340265, 1725443868.29836, 1725516265.277758], "data": {"selected": [0, 0, 34, 34], "assigned": [0, 0, 25, 31], "preselecStu": [0, 0, 14, 14], "stuGender": [{"male": 0, "Female": 0}, {"male": 0, "Female": 0}, {"male": 24, "Female": 10}, {"male": 24, "Female": 10}]}}