{"timestamp": [1716065499.549376, 1716496819.614534, 1725438935.916096], "data": {"selected": [0, 0, 12], "assigned": [0, 0, 9], "preselecStu": [0, 0, 12], "stuGender": [{"male": 0, "Female": 0}, {"male": 0, "Female": 0}, {"male": 4, "Female": 8}]}}