{"timestamp": [1734406609.832127, 1734469357.244009, 1734555902.863889], "data": {"selected": [0, 0, 0], "assigned": [23, 24, 24], "preselecStu": [0, 0, 0], "stuGender": [{"male": 0, "Female": 0}, {"male": 0, "Female": 0}, {"male": 0, "Female": 0}]}}