{"timestamp": [1716069114.217394, 1716500204.735153, 1725443776.015851], "data": {"selected": [0, 0, 4], "assigned": [0, 0, 1], "preselecStu": [0, 0, 4], "stuGender": [{"male": 0, "Female": 0}, {"male": 0, "Female": 0}, {"male": 1, "Female": 3}]}}