{"timestamp": [1734408525.853743, 1734471163.629292, 1734557934.107457, 1734643715.304799], "data": {"selected": [0, 0, 0, 0], "assigned": [59, 61, 61, 63], "preselecStu": [0, 0, 0, 0], "stuGender": [{"male": 0, "Female": 0}, {"male": 0, "Female": 0}, {"male": 0, "Female": 0}, {"male": 0, "Female": 0}]}}