{"timestamp": [1716065716.984828, 1716497035.853873, 1725439285.711507], "data": {"selected": [0, 0, 53], "assigned": [0, 0, 3], "preselecStu": [0, 0, 0], "stuGender": [{"male": 0, "Female": 0}, {"male": 0, "Female": 0}, {"male": 43, "Female": 10}]}}