{"timestamp": [1734410331.052139, 1734472868.95535, 1734559842.423633, 1734645245.193362], "data": {"selected": [0, 0, 0, 0], "assigned": [3, 3, 4, 3], "preselecStu": [0, 0, 0, 0], "stuGender": [{"male": 0, "Female": 0}, {"male": 0, "Female": 0}, {"male": 0, "Female": 0}, {"male": 0, "Female": 0}]}}