{"timestamp": [1716067510.541168, 1716498743.758892, 1725441907.02833, 1725514344.923395], "data": {"selected": [0, 0, 16, 16], "assigned": [0, 0, 3, 4], "preselecStu": [0, 0, 16, 16], "stuGender": [{"male": 0, "Female": 0}, {"male": 0, "Female": 0}, {"male": 7, "Female": 9}, {"male": 7, "Female": 9}]}}