{"timestamp": [1716067510.541168, 1716498743.758892, 1725441907.02833], "data": {"selected": [0, 0, 16], "assigned": [0, 0, 3], "preselecStu": [0, 0, 16], "stuGender": [{"male": 0, "Female": 0}, {"male": 0, "Female": 0}, {"male": 7, "Female": 9}]}}