{"timestamp": [1734408741.685304, 1734471359.836806], "data": {"selected": [1, 1], "assigned": [122, 123], "preselecStu": [0, 0], "stuGender": [{"male": 1, "Female": 0}, {"male": 1, "Female": 0}]}}