{"timestamp": [1734408741.685304, 1734471359.836806, 1734558187.47418, 1734643893.840789], "data": {"selected": [1, 1, 1, 1], "assigned": [122, 123, 124, 125], "preselecStu": [0, 0, 0, 0], "stuGender": [{"male": 1, "Female": 0}, {"male": 1, "Female": 0}, {"male": 1, "Female": 0}, {"male": 1, "Female": 0}]}}