{"timestamp": [1716066188.536888, 1716497462.09386, 1725440008.981248, 1725512793.556873], "data": {"selected": [0, 0, 0, 0], "assigned": [0, 0, 2, 2], "preselecStu": [0, 0, 0, 0], "stuGender": [{"male": 0, "Female": 0}, {"male": 0, "Female": 0}, {"male": 0, "Female": 0}, {"male": 0, "Female": 0}]}}