{"timestamp": [1716068979.309832, 1716500077.692957, 1725443616.353238], "data": {"selected": [0, 0, 1], "assigned": [0, 0, 8], "preselecStu": [0, 0, 1], "stuGender": [{"male": 0, "Female": 0}, {"male": 0, "Female": 0}, {"male": 1, "Female": 0}]}}