{"timestamp": [1716069125.247991, 1716500216.603277, 1725443789.126854, 1725516185.658055], "data": {"selected": [0, 0, 49, 48], "assigned": [0, 0, 23, 35], "preselecStu": [0, 0, 49, 48], "stuGender": [{"male": 0, "Female": 0}, {"male": 0, "Female": 0}, {"male": 18, "Female": 31}, {"male": 17, "Female": 31}]}}