{"timestamp": [1716069125.247991, 1716500216.603277, 1725443789.126854], "data": {"selected": [0, 0, 49], "assigned": [0, 0, 23], "preselecStu": [0, 0, 49], "stuGender": [{"male": 0, "Female": 0}, {"male": 0, "Female": 0}, {"male": 18, "Female": 31}]}}