{"timestamp": [1734405331.781802, 1734467996.225249], "data": {"selected": [0, 0], "assigned": [33, 35], "preselecStu": [0, 0], "stuGender": [{"male": 0, "Female": 0}, {"male": 0, "Female": 0}]}}