{"timestamp": [1707576517.207361, 1707588099.113944, 1707659371.054693, 1707661974.684998], "data": {"selected": [46, 46, 46, 46], "assigned": [0, 0, 0, 0], "preselecStu": [46, 46, 46, 46], "stuGender": [{"male": 39, "Female": 7}, {"male": 39, "Female": 7}, {"male": 39, "Female": 7}, {"male": 39, "Female": 7}]}}