{"timestamp": [1707540725.608046, 1707543902.972398], "data": {"selected": [50, 50], "assigned": [0, 0], "preselecStu": [50, 50], "stuGender": [{"male": 26, "Female": 24}, {"male": 26, "Female": 24}]}}