{"timestamp": [1716066078.564248, 1716497354.761166, 1725439843.395516, 1725512649.432113], "data": {"selected": [0, 0, 18, 18], "assigned": [0, 0, 57, 67], "preselecStu": [0, 0, 18, 18], "stuGender": [{"male": 0, "Female": 0}, {"male": 0, "Female": 0}, {"male": 14, "Female": 4}, {"male": 14, "Female": 4}]}}