{"timestamp": [1707578599.291453, 1707590696.133844, 1707660510.26879, 1707663130.197973], "data": {"selected": [31, 31, 31, 31], "assigned": [0, 0, 0, 0], "preselecStu": [31, 31, 31, 31], "stuGender": [{"male": 7, "Female": 24}, {"male": 7, "Female": 24}, {"male": 7, "Female": 24}, {"male": 7, "Female": 24}]}}