{"timestamp": [1716065220.947874, 1716496549.741709, 1725438534.993604], "data": {"selected": [0, 0, 19], "assigned": [0, 0, 6], "preselecStu": [0, 0, 19], "stuGender": [{"male": 0, "Female": 0}, {"male": 0, "Female": 0}, {"male": 8, "Female": 11}]}}