{"timestamp": [1716069074.818719, 1716500162.211253, 1725443731.124096], "data": {"selected": [0, 0, 47], "assigned": [0, 0, 0], "preselecStu": [0, 0, 0], "stuGender": [{"male": 0, "Female": 0}, {"male": 0, "Female": 0}, {"male": 27, "Female": 20}]}}