{"timestamp": [1716065929.190364, 1716497226.732141, 1725439603.466706, 1725512467.308175], "data": {"selected": [0, 0, 38, 38], "assigned": [0, 0, 0, 2], "preselecStu": [0, 0, 0, 0], "stuGender": [{"male": 0, "Female": 0}, {"male": 0, "Female": 0}, {"male": 17, "Female": 21}, {"male": 17, "Female": 21}]}}