{"timestamp": [1734405071.898863, 1734467723.563539], "data": {"selected": [0, 0], "assigned": [74, 86], "preselecStu": [0, 0], "stuGender": [{"male": 0, "Female": 0}, {"male": 0, "Female": 0}]}}