{"timestamp": [1716066260.264103, 1716497522.668422, 1725440110.539617], "data": {"selected": [0, 0, 53], "assigned": [0, 0, 7], "preselecStu": [0, 0, 0], "stuGender": [{"male": 0, "Female": 0}, {"male": 0, "Female": 0}, {"male": 42, "Female": 11}]}}