{"timestamp": [1707541432.255381, 1707544630.490728], "data": {"selected": [38, 38], "assigned": [0, 0], "preselecStu": [38, 38], "stuGender": [{"male": 29, "Female": 9}, {"male": 29, "Female": 9}]}}