{"timestamp": [1707577045.620551, 1707588711.119819, 1707659664.56325], "data": {"selected": [108, 108, 108], "assigned": [0, 0, 0], "preselecStu": [108, 108, 108], "stuGender": [{"male": 44, "Female": 64}, {"male": 44, "Female": 64}, {"male": 44, "Female": 64}]}}