{"timestamp": [1734405237.016949, 1734467896.010849, 1734554436.289797, 1734640679.557265], "data": {"selected": [0, 0, 0, 0], "assigned": [82, 93, 107, 108], "preselecStu": [0, 0, 0, 0], "stuGender": [{"male": 0, "Female": 0}, {"male": 0, "Female": 0}, {"male": 0, "Female": 0}, {"male": 0, "Female": 0}]}}