{"timestamp": [1734410340.217372, 1734472878.191173, 1734559852.549235, 1734645254.41533], "data": {"selected": [0, 0, 0, 0], "assigned": [15, 16, 16, 18], "preselecStu": [0, 0, 0, 0], "stuGender": [{"male": 0, "Female": 0}, {"male": 0, "Female": 0}, {"male": 0, "Female": 0}, {"male": 0, "Female": 0}]}}