{"timestamp": [1734410340.217372, 1734472878.191173], "data": {"selected": [0, 0], "assigned": [15, 16], "preselecStu": [0, 0], "stuGender": [{"male": 0, "Female": 0}, {"male": 0, "Female": 0}]}}