{"timestamp": [1716065020.62823, 1716496383.574607, 1725438282.990557], "data": {"selected": [0, 0, 0], "assigned": [0, 0, 26], "preselecStu": [0, 0, 0], "stuGender": [{"male": 0, "Female": 0}, {"male": 0, "Female": 0}, {"male": 0, "Female": 0}]}}