{"timestamp": [1707577624.906638, 1707589394.361039, 1707659990.601336, 1707662598.959006], "data": {"selected": [1, 1, 1, 1], "assigned": [0, 0, 0, 0], "preselecStu": [1, 1, 1, 1], "stuGender": [{"male": 0, "Female": 1}, {"male": 0, "Female": 1}, {"male": 0, "Female": 1}, {"male": 0, "Female": 1}]}}