{"timestamp": [1716069207.405833, 1716500286.679671, 1725443858.987346], "data": {"selected": [0, 0, 15], "assigned": [0, 0, 2], "preselecStu": [0, 0, 15], "stuGender": [{"male": 0, "Female": 0}, {"male": 0, "Female": 0}, {"male": 6, "Female": 9}]}}