{"timestamp": [1716068252.836929, 1716499404.322241, 1725442825.584986], "data": {"selected": [0, 0, 19], "assigned": [0, 3, 0], "preselecStu": [0, 0, 0], "stuGender": [{"male": 0, "Female": 0}, {"male": 0, "Female": 0}, {"male": 17, "Female": 2}]}}