{"timestamp": [1707540402.02524, 1707543578.133679], "data": {"selected": [40, 40], "assigned": [0, 0], "preselecStu": [40, 40], "stuGender": [{"male": 22, "Female": 18}, {"male": 22, "Female": 18}]}}