{"timestamp": [1707576338.940537, 1707587879.716427, 1707659272.923281], "data": {"selected": [7, 7, 7], "assigned": [0, 0, 0], "preselecStu": [7, 7, 7], "stuGender": [{"male": 6, "Female": 1}, {"male": 6, "Female": 1}, {"male": 6, "Female": 1}]}}