{"timestamp": [1734409603.196369, 1734472220.263375, 1734559186.716645], "data": {"selected": [0, 0, 0], "assigned": [69, 76, 90], "preselecStu": [0, 0, 0], "stuGender": [{"male": 0, "Female": 0}, {"male": 0, "Female": 0}, {"male": 0, "Female": 0}]}}