{"timestamp": [1734409003.381588, 1734471625.531878], "data": {"selected": [0, 0], "assigned": [44, 50], "preselecStu": [0, 0], "stuGender": [{"male": 0, "Female": 0}, {"male": 0, "Female": 0}]}}