{"timestamp": [1707576395.13366, 1707587962.075424, 1707659304.845792], "data": {"selected": [8, 8, 8], "assigned": [0, 0, 0], "preselecStu": [8, 8, 8], "stuGender": [{"male": 4, "Female": 4}, {"male": 4, "Female": 4}, {"male": 4, "Female": 4}]}}