{"timestamp": [1734410790.850912, 1734473296.300748], "data": {"selected": [35, 35], "assigned": [2, 2], "preselecStu": [0, 0], "stuGender": [{"male": 15, "Female": 20}, {"male": 15, "Female": 20}]}}