{"timestamp": [1734409812.541487, 1734472353.571711, 1734559343.193633, 1734644768.205055], "data": {"selected": [0, 0, 0, 0], "assigned": [88, 107, 130, 139], "preselecStu": [0, 0, 0, 0], "stuGender": [{"male": 0, "Female": 0}, {"male": 0, "Female": 0}, {"male": 0, "Female": 0}, {"male": 0, "Female": 0}]}}