{"timestamp": [1734409812.541487, 1734472353.571711, 1734559343.193633], "data": {"selected": [0, 0, 0], "assigned": [88, 107, 130], "preselecStu": [0, 0, 0], "stuGender": [{"male": 0, "Female": 0}, {"male": 0, "Female": 0}, {"male": 0, "Female": 0}]}}