{"timestamp": [1734406641.795624, 1734469393.650606, 1734555934.506061], "data": {"selected": [0, 0, 0], "assigned": [14, 15, 16], "preselecStu": [0, 0, 0], "stuGender": [{"male": 0, "Female": 0}, {"male": 0, "Female": 0}, {"male": 0, "Female": 0}]}}