{"timestamp": [1734409809.57261, 1734472351.124962, 1734559340.632149, 1734644765.841345], "data": {"selected": [0, 0, 0, 0], "assigned": [69, 73, 76, 76], "preselecStu": [0, 0, 0, 0], "stuGender": [{"male": 0, "Female": 0}, {"male": 0, "Female": 0}, {"male": 0, "Female": 0}, {"male": 0, "Female": 0}]}}