{"timestamp": [1734408185.929452, 1734470861.211708, 1734557597.770617], "data": {"selected": [0, 0, 0], "assigned": [26, 26, 26], "preselecStu": [0, 0, 0], "stuGender": [{"male": 0, "Female": 0}, {"male": 0, "Female": 0}, {"male": 0, "Female": 0}]}}