{"timestamp": [1707542186.550037, 1707545446.220943], "data": {"selected": [50, 50], "assigned": [0, 0], "preselecStu": [50, 50], "stuGender": [{"male": 37, "Female": 13}, {"male": 37, "Female": 13}]}}