{"timestamp": [1734407948.81615, 1734470631.820941, 1734557332.583022], "data": {"selected": [0, 0, 0], "assigned": [55, 62, 64], "preselecStu": [0, 0, 0], "stuGender": [{"male": 0, "Female": 0}, {"male": 0, "Female": 0}, {"male": 0, "Female": 0}]}}