{"timestamp": [1734408258.570861, 1734470924.189901, 1734557674.164241, 1734643474.924071], "data": {"selected": [0, 0, 0, 0], "assigned": [7, 7, 7, 7], "preselecStu": [0, 0, 0, 0], "stuGender": [{"male": 0, "Female": 0}, {"male": 0, "Female": 0}, {"male": 0, "Female": 0}, {"male": 0, "Female": 0}]}}