{"timestamp": [1707576566.791063, 1707588157.680301, 1707659399.98728, 1707662003.098183], "data": {"selected": [3, 3, 3, 3], "assigned": [0, 0, 0, 0], "preselecStu": [3, 3, 3, 3], "stuGender": [{"male": 3, "Female": 0}, {"male": 3, "Female": 0}, {"male": 3, "Female": 0}, {"male": 3, "Female": 0}]}}