{"timestamp": [1716063761.812675, 1716495222.695444, 1725436416.573396], "data": {"selected": [0, 0, 40], "assigned": [0, 0, 116], "preselecStu": [0, 0, 39], "stuGender": [{"male": 0, "Female": 0}, {"male": 0, "Female": 0}, {"male": 28, "Female": 12}]}}