{"timestamp": [1716063761.812675, 1716495222.695444, 1725436416.573396, 1725509855.795892], "data": {"selected": [0, 0, 40, 38], "assigned": [0, 0, 116, 220], "preselecStu": [0, 0, 39, 37], "stuGender": [{"male": 0, "Female": 0}, {"male": 0, "Female": 0}, {"male": 28, "Female": 12}, {"male": 27, "Female": 11}]}}