{"timestamp": [1716063708.520126, 1716495179.654119, 1725436351.592523, 1725509807.968156], "data": {"selected": [0, 0, 54, 54], "assigned": [0, 0, 0, 1], "preselecStu": [0, 0, 0, 0], "stuGender": [{"male": 0, "Female": 0}, {"male": 0, "Female": 0}, {"male": 41, "Female": 13}, {"male": 41, "Female": 13}]}}