{"timestamp": [1716069098.81873, 1716500185.956396, 1725443756.000203], "data": {"selected": [0, 0, 18], "assigned": [0, 18, 0], "preselecStu": [0, 0, 18], "stuGender": [{"male": 0, "Female": 0}, {"male": 0, "Female": 0}, {"male": 7, "Female": 11}]}}