{"timestamp": [1707541708.974877, 1707544936.302796], "data": {"selected": [22, 22], "assigned": [0, 0], "preselecStu": [22, 22], "stuGender": [{"male": 14, "Female": 8}, {"male": 14, "Female": 8}]}}