{"timestamp": [1734409228.765342, 1734471851.5855, 1734558761.403501], "data": {"selected": [0, 0, 0], "assigned": [10, 11, 12], "preselecStu": [0, 0, 0], "stuGender": [{"male": 0, "Female": 0}, {"male": 0, "Female": 0}, {"male": 0, "Female": 0}]}}