{"timestamp": [1707575614.277912, 1707586981.503668, 1707658879.03221], "data": {"selected": [50, 50, 50], "assigned": [0, 0, 0], "preselecStu": [50, 50, 50], "stuGender": [{"male": 16, "Female": 34}, {"male": 16, "Female": 34}, {"male": 16, "Female": 34}]}}