{"timestamp": [1707540976.553603, 1707544157.144033], "data": {"selected": [50, 50], "assigned": [0, 0], "preselecStu": [50, 50], "stuGender": [{"male": 16, "Female": 34}, {"male": 16, "Female": 34}]}}