{"timestamp": [1734405617.950801, 1734468313.895687], "data": {"selected": [0, 0], "assigned": [555, 647], "preselecStu": [0, 0], "stuGender": [{"male": 0, "Female": 0}, {"male": 0, "Female": 0}]}}