{"timestamp": [1734408704.095945, 1734471327.995358, 1734558161.738649, 1734643868.54602], "data": {"selected": [0, 0, 0, 0], "assigned": [7, 9, 10, 11], "preselecStu": [0, 0, 0, 0], "stuGender": [{"male": 0, "Female": 0}, {"male": 0, "Female": 0}, {"male": 0, "Female": 0}, {"male": 0, "Female": 0}]}}