{"timestamp": [1716063877.43695, 1716495341.458004, 1725436589.731054, 1725510052.057611], "data": {"selected": [0, 0, 40, 39], "assigned": [0, 0, 59, 115], "preselecStu": [0, 0, 40, 39], "stuGender": [{"male": 0, "Female": 0}, {"male": 0, "Female": 0}, {"male": 19, "Female": 21}, {"male": 19, "Female": 20}]}}