{"timestamp": [1716063877.43695, 1716495341.458004, 1725436589.731054], "data": {"selected": [0, 0, 40], "assigned": [0, 0, 59], "preselecStu": [0, 0, 40], "stuGender": [{"male": 0, "Female": 0}, {"male": 0, "Female": 0}, {"male": 19, "Female": 21}]}}