{"timestamp": [1707540969.744209, 1707544149.318017], "data": {"selected": [50, 50], "assigned": [0, 0], "preselecStu": [50, 50], "stuGender": [{"male": 13, "Female": 37}, {"male": 13, "Female": 37}]}}