{"timestamp": [1716067766.280399, 1716498980.660858, 1725442220.267094], "data": {"selected": [0, 0, 50], "assigned": [0, 0, 15], "preselecStu": [0, 0, 0], "stuGender": [{"male": 0, "Female": 0}, {"male": 0, "Female": 0}, {"male": 40, "Female": 10}]}}