{"timestamp": [1707575711.228946, 1707587091.131304, 1707658932.156727], "data": {"selected": [4, 4, 4], "assigned": [0, 0, 0], "preselecStu": [4, 4, 4], "stuGender": [{"male": 2, "Female": 2}, {"male": 2, "Female": 2}, {"male": 2, "Female": 2}]}}