{"timestamp": [1707576765.217544, 1707588387.917643, 1707659507.378964, 1707662113.936094], "data": {"selected": [50, 50, 50, 50], "assigned": [0, 0, 0, 0], "preselecStu": [50, 50, 50, 50], "stuGender": [{"male": 42, "Female": 8}, {"male": 42, "Female": 8}, {"male": 42, "Female": 8}, {"male": 42, "Female": 8}]}}