{"timestamp": [1716067660.409576, 1716498896.180661, 1725442103.84922], "data": {"selected": [0, 0, 0], "assigned": [0, 0, 11], "preselecStu": [0, 0, 0], "stuGender": [{"male": 0, "Female": 0}, {"male": 0, "Female": 0}, {"male": 0, "Female": 0}]}}