{"timestamp": [1734411113.216271, 1734473580.927251, 1734560573.736287], "data": {"selected": [0, 0, 0], "assigned": [6, 7, 6], "preselecStu": [0, 0, 0], "stuGender": [{"male": 0, "Female": 0}, {"male": 0, "Female": 0}, {"male": 0, "Female": 0}]}}