{"timestamp": [1707578786.08103, 1707590937.357907], "data": {"selected": [14, 14], "assigned": [0, 0], "preselecStu": [14, 14], "stuGender": [{"male": 7, "Female": 7}, {"male": 7, "Female": 7}]}}