{"timestamp": [1707542699.197365, 1707545986.310922], "data": {"selected": [14, 14], "assigned": [0, 0], "preselecStu": [14, 14], "stuGender": [{"male": 7, "Female": 7}, {"male": 7, "Female": 7}]}}