{"timestamp": [1716068044.070148, 1716499227.452381, 1725442575.444177], "data": {"selected": [0, 0, 27], "assigned": [0, 0, 62], "preselecStu": [0, 0, 27], "stuGender": [{"male": 0, "Female": 0}, {"male": 0, "Female": 0}, {"male": 21, "Female": 6}]}}