{"timestamp": [1716068044.070148, 1716499227.452381, 1725442575.444177, 1725514980.694161], "data": {"selected": [0, 0, 27, 25], "assigned": [0, 0, 62, 99], "preselecStu": [0, 0, 27, 25], "stuGender": [{"male": 0, "Female": 0}, {"male": 0, "Female": 0}, {"male": 21, "Female": 6}, {"male": 20, "Female": 5}]}}