{"timestamp": [1716069368.84629, 1716500414.917575, 1725444009.874254], "data": {"selected": [0, 0, 2], "assigned": [0, 0, 5], "preselecStu": [0, 0, 2], "stuGender": [{"male": 0, "Female": 0}, {"male": 0, "Female": 0}, {"male": 2, "Female": 0}]}}