{"timestamp": [1734406052.680442, 1734468757.387331], "data": {"selected": [0, 0], "assigned": [240, 273], "preselecStu": [0, 0], "stuGender": [{"male": 0, "Female": 0}, {"male": 0, "Female": 0}]}}