{"timestamp": [1707576735.045364, 1707588353.275033], "data": {"selected": [60, 60], "assigned": [0, 0], "preselecStu": [60, 60], "stuGender": [{"male": 49, "Female": 11}, {"male": 49, "Female": 11}]}}