{"timestamp": [1734405225.527511, 1734467881.664832, 1734554421.616361, 1734640662.45146], "data": {"selected": [0, 0, 0, 0], "assigned": [35, 40, 43, 48], "preselecStu": [0, 0, 0, 0], "stuGender": [{"male": 0, "Female": 0}, {"male": 0, "Female": 0}, {"male": 0, "Female": 0}, {"male": 0, "Female": 0}]}}