{"timestamp": [1734405225.527511, 1734467881.664832], "data": {"selected": [0, 0], "assigned": [35, 40], "preselecStu": [0, 0], "stuGender": [{"male": 0, "Female": 0}, {"male": 0, "Female": 0}]}}