{"timestamp": [1707576387.013312, 1707587953.331792], "data": {"selected": [11, 11], "assigned": [0, 0], "preselecStu": [11, 11], "stuGender": [{"male": 9, "Female": 2}, {"male": 9, "Female": 2}]}}