{"timestamp": [1734405551.558782, 1734468214.78604], "data": {"selected": [0, 0], "assigned": [429, 482], "preselecStu": [0, 0], "stuGender": [{"male": 0, "Female": 0}, {"male": 0, "Female": 0}]}}