{"timestamp": [1734405551.558782, 1734468214.78604, 1734554748.677648, 1734640963.062829], "data": {"selected": [0, 0, 0, 0], "assigned": [429, 482, 550, 646], "preselecStu": [0, 0, 0, 0], "stuGender": [{"male": 0, "Female": 0}, {"male": 0, "Female": 0}, {"male": 0, "Female": 0}, {"male": 0, "Female": 0}]}}