{"timestamp": [1707542191.808761, 1707545452.180665], "data": {"selected": [35, 35], "assigned": [0, 0], "preselecStu": [35, 35], "stuGender": [{"male": 26, "Female": 9}, {"male": 26, "Female": 9}]}}