{"timestamp": [1707577738.208118, 1707589552.882835, 1707660056.983456], "data": {"selected": [17, 17, 17], "assigned": [0, 0, 0], "preselecStu": [0, 0, 0], "stuGender": [{"male": 16, "Female": 1}, {"male": 16, "Female": 1}, {"male": 16, "Female": 1}]}}