{"timestamp": [1707542121.975632, 1707545371.643053], "data": {"selected": [17, 17], "assigned": [0, 0], "preselecStu": [0, 0], "stuGender": [{"male": 16, "Female": 1}, {"male": 16, "Female": 1}]}}