{"timestamp": [1716068893.2171, 1716499997.62185, 1725443519.209923], "data": {"selected": [0, 0, 30], "assigned": [0, 0, 3], "preselecStu": [0, 0, 30], "stuGender": [{"male": 0, "Female": 0}, {"male": 0, "Female": 0}, {"male": 9, "Female": 21}]}}