{"timestamp": [1716066196.630651, 1716497468.809969, 1725440018.15986], "data": {"selected": [0, 0, 2], "assigned": [0, 0, 3], "preselecStu": [0, 0, 2], "stuGender": [{"male": 0, "Female": 0}, {"male": 0, "Female": 0}, {"male": 0, "Female": 2}]}}