{"timestamp": [1716066196.630651, 1716497468.809969, 1725440018.15986, 1725512801.167706], "data": {"selected": [0, 0, 2, 2], "assigned": [0, 0, 3, 4], "preselecStu": [0, 0, 2, 2], "stuGender": [{"male": 0, "Female": 0}, {"male": 0, "Female": 0}, {"male": 0, "Female": 2}, {"male": 0, "Female": 2}]}}