{"timestamp": [1734408211.975684, 1734470877.806189, 1734557615.944781], "data": {"selected": [0, 0, 0], "assigned": [30, 34, 39], "preselecStu": [0, 0, 0], "stuGender": [{"male": 0, "Female": 0}, {"male": 0, "Female": 0}, {"male": 0, "Female": 0}]}}