{"timestamp": [1707578707.620615, 1707590848.393641, 1707660568.642403], "data": {"selected": [38, 38, 38], "assigned": [0, 0, 0], "preselecStu": [38, 38, 38], "stuGender": [{"male": 17, "Female": 21}, {"male": 17, "Female": 21}, {"male": 17, "Female": 21}]}}