{"timestamp": [1707541012.104947, 1707544191.488511], "data": {"selected": [20, 20], "assigned": [0, 0], "preselecStu": [20, 20], "stuGender": [{"male": 3, "Female": 17}, {"male": 3, "Female": 17}]}}