{"timestamp": [1707575680.49637, 1707587054.691464], "data": {"selected": [20, 20], "assigned": [0, 0], "preselecStu": [20, 20], "stuGender": [{"male": 3, "Female": 17}, {"male": 3, "Female": 17}]}}