{"timestamp": [1734410142.192245, 1734472690.013014, 1734559655.626225, 1734645055.70744], "data": {"selected": [0, 0, 0, 0], "assigned": [8, 10, 12, 15], "preselecStu": [0, 0, 0, 0], "stuGender": [{"male": 0, "Female": 0}, {"male": 0, "Female": 0}, {"male": 0, "Female": 0}, {"male": 0, "Female": 0}]}}