{"timestamp": [1707541349.412768, 1707544537.283928], "data": {"selected": [23, 23], "assigned": [0, 0], "preselecStu": [23, 23], "stuGender": [{"male": 19, "Female": 4}, {"male": 19, "Female": 4}]}}