{"timestamp": [1707576308.549761, 1707587834.545203, 1707659255.206905, 1707661856.510891], "data": {"selected": [23, 23, 23, 23], "assigned": [0, 0, 0, 0], "preselecStu": [23, 23, 23, 23], "stuGender": [{"male": 19, "Female": 4}, {"male": 19, "Female": 4}, {"male": 19, "Female": 4}, {"male": 19, "Female": 4}]}}