{"timestamp": [1707577715.995422, 1707589528.60741], "data": {"selected": [63, 63], "assigned": [0, 0], "preselecStu": [63, 63], "stuGender": [{"male": 50, "Female": 13}, {"male": 50, "Female": 13}]}}