{"timestamp": [1716063702.052467, 1716495172.518436, 1725436343.353897, 1725509799.75662], "data": {"selected": [0, 0, 42, 41], "assigned": [0, 0, 0, 2], "preselecStu": [0, 0, 0, 0], "stuGender": [{"male": 0, "Female": 0}, {"male": 0, "Female": 0}, {"male": 26, "Female": 16}, {"male": 25, "Female": 16}]}}