{"timestamp": [1707575221.456249, 1707586517.758964, 1707658652.632483], "data": {"selected": [47, 47, 47], "assigned": [0, 0, 0], "preselecStu": [0, 0, 0], "stuGender": [{"male": 31, "Female": 16}, {"male": 31, "Female": 16}, {"male": 31, "Female": 16}]}}