{"timestamp": [1707540755.310101, 1707543933.867062], "data": {"selected": [47, 47], "assigned": [0, 0], "preselecStu": [0, 0], "stuGender": [{"male": 31, "Female": 16}, {"male": 31, "Female": 16}]}}