{"timestamp": [1707540774.269916, 1707543953.127852], "data": {"selected": [45, 45], "assigned": [0, 0], "preselecStu": [0, 0], "stuGender": [{"male": 5, "Female": 40}, {"male": 5, "Female": 40}]}}