{"timestamp": [1716065588.620322, 1716496909.492094, 1725439111.925034], "data": {"selected": [0, 0, 48], "assigned": [0, 36, 2], "preselecStu": [0, 0, 48], "stuGender": [{"male": 0, "Female": 0}, {"male": 0, "Female": 0}, {"male": 31, "Female": 17}]}}