{"timestamp": [1716065588.620322, 1716496909.492094, 1725439111.925034, 1725512100.907393], "data": {"selected": [0, 0, 48, 44], "assigned": [0, 36, 2, 5], "preselecStu": [0, 0, 48, 44], "stuGender": [{"male": 0, "Female": 0}, {"male": 0, "Female": 0}, {"male": 31, "Female": 17}, {"male": 28, "Female": 16}]}}