{"timestamp": [1734408124.848482, 1734470801.199327, 1734557536.25948, 1734643348.061478], "data": {"selected": [0, 0, 0, 0], "assigned": [4, 4, 4, 5], "preselecStu": [0, 0, 0, 0], "stuGender": [{"male": 0, "Female": 0}, {"male": 0, "Female": 0}, {"male": 0, "Female": 0}, {"male": 0, "Female": 0}]}}