{"timestamp": [1707541383.589834, 1707544579.823567], "data": {"selected": [20, 20], "assigned": [0, 0], "preselecStu": [20, 20], "stuGender": [{"male": 12, "Female": 8}, {"male": 12, "Female": 8}]}}