{"timestamp": [1734405765.189842, 1734468488.396056, 1734554977.48381, 1734641236.577519], "data": {"selected": [0, 0, 0, 0], "assigned": [102, 113, 137, 151], "preselecStu": [0, 0, 0, 0], "stuGender": [{"male": 0, "Female": 0}, {"male": 0, "Female": 0}, {"male": 0, "Female": 0}, {"male": 0, "Female": 0}]}}