{"timestamp": [1716066896.758659, 1716498139.74066, 1725441076.762902], "data": {"selected": [0, 0, 0], "assigned": [0, 0, 31], "preselecStu": [0, 0, 0], "stuGender": [{"male": 0, "Female": 0}, {"male": 0, "Female": 0}, {"male": 0, "Female": 0}]}}