{"timestamp": [1707576568.642335, 1707588159.859261, 1707659401.044894], "data": {"selected": [9, 9, 9], "assigned": [0, 0, 0], "preselecStu": [9, 9, 9], "stuGender": [{"male": 8, "Female": 1}, {"male": 8, "Female": 1}, {"male": 8, "Female": 1}]}}