{"timestamp": [1716068599.084659, 1716499727.039813, 1725443209.737978, 1725515611.279795], "data": {"selected": [0, 0, 1, 1], "assigned": [0, 0, 0, 0], "preselecStu": [0, 0, 0, 0], "stuGender": [{"male": 0, "Female": 0}, {"male": 0, "Female": 0}, {"male": 1, "Female": 0}, {"male": 1, "Female": 0}]}}