{"timestamp": [1734405687.091509, 1734468421.44047, 1734554921.161381], "data": {"selected": [0, 0, 0], "assigned": [392, 472, 569], "preselecStu": [0, 0, 0], "stuGender": [{"male": 0, "Female": 0}, {"male": 0, "Female": 0}, {"male": 0, "Female": 0}]}}