{"timestamp": [1734405687.091509, 1734468421.44047], "data": {"selected": [0, 0], "assigned": [392, 472], "preselecStu": [0, 0], "stuGender": [{"male": 0, "Female": 0}, {"male": 0, "Female": 0}]}}