{"timestamp": [1707541135.753949, 1707544316.519491], "data": {"selected": [56, 56], "assigned": [0, 0], "preselecStu": [56, 56], "stuGender": [{"male": 42, "Female": 14}, {"male": 42, "Female": 14}]}}