{"timestamp": [1734410064.929628, 1734472617.819592, 1734559584.575566], "data": {"selected": [0, 0, 0], "assigned": [46, 46, 48], "preselecStu": [0, 0, 0], "stuGender": [{"male": 0, "Female": 0}, {"male": 0, "Female": 0}, {"male": 0, "Female": 0}]}}