{"timestamp": [1716063873.459174, 1716495338.440017, 1725436585.613726], "data": {"selected": [0, 0, 40], "assigned": [0, 0, 69], "preselecStu": [0, 0, 40], "stuGender": [{"male": 0, "Female": 0}, {"male": 0, "Female": 0}, {"male": 35, "Female": 5}]}}