{"timestamp": [1716063873.459174, 1716495338.440017, 1725436585.613726, 1725510047.38687], "data": {"selected": [0, 0, 40, 39], "assigned": [0, 0, 69, 135], "preselecStu": [0, 0, 40, 39], "stuGender": [{"male": 0, "Female": 0}, {"male": 0, "Female": 0}, {"male": 35, "Female": 5}, {"male": 34, "Female": 5}]}}