{"timestamp": [1734406517.956062, 1734469259.311048], "data": {"selected": [0, 0], "assigned": [38, 40], "preselecStu": [0, 0], "stuGender": [{"male": 0, "Female": 0}, {"male": 0, "Female": 0}]}}