{"timestamp": [1734407008.642432, 1734469760.914285, 1734556344.492748], "data": {"selected": [0, 0, 0], "assigned": [8, 7, 9], "preselecStu": [0, 0, 0], "stuGender": [{"male": 0, "Female": 0}, {"male": 0, "Female": 0}, {"male": 0, "Female": 0}]}}