{"timestamp": [1734406257.650148, 1734468980.298291, 1734555490.928922], "data": {"selected": [0, 0, 0], "assigned": [100, 111, 118], "preselecStu": [0, 0, 0], "stuGender": [{"male": 0, "Female": 0}, {"male": 0, "Female": 0}, {"male": 0, "Female": 0}]}}