{"timestamp": [1734406257.650148, 1734468980.298291], "data": {"selected": [0, 0], "assigned": [100, 111], "preselecStu": [0, 0], "stuGender": [{"male": 0, "Female": 0}, {"male": 0, "Female": 0}]}}