{"timestamp": [1707575446.649167, 1707586787.395337], "data": {"selected": [29, 29], "assigned": [0, 0], "preselecStu": [29, 29], "stuGender": [{"male": 12, "Female": 17}, {"male": 12, "Female": 17}]}}