{"timestamp": [1707541597.138566, 1707544803.701856], "data": {"selected": [50, 50], "assigned": [0, 0], "preselecStu": [50, 50], "stuGender": [{"male": 43, "Female": 7}, {"male": 43, "Female": 7}]}}