{"timestamp": [1707576767.118566, 1707588390.165258], "data": {"selected": [50, 50], "assigned": [0, 0], "preselecStu": [50, 50], "stuGender": [{"male": 43, "Female": 7}, {"male": 43, "Female": 7}]}}