{"timestamp": [1716067584.985607, 1716498822.789944, 1725442012.602256], "data": {"selected": [0, 0, 0], "assigned": [0, 0, 12], "preselecStu": [0, 0, 0], "stuGender": [{"male": 0, "Female": 0}, {"male": 0, "Female": 0}, {"male": 0, "Female": 0}]}}