{"timestamp": [1734407799.368428, 1734470497.103918, 1734557178.550492, 1734643047.806255], "data": {"selected": [0, 0, 0, 0], "assigned": [2, 3, 4, 4], "preselecStu": [0, 0, 0, 0], "stuGender": [{"male": 0, "Female": 0}, {"male": 0, "Female": 0}, {"male": 0, "Female": 0}, {"male": 0, "Female": 0}]}}