{"timestamp": [1716064000.683573, 1716495446.79061, 1725436751.345888], "data": {"selected": [0, 0, 5], "assigned": [0, 0, 0], "preselecStu": [0, 0, 5], "stuGender": [{"male": 0, "Female": 0}, {"male": 0, "Female": 0}, {"male": 0, "Female": 5}]}}