{"timestamp": [1716066685.333254, 1716497932.519536, 1725440767.251574, 1725513358.992198], "data": {"selected": [0, 0, 17, 17], "assigned": [0, 0, 9, 11], "preselecStu": [0, 0, 17, 17], "stuGender": [{"male": 0, "Female": 0}, {"male": 0, "Female": 0}, {"male": 16, "Female": 1}, {"male": 16, "Female": 1}]}}