{"timestamp": [1716067696.381295, 1716498920.92966, 1725442131.85936, 1725514544.921955], "data": {"selected": [0, 0, 1, 1], "assigned": [0, 0, 6, 9], "preselecStu": [0, 0, 1, 1], "stuGender": [{"male": 0, "Female": 0}, {"male": 0, "Female": 0}, {"male": 0, "Female": 1}, {"male": 0, "Female": 1}]}}