{"timestamp": [1716069064.26538, 1716500150.430411, 1725443719.928433, 1725516113.712326], "data": {"selected": [0, 0, 47, 47], "assigned": [0, 0, 6, 11], "preselecStu": [0, 0, 0, 0], "stuGender": [{"male": 0, "Female": 0}, {"male": 0, "Female": 0}, {"male": 27, "Female": 20}, {"male": 27, "Female": 20}]}}