{"timestamp": [1707542094.406936, 1707545343.127025], "data": {"selected": [70, 70], "assigned": [0, 0], "preselecStu": [70, 70], "stuGender": [{"male": 55, "Female": 15}, {"male": 55, "Female": 15}]}}