{"timestamp": [1707577686.982729, 1707589490.261228, 1707660027.554683, 1707662636.536166], "data": {"selected": [70, 70, 70, 70], "assigned": [0, 0, 0, 0], "preselecStu": [70, 70, 70, 70], "stuGender": [{"male": 55, "Female": 15}, {"male": 55, "Female": 15}, {"male": 55, "Female": 15}, {"male": 55, "Female": 15}]}}