{"timestamp": [1734404967.856414, 1734467625.79047, 1734554144.369558], "data": {"selected": [0, 0, 0], "assigned": [133, 144, 162], "preselecStu": [0, 0, 0], "stuGender": [{"male": 0, "Female": 0}, {"male": 0, "Female": 0}, {"male": 0, "Female": 0}]}}