{"timestamp": [1734404967.856414, 1734467625.79047], "data": {"selected": [0, 0], "assigned": [133, 144], "preselecStu": [0, 0], "stuGender": [{"male": 0, "Female": 0}, {"male": 0, "Female": 0}]}}