{"timestamp": [1707577975.179549, 1707589850.742629], "data": {"selected": [70, 70], "assigned": [0, 0], "preselecStu": [70, 70], "stuGender": [{"male": 44, "Female": 26}, {"male": 44, "Female": 26}]}}