{"timestamp": [1734405434.511164, 1734468101.576622, 1734554622.536328, 1734640847.84786], "data": {"selected": [0, 0, 0, 0], "assigned": [248, 282, 343, 410], "preselecStu": [0, 0, 0, 0], "stuGender": [{"male": 0, "Female": 0}, {"male": 0, "Female": 0}, {"male": 0, "Female": 0}, {"male": 0, "Female": 0}]}}