{"timestamp": [1734405434.511164, 1734468101.576622], "data": {"selected": [0, 0], "assigned": [248, 282], "preselecStu": [0, 0], "stuGender": [{"male": 0, "Female": 0}, {"male": 0, "Female": 0}]}}