{"timestamp": [1716064973.7596, 1716496335.371016, 1725438195.183533], "data": {"selected": [0, 0, 0], "assigned": [0, 0, 93], "preselecStu": [0, 0, 0], "stuGender": [{"male": 0, "Female": 0}, {"male": 0, "Female": 0}, {"male": 0, "Female": 0}]}}