{"timestamp": [1734408501.766105, 1734471139.466996], "data": {"selected": [0, 0], "assigned": [34, 38], "preselecStu": [0, 0], "stuGender": [{"male": 0, "Female": 0}, {"male": 0, "Female": 0}]}}