{"timestamp": [1707578389.741576, 1707590418.301109], "data": {"selected": [22, 22], "assigned": [0, 0], "preselecStu": [22, 22], "stuGender": [{"male": 15, "Female": 7}, {"male": 15, "Female": 7}]}}