{"timestamp": [1716065341.173417, 1716496663.734524, 1725438717.999389, 1725511758.04414], "data": {"selected": [0, 0, 22, 22], "assigned": [0, 20, 1, 1], "preselecStu": [0, 0, 22, 22], "stuGender": [{"male": 0, "Female": 0}, {"male": 0, "Female": 0}, {"male": 2, "Female": 20}, {"male": 2, "Female": 20}]}}