{"timestamp": [1707541143.768406, 1707544324.578156], "data": {"selected": [50, 50], "assigned": [0, 0], "preselecStu": [50, 50], "stuGender": [{"male": 38, "Female": 12}, {"male": 38, "Female": 12}]}}