{"timestamp": [1734409815.484366, 1734472356.038563, 1734559346.284709], "data": {"selected": [0, 0, 0], "assigned": [93, 105, 112], "preselecStu": [0, 0, 0], "stuGender": [{"male": 0, "Female": 0}, {"male": 0, "Female": 0}, {"male": 0, "Female": 0}]}}