{"timestamp": [1734408883.127986, 1734471504.415682, 1734558356.219683, 1734644012.240786], "data": {"selected": [0, 0, 0, 0], "assigned": [29, 29, 29, 30], "preselecStu": [0, 0, 0, 0], "stuGender": [{"male": 0, "Female": 0}, {"male": 0, "Female": 0}, {"male": 0, "Female": 0}, {"male": 0, "Female": 0}]}}