{"timestamp": [1716067102.238856, 1716498346.464082, 1725441334.142227, 1725513862.97642], "data": {"selected": [0, 0, 40, 38], "assigned": [0, 0, 2, 6], "preselecStu": [0, 0, 40, 38], "stuGender": [{"male": 0, "Female": 0}, {"male": 0, "Female": 0}, {"male": 14, "Female": 26}, {"male": 14, "Female": 24}]}}