{"timestamp": [1716067102.238856, 1716498346.464082, 1725441334.142227], "data": {"selected": [0, 0, 40], "assigned": [0, 0, 2], "preselecStu": [0, 0, 40], "stuGender": [{"male": 0, "Female": 0}, {"male": 0, "Female": 0}, {"male": 14, "Female": 26}]}}