{"timestamp": [1734406403.233104, 1734469136.620259], "data": {"selected": [0, 0], "assigned": [31, 31], "preselecStu": [0, 0], "stuGender": [{"male": 0, "Female": 0}, {"male": 0, "Female": 0}]}}