{"timestamp": [1707540376.210932, 1707543552.231067], "data": {"selected": [40, 40], "assigned": [0, 0], "preselecStu": [40, 40], "stuGender": [{"male": 10, "Female": 30}, {"male": 10, "Female": 30}]}}