{"timestamp": [1716064809.18656, 1716496189.5128, 1725437940.240935], "data": {"selected": [0, 0, 0], "assigned": [0, 0, 99], "preselecStu": [0, 0, 0], "stuGender": [{"male": 0, "Female": 0}, {"male": 0, "Female": 0}, {"male": 0, "Female": 0}]}}