{"timestamp": [1734411012.985546, 1734473500.799162, 1734560483.902179], "data": {"selected": [0, 0, 0], "assigned": [4, 4, 4], "preselecStu": [0, 0, 0], "stuGender": [{"male": 0, "Female": 0}, {"male": 0, "Female": 0}, {"male": 0, "Female": 0}]}}