{"timestamp": [1707541033.817717, 1707544214.968039], "data": {"selected": [50, 50], "assigned": [0, 0], "preselecStu": [50, 50], "stuGender": [{"male": 15, "Female": 35}, {"male": 15, "Female": 35}]}}