{"timestamp": [1734406651.775531, 1734469400.589161, 1734555942.919548, 1734642078.482999], "data": {"selected": [0, 0, 0, 0], "assigned": [2, 2, 3, 3], "preselecStu": [0, 0, 0, 0], "stuGender": [{"male": 0, "Female": 0}, {"male": 0, "Female": 0}, {"male": 0, "Female": 0}, {"male": 0, "Female": 0}]}}