{"timestamp": [1734406901.210882, 1734469661.405089], "data": {"selected": [0, 0], "assigned": [98, 98], "preselecStu": [0, 0], "stuGender": [{"male": 0, "Female": 0}, {"male": 0, "Female": 0}]}}