{"timestamp": [1716068709.632445, 1716499831.079318, 1725443330.975703, 1725515728.07955], "data": {"selected": [0, 0, 1, 1], "assigned": [0, 0, 3, 4], "preselecStu": [0, 0, 1, 1], "stuGender": [{"male": 0, "Female": 0}, {"male": 0, "Female": 0}, {"male": 1, "Female": 0}, {"male": 1, "Female": 0}]}}