{"timestamp": [1734405446.839628, 1734468112.042867, 1734554632.856418], "data": {"selected": [0, 0, 0], "assigned": [45, 45, 45], "preselecStu": [0, 0, 0], "stuGender": [{"male": 0, "Female": 0}, {"male": 0, "Female": 0}, {"male": 0, "Female": 0}]}}