{"timestamp": [1716069411.824143, 1716500458.274414, 1725444058.012888, 1725516453.043954], "data": {"selected": [0, 0, 1, 1], "assigned": [0, 0, 0, 0], "preselecStu": [0, 0, 0, 0], "stuGender": [{"male": 0, "Female": 0}, {"male": 0, "Female": 0}, {"male": 0, "Female": 1}, {"male": 0, "Female": 1}]}}