{"timestamp": [1716064031.873565, 1716495478.615233, 1725436801.2834], "data": {"selected": [0, 0, 0], "assigned": [0, 0, 3], "preselecStu": [0, 0, 0], "stuGender": [{"male": 0, "Female": 0}, {"male": 0, "Female": 0}, {"male": 0, "Female": 0}]}}