{"timestamp": [1716065464.552734, 1716496783.485015, 1725438887.598508, 1725511914.401332], "data": {"selected": [0, 0, 5, 5], "assigned": [0, 0, 6, 7], "preselecStu": [0, 0, 5, 5], "stuGender": [{"male": 0, "Female": 0}, {"male": 0, "Female": 0}, {"male": 4, "Female": 1}, {"male": 4, "Female": 1}]}}