{"timestamp": [1734407514.044324, 1734470244.161372], "data": {"selected": [0, 0], "assigned": [19, 21], "preselecStu": [0, 0], "stuGender": [{"male": 0, "Female": 0}, {"male": 0, "Female": 0}]}}