{"timestamp": [1734410923.085599, 1734473416.759943], "data": {"selected": [0, 0], "assigned": [20, 24], "preselecStu": [0, 0], "stuGender": [{"male": 0, "Female": 0}, {"male": 0, "Female": 0}]}}