{"timestamp": [1707578129.400206, 1707590068.612689], "data": {"selected": [23, 23], "assigned": [0, 0], "preselecStu": [23, 23], "stuGender": [{"male": 18, "Female": 5}, {"male": 18, "Female": 5}]}}