{"timestamp": [1707542328.498721, 1707545601.363674], "data": {"selected": [23, 23], "assigned": [0, 0], "preselecStu": [23, 23], "stuGender": [{"male": 18, "Female": 5}, {"male": 18, "Female": 5}]}}