{"timestamp": [1707541549.263605, 1707544753.395867], "data": {"selected": [60, 60], "assigned": [0, 0], "preselecStu": [60, 60], "stuGender": [{"male": 50, "Female": 10}, {"male": 50, "Female": 10}]}}