{"timestamp": [1707540403.915818, 1707543580.047928], "data": {"selected": [40, 40], "assigned": [0, 0], "preselecStu": [40, 40], "stuGender": [{"male": 26, "Female": 14}, {"male": 26, "Female": 14}]}}