{"timestamp": [1707576694.012428, 1707588294.720558], "data": {"selected": [55, 55], "assigned": [0, 0], "preselecStu": [55, 55], "stuGender": [{"male": 48, "Female": 7}, {"male": 48, "Female": 7}]}}