{"timestamp": [1707542124.427613, 1707545379.57805], "data": {"selected": [76, 76], "assigned": [0, 0], "preselecStu": [0, 0], "stuGender": [{"male": 60, "Female": 16}, {"male": 60, "Female": 16}]}}