{"timestamp": [1716065087.0593, 1716496448.863409, 1725438396.386822], "data": {"selected": [0, 0, 44], "assigned": [0, 45, 1], "preselecStu": [0, 0, 44], "stuGender": [{"male": 0, "Female": 0}, {"male": 0, "Female": 0}, {"male": 15, "Female": 29}]}}