{"timestamp": [1716065087.0593, 1716496448.863409, 1725438396.386822, 1725511482.664216], "data": {"selected": [0, 0, 44, 44], "assigned": [0, 45, 1, 2], "preselecStu": [0, 0, 44, 44], "stuGender": [{"male": 0, "Female": 0}, {"male": 0, "Female": 0}, {"male": 15, "Female": 29}, {"male": 15, "Female": 29}]}}