{"timestamp": [1734409379.482168, 1734471982.958694], "data": {"selected": [0, 0], "assigned": [100, 112], "preselecStu": [0, 0], "stuGender": [{"male": 0, "Female": 0}, {"male": 0, "Female": 0}]}}