{"timestamp": [1716068912.863475, 1716500016.847363, 1725443543.564905], "data": {"selected": [0, 0, 43], "assigned": [0, 0, 16], "preselecStu": [0, 0, 43], "stuGender": [{"male": 0, "Female": 0}, {"male": 0, "Female": 0}, {"male": 20, "Female": 23}]}}