{"timestamp": [1707541045.778027, 1707544226.856147], "data": {"selected": [21, 21], "assigned": [0, 0], "preselecStu": [21, 21], "stuGender": [{"male": 5, "Female": 16}, {"male": 5, "Female": 16}]}}