{"timestamp": [1707575740.761157, 1707587124.769517], "data": {"selected": [21, 21], "assigned": [0, 0], "preselecStu": [21, 21], "stuGender": [{"male": 5, "Female": 16}, {"male": 5, "Female": 16}]}}