{"timestamp": [1707577152.120295, 1707588839.909408, 1707659726.347012, 1707662336.39838], "data": {"selected": [55, 55, 55, 55], "assigned": [0, 0, 0, 0], "preselecStu": [55, 55, 55, 55], "stuGender": [{"male": 19, "Female": 36}, {"male": 19, "Female": 36}, {"male": 19, "Female": 36}, {"male": 19, "Female": 36}]}}