{"timestamp": [1707540984.450727, 1707544164.724215], "data": {"selected": [20, 20], "assigned": [0, 0], "preselecStu": [20, 20], "stuGender": [{"male": 5, "Female": 15}, {"male": 5, "Female": 15}]}}