{"timestamp": [1716063950.924601, 1716495418.538102, 1725436700.965878, 1725510145.272361], "data": {"selected": [0, 0, 3, 3], "assigned": [0, 0, 1, 2], "preselecStu": [0, 0, 3, 3], "stuGender": [{"male": 0, "Female": 0}, {"male": 0, "Female": 0}, {"male": 3, "Female": 0}, {"male": 3, "Female": 0}]}}