{"timestamp": [1716066568.14844, 1716497813.380895, 1725440580.926707], "data": {"selected": [0, 0, 52], "assigned": [0, 38, 1], "preselecStu": [0, 0, 52], "stuGender": [{"male": 0, "Female": 0}, {"male": 0, "Female": 0}, {"male": 42, "Female": 10}]}}