{"timestamp": [1734410572.540897, 1734473115.974699, 1734560092.296131, 1734645484.078967], "data": {"selected": [0, 0, 0, 0], "assigned": [23, 23, 24, 24], "preselecStu": [0, 0, 0, 0], "stuGender": [{"male": 0, "Female": 0}, {"male": 0, "Female": 0}, {"male": 0, "Female": 0}, {"male": 0, "Female": 0}]}}