{"timestamp": [1734410572.540897, 1734473115.974699], "data": {"selected": [0, 0], "assigned": [23, 23], "preselecStu": [0, 0], "stuGender": [{"male": 0, "Female": 0}, {"male": 0, "Female": 0}]}}