{"timestamp": [1734409723.849804, 1734472304.256288], "data": {"selected": [0, 0], "assigned": [27, 30], "preselecStu": [0, 0], "stuGender": [{"male": 0, "Female": 0}, {"male": 0, "Female": 0}]}}