{"timestamp": [1707578045.004415, 1707589956.029013], "data": {"selected": [44, 44], "assigned": [0, 0], "preselecStu": [44, 44], "stuGender": [{"male": 26, "Female": 18}, {"male": 26, "Female": 18}]}}