{"timestamp": [1716065155.657593, 1716496501.881271, 1725438472.300649], "data": {"selected": [0, 0, 4], "assigned": [0, 0, 3], "preselecStu": [0, 0, 4], "stuGender": [{"male": 0, "Female": 0}, {"male": 0, "Female": 0}, {"male": 2, "Female": 2}]}}