{"timestamp": [1716065155.657593, 1716496501.881271, 1725438472.300649, 1725511546.810012], "data": {"selected": [0, 0, 4, 4], "assigned": [0, 0, 3, 4], "preselecStu": [0, 0, 4, 4], "stuGender": [{"male": 0, "Female": 0}, {"male": 0, "Female": 0}, {"male": 2, "Female": 2}, {"male": 2, "Female": 2}]}}