{"timestamp": [1707541489.16747, 1707544693.887513], "data": {"selected": [11, 11], "assigned": [0, 0], "preselecStu": [11, 11], "stuGender": [{"male": 10, "Female": 1}, {"male": 10, "Female": 1}]}}