{"timestamp": [1716064503.061955, 1716495911.538558, 1725437511.196013, 1725510778.21503], "data": {"selected": [0, 0, 50, 47], "assigned": [0, 0, 106, 221], "preselecStu": [0, 0, 50, 47], "stuGender": [{"male": 0, "Female": 0}, {"male": 0, "Female": 0}, {"male": 36, "Female": 14}, {"male": 34, "Female": 13}]}}