{"timestamp": [1716064503.061955, 1716495911.538558, 1725437511.196013], "data": {"selected": [0, 0, 50], "assigned": [0, 0, 106], "preselecStu": [0, 0, 50], "stuGender": [{"male": 0, "Female": 0}, {"male": 0, "Female": 0}, {"male": 36, "Female": 14}]}}