{"timestamp": [1734410832.79607, 1734473334.441201, 1734560317.085533], "data": {"selected": [0, 0, 0], "assigned": [15, 17, 18], "preselecStu": [0, 0, 0], "stuGender": [{"male": 0, "Female": 0}, {"male": 0, "Female": 0}, {"male": 0, "Female": 0}]}}