{"timestamp": [1716064274.476765, 1716495711.952091, 1725437174.857769], "data": {"selected": [0, 0, 52], "assigned": [0, 0, 2], "preselecStu": [0, 0, 1], "stuGender": [{"male": 0, "Female": 0}, {"male": 0, "Female": 0}, {"male": 42, "Female": 10}]}}