{"timestamp": [1734407783.926264, 1734470481.979434, 1734557157.801292], "data": {"selected": [0, 0, 0], "assigned": [4, 5, 6], "preselecStu": [0, 0, 0], "stuGender": [{"male": 0, "Female": 0}, {"male": 0, "Female": 0}, {"male": 0, "Female": 0}]}}