{"timestamp": [1707541005.372636, 1707544185.112272], "data": {"selected": [13, 13], "assigned": [0, 0], "preselecStu": [13, 13], "stuGender": [{"male": 2, "Female": 11}, {"male": 2, "Female": 11}]}}