{"timestamp": [1716066659.000999, 1716497905.685352, 1725440702.200294], "data": {"selected": [0, 0, 18], "assigned": [0, 0, 4], "preselecStu": [0, 0, 18], "stuGender": [{"male": 0, "Female": 0}, {"male": 0, "Female": 0}, {"male": 11, "Female": 7}]}}