{"timestamp": [1734404988.372398, 1734467634.356399, 1734554154.395939], "data": {"selected": [0, 0, 0], "assigned": [311, 359, 403], "preselecStu": [0, 0, 0], "stuGender": [{"male": 0, "Female": 0}, {"male": 0, "Female": 0}, {"male": 0, "Female": 0}]}}