{"timestamp": [1734410187.037048, 1734472731.655547], "data": {"selected": [0, 0], "assigned": [51, 51], "preselecStu": [0, 0], "stuGender": [{"male": 0, "Female": 0}, {"male": 0, "Female": 0}]}}