{"timestamp": [1707574935.153743, 1707586156.297571, 1707658490.218278, 1707661083.665473], "data": {"selected": [13, 13, 13, 13], "assigned": [0, 0, 0, 0], "preselecStu": [13, 13, 13, 13], "stuGender": [{"male": 11, "Female": 2}, {"male": 11, "Female": 2}, {"male": 11, "Female": 2}, {"male": 11, "Female": 2}]}}