{"timestamp": [1707575661.637604, 1707587032.642778], "data": {"selected": [32, 32], "assigned": [0, 0], "preselecStu": [32, 32], "stuGender": [{"male": 5, "Female": 27}, {"male": 5, "Female": 27}]}}