{"timestamp": [1707575244.291508, 1707586545.138711, 1707658666.333361], "data": {"selected": [32, 32, 32], "assigned": [0, 0, 0], "preselecStu": [0, 0, 0], "stuGender": [{"male": 26, "Female": 6}, {"male": 26, "Female": 6}, {"male": 26, "Female": 6}]}}