{"timestamp": [1734407766.199374, 1734470467.86426, 1734557142.159322, 1734643020.518307], "data": {"selected": [0, 0, 0, 0], "assigned": [27, 29, 37, 39], "preselecStu": [0, 0, 0, 0], "stuGender": [{"male": 0, "Female": 0}, {"male": 0, "Female": 0}, {"male": 0, "Female": 0}, {"male": 0, "Female": 0}]}}