{"timestamp": [1707540411.42971, 1707543587.540935], "data": {"selected": [42, 42], "assigned": [0, 0], "preselecStu": [42, 42], "stuGender": [{"male": 24, "Female": 18}, {"male": 24, "Female": 18}]}}