{"timestamp": [1716067350.756306, 1716498592.135993, 1725441713.068535], "data": {"selected": [0, 0, 48], "assigned": [0, 0, 10], "preselecStu": [0, 0, 48], "stuGender": [{"male": 0, "Female": 0}, {"male": 0, "Female": 0}, {"male": 18, "Female": 30}]}}