{"timestamp": [1716067350.756306, 1716498592.135993, 1725441713.068535, 1725514159.071744], "data": {"selected": [0, 0, 48, 48], "assigned": [0, 0, 10, 11], "preselecStu": [0, 0, 48, 48], "stuGender": [{"male": 0, "Female": 0}, {"male": 0, "Female": 0}, {"male": 18, "Female": 30}, {"male": 18, "Female": 30}]}}