{"timestamp": [1707540699.220262, 1707543877.834812], "data": {"selected": [50, 50], "assigned": [0, 0], "preselecStu": [50, 50], "stuGender": [{"male": 27, "Female": 23}, {"male": 27, "Female": 23}]}}