{"timestamp": [1734406977.681103, 1734469729.249556, 1734556310.470037, 1734642360.447777], "data": {"selected": [0, 0, 0, 0], "assigned": [21, 27, 34, 35], "preselecStu": [0, 0, 0, 0], "stuGender": [{"male": 0, "Female": 0}, {"male": 0, "Female": 0}, {"male": 0, "Female": 0}, {"male": 0, "Female": 0}]}}