{"timestamp": [1707540658.567844, 1707543835.329864], "data": {"selected": [50, 50], "assigned": [0, 0], "preselecStu": [50, 50], "stuGender": [{"male": 31, "Female": 19}, {"male": 31, "Female": 19}]}}