{"timestamp": [1707540590.799444, 1707543765.036221], "data": {"selected": [45, 45], "assigned": [0, 0], "preselecStu": [45, 45], "stuGender": [{"male": 35, "Female": 10}, {"male": 35, "Female": 10}]}}