{"timestamp": [1734406238.828494, 1734468977.855486, 1734555488.029939, 1734641670.003968], "data": {"selected": [0, 0, 0, 0], "assigned": [92, 97, 105, 120], "preselecStu": [0, 0, 0, 0], "stuGender": [{"male": 0, "Female": 0}, {"male": 0, "Female": 0}, {"male": 0, "Female": 0}, {"male": 0, "Female": 0}]}}