{"timestamp": [1734406238.828494, 1734468977.855486], "data": {"selected": [0, 0], "assigned": [92, 97], "preselecStu": [0, 0], "stuGender": [{"male": 0, "Female": 0}, {"male": 0, "Female": 0}]}}