{"timestamp": [1734407874.095816, 1734470566.218631, 1734557258.1629, 1734643117.915821], "data": {"selected": [0, 0, 0, 0], "assigned": [118, 124, 130, 138], "preselecStu": [0, 0, 0, 0], "stuGender": [{"male": 0, "Female": 0}, {"male": 0, "Female": 0}, {"male": 0, "Female": 0}, {"male": 0, "Female": 0}]}}