{"timestamp": [1734407874.095816, 1734470566.218631], "data": {"selected": [0, 0], "assigned": [118, 124], "preselecStu": [0, 0], "stuGender": [{"male": 0, "Female": 0}, {"male": 0, "Female": 0}]}}