{"timestamp": [1716066755.988372, 1716498000.022, 1725440868.902664, 1725513458.0556], "data": {"selected": [0, 0, 54, 54], "assigned": [0, 0, 0, 0], "preselecStu": [0, 0, 0, 0], "stuGender": [{"male": 0, "Female": 0}, {"male": 0, "Female": 0}, {"male": 41, "Female": 13}, {"male": 41, "Female": 13}]}}