{"timestamp": [1716068335.66289, 1716499487.832793, 1725442922.979817], "data": {"selected": [0, 0, 5], "assigned": [0, 0, 6], "preselecStu": [0, 0, 5], "stuGender": [{"male": 0, "Female": 0}, {"male": 0, "Female": 0}, {"male": 4, "Female": 1}]}}