{"timestamp": [1734408311.436307, 1734470968.306628, 1734557723.113581, 1734643516.629568], "data": {"selected": [0, 0, 0, 0], "assigned": [5, 5, 6, 7], "preselecStu": [0, 0, 0, 0], "stuGender": [{"male": 0, "Female": 0}, {"male": 0, "Female": 0}, {"male": 0, "Female": 0}, {"male": 0, "Female": 0}]}}