{"timestamp": [1734410781.58884, 1734473289.332698, 1734560270.817373], "data": {"selected": [40, 40, 40], "assigned": [7, 7, 8], "preselecStu": [0, 0, 0], "stuGender": [{"male": 11, "Female": 29}, {"male": 11, "Female": 29}, {"male": 11, "Female": 29}]}}