{"timestamp": [1734408437.330871, 1734471079.922151, 1734557841.906661], "data": {"selected": [0, 0, 0], "assigned": [26, 31, 38], "preselecStu": [0, 0, 0], "stuGender": [{"male": 0, "Female": 0}, {"male": 0, "Female": 0}, {"male": 0, "Female": 0}]}}