{"timestamp": [1716065547.946076, 1716496870.151911, 1725439056.706643, 1725512032.132916], "data": {"selected": [0, 0, 0, 0], "assigned": [0, 0, 163, 279], "preselecStu": [0, 0, 0, 0], "stuGender": [{"male": 0, "Female": 0}, {"male": 0, "Female": 0}, {"male": 0, "Female": 0}, {"male": 0, "Female": 0}]}}