{"timestamp": [1716065698.498069, 1716497015.984299, 1725439256.337549], "data": {"selected": [0, 0, 14], "assigned": [0, 0, 4], "preselecStu": [0, 0, 14], "stuGender": [{"male": 0, "Female": 0}, {"male": 0, "Female": 0}, {"male": 10, "Female": 4}]}}