{"timestamp": [1716064568.472007, 1716495974.943853, 1725437604.529721, 1725510850.194145], "data": {"selected": [0, 0, 45, 41], "assigned": [0, 0, 38, 74], "preselecStu": [0, 0, 45, 41], "stuGender": [{"male": 0, "Female": 0}, {"male": 0, "Female": 0}, {"male": 17, "Female": 28}, {"male": 16, "Female": 25}]}}