{"timestamp": [1716064568.472007, 1716495974.943853, 1725437604.529721], "data": {"selected": [0, 0, 45], "assigned": [0, 0, 38], "preselecStu": [0, 0, 45], "stuGender": [{"male": 0, "Female": 0}, {"male": 0, "Female": 0}, {"male": 17, "Female": 28}]}}