{"timestamp": [1716064040.869206, 1716495487.740703, 1725436816.973276, 1725510223.663782], "data": {"selected": [0, 0, 0, 0], "assigned": [0, 0, 9, 18], "preselecStu": [0, 0, 0, 0], "stuGender": [{"male": 0, "Female": 0}, {"male": 0, "Female": 0}, {"male": 0, "Female": 0}, {"male": 0, "Female": 0}]}}