{"timestamp": [1707578269.684459, 1707590252.529924, 1707660332.32309, 1707662945.559658], "data": {"selected": [43, 43, 43, 43], "assigned": [0, 0, 0, 0], "preselecStu": [43, 43, 43, 43], "stuGender": [{"male": 22, "Female": 21}, {"male": 22, "Female": 21}, {"male": 22, "Female": 21}, {"male": 22, "Female": 21}]}}