{"timestamp": [1707542403.959543, 1707545690.085466], "data": {"selected": [43, 43], "assigned": [0, 0], "preselecStu": [43, 43], "stuGender": [{"male": 22, "Female": 21}, {"male": 22, "Female": 21}]}}