{"timestamp": [1716067126.657548, 1716498368.469275, 1725441361.513581, 1725513887.768544], "data": {"selected": [0, 0, 5, 5], "assigned": [0, 0, 1, 1], "preselecStu": [0, 0, 5, 5], "stuGender": [{"male": 0, "Female": 0}, {"male": 0, "Female": 0}, {"male": 2, "Female": 3}, {"male": 2, "Female": 3}]}}