{"timestamp": [1707540636.082042, 1707543811.292483], "data": {"selected": [27, 27], "assigned": [0, 0], "preselecStu": [27, 27], "stuGender": [{"male": 16, "Female": 11}, {"male": 16, "Female": 11}]}}