{"timestamp": [1734409060.23407, 1734471678.886404, 1734558551.347329, 1734644153.570025], "data": {"selected": [0, 0, 0, 0], "assigned": [2, 2, 2, 2], "preselecStu": [0, 0, 0, 0], "stuGender": [{"male": 0, "Female": 0}, {"male": 0, "Female": 0}, {"male": 0, "Female": 0}, {"male": 0, "Female": 0}]}}