{"timestamp": [1707541958.271992, 1707545198.251936], "data": {"selected": [36, 36], "assigned": [0, 0], "preselecStu": [36, 36], "stuGender": [{"male": 16, "Female": 20}, {"male": 16, "Female": 20}]}}