{"timestamp": [1716066758.346865, 1716498002.284151, 1725440871.874566, 1725513461.164659], "data": {"selected": [0, 0, 59, 59], "assigned": [0, 49, 5, 5], "preselecStu": [0, 0, 59, 59], "stuGender": [{"male": 0, "Female": 0}, {"male": 0, "Female": 0}, {"male": 36, "Female": 23}, {"male": 36, "Female": 23}]}}