{"timestamp": [1707541865.567039, 1707545095.575353], "data": {"selected": [30, 30], "assigned": [0, 0], "preselecStu": [30, 30], "stuGender": [{"male": 14, "Female": 16}, {"male": 14, "Female": 16}]}}