{"timestamp": [1708833633.807516, 1708894395.989712, 1708980952.383545, 1709067234.767152], "data": {"selected": [0, 0, 0, 1], "assigned": [0, 0, 1, 0], "preselecStu": [0, 0, 0, 0], "stuGender": [{"male": 0, "Female": 0}, {"male": 0, "Female": 0}, {"male": 0, "Female": 0}, {"male": 1, "Female": 0}]}}