{"timestamp": [1734407903.364409, 1734470595.852689], "data": {"selected": [0, 0], "assigned": [57, 58], "preselecStu": [0, 0], "stuGender": [{"male": 0, "Female": 0}, {"male": 0, "Female": 0}]}}