{"timestamp": [1734407903.364409, 1734470595.852689, 1734557292.068678, 1734643145.469077], "data": {"selected": [0, 0, 0, 0], "assigned": [57, 58, 59, 59], "preselecStu": [0, 0, 0, 0], "stuGender": [{"male": 0, "Female": 0}, {"male": 0, "Female": 0}, {"male": 0, "Female": 0}, {"male": 0, "Female": 0}]}}