{"timestamp": [1716065137.921248, 1716496495.318324, 1725438464.066877, 1725511539.01956], "data": {"selected": [0, 0, 0, 0], "assigned": [0, 0, 4, 4], "preselecStu": [0, 0, 0, 0], "stuGender": [{"male": 0, "Female": 0}, {"male": 0, "Female": 0}, {"male": 0, "Female": 0}, {"male": 0, "Female": 0}]}}