{"timestamp": [1716066468.488325, 1716497702.151289, 1725440399.777194], "data": {"selected": [0, 0, 5], "assigned": [0, 0, 10], "preselecStu": [0, 0, 5], "stuGender": [{"male": 0, "Female": 0}, {"male": 0, "Female": 0}, {"male": 3, "Female": 2}]}}