{"timestamp": [1707542655.991921, 1707545932.875726], "data": {"selected": [37, 37], "assigned": [0, 0], "preselecStu": [37, 37], "stuGender": [{"male": 16, "Female": 21}, {"male": 16, "Female": 21}]}}