{"timestamp": [1707575043.347664, 1707586308.24608, 1707658549.908156, 1707661148.357134], "data": {"selected": [50, 50, 50, 50], "assigned": [0, 0, 0, 0], "preselecStu": [50, 50, 50, 50], "stuGender": [{"male": 36, "Female": 14}, {"male": 36, "Female": 14}, {"male": 36, "Female": 14}, {"male": 36, "Female": 14}]}}