{"timestamp": [1716066339.620256, 1716497582.6878, 1725440206.568214, 1725512956.179887], "data": {"selected": [0, 0, 62, 57], "assigned": [0, 0, 11, 12], "preselecStu": [0, 0, 62, 57], "stuGender": [{"male": 0, "Female": 0}, {"male": 0, "Female": 0}, {"male": 48, "Female": 14}, {"male": 45, "Female": 12}]}}