{"timestamp": [1716066339.620256, 1716497582.6878, 1725440206.568214], "data": {"selected": [0, 0, 62], "assigned": [0, 0, 11], "preselecStu": [0, 0, 62], "stuGender": [{"male": 0, "Female": 0}, {"male": 0, "Female": 0}, {"male": 48, "Female": 14}]}}