{"timestamp": [1734405864.38848, 1734468596.117367], "data": {"selected": [34, 34], "assigned": [0, 0], "preselecStu": [0, 0], "stuGender": [{"male": 24, "Female": 10}, {"male": 24, "Female": 10}]}}