{"timestamp": [1716063831.876898, 1716495290.924804, 1725436518.794836], "data": {"selected": [0, 0, 41], "assigned": [0, 0, 59], "preselecStu": [0, 0, 41], "stuGender": [{"male": 0, "Female": 0}, {"male": 0, "Female": 0}, {"male": 26, "Female": 15}]}}