{"timestamp": [1707540619.317989, 1707543793.81009], "data": {"selected": [50, 50], "assigned": [0, 0], "preselecStu": [50, 50], "stuGender": [{"male": 24, "Female": 26}, {"male": 24, "Female": 26}]}}