{"timestamp": [1716066216.059722, 1716497488.9366, 1725440055.727094], "data": {"selected": [0, 0, 53], "assigned": [0, 0, 1], "preselecStu": [0, 0, 0], "stuGender": [{"male": 0, "Female": 0}, {"male": 0, "Female": 0}, {"male": 42, "Female": 11}]}}