{"timestamp": [1716067798.537044, 1716499012.7389, 1725442265.207386], "data": {"selected": [0, 0, 73], "assigned": [0, 47, 13], "preselecStu": [0, 0, 73], "stuGender": [{"male": 0, "Female": 0}, {"male": 0, "Female": 0}, {"male": 59, "Female": 14}]}}