{"timestamp": [1707541658.431687, 1707544870.852411], "data": {"selected": [41, 41], "assigned": [0, 0], "preselecStu": [41, 41], "stuGender": [{"male": 34, "Female": 7}, {"male": 34, "Female": 7}]}}