{"timestamp": [1707577356.628365, 1707589073.904534], "data": {"selected": [55, 55], "assigned": [0, 0], "preselecStu": [55, 55], "stuGender": [{"male": 33, "Female": 22}, {"male": 33, "Female": 22}]}}