{"timestamp": [1734405103.859783, 1734467760.917932, 1734554291.502515, 1734640531.687696], "data": {"selected": [0, 0, 0, 0], "assigned": [0, 1, 1, 1], "preselecStu": [0, 0, 0, 0], "stuGender": [{"male": 0, "Female": 0}, {"male": 0, "Female": 0}, {"male": 0, "Female": 0}, {"male": 0, "Female": 0}]}}