{"timestamp": [1707575632.240649, 1707586998.347262], "data": {"selected": [20, 20], "assigned": [0, 0], "preselecStu": [20, 20], "stuGender": [{"male": 5, "Female": 15}, {"male": 5, "Female": 15}]}}