{"timestamp": [1707575767.782321, 1707587155.49767], "data": {"selected": [17, 17], "assigned": [0, 0], "preselecStu": [17, 17], "stuGender": [{"male": 3, "Female": 14}, {"male": 3, "Female": 14}]}}