{"timestamp": [1716066990.476335, 1716498233.820008, 1725441197.494448, 1725513748.439892], "data": {"selected": [0, 0, 110, 110], "assigned": [0, 0, 25, 34], "preselecStu": [0, 0, 0, 0], "stuGender": [{"male": 0, "Female": 0}, {"male": 0, "Female": 0}, {"male": 55, "Female": 55}, {"male": 55, "Female": 55}]}}