{"timestamp": [1734408461.633988, 1734471102.170821, 1734557868.021298, 1734643644.069725], "data": {"selected": [0, 0, 0, 0], "assigned": [64, 64, 64, 67], "preselecStu": [0, 0, 0, 0], "stuGender": [{"male": 0, "Female": 0}, {"male": 0, "Female": 0}, {"male": 0, "Female": 0}, {"male": 0, "Female": 0}]}}