{"timestamp": [1707576099.161549, 1707587537.096024], "data": {"selected": [17, 17], "assigned": [0, 0], "preselecStu": [17, 17], "stuGender": [{"male": 12, "Female": 5}, {"male": 12, "Female": 5}]}}