{"timestamp": [1734406585.461915, 1734469335.598951], "data": {"selected": [0, 0], "assigned": [23, 23], "preselecStu": [0, 0], "stuGender": [{"male": 0, "Female": 0}, {"male": 0, "Female": 0}]}}