{"timestamp": [1707576009.515024, 1707587428.776392], "data": {"selected": [39, 39], "assigned": [0, 0], "preselecStu": [39, 39], "stuGender": [{"male": 17, "Female": 22}, {"male": 17, "Female": 22}]}}