{"timestamp": [1707574618.803913, 1707585779.500241, 1707658299.97031], "data": {"selected": [42, 42, 42], "assigned": [0, 0, 0], "preselecStu": [42, 42, 42], "stuGender": [{"male": 24, "Female": 18}, {"male": 24, "Female": 18}, {"male": 24, "Female": 18}]}}