{"timestamp": [1734408011.920407, 1734470693.052503], "data": {"selected": [0, 0], "assigned": [18, 19], "preselecStu": [0, 0], "stuGender": [{"male": 0, "Female": 0}, {"male": 0, "Female": 0}]}}