{"timestamp": [1707541464.623325, 1707544666.837131], "data": {"selected": [26, 26], "assigned": [0, 0], "preselecStu": [26, 26], "stuGender": [{"male": 20, "Female": 6}, {"male": 20, "Female": 6}]}}