{"timestamp": [1707541032.733552, 1707544213.86648], "data": {"selected": [11, 11], "assigned": [0, 0], "preselecStu": [11, 11], "stuGender": [{"male": 5, "Female": 6}, {"male": 5, "Female": 6}]}}