{"timestamp": [1734406539.40276, 1734469281.8617, 1734555832.09911, 1734641975.176664], "data": {"selected": [14, 14, 14, 14], "assigned": [1, 1, 3, 3], "preselecStu": [0, 0, 0, 0], "stuGender": [{"male": 3, "Female": 11}, {"male": 3, "Female": 11}, {"male": 3, "Female": 11}, {"male": 3, "Female": 11}]}}