{"timestamp": [1734405194.510748, 1734467841.681385, 1734554391.697034], "data": {"selected": [0, 0, 0], "assigned": [28, 31, 38], "preselecStu": [0, 0, 0], "stuGender": [{"male": 0, "Female": 0}, {"male": 0, "Female": 0}, {"male": 0, "Female": 0}]}}