{"timestamp": [1707575923.181919, 1707587335.638023], "data": {"selected": [26, 26], "assigned": [0, 0], "preselecStu": [26, 26], "stuGender": [{"male": 17, "Female": 9}, {"male": 17, "Female": 9}]}}