{"timestamp": [1707541145.918348, 1707544326.710629], "data": {"selected": [26, 26], "assigned": [0, 0], "preselecStu": [26, 26], "stuGender": [{"male": 17, "Female": 9}, {"male": 17, "Female": 9}]}}