{"timestamp": [1734410677.971485, 1734473206.04101, 1734560187.13957], "data": {"selected": [0, 0, 0], "assigned": [25, 25, 25], "preselecStu": [0, 0, 0], "stuGender": [{"male": 0, "Female": 0}, {"male": 0, "Female": 0}, {"male": 0, "Female": 0}]}}