{"timestamp": [1734406293.052557, 1734469017.405925], "data": {"selected": [0, 0], "assigned": [79, 81], "preselecStu": [0, 0], "stuGender": [{"male": 0, "Female": 0}, {"male": 0, "Female": 0}]}}