{"timestamp": [1716063970.410181, 1716495431.613921, 1725436726.02061, 1725510160.001167], "data": {"selected": [0, 0, 0, 0], "assigned": [0, 0, 1, 0], "preselecStu": [0, 0, 0, 0], "stuGender": [{"male": 0, "Female": 0}, {"male": 0, "Female": 0}, {"male": 0, "Female": 0}, {"male": 0, "Female": 0}]}}