{"timestamp": [1725443345.916891, 1725515742.504168, 1725602202.423795], "data": {"selected": [0, 0, 4], "assigned": [4, 4, 0], "preselecStu": [0, 0, 0], "stuGender": [{"male": 0, "Female": 0}, {"male": 0, "Female": 0}, {"male": 3, "Female": 1}]}}