{"timestamp": [1707542231.93455, 1707545508.35875], "data": {"selected": [50, 50], "assigned": [0, 0], "preselecStu": [50, 50], "stuGender": [{"male": 38, "Female": 12}, {"male": 38, "Female": 12}]}}