{"timestamp": [1707577968.680813, 1707589846.216269, 1707660168.189254, 1707662778.726016], "data": {"selected": [50, 50, 50, 50], "assigned": [0, 0, 0, 0], "preselecStu": [50, 50, 50, 50], "stuGender": [{"male": 38, "Female": 12}, {"male": 38, "Female": 12}, {"male": 38, "Female": 12}, {"male": 38, "Female": 12}]}}