{"timestamp": [1716065404.067321, 1716496728.809159, 1725438810.996913], "data": {"selected": [0, 0, 4], "assigned": [0, 0, 3], "preselecStu": [0, 0, 4], "stuGender": [{"male": 0, "Female": 0}, {"male": 0, "Female": 0}, {"male": 4, "Female": 0}]}}