{"timestamp": [1707540639.409611, 1707543815.001068], "data": {"selected": [50, 50], "assigned": [0, 0], "preselecStu": [50, 50], "stuGender": [{"male": 31, "Female": 19}, {"male": 31, "Female": 19}]}}