{"timestamp": [1734408325.828778, 1734470978.990754, 1734557733.377036, 1734643525.56572], "data": {"selected": [0, 0, 0, 0], "assigned": [1, 1, 2, 5], "preselecStu": [0, 0, 0, 0], "stuGender": [{"male": 0, "Female": 0}, {"male": 0, "Female": 0}, {"male": 0, "Female": 0}, {"male": 0, "Female": 0}]}}