{"timestamp": [1716065055.731294, 1716496417.194708, 1725438335.079894, 1725511448.35739], "data": {"selected": [0, 0, 46, 43], "assigned": [0, 44, 2, 3], "preselecStu": [0, 0, 46, 43], "stuGender": [{"male": 0, "Female": 0}, {"male": 0, "Female": 0}, {"male": 12, "Female": 34}, {"male": 10, "Female": 33}]}}