{"timestamp": [1716065055.731294, 1716496417.194708, 1725438335.079894], "data": {"selected": [0, 0, 46], "assigned": [0, 44, 2], "preselecStu": [0, 0, 46], "stuGender": [{"male": 0, "Female": 0}, {"male": 0, "Female": 0}, {"male": 12, "Female": 34}]}}