{"timestamp": [1707540768.850662, 1707543947.275904], "data": {"selected": [32, 32], "assigned": [0, 0], "preselecStu": [0, 0], "stuGender": [{"male": 26, "Female": 6}, {"male": 26, "Female": 6}]}}