{"timestamp": [1707542020.170871, 1707545260.568498], "data": {"selected": [20, 20], "assigned": [0, 0], "preselecStu": [20, 20], "stuGender": [{"male": 2, "Female": 18}, {"male": 2, "Female": 18}]}}