{"timestamp": [1707577553.96967, 1707589310.713835], "data": {"selected": [20, 20], "assigned": [0, 0], "preselecStu": [20, 20], "stuGender": [{"male": 2, "Female": 18}, {"male": 2, "Female": 18}]}}