{"timestamp": [1716063777.357843, 1716495238.646123, 1725436438.501329, 1725509889.17677], "data": {"selected": [0, 0, 43, 43], "assigned": [0, 0, 80, 155], "preselecStu": [0, 0, 40, 40], "stuGender": [{"male": 0, "Female": 0}, {"male": 0, "Female": 0}, {"male": 29, "Female": 14}, {"male": 29, "Female": 14}]}}