{"timestamp": [1707574997.649647, 1707586240.982763, 1707658523.958831, 1707661118.925378], "data": {"selected": [50, 50, 50, 50], "assigned": [0, 0, 0, 0], "preselecStu": [50, 50, 50, 50], "stuGender": [{"male": 34, "Female": 16}, {"male": 34, "Female": 16}, {"male": 34, "Female": 16}, {"male": 34, "Female": 16}]}}