{"timestamp": [1716067213.699735, 1716498450.772394, 1725441465.057763], "data": {"selected": [0, 0, 13], "assigned": [0, 0, 2], "preselecStu": [0, 0, 13], "stuGender": [{"male": 0, "Female": 0}, {"male": 0, "Female": 0}, {"male": 6, "Female": 7}]}}