{"timestamp": [1734407620.216706, 1734470344.92538, 1734557009.495739, 1734642898.160868], "data": {"selected": [0, 0, 0, 0], "assigned": [4, 4, 5, 6], "preselecStu": [0, 0, 0, 0], "stuGender": [{"male": 0, "Female": 0}, {"male": 0, "Female": 0}, {"male": 0, "Female": 0}, {"male": 0, "Female": 0}]}}