{"timestamp": [1716067361.591256, 1716498603.963303, 1725441726.869148], "data": {"selected": [0, 0, 24], "assigned": [0, 1, 6], "preselecStu": [0, 0, 0], "stuGender": [{"male": 0, "Female": 0}, {"male": 0, "Female": 0}, {"male": 12, "Female": 12}]}}