{"timestamp": [1734407815.779097, 1734470513.511606, 1734557197.683333, 1734643065.534564], "data": {"selected": [0, 0, 0, 0], "assigned": [13, 14, 15, 14], "preselecStu": [0, 0, 0, 0], "stuGender": [{"male": 0, "Female": 0}, {"male": 0, "Female": 0}, {"male": 0, "Female": 0}, {"male": 0, "Female": 0}]}}