{"timestamp": [1734407815.779097, 1734470513.511606], "data": {"selected": [0, 0], "assigned": [13, 14], "preselecStu": [0, 0], "stuGender": [{"male": 0, "Female": 0}, {"male": 0, "Female": 0}]}}