{"timestamp": [1734408483.925119, 1734471121.815004, 1734557889.593305], "data": {"selected": [0, 0, 0], "assigned": [57, 58, 60], "preselecStu": [0, 0, 0], "stuGender": [{"male": 0, "Female": 0}, {"male": 0, "Female": 0}, {"male": 0, "Female": 0}]}}