{"timestamp": [1707576524.790686, 1707588108.025194], "data": {"selected": [24, 24], "assigned": [0, 0], "preselecStu": [24, 24], "stuGender": [{"male": 17, "Female": 7}, {"male": 17, "Female": 7}]}}