{"timestamp": [1707541801.57767, 1707545031.286317], "data": {"selected": [55, 55], "assigned": [0, 0], "preselecStu": [55, 55], "stuGender": [{"male": 27, "Female": 28}, {"male": 27, "Female": 28}]}}