{"timestamp": [1707541064.380362, 1707544245.734709], "data": {"selected": [11, 11], "assigned": [0, 0], "preselecStu": [11, 11], "stuGender": [{"male": 3, "Female": 8}, {"male": 3, "Female": 8}]}}