{"timestamp": [1716063816.986206, 1716495275.865886, 1725436491.129794, 1725509950.690661], "data": {"selected": [0, 0, 43, 43], "assigned": [0, 0, 16, 34], "preselecStu": [0, 0, 42, 42], "stuGender": [{"male": 0, "Female": 0}, {"male": 0, "Female": 0}, {"male": 4, "Female": 39}, {"male": 4, "Female": 39}]}}