{"timestamp": [1734407839.072183, 1734470532.778313, 1734557221.31884, 1734643085.646893], "data": {"selected": [0, 0, 0, 0], "assigned": [2, 6, 7, 12], "preselecStu": [0, 0, 0, 0], "stuGender": [{"male": 0, "Female": 0}, {"male": 0, "Female": 0}, {"male": 0, "Female": 0}, {"male": 0, "Female": 0}]}}