{"timestamp": [1716068942.804591, 1716500045.632261, 1725443576.893269], "data": {"selected": [0, 0, 22], "assigned": [0, 0, 4], "preselecStu": [0, 0, 22], "stuGender": [{"male": 0, "Female": 0}, {"male": 0, "Female": 0}, {"male": 5, "Female": 17}]}}