{"timestamp": [1716068942.804591, 1716500045.632261, 1725443576.893269, 1725515975.19631], "data": {"selected": [0, 0, 22, 20], "assigned": [0, 0, 4, 5], "preselecStu": [0, 0, 22, 20], "stuGender": [{"male": 0, "Female": 0}, {"male": 0, "Female": 0}, {"male": 5, "Female": 17}, {"male": 5, "Female": 15}]}}