{"timestamp": [1716066442.50471, 1716497678.79337, 1725440368.559411], "data": {"selected": [0, 0, 0], "assigned": [0, 0, 4], "preselecStu": [0, 0, 0], "stuGender": [{"male": 0, "Female": 0}, {"male": 0, "Female": 0}, {"male": 0, "Female": 0}]}}