{"timestamp": [1707576049.600714, 1707587471.531104, 1707659114.554283], "data": {"selected": [60, 60, 60], "assigned": [0, 0, 0], "preselecStu": [5, 5, 5], "stuGender": [{"male": 34, "Female": 26}, {"male": 34, "Female": 26}, {"male": 34, "Female": 26}]}}