{"timestamp": [1716069024.67878, 1716500112.895301, 1725443676.794834], "data": {"selected": [0, 0, 6], "assigned": [0, 1, 1], "preselecStu": [0, 0, 1], "stuGender": [{"male": 0, "Female": 0}, {"male": 0, "Female": 0}, {"male": 0, "Female": 6}]}}