{"timestamp": [1734405856.885595, 1734468589.02041, 1734555092.474643], "data": {"selected": [35, 35, 35], "assigned": [0, 0, 0], "preselecStu": [0, 0, 0], "stuGender": [{"male": 24, "Female": 11}, {"male": 24, "Female": 11}, {"male": 24, "Female": 11}]}}