{"timestamp": [1707577794.396026, 1707589616.344312, 1707660085.956753, 1707662693.913841], "data": {"selected": [85, 85, 85, 85], "assigned": [0, 0, 0, 0], "preselecStu": [85, 85, 85, 85], "stuGender": [{"male": 65, "Female": 20}, {"male": 65, "Female": 20}, {"male": 65, "Female": 20}, {"male": 65, "Female": 20}]}}