{"timestamp": [1707542150.257981, 1707545406.777489], "data": {"selected": [85, 85], "assigned": [0, 0], "preselecStu": [85, 85], "stuGender": [{"male": 65, "Female": 20}, {"male": 65, "Female": 20}]}}