{"timestamp": [1734408815.838392, 1734471447.287243], "data": {"selected": [0, 0], "assigned": [92, 94], "preselecStu": [0, 0], "stuGender": [{"male": 0, "Female": 0}, {"male": 0, "Female": 0}]}}