{"timestamp": [1734410504.713387, 1734473046.607596, 1734560023.341729, 1734645410.557338], "data": {"selected": [0, 0, 0, 0], "assigned": [1, 1, 1, 1], "preselecStu": [0, 0, 0, 0], "stuGender": [{"male": 0, "Female": 0}, {"male": 0, "Female": 0}, {"male": 0, "Female": 0}, {"male": 0, "Female": 0}]}}