{"timestamp": [1716067498.983599, 1716498732.087636, 1725441892.578205], "data": {"selected": [0, 0, 6], "assigned": [0, 0, 17], "preselecStu": [0, 0, 0], "stuGender": [{"male": 0, "Female": 0}, {"male": 0, "Female": 0}, {"male": 4, "Female": 2}]}}