{"timestamp": [1716067498.983599, 1716498732.087636, 1725441892.578205, 1725514332.427194], "data": {"selected": [0, 0, 6, 6], "assigned": [0, 0, 17, 18], "preselecStu": [0, 0, 0, 0], "stuGender": [{"male": 0, "Female": 0}, {"male": 0, "Female": 0}, {"male": 4, "Female": 2}, {"male": 4, "Female": 2}]}}