{"timestamp": [1707577097.634807, 1707588774.075152], "data": {"selected": [48, 48], "assigned": [0, 0], "preselecStu": [48, 48], "stuGender": [{"male": 20, "Female": 28}, {"male": 20, "Female": 28}]}}