{"timestamp": [1716066178.944851, 1716497453.323383, 1725439995.346761], "data": {"selected": [0, 0, 10], "assigned": [0, 0, 3], "preselecStu": [0, 0, 10], "stuGender": [{"male": 0, "Female": 0}, {"male": 0, "Female": 0}, {"male": 6, "Female": 4}]}}