{"timestamp": [1734406612.574102, 1734469359.614987, 1734555906.228917, 1734642045.023221], "data": {"selected": [0, 0, 0, 0], "assigned": [23, 25, 26, 28], "preselecStu": [0, 0, 0, 0], "stuGender": [{"male": 0, "Female": 0}, {"male": 0, "Female": 0}, {"male": 0, "Female": 0}, {"male": 0, "Female": 0}]}}