{"timestamp": [1707575060.136956, 1707586328.602433], "data": {"selected": [50, 50], "assigned": [0, 0], "preselecStu": [50, 50], "stuGender": [{"male": 31, "Female": 19}, {"male": 31, "Female": 19}]}}