{"timestamp": [1716065460.985049, 1716496779.66574, 1725438884.972604], "data": {"selected": [0, 0, 4], "assigned": [0, 0, 11], "preselecStu": [0, 0, 4], "stuGender": [{"male": 0, "Female": 0}, {"male": 0, "Female": 0}, {"male": 2, "Female": 2}]}}