{"timestamp": [1716065460.985049, 1716496779.66574, 1725438884.972604, 1725511912.113023], "data": {"selected": [0, 0, 4, 4], "assigned": [0, 0, 11, 13], "preselecStu": [0, 0, 4, 4], "stuGender": [{"male": 0, "Female": 0}, {"male": 0, "Female": 0}, {"male": 2, "Female": 2}, {"male": 2, "Female": 2}]}}