{"timestamp": [1734409361.041744, 1734471970.813441, 1734558887.970463], "data": {"selected": [0, 0, 0], "assigned": [94, 95, 96], "preselecStu": [0, 0, 0], "stuGender": [{"male": 0, "Female": 0}, {"male": 0, "Female": 0}, {"male": 0, "Female": 0}]}}