{"timestamp": [1734409361.041744, 1734471970.813441], "data": {"selected": [0, 0], "assigned": [94, 95], "preselecStu": [0, 0], "stuGender": [{"male": 0, "Female": 0}, {"male": 0, "Female": 0}]}}