{"timestamp": [1707577727.808801, 1707589543.158649], "data": {"selected": [20, 20], "assigned": [0, 0], "preselecStu": [20, 20], "stuGender": [{"male": 17, "Female": 3}, {"male": 17, "Female": 3}]}}