{"timestamp": [1707575113.01469, 1707586388.14204, 1707658587.780986, 1707661189.724515], "data": {"selected": [21, 21, 21, 21], "assigned": [0, 0, 0, 0], "preselecStu": [21, 21, 21, 21], "stuGender": [{"male": 15, "Female": 6}, {"male": 15, "Female": 6}, {"male": 15, "Female": 6}, {"male": 15, "Female": 6}]}}