{"timestamp": [1725442096.044545, 1725514510.988852, 1725600899.282191, 1725686524.326986], "data": {"selected": [0, 0, 20, 20], "assigned": [19, 20, 0, 0], "preselecStu": [0, 0, 0, 0], "stuGender": [{"male": 0, "Female": 0}, {"male": 0, "Female": 0}, {"male": 5, "Female": 15}, {"male": 5, "Female": 15}]}}