{"timestamp": [1725442096.044545, 1725514510.988852], "data": {"selected": [0, 0], "assigned": [19, 20], "preselecStu": [0, 0], "stuGender": [{"male": 0, "Female": 0}, {"male": 0, "Female": 0}]}}