{"timestamp": [1716067999.760185, 1716499187.292129, 1725442502.794558, 1725514933.736172], "data": {"selected": [0, 0, 40, 40], "assigned": [0, 0, 36, 64], "preselecStu": [0, 0, 39, 39], "stuGender": [{"male": 0, "Female": 0}, {"male": 0, "Female": 0}, {"male": 31, "Female": 9}, {"male": 31, "Female": 9}]}}