{"timestamp": [1707542227.503251, 1707545503.915623], "data": {"selected": [75, 75], "assigned": [0, 0], "preselecStu": [75, 75], "stuGender": [{"male": 55, "Female": 20}, {"male": 55, "Female": 20}]}}