{"timestamp": [1707574977.133105, 1707586207.750756, 1707658512.879218], "data": {"selected": [120, 120, 120], "assigned": [0, 0, 0], "preselecStu": [120, 120, 120], "stuGender": [{"male": 52, "Female": 68}, {"male": 52, "Female": 68}, {"male": 52, "Female": 68}]}}