{"timestamp": [1707540620.907334, 1707543795.007632], "data": {"selected": [120, 120], "assigned": [0, 0], "preselecStu": [120, 120], "stuGender": [{"male": 52, "Female": 68}, {"male": 52, "Female": 68}]}}