{"timestamp": [1716069174.355531, 1716500245.326322, 1725443821.687121, 1725516217.534521], "data": {"selected": [0, 0, 0, 0], "assigned": [0, 0, 1, 2], "preselecStu": [0, 0, 0, 0], "stuGender": [{"male": 0, "Female": 0}, {"male": 0, "Female": 0}, {"male": 0, "Female": 0}, {"male": 0, "Female": 0}]}}