{"timestamp": [1707578570.471474, 1707590661.53775], "data": {"selected": [37, 37], "assigned": [0, 0], "preselecStu": [37, 37], "stuGender": [{"male": 14, "Female": 23}, {"male": 14, "Female": 23}]}}