{"timestamp": [1707542573.929916, 1707545861.102455], "data": {"selected": [37, 37], "assigned": [0, 0], "preselecStu": [37, 37], "stuGender": [{"male": 14, "Female": 23}, {"male": 14, "Female": 23}]}}