{"timestamp": [1707578570.471474, 1707590661.53775, 1707660493.188567, 1707663113.549759], "data": {"selected": [37, 37, 37, 37], "assigned": [0, 0, 0, 0], "preselecStu": [37, 37, 37, 37], "stuGender": [{"male": 14, "Female": 23}, {"male": 14, "Female": 23}, {"male": 14, "Female": 23}, {"male": 14, "Female": 23}]}}