{"timestamp": [1716066661.165257, 1716497907.853238, 1725440706.971901, 1725513324.80485], "data": {"selected": [0, 0, 27, 27], "assigned": [0, 0, 24, 41], "preselecStu": [0, 0, 27, 27], "stuGender": [{"male": 0, "Female": 0}, {"male": 0, "Female": 0}, {"male": 20, "Female": 7}, {"male": 20, "Female": 7}]}}