{"timestamp": [1707541445.380788, 1707544644.511001], "data": {"selected": [60, 60], "assigned": [0, 0], "preselecStu": [60, 60], "stuGender": [{"male": 39, "Female": 21}, {"male": 39, "Female": 21}]}}