{"timestamp": [1716066481.698274, 1716497716.059396, 1725440418.104025, 1725513105.894359], "data": {"selected": [0, 0, 0, 0], "assigned": [0, 0, 4, 7], "preselecStu": [0, 0, 0, 0], "stuGender": [{"male": 0, "Female": 0}, {"male": 0, "Female": 0}, {"male": 0, "Female": 0}, {"male": 0, "Female": 0}]}}