{"timestamp": [1734406433.376695, 1734469165.406277, 1734555693.232925], "data": {"selected": [0, 0, 0], "assigned": [2, 2, 2], "preselecStu": [0, 0, 0], "stuGender": [{"male": 0, "Female": 0}, {"male": 0, "Female": 0}, {"male": 0, "Female": 0}]}}