{"timestamp": [1716065124.917351, 1716496482.198183, 1725438445.348676, 1725511521.088664], "data": {"selected": [0, 0, 6, 6], "assigned": [0, 0, 5, 5], "preselecStu": [0, 0, 6, 6], "stuGender": [{"male": 0, "Female": 0}, {"male": 0, "Female": 0}, {"male": 1, "Female": 5}, {"male": 1, "Female": 5}]}}