{"timestamp": [1716064937.985664, 1716496302.75062, 1725438128.350406, 1725511297.304574], "data": {"selected": [0, 0, 2, 2], "assigned": [0, 0, 2, 2], "preselecStu": [0, 0, 2, 2], "stuGender": [{"male": 0, "Female": 0}, {"male": 0, "Female": 0}, {"male": 0, "Female": 2}, {"male": 0, "Female": 2}]}}