{"timestamp": [1734407118.438245, 1734469865.651283], "data": {"selected": [0, 0], "assigned": [64, 67], "preselecStu": [0, 0], "stuGender": [{"male": 0, "Female": 0}, {"male": 0, "Female": 0}]}}