{"timestamp": [1734407118.438245, 1734469865.651283, 1734556463.717835, 1734642469.238452], "data": {"selected": [0, 0, 0, 0], "assigned": [64, 67, 69, 74], "preselecStu": [0, 0, 0, 0], "stuGender": [{"male": 0, "Female": 0}, {"male": 0, "Female": 0}, {"male": 0, "Female": 0}, {"male": 0, "Female": 0}]}}