{"timestamp": [1707576354.6491, 1707587897.87648, 1707659281.277417, 1707661882.710089], "data": {"selected": [10, 10, 10, 10], "assigned": [0, 0, 0, 0], "preselecStu": [10, 10, 10, 10], "stuGender": [{"male": 7, "Female": 3}, {"male": 7, "Female": 3}, {"male": 7, "Female": 3}, {"male": 7, "Female": 3}]}}