{"timestamp": [1707577899.304067, 1707589780.098004], "data": {"selected": [14, 14], "assigned": [0, 0], "preselecStu": [14, 14], "stuGender": [{"male": 11, "Female": 3}, {"male": 11, "Female": 3}]}}