{"timestamp": [1707541350.477682, 1707544538.704393], "data": {"selected": [29, 29], "assigned": [0, 0], "preselecStu": [29, 29], "stuGender": [{"male": 25, "Female": 4}, {"male": 25, "Female": 4}]}}