{"timestamp": [1707576310.485305, 1707587837.167684], "data": {"selected": [29, 29], "assigned": [0, 0], "preselecStu": [29, 29], "stuGender": [{"male": 25, "Female": 4}, {"male": 25, "Female": 4}]}}