{"timestamp": [1734410687.787277, 1734473215.921651, 1734560196.666968], "data": {"selected": [0, 0, 0], "assigned": [10, 12, 13], "preselecStu": [0, 0, 0], "stuGender": [{"male": 0, "Female": 0}, {"male": 0, "Female": 0}, {"male": 0, "Female": 0}]}}