{"timestamp": [1734404841.841151, 1734467469.744878, 1734553964.178613, 1734640273.37623], "data": {"selected": [0, 0, 0, 0], "assigned": [62, 62, 63, 63], "preselecStu": [0, 0, 0, 0], "stuGender": [{"male": 0, "Female": 0}, {"male": 0, "Female": 0}, {"male": 0, "Female": 0}, {"male": 0, "Female": 0}]}}