{"timestamp": [1707575701.788269, 1707587080.080484, 1707658926.477471], "data": {"selected": [30, 30, 30], "assigned": [0, 0, 0], "preselecStu": [30, 30, 30], "stuGender": [{"male": 2, "Female": 28}, {"male": 2, "Female": 28}, {"male": 2, "Female": 28}]}}