{"timestamp": [1716067181.473265, 1716498419.210298, 1725441426.511954], "data": {"selected": [0, 0, 28], "assigned": [0, 0, 0], "preselecStu": [0, 0, 0], "stuGender": [{"male": 0, "Female": 0}, {"male": 0, "Female": 0}, {"male": 11, "Female": 17}]}}