{"timestamp": [1734407332.165786, 1734470067.446723, 1734556699.444677, 1734642646.2418], "data": {"selected": [0, 0, 0, 0], "assigned": [23, 21, 25, 25], "preselecStu": [0, 0, 0, 0], "stuGender": [{"male": 0, "Female": 0}, {"male": 0, "Female": 0}, {"male": 0, "Female": 0}, {"male": 0, "Female": 0}]}}