{"timestamp": [1734407332.165786, 1734470067.446723], "data": {"selected": [0, 0], "assigned": [23, 21], "preselecStu": [0, 0], "stuGender": [{"male": 0, "Female": 0}, {"male": 0, "Female": 0}]}}