{"timestamp": [1725512602.911903, 1725598956.824087, 1725684872.422606], "data": {"selected": [0, 1, 0], "assigned": [1, 0, 0], "preselecStu": [0, 0, 0], "stuGender": [{"male": 0, "Female": 0}, {"male": 0, "Female": 1}, {"male": 0, "Female": 0}]}}