{"timestamp": [1716064868.382658, 1716496248.704025, 1725438038.282101, 1725511233.31717], "data": {"selected": [0, 0, 7, 7], "assigned": [0, 0, 4, 7], "preselecStu": [0, 0, 7, 7], "stuGender": [{"male": 0, "Female": 0}, {"male": 0, "Female": 0}, {"male": 7, "Female": 0}, {"male": 7, "Female": 0}]}}