{"timestamp": [1707576536.128173, 1707588121.325635, 1707659382.08712], "data": {"selected": [14, 14, 14], "assigned": [0, 0, 0], "preselecStu": [14, 14, 14], "stuGender": [{"male": 3, "Female": 11}, {"male": 3, "Female": 11}, {"male": 3, "Female": 11}]}}