{"timestamp": [1707576806.213271, 1707588436.739052, 1707659530.363576], "data": {"selected": [13, 13, 13], "assigned": [0, 0, 0], "preselecStu": [13, 13, 13], "stuGender": [{"male": 11, "Female": 2}, {"male": 11, "Female": 2}, {"male": 11, "Female": 2}]}}