{"timestamp": [1734407488.31043, 1734470217.171713, 1734556875.455537], "data": {"selected": [0, 0, 0], "assigned": [41, 52, 57], "preselecStu": [0, 0, 0], "stuGender": [{"male": 0, "Female": 0}, {"male": 0, "Female": 0}, {"male": 0, "Female": 0}]}}