{"timestamp": [1716068248.565937, 1716499400.092506, 1725442819.158491, 1725515208.571196], "data": {"selected": [0, 0, 13, 13], "assigned": [0, 0, 10, 11], "preselecStu": [0, 0, 13, 13], "stuGender": [{"male": 0, "Female": 0}, {"male": 0, "Female": 0}, {"male": 8, "Female": 5}, {"male": 8, "Female": 5}]}}