{"timestamp": [1716068355.419298, 1716499507.410726, 1725442952.677084, 1725515360.78586], "data": {"selected": [0, 0, 85, 84], "assigned": [0, 0, 6, 11], "preselecStu": [0, 0, 85, 84], "stuGender": [{"male": 0, "Female": 0}, {"male": 0, "Female": 0}, {"male": 51, "Female": 34}, {"male": 50, "Female": 34}]}}