{"timestamp": [1716068355.419298, 1716499507.410726, 1725442952.677084], "data": {"selected": [0, 0, 85], "assigned": [0, 0, 6], "preselecStu": [0, 0, 85], "stuGender": [{"male": 0, "Female": 0}, {"male": 0, "Female": 0}, {"male": 51, "Female": 34}]}}