{"timestamp": [1716067675.140945, 1716498900.483587, 1725442108.707178, 1725514523.520055], "data": {"selected": [0, 0, 0, 0], "assigned": [0, 0, 9, 11], "preselecStu": [0, 0, 0, 0], "stuGender": [{"male": 0, "Female": 0}, {"male": 0, "Female": 0}, {"male": 0, "Female": 0}, {"male": 0, "Female": 0}]}}