{"timestamp": [1707575756.205419, 1707587142.336084, 1707658956.278961, 1707661553.811363], "data": {"selected": [13, 13, 13, 13], "assigned": [1, 1, 1, 1], "preselecStu": [13, 13, 13, 13], "stuGender": [{"male": 10, "Female": 4}, {"male": 10, "Female": 4}, {"male": 10, "Female": 4}, {"male": 10, "Female": 4}]}}