{"timestamp": [1707575756.205419, 1707587142.336084], "data": {"selected": [13, 13], "assigned": [1, 1], "preselecStu": [13, 13], "stuGender": [{"male": 10, "Female": 4}, {"male": 10, "Female": 4}]}}