{"timestamp": [1716066080.731593, 1716497356.957778, 1725439848.491134], "data": {"selected": [0, 0, 5], "assigned": [0, 0, 73], "preselecStu": [0, 0, 5], "stuGender": [{"male": 0, "Female": 0}, {"male": 0, "Female": 0}, {"male": 4, "Female": 1}]}}