{"timestamp": [1707576053.651965, 1707587476.001537], "data": {"selected": [35, 35], "assigned": [0, 0], "preselecStu": [35, 35], "stuGender": [{"male": 30, "Female": 5}, {"male": 30, "Female": 5}]}}