{"timestamp": [1707577871.040092, 1707589740.146802, 1707660122.567588, 1707662733.026668], "data": {"selected": [40, 40, 40, 40], "assigned": [2, 2, 2, 2], "preselecStu": [40, 40, 40, 40], "stuGender": [{"male": 28, "Female": 14}, {"male": 28, "Female": 14}, {"male": 28, "Female": 14}, {"male": 28, "Female": 14}]}}