{"timestamp": [1707575909.643286, 1707587324.126872, 1707659044.084986], "data": {"selected": [45, 45, 45], "assigned": [0, 0, 0], "preselecStu": [45, 45, 45], "stuGender": [{"male": 32, "Female": 13}, {"male": 32, "Female": 13}, {"male": 32, "Female": 13}]}}