{"timestamp": [1707577681.119609, 1707589480.465113, 1707660024.128595], "data": {"selected": [66, 66, 66], "assigned": [0, 0, 0], "preselecStu": [66, 66, 66], "stuGender": [{"male": 58, "Female": 8}, {"male": 58, "Female": 8}, {"male": 58, "Female": 8}]}}