{"timestamp": [1716067569.18124, 1716498807.268094, 1725441991.508536], "data": {"selected": [0, 0, 28], "assigned": [0, 0, 0], "preselecStu": [0, 0, 0], "stuGender": [{"male": 0, "Female": 0}, {"male": 0, "Female": 0}, {"male": 15, "Female": 13}]}}