{"timestamp": [1707577269.635305, 1707588974.863784, 1707659791.88628, 1707662399.261046], "data": {"selected": [41, 41, 41, 41], "assigned": [0, 0, 0, 0], "preselecStu": [41, 41, 41, 41], "stuGender": [{"male": 20, "Female": 21}, {"male": 20, "Female": 21}, {"male": 20, "Female": 21}, {"male": 20, "Female": 21}]}}